ISO-10303-21;
HEADER;
/* Generated by software containing ST-Developer
 * from STEP Tools, Inc. (www.steptools.com) 
 */

FILE_DESCRIPTION(
/* description */ (''),
/* implementation_level */ '2;1');

FILE_NAME(
/* name */ 
'G:/WORK/3d/ModelGrabCad/My/RS2205 Readytosky/RS2205 Readytosky.step',
/* time_stamp */ '2019-03-08T15:30:35+07:00',
/* author */ ('nashatirko'),
/* organization */ (''),
/* preprocessor_version */ 'ST-DEVELOPER v17.2',
/* originating_system */ 'Autodesk Translation Framework v7.6.0.251',
/* authorisation */ '');

FILE_SCHEMA (('AUTOMOTIVE_DESIGN { 1 0 10303 214 3 1 1 }'));
ENDSEC;

DATA;
#10=MECHANICAL_DESIGN_GEOMETRIC_PRESENTATION_REPRESENTATION('',(#19,#20,
#21),#8286);
#11=ITEM_DEFINED_TRANSFORMATION($,$,#3881,#4339);
#12=(
REPRESENTATION_RELATIONSHIP($,$,#8297,#8296)
REPRESENTATION_RELATIONSHIP_WITH_TRANSFORMATION(#11)
SHAPE_REPRESENTATION_RELATIONSHIP()
);
#13=CONTEXT_DEPENDENT_SHAPE_REPRESENTATION(#12,#8295);
#14=NEXT_ASSEMBLY_USAGE_OCCURRENCE('Component1:1','Component1:1',
'Component1:1',#8299,#8300,'Component1:1');
#15=SHAPE_REPRESENTATION_RELATIONSHIP('SRR','None',#8297,#16);
#16=ADVANCED_BREP_SHAPE_REPRESENTATION('',(#22,#23,#24),#8285);
#17=B_SPLINE_SURFACE_WITH_KNOTS('',3,3,((#7086,#7087,#7088,#7089,#7090,
#7091,#7092,#7093,#7094,#7095,#7096,#7097,#7098,#7099,#7100,#7101,#7102,
#7103,#7104,#7105,#7106,#7107,#7108,#7109,#7110,#7111,#7112,#7113,#7114,
#7115,#7116,#7117,#7118,#7119,#7120,#7121,#7122,#7123,#7124,#7125,#7126,
#7127,#7128,#7129,#7130,#7131,#7132,#7133,#7134,#7135,#7136,#7137,#7138,
#7139,#7140,#7141,#7142,#7143,#7144,#7145,#7146),(#7147,#7148,#7149,#7150,
#7151,#7152,#7153,#7154,#7155,#7156,#7157,#7158,#7159,#7160,#7161,#7162,
#7163,#7164,#7165,#7166,#7167,#7168,#7169,#7170,#7171,#7172,#7173,#7174,
#7175,#7176,#7177,#7178,#7179,#7180,#7181,#7182,#7183,#7184,#7185,#7186,
#7187,#7188,#7189,#7190,#7191,#7192,#7193,#7194,#7195,#7196,#7197,#7198,
#7199,#7200,#7201,#7202,#7203,#7204,#7205,#7206,#7207),(#7208,#7209,#7210,
#7211,#7212,#7213,#7214,#7215,#7216,#7217,#7218,#7219,#7220,#7221,#7222,
#7223,#7224,#7225,#7226,#7227,#7228,#7229,#7230,#7231,#7232,#7233,#7234,
#7235,#7236,#7237,#7238,#7239,#7240,#7241,#7242,#7243,#7244,#7245,#7246,
#7247,#7248,#7249,#7250,#7251,#7252,#7253,#7254,#7255,#7256,#7257,#7258,
#7259,#7260,#7261,#7262,#7263,#7264,#7265,#7266,#7267,#7268),(#7269,#7270,
#7271,#7272,#7273,#7274,#7275,#7276,#7277,#7278,#7279,#7280,#7281,#7282,
#7283,#7284,#7285,#7286,#7287,#7288,#7289,#7290,#7291,#7292,#7293,#7294,
#7295,#7296,#7297,#7298,#7299,#7300,#7301,#7302,#7303,#7304,#7305,#7306,
#7307,#7308,#7309,#7310,#7311,#7312,#7313,#7314,#7315,#7316,#7317,#7318,
#7319,#7320,#7321,#7322,#7323,#7324,#7325,#7326,#7327,#7328,#7329)),
 .UNSPECIFIED.,.F.,.F.,.F.,(4,4),(4,1,1,1,1,1,1,1,1,1,1,1,1,1,1,1,1,1,1,
1,1,1,1,1,1,1,1,1,1,1,1,1,1,1,1,1,1,1,1,1,1,1,1,1,1,1,1,1,1,1,1,1,1,1,1,
1,1,1,4),(0.,0.0526254770366344),(10.4997729637347,11.4832982928458,12.466823621957,
13.4503489510681,14.4338742801792,15.4173996092904,16.4009249384015,17.3844502675126,
18.3679755966238,19.3515009257349,20.335026254846,21.3185515839572,22.3020769130683,
23.2856022421794,24.2691275712906,25.2526529004017,26.2361782295128,27.219703558624,
28.2032288877351,29.1867542168462,30.1702795459574,31.1538048750685,32.1373302041796,
33.1208555332908,34.1043808624019,35.087906191513,36.0714315206242,37.0549568497353,
38.0384821788464,39.0220075079576,40.0055328370687,40.9890581661798,41.972583495291,
42.9561088244021,43.9396341535132,44.9231594826244,45.9066848117355,46.8902101408466,
47.8737354699578,48.8572607990689,49.84078612818,50.8243114572912,51.8078367864023,
52.7913621155134,53.7748874446246,54.7584127737357,55.7419381028468,56.725463431958,
57.7089887610691,58.6925140901802,59.6760394192914,60.6595647484025,61.6430900775136,
62.6266154066248,63.6101407357359,64.593666064847,65.5771913939582,66.5607167230693,
67.5442420521805),.UNSPECIFIED.);
#18=B_SPLINE_SURFACE_WITH_KNOTS('',3,3,((#7593,#7594,#7595,#7596,#7597,
#7598,#7599,#7600,#7601,#7602,#7603,#7604,#7605,#7606,#7607,#7608,#7609,
#7610,#7611,#7612,#7613,#7614,#7615,#7616,#7617,#7618,#7619,#7620,#7621,
#7622,#7623,#7624,#7625,#7626,#7627,#7628,#7629,#7630,#7631,#7632,#7633,
#7634,#7635,#7636,#7637,#7638,#7639,#7640,#7641,#7642,#7643,#7644,#7645,
#7646,#7647,#7648,#7649,#7650,#7651,#7652,#7653),(#7654,#7655,#7656,#7657,
#7658,#7659,#7660,#7661,#7662,#7663,#7664,#7665,#7666,#7667,#7668,#7669,
#7670,#7671,#7672,#7673,#7674,#7675,#7676,#7677,#7678,#7679,#7680,#7681,
#7682,#7683,#7684,#7685,#7686,#7687,#7688,#7689,#7690,#7691,#7692,#7693,
#7694,#7695,#7696,#7697,#7698,#7699,#7700,#7701,#7702,#7703,#7704,#7705,
#7706,#7707,#7708,#7709,#7710,#7711,#7712,#7713,#7714),(#7715,#7716,#7717,
#7718,#7719,#7720,#7721,#7722,#7723,#7724,#7725,#7726,#7727,#7728,#7729,
#7730,#7731,#7732,#7733,#7734,#7735,#7736,#7737,#7738,#7739,#7740,#7741,
#7742,#7743,#7744,#7745,#7746,#7747,#7748,#7749,#7750,#7751,#7752,#7753,
#7754,#7755,#7756,#7757,#7758,#7759,#7760,#7761,#7762,#7763,#7764,#7765,
#7766,#7767,#7768,#7769,#7770,#7771,#7772,#7773,#7774,#7775),(#7776,#7777,
#7778,#7779,#7780,#7781,#7782,#7783,#7784,#7785,#7786,#7787,#7788,#7789,
#7790,#7791,#7792,#7793,#7794,#7795,#7796,#7797,#7798,#7799,#7800,#7801,
#7802,#7803,#7804,#7805,#7806,#7807,#7808,#7809,#7810,#7811,#7812,#7813,
#7814,#7815,#7816,#7817,#7818,#7819,#7820,#7821,#7822,#7823,#7824,#7825,
#7826,#7827,#7828,#7829,#7830,#7831,#7832,#7833,#7834,#7835,#7836)),
 .UNSPECIFIED.,.F.,.F.,.F.,(4,4),(4,1,1,1,1,1,1,1,1,1,1,1,1,1,1,1,1,1,1,
1,1,1,1,1,1,1,1,1,1,1,1,1,1,1,1,1,1,1,1,1,1,1,1,1,1,1,1,1,1,1,1,1,1,1,1,
1,1,1,4),(0.,0.0526254770366343),(7.06858347057693,8.05210879968807,9.0356341287992,
10.0191594579103,11.0026847870215,11.9862101161326,12.9697354452437,13.9532607743549,
14.936786103466,15.9203114325771,16.9038367616883,17.8873620907994,18.8708874199105,
19.8544127490217,20.8379380781328,21.8214634072439,22.8049887363551,23.7885140654662,
24.7720393945773,25.7555647236885,26.7390900527996,27.7226153819107,28.7061407110219,
29.689666040133,30.6731913692441,31.6567166983553,32.6402420274664,33.6237673565775,
34.6072926856887,35.5908180147998,36.5743433439109,37.5578686730221,38.5413940021332,
39.5249193312443,40.5084446603555,41.4919699894666,42.4754953185777,43.4590206476889,
44.4425459768,45.4260713059111,46.4095966350223,47.3931219641334,48.3766472932445,
49.3601726223557,50.3436979514668,51.3272232805779,52.3107486096891,53.2942739388002,
54.2777992679113,55.2613245970225,56.2448499261336,57.2283752552447,58.2119005843559,
59.195425913467,60.1789512425781,61.1624765716893,62.1460019008004,63.1295272299115,
64.1130525590227),.UNSPECIFIED.);
#19=STYLED_ITEM('',(#8311),#22);
#20=STYLED_ITEM('',(#8312),#23);
#21=STYLED_ITEM('',(#8312),#24);
#22=MANIFOLD_SOLID_BREP('bottom',#3865);
#23=MANIFOLD_SOLID_BREP('top',#3866);
#24=MANIFOLD_SOLID_BREP('mid',#3867);
#25=FACE_BOUND('',#501,.T.);
#26=FACE_BOUND('',#502,.T.);
#27=FACE_BOUND('',#503,.T.);
#28=FACE_BOUND('',#504,.T.);
#29=FACE_BOUND('',#505,.T.);
#30=FACE_BOUND('',#506,.T.);
#31=FACE_BOUND('',#507,.T.);
#32=FACE_BOUND('',#508,.T.);
#33=FACE_BOUND('',#509,.T.);
#34=FACE_BOUND('',#511,.T.);
#35=FACE_BOUND('',#512,.T.);
#36=FACE_BOUND('',#513,.T.);
#37=FACE_BOUND('',#514,.T.);
#38=FACE_BOUND('',#515,.T.);
#39=FACE_BOUND('',#516,.T.);
#40=FACE_BOUND('',#517,.T.);
#41=FACE_BOUND('',#518,.T.);
#42=FACE_BOUND('',#519,.T.);
#43=FACE_BOUND('',#523,.T.);
#44=FACE_BOUND('',#531,.T.);
#45=FACE_BOUND('',#535,.T.);
#46=FACE_BOUND('',#561,.T.);
#47=FACE_BOUND('',#564,.T.);
#48=FACE_BOUND('',#568,.T.);
#49=FACE_BOUND('',#572,.T.);
#50=FACE_BOUND('',#576,.T.);
#51=FACE_BOUND('',#650,.T.);
#52=FACE_BOUND('',#653,.T.);
#53=CONICAL_SURFACE('',#4028,12.9,0.785398163397448);
#54=CONICAL_SURFACE('',#4031,12.9,0.785398163397448);
#55=CONICAL_SURFACE('',#4034,12.9,0.785398163397448);
#56=CONICAL_SURFACE('',#4037,12.9,0.785398163397448);
#57=CONICAL_SURFACE('',#4040,12.9,0.785398163397448);
#58=CONICAL_SURFACE('',#4043,12.9,0.785398163397448);
#59=CONICAL_SURFACE('',#4065,4.49999999999999,0.785398163397447);
#60=CONICAL_SURFACE('',#4085,4.00028102069229,0.785398163397447);
#61=CONICAL_SURFACE('',#4094,5.00757450949858,0.26173777895882);
#62=CONICAL_SURFACE('',#4123,13.75,0.785398163397448);
#63=CONICAL_SURFACE('',#4146,11.7903905298493,0.785398163397449);
#64=CONICAL_SURFACE('',#4164,3.63100727698143,0.994122708595027);
#65=CONICAL_SURFACE('',#4204,2.13627528912908,0.785398163397449);
#66=CONICAL_SURFACE('',#4239,12.9,0.785398163397448);
#67=CONICAL_SURFACE('',#4245,11.7903905298493,0.785398163397449);
#68=CONICAL_SURFACE('',#4247,11.7903905298493,0.785398163397449);
#69=CONICAL_SURFACE('',#4249,11.7903905298493,0.785398163397449);
#70=CONICAL_SURFACE('',#4251,11.7903905298493,0.785398163397449);
#71=CONICAL_SURFACE('',#4253,11.7903905298493,0.785398163397449);
#72=CONICAL_SURFACE('',#4255,11.7903905298493,0.785398163397449);
#73=CONICAL_SURFACE('',#4257,11.7903905298493,0.785398163397449);
#74=CONICAL_SURFACE('',#4268,12.9,0.785398163397448);
#75=CONICAL_SURFACE('',#4269,12.9,0.785398163397448);
#76=CONICAL_SURFACE('',#4270,12.9,0.785398163397448);
#77=CONICAL_SURFACE('',#4271,12.9,0.785398163397448);
#78=CONICAL_SURFACE('',#4272,12.9,0.785398163397448);
#79=CONICAL_SURFACE('',#4273,12.9,0.785398163397448);
#80=CONICAL_SURFACE('',#4274,12.9,0.785398163397448);
#81=CONICAL_SURFACE('',#4324,13.75,0.785398163397449);
#82=CONICAL_SURFACE('',#4335,13.0341171062545,0.785398163397449);
#83=B_SPLINE_CURVE_WITH_KNOTS('',3,(#5597,#5598,#5599,#5600,#5601,#5602,
#5603,#5604),.UNSPECIFIED.,.F.,.F.,(4,2,2,4),(0.339327614120505,0.385314754000364,
0.437233886191528,0.437571229742458),.UNSPECIFIED.);
#84=B_SPLINE_CURVE_WITH_KNOTS('',3,(#5624,#5625,#5626,#5627,#5628,#5629,
#5630,#5631,#5632),.UNSPECIFIED.,.F.,.F.,(4,2,3,4),(-0.0522564757420943,
-0.0519191321911644,0.,0.0459871398798586),.UNSPECIFIED.);
#85=B_SPLINE_CURVE_WITH_KNOTS('',3,(#5664,#5665,#5666,#5667,#5668,#5669,
#5670,#5671),.UNSPECIFIED.,.F.,.F.,(4,2,2,4),(0.339327614120503,0.385314754000362,
0.437233886191527,0.437571229742457),.UNSPECIFIED.);
#86=B_SPLINE_CURVE_WITH_KNOTS('',3,(#5691,#5692,#5693,#5694,#5695,#5696,
#5697,#5698,#5699),.UNSPECIFIED.,.F.,.F.,(4,2,3,4),(-0.0522564757420939,
-0.0519191321911643,0.,0.0459871398798583),.UNSPECIFIED.);
#87=B_SPLINE_CURVE_WITH_KNOTS('',3,(#5731,#5732,#5733,#5734,#5735,#5736,
#5737,#5738),.UNSPECIFIED.,.F.,.F.,(4,2,2,4),(0.339327614120505,0.385314754000363,
0.437233886191527,0.437571229742458),.UNSPECIFIED.);
#88=B_SPLINE_CURVE_WITH_KNOTS('',3,(#5758,#5759,#5760,#5761,#5762,#5763,
#5764,#5765,#5766),.UNSPECIFIED.,.F.,.F.,(4,2,3,4),(-0.0522564757420947,
-0.0519191321911644,0.,0.0459871398798589),.UNSPECIFIED.);
#89=B_SPLINE_CURVE_WITH_KNOTS('',3,(#5798,#5799,#5800,#5801,#5802,#5803,
#5804,#5805),.UNSPECIFIED.,.F.,.F.,(4,2,2,4),(0.339327614120505,0.385314754000363,
0.437233886191527,0.437571229742458),.UNSPECIFIED.);
#90=B_SPLINE_CURVE_WITH_KNOTS('',3,(#5825,#5826,#5827,#5828,#5829,#5830,
#5831,#5832,#5833),.UNSPECIFIED.,.F.,.F.,(4,2,3,4),(-0.0522564757420942,
-0.0519191321911641,0.,0.0459871398798588),.UNSPECIFIED.);
#91=B_SPLINE_CURVE_WITH_KNOTS('',3,(#5869,#5870,#5871,#5872,#5873,#5874,
#5875,#5876),.UNSPECIFIED.,.F.,.F.,(4,2,2,4),(0.339327614120508,0.385314754000364,
0.437233886191529,0.43757122974246),.UNSPECIFIED.);
#92=B_SPLINE_CURVE_WITH_KNOTS('',3,(#5896,#5897,#5898,#5899,#5900,#5901,
#5902,#5903,#5904),.UNSPECIFIED.,.F.,.F.,(4,2,3,4),(-0.0522564757420945,
-0.0519191321911646,0.,0.0459871398798588),.UNSPECIFIED.);
#93=B_SPLINE_CURVE_WITH_KNOTS('',3,(#5936,#5937,#5938,#5939,#5940,#5941,
#5942,#5943),.UNSPECIFIED.,.F.,.F.,(4,2,2,4),(0.339327614120506,0.385314754000365,
0.43723388619153,0.437571229742459),.UNSPECIFIED.);
#94=B_SPLINE_CURVE_WITH_KNOTS('',3,(#5963,#5964,#5965,#5966,#5967,#5968,
#5969,#5970,#5971),.UNSPECIFIED.,.F.,.F.,(4,2,3,4),(-0.0522564757420941,
-0.0519191321911643,0.,0.0459871398798586),.UNSPECIFIED.);
#95=B_SPLINE_CURVE_WITH_KNOTS('',3,(#6098,#6099,#6100,#6101,#6102,#6103,
#6104,#6105,#6106,#6107),.UNSPECIFIED.,.F.,.F.,(4,1,1,1,1,1,1,4),(28.2743338823081,
29.1867542168462,30.1702795459574,31.1538048750685,32.1373302041796,33.1208555332908,
34.1043808624019,34.5575191894877),.UNSPECIFIED.);
#96=B_SPLINE_CURVE_WITH_KNOTS('',3,(#6113,#6114,#6115,#6116,#6117,#6118,
#6119,#6120,#6121),.UNSPECIFIED.,.F.,.F.,(4,1,1,1,1,1,4),(59.6902604182061,
60.6595647484025,61.6430900775136,62.6266154066248,63.6101407357359,64.593666064847,
65.4776444015561),.UNSPECIFIED.);
#97=B_SPLINE_CURVE_WITH_KNOTS('',3,(#6124,#6125,#6126,#6127,#6128,#6129,
#6130,#6131),.UNSPECIFIED.,.F.,.F.,(4,1,1,1,1,4),(59.6902604182061,60.1789512425781,
61.1624765716893,62.1460019008004,63.1295272299115,64.1130525590227),
 .UNSPECIFIED.);
#98=B_SPLINE_CURVE_WITH_KNOTS('',3,(#6136,#6137,#6138,#6139,#6140,#6141,
#6142,#6143,#6144,#6145,#6146),.UNSPECIFIED.,.F.,.F.,(4,1,1,1,1,1,1,1,4),
(53.4070751110265,53.7748874446246,54.7584127737357,55.7419381028468,56.725463431958,
57.7089887610691,58.6925140901802,59.6760394192914,59.6902604182061),
 .UNSPECIFIED.);
#99=B_SPLINE_CURVE_WITH_KNOTS('',3,(#6147,#6148,#6149,#6150,#6151,#6152,
#6153,#6154,#6155,#6156),.UNSPECIFIED.,.F.,.F.,(4,1,1,1,1,1,1,4),(53.4070751110265,
54.2777992679113,55.2613245970225,56.2448499261336,57.2283752552447,58.2119005843559,
59.195425913467,59.6902604182061),.UNSPECIFIED.);
#100=B_SPLINE_CURVE_WITH_KNOTS('',3,(#6161,#6162,#6163,#6164,#6165,#6166,
#6167,#6168,#6169,#6170),.UNSPECIFIED.,.F.,.F.,(4,1,1,1,1,1,1,4),(47.1238898038469,
47.8737354699578,48.8572607990689,49.84078612818,50.8243114572912,51.8078367864023,
52.7913621155134,53.4070751110265),.UNSPECIFIED.);
#101=B_SPLINE_CURVE_WITH_KNOTS('',3,(#6171,#6172,#6173,#6174,#6175,#6176,
#6177,#6178,#6179,#6180,#6181),.UNSPECIFIED.,.F.,.F.,(4,1,1,1,1,1,1,1,4),
(47.1238898038469,47.3931219641334,48.3766472932445,49.3601726223557,50.3436979514668,
51.3272232805779,52.3107486096891,53.2942739388002,53.4070751110265),
 .UNSPECIFIED.);
#102=B_SPLINE_CURVE_WITH_KNOTS('',3,(#6186,#6187,#6188,#6189,#6190,#6191,
#6192,#6193,#6194,#6195,#6196),.UNSPECIFIED.,.F.,.F.,(4,1,1,1,1,1,1,1,4),
(40.8407044966673,40.9890581661798,41.972583495291,42.9561088244021,43.9396341535132,
44.9231594826244,45.9066848117355,46.8902101408466,47.1238898038469),
 .UNSPECIFIED.);
#103=B_SPLINE_CURVE_WITH_KNOTS('',3,(#6197,#6198,#6199,#6200,#6201,#6202,
#6203,#6204,#6205,#6206),.UNSPECIFIED.,.F.,.F.,(4,1,1,1,1,1,1,4),(40.8407044966673,
41.4919699894666,42.4754953185777,43.4590206476889,44.4425459768,45.4260713059111,
46.4095966350223,47.1238898038469),.UNSPECIFIED.);
#104=B_SPLINE_CURVE_WITH_KNOTS('',3,(#6210,#6211,#6212,#6213,#6214,#6215,
#6216,#6217,#6218,#6219),.UNSPECIFIED.,.F.,.F.,(4,1,1,1,1,1,1,4),(34.5575191894877,
35.087906191513,36.0714315206242,37.0549568497353,38.0384821788464,39.0220075079576,
40.0055328370687,40.8407044966673),.UNSPECIFIED.);
#105=B_SPLINE_CURVE_WITH_KNOTS('',3,(#6220,#6221,#6222,#6223,#6224,#6225,
#6226,#6227,#6228,#6229,#6230),.UNSPECIFIED.,.F.,.F.,(4,1,1,1,1,1,1,1,4),
(34.5575191894877,34.6072926856887,35.5908180147998,36.5743433439109,37.5578686730221,
38.5413940021332,39.5249193312443,40.5084446603555,40.8407044966673),
 .UNSPECIFIED.);
#106=B_SPLINE_CURVE_WITH_KNOTS('',3,(#6232,#6233,#6234,#6235,#6236,#6237,
#6238,#6239,#6240,#6241),.UNSPECIFIED.,.F.,.F.,(4,1,1,1,1,1,1,4),(28.2743338823081,
28.7061407110219,29.689666040133,30.6731913692441,31.6567166983553,32.6402420274664,
33.6237673565775,34.5575191894877),.UNSPECIFIED.);
#107=B_SPLINE_CURVE_WITH_KNOTS('',3,(#6246,#6247,#6248,#6249,#6250,#6251,
#6252,#6253,#6254,#6255,#6256),.UNSPECIFIED.,.F.,.F.,(4,1,1,1,1,1,1,1,4),
(21.9911485751286,22.3020769130683,23.2856022421794,24.2691275712906,25.2526529004017,
26.2361782295128,27.219703558624,28.2032288877351,28.2743338823081),
 .UNSPECIFIED.);
#108=B_SPLINE_CURVE_WITH_KNOTS('',3,(#6257,#6258,#6259,#6260,#6261,#6262,
#6263,#6264,#6265,#6266),.UNSPECIFIED.,.F.,.F.,(4,1,1,1,1,1,1,4),(21.9911485751285,
22.8049887363551,23.7885140654662,24.7720393945773,25.7555647236885,26.7390900527996,
27.7226153819107,28.2743338823081),.UNSPECIFIED.);
#109=B_SPLINE_CURVE_WITH_KNOTS('',3,(#6271,#6272,#6273,#6274,#6275,#6276,
#6277,#6278,#6279,#6280),.UNSPECIFIED.,.F.,.F.,(4,1,1,1,1,1,1,4),(15.707963267949,
16.4009249384015,17.3844502675126,18.3679755966238,19.3515009257349,20.335026254846,
21.3185515839572,21.9911485751286),.UNSPECIFIED.);
#110=B_SPLINE_CURVE_WITH_KNOTS('',3,(#6281,#6282,#6283,#6284,#6285,#6286,
#6287,#6288,#6289,#6290,#6291),.UNSPECIFIED.,.F.,.F.,(4,1,1,1,1,1,1,1,4),
(15.7079632679489,15.9203114325771,16.9038367616883,17.8873620907994,18.8708874199105,
19.8544127490217,20.8379380781328,21.8214634072439,21.9911485751285),
 .UNSPECIFIED.);
#111=B_SPLINE_CURVE_WITH_KNOTS('',3,(#6298,#6299,#6300,#6301,#6302,#6303,
#6304,#6305,#6306),.UNSPECIFIED.,.F.,.F.,(4,1,1,1,1,1,4),(10.4997729637347,
11.4832982928458,12.466823621957,13.4503489510681,14.4338742801792,15.4173996092904,
15.707963267949),.UNSPECIFIED.);
#112=B_SPLINE_CURVE_WITH_KNOTS('',3,(#6307,#6308,#6309,#6310,#6311,#6312,
#6313,#6314,#6315,#6316),.UNSPECIFIED.,.F.,.F.,(4,1,1,1,1,1,1,4),(9.42477796076935,
10.0191594579103,11.0026847870215,11.9862101161326,12.9697354452437,13.9532607743549,
14.936786103466,15.7079632679489),.UNSPECIFIED.);
#113=B_SPLINE_CURVE_WITH_KNOTS('',3,(#6322,#6323,#6324,#6325,#6326,#6327,
#6328,#6329,#6330,#6331,#6332,#6333,#6334),.UNSPECIFIED.,.F.,.F.,(4,3,3,
3,4),(-5.2081903042142,-4.91762664555567,-3.93410131644453,-2.9505759873334,
-2.0665976506244),.UNSPECIFIED.);
#114=B_SPLINE_CURVE_WITH_KNOTS('',3,(#6337,#6338,#6339,#6340,#6341,#6342,
#6343,#6344,#6345,#6346),.UNSPECIFIED.,.F.,.F.,(4,3,3,4),(0.,0.983525329111123,
1.96705065822226,2.35619449019233),.UNSPECIFIED.);
#115=B_SPLINE_CURVE_WITH_KNOTS('',3,(#6351,#6352,#6353,#6354,#6355,#6356,
#6357,#6358,#6359,#6360,#6361,#6362,#6363,#6364,#6365,#6366,#6367,#6368,
#6369,#6370,#6371,#6372),.UNSPECIFIED.,.F.,.F.,(4,3,3,3,3,3,3,4),(-11.4913756113938,
-10.8187786202225,-9.83525329111134,-8.85172796200021,-7.86820263288907,
-6.88467730377794,-5.90115197466681,-5.2081903042142),.UNSPECIFIED.);
#116=B_SPLINE_CURVE_WITH_KNOTS('',3,(#6373,#6374,#6375,#6376,#6377,#6378,
#6379,#6380,#6381,#6382,#6383,#6384,#6385,#6386,#6387,#6388,#6389,#6390,
#6391,#6392,#6393,#6394),.UNSPECIFIED.,.F.,.F.,(4,3,3,3,3,3,3,4),(2.35619449019233,
2.9505759873334,3.93410131644453,4.91762664555567,5.9011519746668,6.88467730377793,
7.86820263288907,8.63937979737192),.UNSPECIFIED.);
#117=B_SPLINE_CURVE_WITH_KNOTS('',3,(#6399,#6400,#6401,#6402,#6403,#6404,
#6405,#6406,#6407,#6408,#6409,#6410,#6411,#6412,#6413,#6414,#6415,#6416,
#6417,#6418,#6419,#6420,#6421,#6422,#6423),.UNSPECIFIED.,.F.,.F.,(4,3,3,
3,3,3,3,3,4),(-17.7745609185734,-17.7034559240004,-16.7199305948893,-15.7364052657781,
-14.752879936667,-13.7693546075559,-12.7858292784447,-11.8023039493336,
-11.4913756113938),.UNSPECIFIED.);
#118=B_SPLINE_CURVE_WITH_KNOTS('',3,(#6424,#6425,#6426,#6427,#6428,#6429,
#6430,#6431,#6432,#6433,#6434,#6435,#6436,#6437,#6438,#6439,#6440,#6441,
#6442,#6443,#6444,#6445,#6446,#6447,#6448),.UNSPECIFIED.,.F.,.F.,(4,3,3,
3,3,3,3,3,4),(8.63937979737192,8.8517279620002,9.83525329111134,10.8187786202225,
11.8023039493336,12.7858292784447,13.7693546075559,14.752879936667,14.9225651045515),
 .UNSPECIFIED.);
#119=B_SPLINE_CURVE_WITH_KNOTS('',3,(#6453,#6454,#6455,#6456,#6457,#6458,
#6459,#6460,#6461,#6462,#6463,#6464,#6465,#6466,#6467,#6468,#6469,#6470,
#6471,#6472,#6473,#6474),.UNSPECIFIED.,.F.,.F.,(4,3,3,3,3,3,3,4),(-24.057746225753,
-23.6046078986672,-22.6210825695561,-21.6375572404449,-20.6540319113338,
-19.6705065822227,-18.6869812531115,-17.7745609185734),.UNSPECIFIED.);
#120=B_SPLINE_CURVE_WITH_KNOTS('',3,(#6475,#6476,#6477,#6478,#6479,#6480,
#6481,#6482,#6483,#6484,#6485,#6486,#6487,#6488,#6489,#6490,#6491,#6492,
#6493,#6494,#6495,#6496),.UNSPECIFIED.,.F.,.F.,(4,3,3,3,3,3,3,4),(14.9225651045515,
15.7364052657781,16.7199305948893,17.7034559240004,18.6869812531115,19.6705065822227,
20.6540319113338,21.2057504117311),.UNSPECIFIED.);
#121=B_SPLINE_CURVE_WITH_KNOTS('',3,(#6501,#6502,#6503,#6504,#6505,#6506,
#6507,#6508,#6509,#6510,#6511,#6512,#6513,#6514,#6515,#6516,#6517,#6518,
#6519,#6520,#6521,#6522),.UNSPECIFIED.,.F.,.F.,(4,3,3,3,3,3,3,4),(-30.3409315329325,
-29.505759873334,-28.5222345442229,-27.5387092151117,-26.5551838860006,
-25.5716585568895,-24.5881332277783,-24.057746225753),.UNSPECIFIED.);
#122=B_SPLINE_CURVE_WITH_KNOTS('',3,(#6523,#6524,#6525,#6526,#6527,#6528,
#6529,#6530,#6531,#6532,#6533,#6534,#6535,#6536,#6537,#6538,#6539,#6540,
#6541,#6542,#6543,#6544),.UNSPECIFIED.,.F.,.F.,(4,3,3,3,3,3,3,4),(21.2057504117311,
21.6375572404449,22.6210825695561,23.6046078986672,24.5881332277783,25.5716585568895,
26.5551838860006,27.4889357189107),.UNSPECIFIED.);
#123=B_SPLINE_CURVE_WITH_KNOTS('',3,(#6549,#6550,#6551,#6552,#6553,#6554,
#6555,#6556,#6557,#6558,#6559,#6560,#6561,#6562,#6563,#6564,#6565,#6566,
#6567,#6568,#6569,#6570,#6571,#6572,#6573),.UNSPECIFIED.,.F.,.F.,(4,3,3,
3,3,3,3,3,4),(-36.6241168401121,-36.390437177112,-35.4069118480008,-34.4233865188897,
-33.4398611897786,-32.4563358606674,-31.4728105315563,-30.4892852024451,
-30.3409315329325),.UNSPECIFIED.);
#124=B_SPLINE_CURVE_WITH_KNOTS('',3,(#6574,#6575,#6576,#6577,#6578,#6579,
#6580,#6581,#6582,#6583,#6584,#6585,#6586,#6587,#6588,#6589,#6590,#6591,
#6592,#6593,#6594,#6595,#6596,#6597,#6598),.UNSPECIFIED.,.F.,.F.,(4,3,3,
3,3,3,3,3,4),(27.4889357189107,27.5387092151117,28.5222345442229,29.505759873334,
30.4892852024451,31.4728105315563,32.4563358606674,33.4398611897785,33.7721210260903),
 .UNSPECIFIED.);
#125=B_SPLINE_CURVE_WITH_KNOTS('',3,(#6603,#6604,#6605,#6606,#6607,#6608,
#6609,#6610,#6611,#6612,#6613,#6614,#6615,#6616,#6617,#6618,#6619,#6620,
#6621,#6622,#6623,#6624),.UNSPECIFIED.,.F.,.F.,(4,3,3,3,3,3,3,4),(-42.9073021472917,
-42.2915891517788,-41.3080638226676,-40.3245384935565,-39.3410131644454,
-38.3574878353342,-37.3739625062231,-36.6241168401121),.UNSPECIFIED.);
#126=B_SPLINE_CURVE_WITH_KNOTS('',3,(#6625,#6626,#6627,#6628,#6629,#6630,
#6631,#6632,#6633,#6634,#6635,#6636,#6637,#6638,#6639,#6640,#6641,#6642,
#6643,#6644,#6645,#6646),.UNSPECIFIED.,.F.,.F.,(4,3,3,3,3,3,3,4),(33.7721210260903,
34.4233865188897,35.4069118480008,36.3904371771119,37.3739625062231,38.3574878353342,
39.3410131644453,40.0553063332699),.UNSPECIFIED.);
#127=B_SPLINE_CURVE_WITH_KNOTS('',3,(#6651,#6652,#6653,#6654,#6655,#6656,
#6657,#6658,#6659,#6660,#6661,#6662,#6663,#6664,#6665,#6666,#6667,#6668,
#6669,#6670,#6671,#6672,#6673,#6674,#6675),.UNSPECIFIED.,.F.,.F.,(4,3,3,
3,3,3,3,3,4),(-49.1904874544713,-49.1762664555567,-48.1927411264456,-47.2092157973344,
-46.2256904682233,-45.2421651391122,-44.258639810001,-43.2751144808899,
-42.9073021472917),.UNSPECIFIED.);
#128=B_SPLINE_CURVE_WITH_KNOTS('',3,(#6676,#6677,#6678,#6679,#6680,#6681,
#6682,#6683,#6684,#6685,#6686,#6687,#6688,#6689,#6690,#6691,#6692,#6693,
#6694,#6695,#6696,#6697,#6698,#6699,#6700),.UNSPECIFIED.,.F.,.F.,(4,3,3,
3,3,3,3,3,4),(40.0553063332699,40.3245384935565,41.3080638226676,42.2915891517787,
43.2751144808899,44.258639810001,45.2421651391121,46.2256904682233,46.3384916404494),
 .UNSPECIFIED.);
#129=B_SPLINE_CURVE_WITH_KNOTS('',3,(#6709,#6710,#6711,#6712,#6713,#6714,
#6715),.UNSPECIFIED.,.F.,.F.,(4,3,4),(-57.0444690884458,-56.0609437593346,
-55.4736727616509),.UNSPECIFIED.);
#130=B_SPLINE_CURVE_WITH_KNOTS('',3,(#6719,#6720,#6721,#6722,#6723,#6724,
#6725,#6726,#6727,#6728),.UNSPECIFIED.,.F.,.F.,(4,3,3,4),(52.621676947629,
53.1103677720012,54.0938931011123,54.9778714378214),.UNSPECIFIED.);
#131=B_SPLINE_CURVE_WITH_KNOTS('',3,(#6822,#6823,#6824,#6825),
 .UNSPECIFIED.,.F.,.F.,(4,4),(0.0141498813417052,0.0467013588265652),
 .UNSPECIFIED.);
#132=B_SPLINE_CURVE_WITH_KNOTS('',3,(#6828,#6829,#6830,#6831),
 .UNSPECIFIED.,.F.,.F.,(4,4),(0.300937675021962,0.333490776922074),
 .UNSPECIFIED.);
#133=B_SPLINE_CURVE_WITH_KNOTS('',3,(#7042,#7043,#7044,#7045,#7046,#7047,
#7048,#7049,#7050,#7051,#7052,#7053,#7054,#7055,#7056,#7057,#7058,#7059,
#7060,#7061,#7062,#7063),.UNSPECIFIED.,.F.,.F.,(4,3,3,3,3,3,3,4),(-55.4736727616509,
-55.0774184302235,-54.0938931011124,-53.1103677720012,-52.1268424428901,
-51.143317113779,-50.1597917846678,-49.1904874544713),.UNSPECIFIED.);
#134=B_SPLINE_CURVE_WITH_KNOTS('',3,(#7064,#7065,#7066,#7067,#7068,#7069,
#7070,#7071,#7072,#7073,#7074,#7075,#7076,#7077,#7078,#7079,#7080,#7081,
#7082,#7083,#7084,#7085),.UNSPECIFIED.,.F.,.F.,(4,3,3,3,3,3,3,4),(46.3384916404494,
47.2092157973344,48.1927411264455,49.1762664555567,50.1597917846678,51.1433171137789,
52.1268424428901,52.621676947629),.UNSPECIFIED.);
#135=B_SPLINE_CURVE_WITH_KNOTS('',3,(#7330,#7331,#7332,#7333,#7334,#7335,
#7336,#7337,#7338,#7339,#7340,#7341,#7342,#7343,#7344,#7345,#7346,#7347,
#7348,#7349,#7350,#7351,#7352,#7353,#7354,#7355,#7356,#7357,#7358,#7359,
#7360,#7361,#7362,#7363,#7364,#7365,#7366,#7367,#7368,#7369,#7370,#7371,
#7372,#7373,#7374,#7375,#7376,#7377,#7378,#7379,#7380,#7381,#7382,#7383,
#7384,#7385,#7386,#7387,#7388,#7389,#7390,#7391,#7392,#7393,#7394,#7395,
#7396,#7397,#7398,#7399,#7400,#7401,#7402,#7403,#7404,#7405,#7406,#7407,
#7408,#7409,#7410,#7411,#7412,#7413,#7414),.UNSPECIFIED.,.F.,.F.,(4,3,3,
3,3,3,3,3,3,3,3,3,3,3,3,3,3,3,3,3,3,3,3,3,3,3,3,3,4),(-0.46380305084369,
-0.443616615073718,-0.421797031137228,-0.413247136785429,-0.407191264597464,
-0.384579093148714,-0.365549293612436,-0.358729714410386,-0.354617229979867,
-0.331380033624435,-0.30662019943295,-0.288050323789336,-0.273721874519269,
-0.268786875442849,-0.244363353467332,-0.232340696858495,-0.208697969153156,
-0.195654346081083,-0.185403307011587,-0.181565351880901,-0.157155045827655,
-0.132254997875157,-0.107153636492907,-0.0966344406595675,-0.0910176366805032,
-0.0652901212051646,-0.0395130121654819,-0.0142669460183373,0.),
 .UNSPECIFIED.);
#136=B_SPLINE_CURVE_WITH_KNOTS('',3,(#7415,#7416,#7417,#7418,#7419,#7420,
#7421,#7422,#7423,#7424,#7425,#7426,#7427,#7428,#7429,#7430,#7431,#7432,
#7433,#7434,#7435,#7436,#7437,#7438,#7439,#7440,#7441,#7442,#7443,#7444,
#7445,#7446,#7447,#7448,#7449,#7450,#7451,#7452,#7453,#7454,#7455,#7456,
#7457,#7458,#7459,#7460,#7461,#7462,#7463,#7464,#7465,#7466,#7467,#7468,
#7469,#7470,#7471,#7472,#7473,#7474,#7475,#7476,#7477,#7478,#7479,#7480,
#7481,#7482,#7483,#7484,#7485,#7486,#7487,#7488,#7489,#7490,#7491,#7492,
#7493,#7494,#7495,#7496,#7497,#7498,#7499),.UNSPECIFIED.,.F.,.F.,(4,3,3,
3,3,3,3,3,3,3,3,3,3,3,3,3,3,3,3,3,3,3,3,3,3,3,3,3,4),(-0.461788964899763,
-0.437467859847104,-0.411771422640484,-0.400643544206697,-0.394708175945622,
-0.369339050016048,-0.349224172357419,-0.339641857357945,-0.335639095303523,
-0.310879073417396,-0.285264312249801,-0.266053241374105,-0.251644938217333,
-0.24715380906821,-0.243324575155379,-0.219842438387998,-0.208420028747016,
-0.184435781844256,-0.161381309113724,-0.157759893202236,-0.134407744105832,
-0.111080803882507,-0.0881480076253188,-0.0800059447710417,-0.0764098672233938,
-0.0539454870877338,-0.0318414043159585,-0.0104412728137856,0.),
 .UNSPECIFIED.);
#137=B_SPLINE_CURVE_WITH_KNOTS('',3,(#7502,#7503,#7504,#7505),
 .UNSPECIFIED.,.F.,.F.,(4,4),(9.13518112120129,9.42477796076935),
 .UNSPECIFIED.);
#138=B_SPLINE_CURVE_WITH_KNOTS('',3,(#7508,#7509,#7510,#7511,#7512,#7513,
#7514,#7515,#7516,#7517,#7518,#7519,#7520,#7521,#7522,#7523,#7524,#7525,
#7526,#7527,#7528,#7529,#7530,#7531,#7532,#7533,#7534,#7535,#7536,#7537,
#7538,#7539,#7540,#7541,#7542,#7543,#7544,#7545,#7546,#7547,#7548,#7549,
#7550,#7551,#7552,#7553,#7554,#7555,#7556,#7557,#7558,#7559,#7560,#7561,
#7562,#7563,#7564,#7565,#7566,#7567,#7568,#7569,#7570,#7571,#7572,#7573,
#7574,#7575,#7576,#7577,#7578,#7579,#7580,#7581,#7582,#7583,#7584,#7585,
#7586,#7587,#7588,#7589,#7590,#7591,#7592),.UNSPECIFIED.,.F.,.F.,(4,3,3,
3,3,3,3,3,3,3,3,3,3,3,3,3,3,3,3,3,3,3,3,3,3,3,3,3,4),(-0.463803050843713,
-0.443616615073749,-0.421797037062882,-0.413247139733663,-0.40719126549546,
-0.384579098296028,-0.365549298116337,-0.358729725918059,-0.354617261604797,
-0.331380069675088,-0.306620226470941,-0.288050344067832,-0.273721907953309,
-0.268786877328664,-0.244363355052952,-0.232340696858502,-0.208697972070608,
-0.195654348816195,-0.185403306634246,-0.181565351338952,-0.157155048493793,
-0.132255003686518,-0.107153642898107,-0.096634454154657,-0.091017636530972,
-0.0652901230158093,-0.0395130124233333,-0.0142669378031635,0.),
 .UNSPECIFIED.);
#139=B_SPLINE_CURVE_WITH_KNOTS('',3,(#7837,#7838,#7839,#7840,#7841,#7842,
#7843,#7844,#7845,#7846,#7847,#7848,#7849,#7850,#7851,#7852,#7853,#7854,
#7855,#7856,#7857,#7858,#7859,#7860,#7861,#7862,#7863,#7864,#7865,#7866,
#7867,#7868,#7869,#7870,#7871,#7872,#7873,#7874,#7875,#7876,#7877,#7878,
#7879,#7880,#7881,#7882,#7883,#7884,#7885,#7886,#7887,#7888,#7889,#7890,
#7891,#7892,#7893,#7894,#7895,#7896,#7897,#7898,#7899,#7900,#7901,#7902,
#7903,#7904,#7905,#7906,#7907,#7908,#7909,#7910,#7911,#7912,#7913,#7914,
#7915,#7916,#7917,#7918,#7919,#7920,#7921),.UNSPECIFIED.,.F.,.F.,(4,3,3,
3,3,3,3,3,3,3,3,3,3,3,3,3,3,3,3,3,3,3,3,3,3,3,3,3,4),(-0.4617889648998,
-0.437467859847149,-0.411771422633971,-0.400643548820829,-0.394708177225772,
-0.369339051294952,-0.349224173476463,-0.339641860204045,-0.335639095363823,
-0.3108790737458,-0.28526431249611,-0.266053241558842,-0.251644938355892,
-0.247153801238473,-0.243324574307125,-0.21984244326375,-0.20842002874704,
-0.184435785152701,-0.161381312008614,-0.157759893490972,-0.134407746338144,
-0.111080802851561,-0.0881479987042252,-0.0800059381406756,-0.0764098604688298,
-0.0539454746867538,-0.0318413832528972,-0.0104412407312973,0.),
 .UNSPECIFIED.);
#140=B_SPLINE_CURVE_WITH_KNOTS('',3,(#7935,#7936,#7937,#7938),
 .UNSPECIFIED.,.F.,.F.,(4,4),(0.0141498813417058,0.0467013588265639),
 .UNSPECIFIED.);
#141=B_SPLINE_CURVE_WITH_KNOTS('',3,(#7939,#7940,#7941,#7942),
 .UNSPECIFIED.,.F.,.F.,(4,4),(0.30093767502196,0.333490776922073),
 .UNSPECIFIED.);
#142=B_SPLINE_CURVE_WITH_KNOTS('',3,(#7949,#7950,#7951,#7952),
 .UNSPECIFIED.,.F.,.F.,(4,4),(0.014149881341705,0.0467013588265634),
 .UNSPECIFIED.);
#143=B_SPLINE_CURVE_WITH_KNOTS('',3,(#7954,#7955,#7956,#7957),
 .UNSPECIFIED.,.F.,.F.,(4,4),(0.300937675021961,0.333490776922074),
 .UNSPECIFIED.);
#144=B_SPLINE_CURVE_WITH_KNOTS('',3,(#7975,#7976,#7977,#7978),
 .UNSPECIFIED.,.F.,.F.,(4,4),(0.0141498813417052,0.0467013588265637),
 .UNSPECIFIED.);
#145=B_SPLINE_CURVE_WITH_KNOTS('',3,(#7979,#7980,#7981,#7982),
 .UNSPECIFIED.,.F.,.F.,(4,4),(0.30093767502196,0.333490776922073),
 .UNSPECIFIED.);
#146=B_SPLINE_CURVE_WITH_KNOTS('',3,(#7989,#7990,#7991,#7992),
 .UNSPECIFIED.,.F.,.F.,(4,4),(0.0141498813417053,0.0467013588265649),
 .UNSPECIFIED.);
#147=B_SPLINE_CURVE_WITH_KNOTS('',3,(#7994,#7995,#7996,#7997),
 .UNSPECIFIED.,.F.,.F.,(4,4),(0.30093767502196,0.333490776922072),
 .UNSPECIFIED.);
#148=B_SPLINE_CURVE_WITH_KNOTS('',3,(#8015,#8016,#8017,#8018),
 .UNSPECIFIED.,.F.,.F.,(4,4),(0.0141498813417053,0.0467013588265647),
 .UNSPECIFIED.);
#149=B_SPLINE_CURVE_WITH_KNOTS('',3,(#8019,#8020,#8021,#8022),
 .UNSPECIFIED.,.F.,.F.,(4,4),(0.300937675021962,0.333490776922074),
 .UNSPECIFIED.);
#150=B_SPLINE_CURVE_WITH_KNOTS('',3,(#8029,#8030,#8031,#8032),
 .UNSPECIFIED.,.F.,.F.,(4,4),(0.0141498813417054,0.0467013588265639),
 .UNSPECIFIED.);
#151=B_SPLINE_CURVE_WITH_KNOTS('',3,(#8034,#8035,#8036,#8037),
 .UNSPECIFIED.,.F.,.F.,(4,4),(0.300937675021961,0.333490776922074),
 .UNSPECIFIED.);
#152=B_SPLINE_CURVE_WITH_KNOTS('',3,(#8049,#8050,#8051,#8052),
 .UNSPECIFIED.,.F.,.F.,(4,4),(0.0141498813417053,0.0467013588265645),
 .UNSPECIFIED.);
#153=B_SPLINE_CURVE_WITH_KNOTS('',3,(#8054,#8055,#8056,#8057),
 .UNSPECIFIED.,.F.,.F.,(4,4),(0.300937675021961,0.333490776922073),
 .UNSPECIFIED.);
#154=(
BOUNDED_CURVE()
B_SPLINE_CURVE(2,(#5583,#5584,#5585),.UNSPECIFIED.,.F.,.F.)
B_SPLINE_CURVE_WITH_KNOTS((3,3),(0.,0.15215897564719),.UNSPECIFIED.)
CURVE()
GEOMETRIC_REPRESENTATION_ITEM()
RATIONAL_B_SPLINE_CURVE((1.,1.00159088691182,1.00133529837885))
REPRESENTATION_ITEM('')
);
#155=(
BOUNDED_CURVE()
B_SPLINE_CURVE(2,(#5616,#5617,#5618),.UNSPECIFIED.,.F.,.F.)
B_SPLINE_CURVE_WITH_KNOTS((3,3),(0.110035383401517,0.2621943590487),
 .UNSPECIFIED.)
CURVE()
GEOMETRIC_REPRESENTATION_ITEM()
RATIONAL_B_SPLINE_CURVE((1.00133529837953,1.00159088691263,1.))
REPRESENTATION_ITEM('')
);
#156=(
BOUNDED_CURVE()
B_SPLINE_CURVE(2,(#5650,#5651,#5652),.UNSPECIFIED.,.F.,.F.)
B_SPLINE_CURVE_WITH_KNOTS((3,3),(0.,0.152158975647131),.UNSPECIFIED.)
CURVE()
GEOMETRIC_REPRESENTATION_ITEM()
RATIONAL_B_SPLINE_CURVE((1.,1.00159088690952,1.00133529837692))
REPRESENTATION_ITEM('')
);
#157=(
BOUNDED_CURVE()
B_SPLINE_CURVE(2,(#5683,#5684,#5685),.UNSPECIFIED.,.F.,.F.)
B_SPLINE_CURVE_WITH_KNOTS((3,3),(0.110035383401586,0.262194359048701),
 .UNSPECIFIED.)
CURVE()
GEOMETRIC_REPRESENTATION_ITEM()
RATIONAL_B_SPLINE_CURVE((1.00133529837862,1.00159088691155,1.))
REPRESENTATION_ITEM('')
);
#158=(
BOUNDED_CURVE()
B_SPLINE_CURVE(2,(#5717,#5718,#5719),.UNSPECIFIED.,.F.,.F.)
B_SPLINE_CURVE_WITH_KNOTS((3,3),(0.,0.152158975647122),.UNSPECIFIED.)
CURVE()
GEOMETRIC_REPRESENTATION_ITEM()
RATIONAL_B_SPLINE_CURVE((1.,1.00159088691139,1.00133529837849))
REPRESENTATION_ITEM('')
);
#159=(
BOUNDED_CURVE()
B_SPLINE_CURVE(2,(#5750,#5751,#5752),.UNSPECIFIED.,.F.,.F.)
B_SPLINE_CURVE_WITH_KNOTS((3,3),(0.110035383401569,0.2621943590487),
 .UNSPECIFIED.)
CURVE()
GEOMETRIC_REPRESENTATION_ITEM()
RATIONAL_B_SPLINE_CURVE((1.00133529837882,1.00159088691178,1.))
REPRESENTATION_ITEM('')
);
#160=(
BOUNDED_CURVE()
B_SPLINE_CURVE(2,(#5784,#5785,#5786),.UNSPECIFIED.,.F.,.F.)
B_SPLINE_CURVE_WITH_KNOTS((3,3),(0.,0.152158975647153),.UNSPECIFIED.)
CURVE()
GEOMETRIC_REPRESENTATION_ITEM()
RATIONAL_B_SPLINE_CURVE((1.,1.0015908869107,1.00133529837791))
REPRESENTATION_ITEM('')
);
#161=(
BOUNDED_CURVE()
B_SPLINE_CURVE(2,(#5817,#5818,#5819),.UNSPECIFIED.,.F.,.F.)
B_SPLINE_CURVE_WITH_KNOTS((3,3),(0.110035383401516,0.2621943590487),
 .UNSPECIFIED.)
CURVE()
GEOMETRIC_REPRESENTATION_ITEM()
RATIONAL_B_SPLINE_CURVE((1.00133529837808,1.00159088691091,1.))
REPRESENTATION_ITEM('')
);
#162=(
BOUNDED_CURVE()
B_SPLINE_CURVE(2,(#5855,#5856,#5857),.UNSPECIFIED.,.F.,.F.)
B_SPLINE_CURVE_WITH_KNOTS((3,3),(0.,0.152158975647126),.UNSPECIFIED.)
CURVE()
GEOMETRIC_REPRESENTATION_ITEM()
RATIONAL_B_SPLINE_CURVE((1.,1.00159088691043,1.00133529837768))
REPRESENTATION_ITEM('')
);
#163=(
BOUNDED_CURVE()
B_SPLINE_CURVE(2,(#5888,#5889,#5890),.UNSPECIFIED.,.F.,.F.)
B_SPLINE_CURVE_WITH_KNOTS((3,3),(0.110035383401667,0.2621943590487),
 .UNSPECIFIED.)
CURVE()
GEOMETRIC_REPRESENTATION_ITEM()
RATIONAL_B_SPLINE_CURVE((1.00133529837968,1.00159088691281,1.))
REPRESENTATION_ITEM('')
);
#164=(
BOUNDED_CURVE()
B_SPLINE_CURVE(2,(#5922,#5923,#5924),.UNSPECIFIED.,.F.,.F.)
B_SPLINE_CURVE_WITH_KNOTS((3,3),(0.,0.152158975647225),.UNSPECIFIED.)
CURVE()
GEOMETRIC_REPRESENTATION_ITEM()
RATIONAL_B_SPLINE_CURVE((1.,1.00159088691201,1.00133529837901))
REPRESENTATION_ITEM('')
);
#165=(
BOUNDED_CURVE()
B_SPLINE_CURVE(2,(#5955,#5956,#5957),.UNSPECIFIED.,.F.,.F.)
B_SPLINE_CURVE_WITH_KNOTS((3,3),(0.110035383401599,0.2621943590487),
 .UNSPECIFIED.)
CURVE()
GEOMETRIC_REPRESENTATION_ITEM()
RATIONAL_B_SPLINE_CURVE((1.0013352983777,1.00159088691045,1.))
REPRESENTATION_ITEM('')
);
#166=(
BOUNDED_CURVE()
B_SPLINE_CURVE(2,(#6810,#6811,#6812),.UNSPECIFIED.,.F.,.F.)
B_SPLINE_CURVE_WITH_KNOTS((3,3),(0.034327959146898,0.0496634212766784),
 .UNSPECIFIED.)
CURVE()
GEOMETRIC_REPRESENTATION_ITEM()
RATIONAL_B_SPLINE_CURVE((1.000047597525,1.00003443047583,1.))
REPRESENTATION_ITEM('')
);
#167=(
BOUNDED_CURVE()
B_SPLINE_CURVE(2,(#6818,#6819,#6820),.UNSPECIFIED.,.F.,.F.)
B_SPLINE_CURVE_WITH_KNOTS((3,3),(0.,0.0153371494129836),.UNSPECIFIED.)
CURVE()
GEOMETRIC_REPRESENTATION_ITEM()
RATIONAL_B_SPLINE_CURVE((1.,1.00003443444805,1.00004760068984))
REPRESENTATION_ITEM('')
);
#168=(
BOUNDED_CURVE()
B_SPLINE_CURVE(2,(#7035,#7036,#7037),.UNSPECIFIED.,.F.,.F.)
B_SPLINE_CURVE_WITH_KNOTS((3,3),(0.,0.255130235587549),.UNSPECIFIED.)
CURVE()
GEOMETRIC_REPRESENTATION_ITEM()
RATIONAL_B_SPLINE_CURVE((1.,1.0024647217355,1.))
REPRESENTATION_ITEM('')
);
#169=(
BOUNDED_CURVE()
B_SPLINE_CURVE(2,(#7038,#7039,#7040),.UNSPECIFIED.,.F.,.F.)
B_SPLINE_CURVE_WITH_KNOTS((3,3),(0.,0.25513010172619),.UNSPECIFIED.)
CURVE()
GEOMETRIC_REPRESENTATION_ITEM()
RATIONAL_B_SPLINE_CURVE((1.,1.00246471666023,1.))
REPRESENTATION_ITEM('')
);
#170=(
BOUNDED_CURVE()
B_SPLINE_CURVE(2,(#7926,#7927,#7928),.UNSPECIFIED.,.F.,.F.)
B_SPLINE_CURVE_WITH_KNOTS((3,3),(0.0343279592414029,0.0496634212766784),
 .UNSPECIFIED.)
CURVE()
GEOMETRIC_REPRESENTATION_ITEM()
RATIONAL_B_SPLINE_CURVE((1.00004759744163,1.00003443041544,1.))
REPRESENTATION_ITEM('')
);
#171=(
BOUNDED_CURVE()
B_SPLINE_CURVE(2,(#7932,#7933,#7934),.UNSPECIFIED.,.F.,.F.)
B_SPLINE_CURVE_WITH_KNOTS((3,3),(0.,0.0153371494787887),.UNSPECIFIED.)
CURVE()
GEOMETRIC_REPRESENTATION_ITEM()
RATIONAL_B_SPLINE_CURVE((1.,1.00003443431271,1.00004760050266))
REPRESENTATION_ITEM('')
);
#172=(
BOUNDED_CURVE()
B_SPLINE_CURVE(2,(#7946,#7947,#7948),.UNSPECIFIED.,.F.,.F.)
B_SPLINE_CURVE_WITH_KNOTS((3,3),(0.,0.0153371495259547),.UNSPECIFIED.)
CURVE()
GEOMETRIC_REPRESENTATION_ITEM()
RATIONAL_B_SPLINE_CURVE((1.,1.00003443446584,1.00004760071427))
REPRESENTATION_ITEM('')
);
#173=(
BOUNDED_CURVE()
B_SPLINE_CURVE(2,(#7959,#7960,#7961),.UNSPECIFIED.,.F.,.F.)
B_SPLINE_CURVE_WITH_KNOTS((3,3),(0.0343279590388661,0.0496634212766788),
 .UNSPECIFIED.)
CURVE()
GEOMETRIC_REPRESENTATION_ITEM()
RATIONAL_B_SPLINE_CURVE((1.00004759765739,1.00003443057171,1.))
REPRESENTATION_ITEM('')
);
#174=(
BOUNDED_CURVE()
B_SPLINE_CURVE(2,(#7966,#7967,#7968),.UNSPECIFIED.,.F.,.F.)
B_SPLINE_CURVE_WITH_KNOTS((3,3),(0.0343279590669579,0.0496634212766787),
 .UNSPECIFIED.)
CURVE()
GEOMETRIC_REPRESENTATION_ITEM()
RATIONAL_B_SPLINE_CURVE((1.00004759754257,1.00003443048862,1.))
REPRESENTATION_ITEM('')
);
#175=(
BOUNDED_CURVE()
B_SPLINE_CURVE(2,(#7972,#7973,#7974),.UNSPECIFIED.,.F.,.F.)
B_SPLINE_CURVE_WITH_KNOTS((3,3),(0.,0.0153371495410274),.UNSPECIFIED.)
CURVE()
GEOMETRIC_REPRESENTATION_ITEM()
RATIONAL_B_SPLINE_CURVE((1.,1.0000344344378,1.00004760067549))
REPRESENTATION_ITEM('')
);
#176=(
BOUNDED_CURVE()
B_SPLINE_CURVE(2,(#7986,#7987,#7988),.UNSPECIFIED.,.F.,.F.)
B_SPLINE_CURVE_WITH_KNOTS((3,3),(0.,0.0153371495493128),.UNSPECIFIED.)
CURVE()
GEOMETRIC_REPRESENTATION_ITEM()
RATIONAL_B_SPLINE_CURVE((1.,1.00003443376422,1.00004759974436))
REPRESENTATION_ITEM('')
);
#177=(
BOUNDED_CURVE()
B_SPLINE_CURVE(2,(#7999,#8000,#8001),.UNSPECIFIED.,.F.,.F.)
B_SPLINE_CURVE_WITH_KNOTS((3,3),(0.03432795907538,0.0496634212766788),
 .UNSPECIFIED.)
CURVE()
GEOMETRIC_REPRESENTATION_ITEM()
RATIONAL_B_SPLINE_CURVE((1.00004759697968,1.00003443008144,1.))
REPRESENTATION_ITEM('')
);
#178=(
BOUNDED_CURVE()
B_SPLINE_CURVE(2,(#8006,#8007,#8008),.UNSPECIFIED.,.F.,.F.)
B_SPLINE_CURVE_WITH_KNOTS((3,3),(0.0343279592130051,0.0496634212766785),
 .UNSPECIFIED.)
CURVE()
GEOMETRIC_REPRESENTATION_ITEM()
RATIONAL_B_SPLINE_CURVE((1.00004759766892,1.00003443057988,1.))
REPRESENTATION_ITEM('')
);
#179=(
BOUNDED_CURVE()
B_SPLINE_CURVE(2,(#8012,#8013,#8014),.UNSPECIFIED.,.F.,.F.)
B_SPLINE_CURVE_WITH_KNOTS((3,3),(0.,0.0153371495472718),.UNSPECIFIED.)
CURVE()
GEOMETRIC_REPRESENTATION_ITEM()
RATIONAL_B_SPLINE_CURVE((1.,1.000034434037,1.00004760012143))
REPRESENTATION_ITEM('')
);
#180=(
BOUNDED_CURVE()
B_SPLINE_CURVE(2,(#8026,#8027,#8028),.UNSPECIFIED.,.F.,.F.)
B_SPLINE_CURVE_WITH_KNOTS((3,3),(0.,0.015337149549296),.UNSPECIFIED.)
CURVE()
GEOMETRIC_REPRESENTATION_ITEM()
RATIONAL_B_SPLINE_CURVE((1.,1.00003443400865,1.00004760008224))
REPRESENTATION_ITEM('')
);
#181=(
BOUNDED_CURVE()
B_SPLINE_CURVE(2,(#8039,#8040,#8041),.UNSPECIFIED.,.F.,.F.)
B_SPLINE_CURVE_WITH_KNOTS((3,3),(0.0343279590802965,0.0496634212766786),
 .UNSPECIFIED.)
CURVE()
GEOMETRIC_REPRESENTATION_ITEM()
RATIONAL_B_SPLINE_CURVE((1.00004759709611,1.00003443016566,1.))
REPRESENTATION_ITEM('')
);
#182=(
BOUNDED_CURVE()
B_SPLINE_CURVE(2,(#8046,#8047,#8048),.UNSPECIFIED.,.F.,.F.)
B_SPLINE_CURVE_WITH_KNOTS((3,3),(0.,0.015337149544129),.UNSPECIFIED.)
CURVE()
GEOMETRIC_REPRESENTATION_ITEM()
RATIONAL_B_SPLINE_CURVE((1.,1.00003443428214,1.00004760046031))
REPRESENTATION_ITEM('')
);
#183=(
BOUNDED_CURVE()
B_SPLINE_CURVE(2,(#8059,#8060,#8061),.UNSPECIFIED.,.F.,.F.)
B_SPLINE_CURVE_WITH_KNOTS((3,3),(0.0343279591447964,0.0496634212766788),
 .UNSPECIFIED.)
CURVE()
GEOMETRIC_REPRESENTATION_ITEM()
RATIONAL_B_SPLINE_CURVE((1.00004759744582,1.00003443041856,1.))
REPRESENTATION_ITEM('')
);
#184=(
BOUNDED_CURVE()
B_SPLINE_CURVE(2,(#8106,#8107,#8108),.UNSPECIFIED.,.F.,.F.)
B_SPLINE_CURVE_WITH_KNOTS((3,3),(0.,0.255130101726191),.UNSPECIFIED.)
CURVE()
GEOMETRIC_REPRESENTATION_ITEM()
RATIONAL_B_SPLINE_CURVE((1.,1.00246471661814,1.))
REPRESENTATION_ITEM('')
);
#185=(
BOUNDED_CURVE()
B_SPLINE_CURVE(2,(#8109,#8110,#8111),.UNSPECIFIED.,.F.,.F.)
B_SPLINE_CURVE_WITH_KNOTS((3,3),(0.,0.25513023558755),.UNSPECIFIED.)
CURVE()
GEOMETRIC_REPRESENTATION_ITEM()
RATIONAL_B_SPLINE_CURVE((1.,1.00246472172029,1.))
REPRESENTATION_ITEM('')
);
#186=(
BOUNDED_CURVE()
B_SPLINE_CURVE(2,(#8113,#8114,#8115),.UNSPECIFIED.,.F.,.F.)
B_SPLINE_CURVE_WITH_KNOTS((3,3),(0.,0.25513023558755),.UNSPECIFIED.)
CURVE()
GEOMETRIC_REPRESENTATION_ITEM()
RATIONAL_B_SPLINE_CURVE((1.,1.00246472174519,1.))
REPRESENTATION_ITEM('')
);
#187=(
BOUNDED_CURVE()
B_SPLINE_CURVE(2,(#8116,#8117,#8118),.UNSPECIFIED.,.F.,.F.)
B_SPLINE_CURVE_WITH_KNOTS((3,3),(0.,0.255130101726191),.UNSPECIFIED.)
CURVE()
GEOMETRIC_REPRESENTATION_ITEM()
RATIONAL_B_SPLINE_CURVE((1.,1.00246471654334,1.))
REPRESENTATION_ITEM('')
);
#188=(
BOUNDED_CURVE()
B_SPLINE_CURVE(2,(#8120,#8121,#8122),.UNSPECIFIED.,.F.,.F.)
B_SPLINE_CURVE_WITH_KNOTS((3,3),(0.,0.255130101726191),.UNSPECIFIED.)
CURVE()
GEOMETRIC_REPRESENTATION_ITEM()
RATIONAL_B_SPLINE_CURVE((1.,1.00246471657022,1.))
REPRESENTATION_ITEM('')
);
#189=(
BOUNDED_CURVE()
B_SPLINE_CURVE(2,(#8123,#8124,#8125),.UNSPECIFIED.,.F.,.F.)
B_SPLINE_CURVE_WITH_KNOTS((3,3),(0.,0.25513023558755),.UNSPECIFIED.)
CURVE()
GEOMETRIC_REPRESENTATION_ITEM()
RATIONAL_B_SPLINE_CURVE((1.,1.00246472185367,1.))
REPRESENTATION_ITEM('')
);
#190=(
BOUNDED_CURVE()
B_SPLINE_CURVE(2,(#8127,#8128,#8129),.UNSPECIFIED.,.F.,.F.)
B_SPLINE_CURVE_WITH_KNOTS((3,3),(0.,0.25513023558755),.UNSPECIFIED.)
CURVE()
GEOMETRIC_REPRESENTATION_ITEM()
RATIONAL_B_SPLINE_CURVE((1.,1.00246472175803,1.))
REPRESENTATION_ITEM('')
);
#191=(
BOUNDED_CURVE()
B_SPLINE_CURVE(2,(#8130,#8131,#8132),.UNSPECIFIED.,.F.,.F.)
B_SPLINE_CURVE_WITH_KNOTS((3,3),(0.,0.25513010172619),.UNSPECIFIED.)
CURVE()
GEOMETRIC_REPRESENTATION_ITEM()
RATIONAL_B_SPLINE_CURVE((1.,1.00246471663462,1.))
REPRESENTATION_ITEM('')
);
#192=(
BOUNDED_CURVE()
B_SPLINE_CURVE(2,(#8134,#8135,#8136),.UNSPECIFIED.,.F.,.F.)
B_SPLINE_CURVE_WITH_KNOTS((3,3),(0.,0.255130101726191),.UNSPECIFIED.)
CURVE()
GEOMETRIC_REPRESENTATION_ITEM()
RATIONAL_B_SPLINE_CURVE((1.,1.00246471665103,1.))
REPRESENTATION_ITEM('')
);
#193=(
BOUNDED_CURVE()
B_SPLINE_CURVE(2,(#8137,#8138,#8139),.UNSPECIFIED.,.F.,.F.)
B_SPLINE_CURVE_WITH_KNOTS((3,3),(0.,0.25513023558755),.UNSPECIFIED.)
CURVE()
GEOMETRIC_REPRESENTATION_ITEM()
RATIONAL_B_SPLINE_CURVE((1.,1.00246472171398,1.))
REPRESENTATION_ITEM('')
);
#194=(
BOUNDED_CURVE()
B_SPLINE_CURVE(2,(#8141,#8142,#8143),.UNSPECIFIED.,.F.,.F.)
B_SPLINE_CURVE_WITH_KNOTS((3,3),(0.,0.25513023558755),.UNSPECIFIED.)
CURVE()
GEOMETRIC_REPRESENTATION_ITEM()
RATIONAL_B_SPLINE_CURVE((1.,1.00246472185788,1.))
REPRESENTATION_ITEM('')
);
#195=(
BOUNDED_CURVE()
B_SPLINE_CURVE(2,(#8144,#8145,#8146),.UNSPECIFIED.,.F.,.F.)
B_SPLINE_CURVE_WITH_KNOTS((3,3),(0.,0.255130101726191),.UNSPECIFIED.)
CURVE()
GEOMETRIC_REPRESENTATION_ITEM()
RATIONAL_B_SPLINE_CURVE((1.,1.00246471657731,1.))
REPRESENTATION_ITEM('')
);
#196=(
BOUNDED_CURVE()
B_SPLINE_CURVE(2,(#8148,#8149,#8150),.UNSPECIFIED.,.F.,.F.)
B_SPLINE_CURVE_WITH_KNOTS((3,3),(0.,0.255130101726191),.UNSPECIFIED.)
CURVE()
GEOMETRIC_REPRESENTATION_ITEM()
RATIONAL_B_SPLINE_CURVE((1.,1.00246471667043,1.))
REPRESENTATION_ITEM('')
);
#197=(
BOUNDED_CURVE()
B_SPLINE_CURVE(2,(#8151,#8152,#8153),.UNSPECIFIED.,.F.,.F.)
B_SPLINE_CURVE_WITH_KNOTS((3,3),(0.,0.25513023558755),.UNSPECIFIED.)
CURVE()
GEOMETRIC_REPRESENTATION_ITEM()
RATIONAL_B_SPLINE_CURVE((1.,1.00246472179509,1.))
REPRESENTATION_ITEM('')
);
#198=PLANE('',#3930);
#199=PLANE('',#3938);
#200=PLANE('',#3943);
#201=PLANE('',#3946);
#202=PLANE('',#3954);
#203=PLANE('',#3959);
#204=PLANE('',#3962);
#205=PLANE('',#3970);
#206=PLANE('',#3975);
#207=PLANE('',#3978);
#208=PLANE('',#3986);
#209=PLANE('',#3991);
#210=PLANE('',#3996);
#211=PLANE('',#4004);
#212=PLANE('',#4009);
#213=PLANE('',#4012);
#214=PLANE('',#4020);
#215=PLANE('',#4025);
#216=PLANE('',#4046);
#217=PLANE('',#4052);
#218=PLANE('',#4069);
#219=PLANE('',#4081);
#220=PLANE('',#4088);
#221=PLANE('',#4144);
#222=PLANE('',#4150);
#223=PLANE('',#4155);
#224=PLANE('',#4161);
#225=PLANE('',#4170);
#226=PLANE('',#4202);
#227=PLANE('',#4206);
#228=PLANE('',#4243);
#229=PLANE('',#4244);
#230=PLANE('',#4277);
#231=PLANE('',#4278);
#232=PLANE('',#4280);
#233=PLANE('',#4283);
#234=PLANE('',#4284);
#235=PLANE('',#4286);
#236=PLANE('',#4289);
#237=PLANE('',#4290);
#238=PLANE('',#4292);
#239=PLANE('',#4295);
#240=PLANE('',#4296);
#241=PLANE('',#4298);
#242=PLANE('',#4301);
#243=PLANE('',#4302);
#244=PLANE('',#4304);
#245=PLANE('',#4307);
#246=PLANE('',#4308);
#247=PLANE('',#4310);
#248=PLANE('',#4313);
#249=PLANE('',#4314);
#250=PLANE('',#4316);
#251=PLANE('',#4319);
#252=PLANE('',#4320);
#253=PLANE('',#4322);
#254=PLANE('',#4327);
#255=PLANE('',#4332);
#256=FACE_OUTER_BOUND('',#442,.T.);
#257=FACE_OUTER_BOUND('',#443,.T.);
#258=FACE_OUTER_BOUND('',#444,.T.);
#259=FACE_OUTER_BOUND('',#445,.T.);
#260=FACE_OUTER_BOUND('',#446,.T.);
#261=FACE_OUTER_BOUND('',#447,.T.);
#262=FACE_OUTER_BOUND('',#448,.T.);
#263=FACE_OUTER_BOUND('',#449,.T.);
#264=FACE_OUTER_BOUND('',#450,.T.);
#265=FACE_OUTER_BOUND('',#451,.T.);
#266=FACE_OUTER_BOUND('',#452,.T.);
#267=FACE_OUTER_BOUND('',#453,.T.);
#268=FACE_OUTER_BOUND('',#454,.T.);
#269=FACE_OUTER_BOUND('',#455,.T.);
#270=FACE_OUTER_BOUND('',#456,.T.);
#271=FACE_OUTER_BOUND('',#457,.T.);
#272=FACE_OUTER_BOUND('',#458,.T.);
#273=FACE_OUTER_BOUND('',#459,.T.);
#274=FACE_OUTER_BOUND('',#460,.T.);
#275=FACE_OUTER_BOUND('',#461,.T.);
#276=FACE_OUTER_BOUND('',#462,.T.);
#277=FACE_OUTER_BOUND('',#463,.T.);
#278=FACE_OUTER_BOUND('',#464,.T.);
#279=FACE_OUTER_BOUND('',#465,.T.);
#280=FACE_OUTER_BOUND('',#466,.T.);
#281=FACE_OUTER_BOUND('',#467,.T.);
#282=FACE_OUTER_BOUND('',#468,.T.);
#283=FACE_OUTER_BOUND('',#469,.T.);
#284=FACE_OUTER_BOUND('',#470,.T.);
#285=FACE_OUTER_BOUND('',#471,.T.);
#286=FACE_OUTER_BOUND('',#472,.T.);
#287=FACE_OUTER_BOUND('',#473,.T.);
#288=FACE_OUTER_BOUND('',#474,.T.);
#289=FACE_OUTER_BOUND('',#475,.T.);
#290=FACE_OUTER_BOUND('',#476,.T.);
#291=FACE_OUTER_BOUND('',#477,.T.);
#292=FACE_OUTER_BOUND('',#478,.T.);
#293=FACE_OUTER_BOUND('',#479,.T.);
#294=FACE_OUTER_BOUND('',#480,.T.);
#295=FACE_OUTER_BOUND('',#481,.T.);
#296=FACE_OUTER_BOUND('',#482,.T.);
#297=FACE_OUTER_BOUND('',#483,.T.);
#298=FACE_OUTER_BOUND('',#484,.T.);
#299=FACE_OUTER_BOUND('',#485,.T.);
#300=FACE_OUTER_BOUND('',#486,.T.);
#301=FACE_OUTER_BOUND('',#487,.T.);
#302=FACE_OUTER_BOUND('',#488,.T.);
#303=FACE_OUTER_BOUND('',#489,.T.);
#304=FACE_OUTER_BOUND('',#490,.T.);
#305=FACE_OUTER_BOUND('',#491,.T.);
#306=FACE_OUTER_BOUND('',#492,.T.);
#307=FACE_OUTER_BOUND('',#493,.T.);
#308=FACE_OUTER_BOUND('',#494,.T.);
#309=FACE_OUTER_BOUND('',#495,.T.);
#310=FACE_OUTER_BOUND('',#496,.T.);
#311=FACE_OUTER_BOUND('',#497,.T.);
#312=FACE_OUTER_BOUND('',#498,.T.);
#313=FACE_OUTER_BOUND('',#499,.T.);
#314=FACE_OUTER_BOUND('',#500,.T.);
#315=FACE_OUTER_BOUND('',#510,.T.);
#316=FACE_OUTER_BOUND('',#520,.T.);
#317=FACE_OUTER_BOUND('',#521,.T.);
#318=FACE_OUTER_BOUND('',#522,.T.);
#319=FACE_OUTER_BOUND('',#524,.T.);
#320=FACE_OUTER_BOUND('',#525,.T.);
#321=FACE_OUTER_BOUND('',#526,.T.);
#322=FACE_OUTER_BOUND('',#527,.T.);
#323=FACE_OUTER_BOUND('',#528,.T.);
#324=FACE_OUTER_BOUND('',#529,.T.);
#325=FACE_OUTER_BOUND('',#530,.T.);
#326=FACE_OUTER_BOUND('',#532,.T.);
#327=FACE_OUTER_BOUND('',#533,.T.);
#328=FACE_OUTER_BOUND('',#534,.T.);
#329=FACE_OUTER_BOUND('',#536,.T.);
#330=FACE_OUTER_BOUND('',#537,.T.);
#331=FACE_OUTER_BOUND('',#538,.T.);
#332=FACE_OUTER_BOUND('',#539,.T.);
#333=FACE_OUTER_BOUND('',#540,.T.);
#334=FACE_OUTER_BOUND('',#541,.T.);
#335=FACE_OUTER_BOUND('',#542,.T.);
#336=FACE_OUTER_BOUND('',#543,.T.);
#337=FACE_OUTER_BOUND('',#544,.T.);
#338=FACE_OUTER_BOUND('',#545,.T.);
#339=FACE_OUTER_BOUND('',#546,.T.);
#340=FACE_OUTER_BOUND('',#547,.T.);
#341=FACE_OUTER_BOUND('',#548,.T.);
#342=FACE_OUTER_BOUND('',#549,.T.);
#343=FACE_OUTER_BOUND('',#550,.T.);
#344=FACE_OUTER_BOUND('',#551,.T.);
#345=FACE_OUTER_BOUND('',#552,.T.);
#346=FACE_OUTER_BOUND('',#553,.T.);
#347=FACE_OUTER_BOUND('',#554,.T.);
#348=FACE_OUTER_BOUND('',#555,.T.);
#349=FACE_OUTER_BOUND('',#556,.T.);
#350=FACE_OUTER_BOUND('',#557,.T.);
#351=FACE_OUTER_BOUND('',#558,.T.);
#352=FACE_OUTER_BOUND('',#559,.T.);
#353=FACE_OUTER_BOUND('',#560,.T.);
#354=FACE_OUTER_BOUND('',#562,.T.);
#355=FACE_OUTER_BOUND('',#563,.T.);
#356=FACE_OUTER_BOUND('',#565,.T.);
#357=FACE_OUTER_BOUND('',#566,.T.);
#358=FACE_OUTER_BOUND('',#567,.T.);
#359=FACE_OUTER_BOUND('',#569,.T.);
#360=FACE_OUTER_BOUND('',#570,.T.);
#361=FACE_OUTER_BOUND('',#571,.T.);
#362=FACE_OUTER_BOUND('',#573,.T.);
#363=FACE_OUTER_BOUND('',#574,.T.);
#364=FACE_OUTER_BOUND('',#575,.T.);
#365=FACE_OUTER_BOUND('',#577,.T.);
#366=FACE_OUTER_BOUND('',#578,.T.);
#367=FACE_OUTER_BOUND('',#579,.T.);
#368=FACE_OUTER_BOUND('',#580,.T.);
#369=FACE_OUTER_BOUND('',#581,.T.);
#370=FACE_OUTER_BOUND('',#582,.T.);
#371=FACE_OUTER_BOUND('',#583,.T.);
#372=FACE_OUTER_BOUND('',#584,.T.);
#373=FACE_OUTER_BOUND('',#585,.T.);
#374=FACE_OUTER_BOUND('',#586,.T.);
#375=FACE_OUTER_BOUND('',#587,.T.);
#376=FACE_OUTER_BOUND('',#588,.T.);
#377=FACE_OUTER_BOUND('',#589,.T.);
#378=FACE_OUTER_BOUND('',#590,.T.);
#379=FACE_OUTER_BOUND('',#591,.T.);
#380=FACE_OUTER_BOUND('',#592,.T.);
#381=FACE_OUTER_BOUND('',#593,.T.);
#382=FACE_OUTER_BOUND('',#594,.T.);
#383=FACE_OUTER_BOUND('',#595,.T.);
#384=FACE_OUTER_BOUND('',#596,.T.);
#385=FACE_OUTER_BOUND('',#597,.T.);
#386=FACE_OUTER_BOUND('',#598,.T.);
#387=FACE_OUTER_BOUND('',#599,.T.);
#388=FACE_OUTER_BOUND('',#600,.T.);
#389=FACE_OUTER_BOUND('',#601,.T.);
#390=FACE_OUTER_BOUND('',#602,.T.);
#391=FACE_OUTER_BOUND('',#603,.T.);
#392=FACE_OUTER_BOUND('',#604,.T.);
#393=FACE_OUTER_BOUND('',#605,.T.);
#394=FACE_OUTER_BOUND('',#606,.T.);
#395=FACE_OUTER_BOUND('',#607,.T.);
#396=FACE_OUTER_BOUND('',#608,.T.);
#397=FACE_OUTER_BOUND('',#609,.T.);
#398=FACE_OUTER_BOUND('',#610,.T.);
#399=FACE_OUTER_BOUND('',#611,.T.);
#400=FACE_OUTER_BOUND('',#612,.T.);
#401=FACE_OUTER_BOUND('',#613,.T.);
#402=FACE_OUTER_BOUND('',#614,.T.);
#403=FACE_OUTER_BOUND('',#615,.T.);
#404=FACE_OUTER_BOUND('',#616,.T.);
#405=FACE_OUTER_BOUND('',#617,.T.);
#406=FACE_OUTER_BOUND('',#618,.T.);
#407=FACE_OUTER_BOUND('',#619,.T.);
#408=FACE_OUTER_BOUND('',#620,.T.);
#409=FACE_OUTER_BOUND('',#621,.T.);
#410=FACE_OUTER_BOUND('',#622,.T.);
#411=FACE_OUTER_BOUND('',#623,.T.);
#412=FACE_OUTER_BOUND('',#624,.T.);
#413=FACE_OUTER_BOUND('',#625,.T.);
#414=FACE_OUTER_BOUND('',#626,.T.);
#415=FACE_OUTER_BOUND('',#627,.T.);
#416=FACE_OUTER_BOUND('',#628,.T.);
#417=FACE_OUTER_BOUND('',#629,.T.);
#418=FACE_OUTER_BOUND('',#630,.T.);
#419=FACE_OUTER_BOUND('',#631,.T.);
#420=FACE_OUTER_BOUND('',#632,.T.);
#421=FACE_OUTER_BOUND('',#633,.T.);
#422=FACE_OUTER_BOUND('',#634,.T.);
#423=FACE_OUTER_BOUND('',#635,.T.);
#424=FACE_OUTER_BOUND('',#636,.T.);
#425=FACE_OUTER_BOUND('',#637,.T.);
#426=FACE_OUTER_BOUND('',#638,.T.);
#427=FACE_OUTER_BOUND('',#639,.T.);
#428=FACE_OUTER_BOUND('',#640,.T.);
#429=FACE_OUTER_BOUND('',#641,.T.);
#430=FACE_OUTER_BOUND('',#642,.T.);
#431=FACE_OUTER_BOUND('',#643,.T.);
#432=FACE_OUTER_BOUND('',#644,.T.);
#433=FACE_OUTER_BOUND('',#645,.T.);
#434=FACE_OUTER_BOUND('',#646,.T.);
#435=FACE_OUTER_BOUND('',#647,.T.);
#436=FACE_OUTER_BOUND('',#648,.T.);
#437=FACE_OUTER_BOUND('',#649,.T.);
#438=FACE_OUTER_BOUND('',#651,.T.);
#439=FACE_OUTER_BOUND('',#652,.T.);
#440=FACE_OUTER_BOUND('',#654,.T.);
#441=FACE_OUTER_BOUND('',#655,.T.);
#442=EDGE_LOOP('',(#2373,#2374,#2375,#2376));
#443=EDGE_LOOP('',(#2377,#2378,#2379,#2380));
#444=EDGE_LOOP('',(#2381,#2382,#2383,#2384));
#445=EDGE_LOOP('',(#2385,#2386,#2387,#2388));
#446=EDGE_LOOP('',(#2389,#2390,#2391,#2392));
#447=EDGE_LOOP('',(#2393,#2394,#2395,#2396));
#448=EDGE_LOOP('',(#2397,#2398,#2399,#2400));
#449=EDGE_LOOP('',(#2401,#2402,#2403,#2404));
#450=EDGE_LOOP('',(#2405,#2406,#2407,#2408));
#451=EDGE_LOOP('',(#2409,#2410,#2411,#2412));
#452=EDGE_LOOP('',(#2413,#2414,#2415,#2416));
#453=EDGE_LOOP('',(#2417,#2418,#2419,#2420));
#454=EDGE_LOOP('',(#2421,#2422,#2423,#2424));
#455=EDGE_LOOP('',(#2425,#2426,#2427,#2428));
#456=EDGE_LOOP('',(#2429,#2430,#2431,#2432));
#457=EDGE_LOOP('',(#2433,#2434,#2435,#2436));
#458=EDGE_LOOP('',(#2437,#2438,#2439,#2440));
#459=EDGE_LOOP('',(#2441,#2442,#2443,#2444));
#460=EDGE_LOOP('',(#2445,#2446,#2447,#2448,#2449,#2450,#2451));
#461=EDGE_LOOP('',(#2452,#2453,#2454,#2455));
#462=EDGE_LOOP('',(#2456,#2457,#2458,#2459,#2460,#2461,#2462));
#463=EDGE_LOOP('',(#2463,#2464,#2465,#2466,#2467,#2468));
#464=EDGE_LOOP('',(#2469,#2470,#2471,#2472));
#465=EDGE_LOOP('',(#2473,#2474,#2475,#2476));
#466=EDGE_LOOP('',(#2477,#2478,#2479,#2480,#2481,#2482,#2483));
#467=EDGE_LOOP('',(#2484,#2485,#2486,#2487));
#468=EDGE_LOOP('',(#2488,#2489,#2490,#2491,#2492,#2493,#2494));
#469=EDGE_LOOP('',(#2495,#2496,#2497,#2498,#2499,#2500));
#470=EDGE_LOOP('',(#2501,#2502,#2503,#2504));
#471=EDGE_LOOP('',(#2505,#2506,#2507,#2508));
#472=EDGE_LOOP('',(#2509,#2510,#2511,#2512,#2513,#2514,#2515));
#473=EDGE_LOOP('',(#2516,#2517,#2518,#2519));
#474=EDGE_LOOP('',(#2520,#2521,#2522,#2523,#2524,#2525,#2526));
#475=EDGE_LOOP('',(#2527,#2528,#2529,#2530,#2531,#2532));
#476=EDGE_LOOP('',(#2533,#2534,#2535,#2536));
#477=EDGE_LOOP('',(#2537,#2538,#2539,#2540));
#478=EDGE_LOOP('',(#2541,#2542,#2543,#2544,#2545,#2546,#2547));
#479=EDGE_LOOP('',(#2548,#2549,#2550,#2551));
#480=EDGE_LOOP('',(#2552,#2553,#2554,#2555,#2556,#2557,#2558));
#481=EDGE_LOOP('',(#2559,#2560,#2561,#2562,#2563,#2564,#2565,#2566));
#482=EDGE_LOOP('',(#2567,#2568,#2569,#2570));
#483=EDGE_LOOP('',(#2571,#2572,#2573,#2574));
#484=EDGE_LOOP('',(#2575,#2576,#2577,#2578,#2579,#2580,#2581));
#485=EDGE_LOOP('',(#2582,#2583,#2584,#2585));
#486=EDGE_LOOP('',(#2586,#2587,#2588,#2589,#2590,#2591,#2592));
#487=EDGE_LOOP('',(#2593,#2594,#2595,#2596,#2597,#2598));
#488=EDGE_LOOP('',(#2599,#2600,#2601,#2602));
#489=EDGE_LOOP('',(#2603,#2604,#2605,#2606));
#490=EDGE_LOOP('',(#2607,#2608,#2609,#2610,#2611,#2612,#2613));
#491=EDGE_LOOP('',(#2614,#2615,#2616,#2617));
#492=EDGE_LOOP('',(#2618,#2619,#2620,#2621,#2622,#2623,#2624));
#493=EDGE_LOOP('',(#2625,#2626,#2627,#2628,#2629,#2630));
#494=EDGE_LOOP('',(#2631,#2632,#2633,#2634,#2635,#2636));
#495=EDGE_LOOP('',(#2637,#2638,#2639,#2640,#2641,#2642));
#496=EDGE_LOOP('',(#2643,#2644,#2645,#2646,#2647,#2648));
#497=EDGE_LOOP('',(#2649,#2650,#2651,#2652,#2653,#2654));
#498=EDGE_LOOP('',(#2655,#2656,#2657,#2658,#2659,#2660));
#499=EDGE_LOOP('',(#2661,#2662,#2663,#2664,#2665,#2666));
#500=EDGE_LOOP('',(#2667,#2668,#2669,#2670,#2671,#2672,#2673,#2674,#2675,
#2676,#2677,#2678,#2679,#2680,#2681,#2682,#2683,#2684,#2685,#2686,#2687,
#2688,#2689,#2690));
#501=EDGE_LOOP('',(#2691,#2692,#2693,#2694));
#502=EDGE_LOOP('',(#2695,#2696,#2697,#2698));
#503=EDGE_LOOP('',(#2699,#2700,#2701,#2702));
#504=EDGE_LOOP('',(#2703,#2704,#2705,#2706));
#505=EDGE_LOOP('',(#2707));
#506=EDGE_LOOP('',(#2708));
#507=EDGE_LOOP('',(#2709));
#508=EDGE_LOOP('',(#2710));
#509=EDGE_LOOP('',(#2711));
#510=EDGE_LOOP('',(#2712,#2713,#2714,#2715,#2716,#2717,#2718,#2719,#2720,
#2721,#2722,#2723,#2724,#2725,#2726,#2727,#2728,#2729,#2730,#2731,#2732,
#2733,#2734,#2735));
#511=EDGE_LOOP('',(#2736,#2737,#2738,#2739));
#512=EDGE_LOOP('',(#2740,#2741,#2742,#2743));
#513=EDGE_LOOP('',(#2744,#2745,#2746,#2747));
#514=EDGE_LOOP('',(#2748,#2749,#2750,#2751));
#515=EDGE_LOOP('',(#2752,#2753));
#516=EDGE_LOOP('',(#2754));
#517=EDGE_LOOP('',(#2755));
#518=EDGE_LOOP('',(#2756));
#519=EDGE_LOOP('',(#2757));
#520=EDGE_LOOP('',(#2758,#2759,#2760,#2761));
#521=EDGE_LOOP('',(#2762,#2763,#2764,#2765));
#522=EDGE_LOOP('',(#2766));
#523=EDGE_LOOP('',(#2767));
#524=EDGE_LOOP('',(#2768,#2769,#2770,#2771));
#525=EDGE_LOOP('',(#2772,#2773,#2774,#2775));
#526=EDGE_LOOP('',(#2776,#2777,#2778,#2779));
#527=EDGE_LOOP('',(#2780,#2781,#2782,#2783));
#528=EDGE_LOOP('',(#2784,#2785,#2786,#2787,#2788,#2789,#2790,#2791,#2792,
#2793,#2794,#2795,#2796,#2797,#2798,#2799,#2800,#2801,#2802,#2803,#2804,
#2805,#2806,#2807,#2808,#2809,#2810,#2811,#2812));
#529=EDGE_LOOP('',(#2813,#2814,#2815,#2816,#2817,#2818,#2819,#2820,#2821,
#2822,#2823,#2824,#2825,#2826,#2827,#2828,#2829,#2830,#2831,#2832,#2833,
#2834,#2835,#2836,#2837,#2838,#2839,#2840,#2841));
#530=EDGE_LOOP('',(#2842,#2843));
#531=EDGE_LOOP('',(#2844,#2845));
#532=EDGE_LOOP('',(#2846,#2847,#2848,#2849,#2850));
#533=EDGE_LOOP('',(#2851,#2852,#2853,#2854,#2855,#2856));
#534=EDGE_LOOP('',(#2857,#2858));
#535=EDGE_LOOP('',(#2859,#2860));
#536=EDGE_LOOP('',(#2861,#2862,#2863,#2864,#2865,#2866));
#537=EDGE_LOOP('',(#2867,#2868,#2869,#2870,#2871,#2872));
#538=EDGE_LOOP('',(#2873,#2874,#2875,#2876,#2877,#2878));
#539=EDGE_LOOP('',(#2879,#2880,#2881));
#540=EDGE_LOOP('',(#2882,#2883,#2884,#2885));
#541=EDGE_LOOP('',(#2886,#2887,#2888,#2889));
#542=EDGE_LOOP('',(#2890,#2891,#2892,#2893));
#543=EDGE_LOOP('',(#2894,#2895,#2896,#2897));
#544=EDGE_LOOP('',(#2898,#2899,#2900,#2901));
#545=EDGE_LOOP('',(#2902,#2903,#2904));
#546=EDGE_LOOP('',(#2905,#2906,#2907,#2908));
#547=EDGE_LOOP('',(#2909,#2910,#2911,#2912));
#548=EDGE_LOOP('',(#2913,#2914,#2915,#2916,#2917));
#549=EDGE_LOOP('',(#2918,#2919,#2920,#2921));
#550=EDGE_LOOP('',(#2922,#2923,#2924,#2925));
#551=EDGE_LOOP('',(#2926,#2927,#2928,#2929));
#552=EDGE_LOOP('',(#2930,#2931,#2932,#2933));
#553=EDGE_LOOP('',(#2934,#2935,#2936,#2937));
#554=EDGE_LOOP('',(#2938,#2939,#2940,#2941));
#555=EDGE_LOOP('',(#2942,#2943,#2944,#2945));
#556=EDGE_LOOP('',(#2946,#2947,#2948,#2949));
#557=EDGE_LOOP('',(#2950,#2951,#2952,#2953,#2954,#2955,#2956,#2957));
#558=EDGE_LOOP('',(#2958,#2959,#2960,#2961));
#559=EDGE_LOOP('',(#2962,#2963,#2964,#2965,#2966,#2967,#2968,#2969,#2970,
#2971,#2972,#2973,#2974,#2975,#2976,#2977,#2978,#2979,#2980,#2981,#2982,
#2983,#2984,#2985,#2986,#2987,#2988,#2989,#2990,#2991,#2992,#2993,#2994,
#2995,#2996,#2997));
#560=EDGE_LOOP('',(#2998));
#561=EDGE_LOOP('',(#2999));
#562=EDGE_LOOP('',(#3000,#3001,#3002,#3003,#3004,#3005,#3006));
#563=EDGE_LOOP('',(#3007,#3008));
#564=EDGE_LOOP('',(#3009,#3010));
#565=EDGE_LOOP('',(#3011,#3012));
#566=EDGE_LOOP('',(#3013,#3014,#3015,#3016,#3017,#3018));
#567=EDGE_LOOP('',(#3019,#3020));
#568=EDGE_LOOP('',(#3021,#3022));
#569=EDGE_LOOP('',(#3023,#3024,#3025,#3026,#3027,#3028));
#570=EDGE_LOOP('',(#3029,#3030,#3031,#3032,#3033,#3034));
#571=EDGE_LOOP('',(#3035,#3036,#3037,#3038,#3039,#3040,#3041,#3042,#3043,
#3044,#3045,#3046,#3047,#3048,#3049,#3050,#3051,#3052,#3053,#3054,#3055,
#3056,#3057,#3058,#3059,#3060,#3061,#3062,#3063,#3064,#3065,#3066));
#572=EDGE_LOOP('',(#3067,#3068));
#573=EDGE_LOOP('',(#3069));
#574=EDGE_LOOP('',(#3070,#3071,#3072,#3073,#3074));
#575=EDGE_LOOP('',(#3075,#3076,#3077,#3078,#3079,#3080,#3081,#3082,#3083,
#3084,#3085,#3086,#3087,#3088,#3089,#3090,#3091,#3092,#3093,#3094,#3095,
#3096,#3097,#3098,#3099,#3100,#3101,#3102,#3103,#3104,#3105,#3106,#3107,
#3108,#3109,#3110,#3111,#3112,#3113,#3114,#3115,#3116,#3117,#3118,#3119,
#3120,#3121,#3122));
#576=EDGE_LOOP('',(#3123));
#577=EDGE_LOOP('',(#3124,#3125,#3126,#3127));
#578=EDGE_LOOP('',(#3128,#3129,#3130,#3131));
#579=EDGE_LOOP('',(#3132,#3133,#3134,#3135,#3136,#3137,#3138,#3139,#3140,
#3141,#3142,#3143,#3144,#3145,#3146,#3147,#3148,#3149,#3150,#3151,#3152));
#580=EDGE_LOOP('',(#3153,#3154,#3155));
#581=EDGE_LOOP('',(#3156,#3157,#3158,#3159,#3160));
#582=EDGE_LOOP('',(#3161,#3162,#3163,#3164,#3165,#3166,#3167,#3168,#3169,
#3170,#3171,#3172,#3173,#3174,#3175,#3176,#3177,#3178,#3179,#3180,#3181,
#3182));
#583=EDGE_LOOP('',(#3183,#3184,#3185,#3186,#3187));
#584=EDGE_LOOP('',(#3188,#3189,#3190,#3191,#3192,#3193));
#585=EDGE_LOOP('',(#3194,#3195,#3196,#3197,#3198,#3199));
#586=EDGE_LOOP('',(#3200,#3201,#3202,#3203,#3204,#3205));
#587=EDGE_LOOP('',(#3206,#3207,#3208,#3209,#3210,#3211));
#588=EDGE_LOOP('',(#3212,#3213,#3214,#3215,#3216,#3217));
#589=EDGE_LOOP('',(#3218,#3219,#3220,#3221,#3222,#3223));
#590=EDGE_LOOP('',(#3224,#3225,#3226,#3227,#3228,#3229));
#591=EDGE_LOOP('',(#3230,#3231,#3232,#3233,#3234,#3235,#3236,#3237,#3238,
#3239,#3240,#3241,#3242,#3243,#3244,#3245,#3246,#3247,#3248,#3249,#3250,
#3251,#3252,#3253,#3254,#3255,#3256,#3257,#3258,#3259,#3260,#3261,#3262,
#3263,#3264,#3265,#3266));
#592=EDGE_LOOP('',(#3267,#3268,#3269,#3270,#3271));
#593=EDGE_LOOP('',(#3272,#3273,#3274,#3275));
#594=EDGE_LOOP('',(#3276,#3277,#3278,#3279));
#595=EDGE_LOOP('',(#3280,#3281,#3282,#3283));
#596=EDGE_LOOP('',(#3284,#3285,#3286,#3287));
#597=EDGE_LOOP('',(#3288,#3289,#3290,#3291));
#598=EDGE_LOOP('',(#3292,#3293,#3294,#3295));
#599=EDGE_LOOP('',(#3296,#3297,#3298,#3299,#3300));
#600=EDGE_LOOP('',(#3301,#3302,#3303,#3304));
#601=EDGE_LOOP('',(#3305,#3306,#3307,#3308,#3309,#3310,#3311));
#602=EDGE_LOOP('',(#3312,#3313,#3314,#3315,#3316,#3317,#3318));
#603=EDGE_LOOP('',(#3319,#3320,#3321,#3322,#3323));
#604=EDGE_LOOP('',(#3324,#3325,#3326,#3327));
#605=EDGE_LOOP('',(#3328,#3329,#3330,#3331,#3332));
#606=EDGE_LOOP('',(#3333,#3334,#3335,#3336));
#607=EDGE_LOOP('',(#3337,#3338,#3339,#3340,#3341,#3342,#3343));
#608=EDGE_LOOP('',(#3344,#3345,#3346,#3347,#3348,#3349,#3350));
#609=EDGE_LOOP('',(#3351,#3352,#3353,#3354,#3355));
#610=EDGE_LOOP('',(#3356,#3357,#3358,#3359));
#611=EDGE_LOOP('',(#3360,#3361,#3362,#3363,#3364));
#612=EDGE_LOOP('',(#3365,#3366,#3367,#3368));
#613=EDGE_LOOP('',(#3369,#3370,#3371,#3372,#3373,#3374,#3375));
#614=EDGE_LOOP('',(#3376,#3377,#3378,#3379,#3380,#3381,#3382));
#615=EDGE_LOOP('',(#3383,#3384,#3385,#3386,#3387));
#616=EDGE_LOOP('',(#3388,#3389,#3390,#3391));
#617=EDGE_LOOP('',(#3392,#3393,#3394,#3395,#3396));
#618=EDGE_LOOP('',(#3397,#3398,#3399,#3400));
#619=EDGE_LOOP('',(#3401,#3402,#3403,#3404,#3405,#3406,#3407));
#620=EDGE_LOOP('',(#3408,#3409,#3410,#3411,#3412,#3413,#3414));
#621=EDGE_LOOP('',(#3415,#3416,#3417,#3418,#3419));
#622=EDGE_LOOP('',(#3420,#3421,#3422,#3423));
#623=EDGE_LOOP('',(#3424,#3425,#3426,#3427,#3428));
#624=EDGE_LOOP('',(#3429,#3430,#3431,#3432));
#625=EDGE_LOOP('',(#3433,#3434,#3435,#3436,#3437,#3438,#3439));
#626=EDGE_LOOP('',(#3440,#3441,#3442,#3443,#3444,#3445,#3446));
#627=EDGE_LOOP('',(#3447,#3448,#3449,#3450,#3451));
#628=EDGE_LOOP('',(#3452,#3453,#3454,#3455));
#629=EDGE_LOOP('',(#3456,#3457,#3458,#3459,#3460));
#630=EDGE_LOOP('',(#3461,#3462,#3463,#3464));
#631=EDGE_LOOP('',(#3465,#3466,#3467,#3468,#3469,#3470,#3471));
#632=EDGE_LOOP('',(#3472,#3473,#3474,#3475,#3476,#3477,#3478));
#633=EDGE_LOOP('',(#3479,#3480,#3481,#3482,#3483));
#634=EDGE_LOOP('',(#3484,#3485,#3486,#3487));
#635=EDGE_LOOP('',(#3488,#3489,#3490,#3491,#3492));
#636=EDGE_LOOP('',(#3493,#3494,#3495,#3496));
#637=EDGE_LOOP('',(#3497,#3498,#3499,#3500,#3501,#3502,#3503));
#638=EDGE_LOOP('',(#3504,#3505,#3506,#3507,#3508,#3509,#3510));
#639=EDGE_LOOP('',(#3511,#3512,#3513,#3514,#3515));
#640=EDGE_LOOP('',(#3516,#3517,#3518,#3519));
#641=EDGE_LOOP('',(#3520,#3521,#3522,#3523,#3524));
#642=EDGE_LOOP('',(#3525,#3526,#3527,#3528));
#643=EDGE_LOOP('',(#3529,#3530,#3531,#3532,#3533,#3534,#3535));
#644=EDGE_LOOP('',(#3536,#3537,#3538,#3539,#3540,#3541,#3542));
#645=EDGE_LOOP('',(#3543,#3544,#3545,#3546,#3547));
#646=EDGE_LOOP('',(#3548,#3549,#3550,#3551));
#647=EDGE_LOOP('',(#3552,#3553,#3554,#3555,#3556));
#648=EDGE_LOOP('',(#3557,#3558,#3559,#3560));
#649=EDGE_LOOP('',(#3561));
#650=EDGE_LOOP('',(#3562));
#651=EDGE_LOOP('',(#3563,#3564,#3565,#3566,#3567));
#652=EDGE_LOOP('',(#3568,#3569));
#653=EDGE_LOOP('',(#3570,#3571));
#654=EDGE_LOOP('',(#3572,#3573,#3574,#3575,#3576,#3577));
#655=EDGE_LOOP('',(#3578,#3579,#3580,#3581,#3582));
#656=LINE('',#5484,#873);
#657=LINE('',#5487,#874);
#658=LINE('',#5493,#875);
#659=LINE('',#5499,#876);
#660=LINE('',#5508,#877);
#661=LINE('',#5511,#878);
#662=LINE('',#5517,#879);
#663=LINE('',#5523,#880);
#664=LINE('',#5532,#881);
#665=LINE('',#5535,#882);
#666=LINE('',#5541,#883);
#667=LINE('',#5547,#884);
#668=LINE('',#5556,#885);
#669=LINE('',#5559,#886);
#670=LINE('',#5565,#887);
#671=LINE('',#5571,#888);
#672=LINE('',#5578,#889);
#673=LINE('',#5580,#890);
#674=LINE('',#5582,#891);
#675=LINE('',#5591,#892);
#676=LINE('',#5594,#893);
#677=LINE('',#5608,#894);
#678=LINE('',#5614,#895);
#679=LINE('',#5620,#896);
#680=LINE('',#5621,#897);
#681=LINE('',#5637,#898);
#682=LINE('',#5645,#899);
#683=LINE('',#5647,#900);
#684=LINE('',#5649,#901);
#685=LINE('',#5658,#902);
#686=LINE('',#5661,#903);
#687=LINE('',#5675,#904);
#688=LINE('',#5681,#905);
#689=LINE('',#5687,#906);
#690=LINE('',#5688,#907);
#691=LINE('',#5704,#908);
#692=LINE('',#5712,#909);
#693=LINE('',#5714,#910);
#694=LINE('',#5716,#911);
#695=LINE('',#5725,#912);
#696=LINE('',#5728,#913);
#697=LINE('',#5742,#914);
#698=LINE('',#5748,#915);
#699=LINE('',#5754,#916);
#700=LINE('',#5755,#917);
#701=LINE('',#5771,#918);
#702=LINE('',#5779,#919);
#703=LINE('',#5781,#920);
#704=LINE('',#5783,#921);
#705=LINE('',#5792,#922);
#706=LINE('',#5795,#923);
#707=LINE('',#5809,#924);
#708=LINE('',#5815,#925);
#709=LINE('',#5821,#926);
#710=LINE('',#5822,#927);
#711=LINE('',#5838,#928);
#712=LINE('',#5850,#929);
#713=LINE('',#5852,#930);
#714=LINE('',#5854,#931);
#715=LINE('',#5863,#932);
#716=LINE('',#5866,#933);
#717=LINE('',#5880,#934);
#718=LINE('',#5886,#935);
#719=LINE('',#5892,#936);
#720=LINE('',#5893,#937);
#721=LINE('',#5909,#938);
#722=LINE('',#5917,#939);
#723=LINE('',#5919,#940);
#724=LINE('',#5921,#941);
#725=LINE('',#5930,#942);
#726=LINE('',#5933,#943);
#727=LINE('',#5947,#944);
#728=LINE('',#5953,#945);
#729=LINE('',#5959,#946);
#730=LINE('',#5960,#947);
#731=LINE('',#5976,#948);
#732=LINE('',#6031,#949);
#733=LINE('',#6035,#950);
#734=LINE('',#6041,#951);
#735=LINE('',#6043,#952);
#736=LINE('',#6045,#953);
#737=LINE('',#6047,#954);
#738=LINE('',#6050,#955);
#739=LINE('',#6056,#956);
#740=LINE('',#6063,#957);
#741=LINE('',#6069,#958);
#742=LINE('',#6083,#959);
#743=LINE('',#6089,#960);
#744=LINE('',#6091,#961);
#745=LINE('',#6095,#962);
#746=LINE('',#6097,#963);
#747=LINE('',#6111,#964);
#748=LINE('',#6135,#965);
#749=LINE('',#6160,#966);
#750=LINE('',#6185,#967);
#751=LINE('',#6209,#968);
#752=LINE('',#6245,#969);
#753=LINE('',#6270,#970);
#754=LINE('',#6295,#971);
#755=LINE('',#6320,#972);
#756=LINE('',#6350,#973);
#757=LINE('',#6398,#974);
#758=LINE('',#6452,#975);
#759=LINE('',#6500,#976);
#760=LINE('',#6548,#977);
#761=LINE('',#6602,#978);
#762=LINE('',#6650,#979);
#763=LINE('',#6705,#980);
#764=LINE('',#6717,#981);
#765=LINE('',#6734,#982);
#766=LINE('',#6738,#983);
#767=LINE('',#6742,#984);
#768=LINE('',#6746,#985);
#769=LINE('',#6750,#986);
#770=LINE('',#6754,#987);
#771=LINE('',#6758,#988);
#772=LINE('',#6762,#989);
#773=LINE('',#6766,#990);
#774=LINE('',#6770,#991);
#775=LINE('',#6774,#992);
#776=LINE('',#6778,#993);
#777=LINE('',#6782,#994);
#778=LINE('',#6786,#995);
#779=LINE('',#6790,#996);
#780=LINE('',#6794,#997);
#781=LINE('',#6798,#998);
#782=LINE('',#6802,#999);
#783=LINE('',#6850,#1000);
#784=LINE('',#6859,#1001);
#785=LINE('',#6865,#1002);
#786=LINE('',#6936,#1003);
#787=LINE('',#6940,#1004);
#788=LINE('',#6944,#1005);
#789=LINE('',#6952,#1006);
#790=LINE('',#6956,#1007);
#791=LINE('',#6964,#1008);
#792=LINE('',#6968,#1009);
#793=LINE('',#6976,#1010);
#794=LINE('',#6980,#1011);
#795=LINE('',#6988,#1012);
#796=LINE('',#6992,#1013);
#797=LINE('',#7000,#1014);
#798=LINE('',#7004,#1015);
#799=LINE('',#7012,#1016);
#800=LINE('',#7016,#1017);
#801=LINE('',#7024,#1018);
#802=LINE('',#7028,#1019);
#803=LINE('',#8064,#1020);
#804=LINE('',#8066,#1021);
#805=LINE('',#8069,#1022);
#806=LINE('',#8071,#1023);
#807=LINE('',#8074,#1024);
#808=LINE('',#8076,#1025);
#809=LINE('',#8079,#1026);
#810=LINE('',#8081,#1027);
#811=LINE('',#8084,#1028);
#812=LINE('',#8086,#1029);
#813=LINE('',#8089,#1030);
#814=LINE('',#8091,#1031);
#815=LINE('',#8094,#1032);
#816=LINE('',#8096,#1033);
#817=LINE('',#8099,#1034);
#818=LINE('',#8101,#1035);
#819=LINE('',#8104,#1036);
#820=LINE('',#8155,#1037);
#821=LINE('',#8156,#1038);
#822=LINE('',#8158,#1039);
#823=LINE('',#8160,#1040);
#824=LINE('',#8161,#1041);
#825=LINE('',#8163,#1042);
#826=LINE('',#8167,#1043);
#827=LINE('',#8168,#1044);
#828=LINE('',#8170,#1045);
#829=LINE('',#8172,#1046);
#830=LINE('',#8173,#1047);
#831=LINE('',#8175,#1048);
#832=LINE('',#8179,#1049);
#833=LINE('',#8180,#1050);
#834=LINE('',#8182,#1051);
#835=LINE('',#8184,#1052);
#836=LINE('',#8185,#1053);
#837=LINE('',#8187,#1054);
#838=LINE('',#8191,#1055);
#839=LINE('',#8192,#1056);
#840=LINE('',#8194,#1057);
#841=LINE('',#8196,#1058);
#842=LINE('',#8197,#1059);
#843=LINE('',#8199,#1060);
#844=LINE('',#8203,#1061);
#845=LINE('',#8204,#1062);
#846=LINE('',#8206,#1063);
#847=LINE('',#8208,#1064);
#848=LINE('',#8209,#1065);
#849=LINE('',#8211,#1066);
#850=LINE('',#8215,#1067);
#851=LINE('',#8216,#1068);
#852=LINE('',#8218,#1069);
#853=LINE('',#8220,#1070);
#854=LINE('',#8221,#1071);
#855=LINE('',#8223,#1072);
#856=LINE('',#8227,#1073);
#857=LINE('',#8228,#1074);
#858=LINE('',#8230,#1075);
#859=LINE('',#8232,#1076);
#860=LINE('',#8233,#1077);
#861=LINE('',#8235,#1078);
#862=LINE('',#8239,#1079);
#863=LINE('',#8240,#1080);
#864=LINE('',#8242,#1081);
#865=LINE('',#8244,#1082);
#866=LINE('',#8245,#1083);
#867=LINE('',#8247,#1084);
#868=LINE('',#8251,#1085);
#869=LINE('',#8256,#1086);
#870=LINE('',#8266,#1087);
#871=LINE('',#8274,#1088);
#872=LINE('',#8279,#1089);
#873=VECTOR('',#4348,10.);
#874=VECTOR('',#4351,10.);
#875=VECTOR('',#4358,10.);
#876=VECTOR('',#4365,10.);
#877=VECTOR('',#4376,10.);
#878=VECTOR('',#4379,10.);
#879=VECTOR('',#4386,10.);
#880=VECTOR('',#4393,10.);
#881=VECTOR('',#4404,10.);
#882=VECTOR('',#4407,10.);
#883=VECTOR('',#4414,10.);
#884=VECTOR('',#4421,10.);
#885=VECTOR('',#4432,10.);
#886=VECTOR('',#4435,10.);
#887=VECTOR('',#4442,10.);
#888=VECTOR('',#4449,10.);
#889=VECTOR('',#4458,10.);
#890=VECTOR('',#4459,10.);
#891=VECTOR('',#4460,10.);
#892=VECTOR('',#4465,10.);
#893=VECTOR('',#4468,10.);
#894=VECTOR('',#4473,10.);
#895=VECTOR('',#4480,10.);
#896=VECTOR('',#4481,10.);
#897=VECTOR('',#4482,10.);
#898=VECTOR('',#4489,10.);
#899=VECTOR('',#4500,10.);
#900=VECTOR('',#4501,10.);
#901=VECTOR('',#4502,10.);
#902=VECTOR('',#4507,10.);
#903=VECTOR('',#4510,10.);
#904=VECTOR('',#4515,10.);
#905=VECTOR('',#4522,10.);
#906=VECTOR('',#4523,10.);
#907=VECTOR('',#4524,10.);
#908=VECTOR('',#4531,10.);
#909=VECTOR('',#4542,10.);
#910=VECTOR('',#4543,10.);
#911=VECTOR('',#4544,10.);
#912=VECTOR('',#4549,10.);
#913=VECTOR('',#4552,10.);
#914=VECTOR('',#4557,10.);
#915=VECTOR('',#4564,10.);
#916=VECTOR('',#4565,10.);
#917=VECTOR('',#4566,10.);
#918=VECTOR('',#4573,10.);
#919=VECTOR('',#4584,10.);
#920=VECTOR('',#4585,10.);
#921=VECTOR('',#4586,10.);
#922=VECTOR('',#4591,10.);
#923=VECTOR('',#4594,10.);
#924=VECTOR('',#4599,10.);
#925=VECTOR('',#4606,10.);
#926=VECTOR('',#4607,10.);
#927=VECTOR('',#4608,10.);
#928=VECTOR('',#4615,10.);
#929=VECTOR('',#4630,10.);
#930=VECTOR('',#4631,10.);
#931=VECTOR('',#4632,10.);
#932=VECTOR('',#4637,10.);
#933=VECTOR('',#4640,10.);
#934=VECTOR('',#4645,10.);
#935=VECTOR('',#4652,10.);
#936=VECTOR('',#4653,10.);
#937=VECTOR('',#4654,10.);
#938=VECTOR('',#4661,10.);
#939=VECTOR('',#4672,10.);
#940=VECTOR('',#4673,10.);
#941=VECTOR('',#4674,10.);
#942=VECTOR('',#4679,10.);
#943=VECTOR('',#4682,10.);
#944=VECTOR('',#4687,10.);
#945=VECTOR('',#4694,10.);
#946=VECTOR('',#4695,10.);
#947=VECTOR('',#4696,10.);
#948=VECTOR('',#4703,10.);
#949=VECTOR('',#4788,4.49999999999999);
#950=VECTOR('',#4793,3.99999999999999);
#951=VECTOR('',#4802,1.25);
#952=VECTOR('',#4805,1.25);
#953=VECTOR('',#4808,1.25);
#954=VECTOR('',#4811,1.25);
#955=VECTOR('',#4814,13.8);
#956=VECTOR('',#4821,12.4238752238513);
#957=VECTOR('',#4830,3.87280553570177);
#958=VECTOR('',#4837,4.00028102069229);
#959=VECTOR('',#4854,4.63359701992456);
#960=VECTOR('',#4861,5.00757450949858);
#961=VECTOR('',#4864,5.38155199907261);
#962=VECTOR('',#4867,1.99475);
#963=VECTOR('',#4868,1.99475);
#964=VECTOR('',#4871,1.99475);
#965=VECTOR('',#4876,1.99475);
#966=VECTOR('',#4879,1.99475);
#967=VECTOR('',#4882,1.99475);
#968=VECTOR('',#4885,1.99475);
#969=VECTOR('',#4890,1.99475);
#970=VECTOR('',#4893,1.99475);
#971=VECTOR('',#4896,1.99475);
#972=VECTOR('',#4901,2.38627528912908);
#973=VECTOR('',#4906,2.38627528912908);
#974=VECTOR('',#4909,2.38627528912908);
#975=VECTOR('',#4912,2.38627528912908);
#976=VECTOR('',#4915,2.38627528912908);
#977=VECTOR('',#4918,2.38627528912908);
#978=VECTOR('',#4921,2.38627528912908);
#979=VECTOR('',#4924,2.38627528912908);
#980=VECTOR('',#4929,2.38627528912908);
#981=VECTOR('',#4932,2.38627528912908);
#982=VECTOR('',#4939,13.75);
#983=VECTOR('',#4944,13.8);
#984=VECTOR('',#4947,10.);
#985=VECTOR('',#4950,10.);
#986=VECTOR('',#4953,10.);
#987=VECTOR('',#4956,10.);
#988=VECTOR('',#4959,10.);
#989=VECTOR('',#4962,10.);
#990=VECTOR('',#4965,10.);
#991=VECTOR('',#4968,10.);
#992=VECTOR('',#4971,10.);
#993=VECTOR('',#4974,10.);
#994=VECTOR('',#4977,10.);
#995=VECTOR('',#4980,10.);
#996=VECTOR('',#4983,10.);
#997=VECTOR('',#4986,10.);
#998=VECTOR('',#4989,10.);
#999=VECTOR('',#4992,10.);
#1000=VECTOR('',#5027,1.41497296714185);
#1001=VECTOR('',#5038,3.63100727698143);
#1002=VECTOR('',#5045,4.89560359339727);
#1003=VECTOR('',#5122,2.13627528912908);
#1004=VECTOR('',#5125,10.);
#1005=VECTOR('',#5128,10.);
#1006=VECTOR('',#5135,10.);
#1007=VECTOR('',#5138,10.);
#1008=VECTOR('',#5145,10.);
#1009=VECTOR('',#5148,10.);
#1010=VECTOR('',#5155,10.);
#1011=VECTOR('',#5158,10.);
#1012=VECTOR('',#5165,10.);
#1013=VECTOR('',#5168,10.);
#1014=VECTOR('',#5175,10.);
#1015=VECTOR('',#5178,10.);
#1016=VECTOR('',#5185,10.);
#1017=VECTOR('',#5188,10.);
#1018=VECTOR('',#5195,10.);
#1019=VECTOR('',#5198,10.);
#1020=VECTOR('',#5247,11.9655079793443);
#1021=VECTOR('',#5248,10.);
#1022=VECTOR('',#5251,10.);
#1023=VECTOR('',#5252,10.);
#1024=VECTOR('',#5255,10.);
#1025=VECTOR('',#5256,10.);
#1026=VECTOR('',#5259,10.);
#1027=VECTOR('',#5260,10.);
#1028=VECTOR('',#5263,10.);
#1029=VECTOR('',#5264,10.);
#1030=VECTOR('',#5267,10.);
#1031=VECTOR('',#5268,10.);
#1032=VECTOR('',#5271,10.);
#1033=VECTOR('',#5272,10.);
#1034=VECTOR('',#5275,10.);
#1035=VECTOR('',#5276,10.);
#1036=VECTOR('',#5279,10.);
#1037=VECTOR('',#5296,10.);
#1038=VECTOR('',#5297,10.);
#1039=VECTOR('',#5300,10.);
#1040=VECTOR('',#5303,10.);
#1041=VECTOR('',#5304,10.);
#1042=VECTOR('',#5307,10.);
#1043=VECTOR('',#5314,10.);
#1044=VECTOR('',#5315,10.);
#1045=VECTOR('',#5318,10.);
#1046=VECTOR('',#5321,10.);
#1047=VECTOR('',#5322,10.);
#1048=VECTOR('',#5325,10.);
#1049=VECTOR('',#5332,10.);
#1050=VECTOR('',#5333,10.);
#1051=VECTOR('',#5336,10.);
#1052=VECTOR('',#5339,10.);
#1053=VECTOR('',#5340,10.);
#1054=VECTOR('',#5343,10.);
#1055=VECTOR('',#5350,10.);
#1056=VECTOR('',#5351,10.);
#1057=VECTOR('',#5354,10.);
#1058=VECTOR('',#5357,10.);
#1059=VECTOR('',#5358,10.);
#1060=VECTOR('',#5361,10.);
#1061=VECTOR('',#5368,10.);
#1062=VECTOR('',#5369,10.);
#1063=VECTOR('',#5372,10.);
#1064=VECTOR('',#5375,10.);
#1065=VECTOR('',#5376,10.);
#1066=VECTOR('',#5379,10.);
#1067=VECTOR('',#5386,10.);
#1068=VECTOR('',#5387,10.);
#1069=VECTOR('',#5390,10.);
#1070=VECTOR('',#5393,10.);
#1071=VECTOR('',#5394,10.);
#1072=VECTOR('',#5397,10.);
#1073=VECTOR('',#5404,10.);
#1074=VECTOR('',#5405,10.);
#1075=VECTOR('',#5408,10.);
#1076=VECTOR('',#5411,10.);
#1077=VECTOR('',#5412,10.);
#1078=VECTOR('',#5415,10.);
#1079=VECTOR('',#5422,10.);
#1080=VECTOR('',#5423,10.);
#1081=VECTOR('',#5426,10.);
#1082=VECTOR('',#5429,10.);
#1083=VECTOR('',#5430,10.);
#1084=VECTOR('',#5433,10.);
#1085=VECTOR('',#5440,12.7728053367713);
#1086=VECTOR('',#5445,13.75);
#1087=VECTOR('',#5458,13.8);
#1088=VECTOR('',#5467,13.0341171062545);
#1089=VECTOR('',#5474,12.7728053367713);
#1090=CIRCLE('',#3883,2.);
#1091=CIRCLE('',#3884,2.);
#1092=CIRCLE('',#3886,10.);
#1093=CIRCLE('',#3887,10.);
#1094=CIRCLE('',#3889,2.);
#1095=CIRCLE('',#3890,2.);
#1096=CIRCLE('',#3892,6.);
#1097=CIRCLE('',#3893,6.);
#1098=CIRCLE('',#3895,2.00000000000001);
#1099=CIRCLE('',#3896,2.00000000000001);
#1100=CIRCLE('',#3898,10.);
#1101=CIRCLE('',#3899,10.);
#1102=CIRCLE('',#3901,2.);
#1103=CIRCLE('',#3902,2.);
#1104=CIRCLE('',#3904,6.00000000000001);
#1105=CIRCLE('',#3905,6.00000000000001);
#1106=CIRCLE('',#3907,2.);
#1107=CIRCLE('',#3908,2.);
#1108=CIRCLE('',#3910,10.);
#1109=CIRCLE('',#3911,10.);
#1110=CIRCLE('',#3913,2.);
#1111=CIRCLE('',#3914,2.);
#1112=CIRCLE('',#3916,6.00000000000001);
#1113=CIRCLE('',#3917,6.00000000000001);
#1114=CIRCLE('',#3919,6.00000000000001);
#1115=CIRCLE('',#3920,6.00000000000001);
#1116=CIRCLE('',#3922,2.);
#1117=CIRCLE('',#3923,2.);
#1118=CIRCLE('',#3925,10.);
#1119=CIRCLE('',#3926,10.);
#1120=CIRCLE('',#3928,2.);
#1121=CIRCLE('',#3929,2.);
#1122=CIRCLE('',#3932,11.4238752238513);
#1123=CIRCLE('',#3933,11.4238752238513);
#1124=CIRCLE('',#3935,1.);
#1125=CIRCLE('',#3936,1.);
#1126=CIRCLE('',#3937,1.);
#1127=CIRCLE('',#3940,0.999999999999996);
#1128=CIRCLE('',#3941,0.999999999999996);
#1129=CIRCLE('',#3942,0.999999999999996);
#1130=CIRCLE('',#3944,13.8);
#1131=CIRCLE('',#3945,12.4238752238513);
#1132=CIRCLE('',#3948,11.4238752238513);
#1133=CIRCLE('',#3949,11.4238752238513);
#1134=CIRCLE('',#3951,0.999999999999997);
#1135=CIRCLE('',#3952,0.999999999999997);
#1136=CIRCLE('',#3953,0.999999999999997);
#1137=CIRCLE('',#3956,0.999999999999995);
#1138=CIRCLE('',#3957,0.999999999999995);
#1139=CIRCLE('',#3958,0.999999999999995);
#1140=CIRCLE('',#3960,13.8);
#1141=CIRCLE('',#3961,12.4238752238513);
#1142=CIRCLE('',#3964,11.4238752238513);
#1143=CIRCLE('',#3965,11.4238752238513);
#1144=CIRCLE('',#3967,1.);
#1145=CIRCLE('',#3968,1.);
#1146=CIRCLE('',#3969,1.);
#1147=CIRCLE('',#3972,0.999999999999999);
#1148=CIRCLE('',#3973,0.999999999999999);
#1149=CIRCLE('',#3974,0.999999999999999);
#1150=CIRCLE('',#3976,13.8);
#1151=CIRCLE('',#3977,12.4238752238513);
#1152=CIRCLE('',#3980,11.4238752238513);
#1153=CIRCLE('',#3981,11.4238752238513);
#1154=CIRCLE('',#3983,1.);
#1155=CIRCLE('',#3984,1.);
#1156=CIRCLE('',#3985,1.);
#1157=CIRCLE('',#3988,0.999999999999996);
#1158=CIRCLE('',#3989,0.999999999999996);
#1159=CIRCLE('',#3990,0.999999999999996);
#1160=CIRCLE('',#3992,13.8);
#1161=CIRCLE('',#3993,12.4238752238513);
#1162=CIRCLE('',#3994,12.4238752238513);
#1163=CIRCLE('',#3995,13.8);
#1164=CIRCLE('',#3998,11.4238752238513);
#1165=CIRCLE('',#3999,11.4238752238513);
#1166=CIRCLE('',#4001,1.);
#1167=CIRCLE('',#4002,1.);
#1168=CIRCLE('',#4003,1.);
#1169=CIRCLE('',#4006,0.999999999999995);
#1170=CIRCLE('',#4007,0.999999999999995);
#1171=CIRCLE('',#4008,0.999999999999995);
#1172=CIRCLE('',#4010,13.8);
#1173=CIRCLE('',#4011,12.4238752238513);
#1174=CIRCLE('',#4014,11.4238752238513);
#1175=CIRCLE('',#4015,11.4238752238513);
#1176=CIRCLE('',#4017,1.);
#1177=CIRCLE('',#4018,1.);
#1178=CIRCLE('',#4019,1.);
#1179=CIRCLE('',#4022,0.999999999999995);
#1180=CIRCLE('',#4023,0.999999999999995);
#1181=CIRCLE('',#4024,0.999999999999995);
#1182=CIRCLE('',#4026,13.8);
#1183=CIRCLE('',#4027,12.4238752238513);
#1184=CIRCLE('',#4029,13.8);
#1185=CIRCLE('',#4030,12.);
#1186=CIRCLE('',#4032,12.);
#1187=CIRCLE('',#4033,13.8);
#1188=CIRCLE('',#4035,13.8);
#1189=CIRCLE('',#4036,12.);
#1190=CIRCLE('',#4038,12.);
#1191=CIRCLE('',#4039,13.8);
#1192=CIRCLE('',#4041,13.8);
#1193=CIRCLE('',#4042,12.);
#1194=CIRCLE('',#4044,12.);
#1195=CIRCLE('',#4045,13.8);
#1196=CIRCLE('',#4047,4.99999999999999);
#1197=CIRCLE('',#4048,1.25);
#1198=CIRCLE('',#4049,1.25);
#1199=CIRCLE('',#4050,1.25);
#1200=CIRCLE('',#4051,1.25);
#1201=CIRCLE('',#4053,12.4238752238513);
#1202=CIRCLE('',#4054,12.4238752238513);
#1203=CIRCLE('',#4055,12.4238752238513);
#1204=CIRCLE('',#4056,12.4238752238513);
#1205=CIRCLE('',#4057,12.4238752238513);
#1206=CIRCLE('',#4058,12.4238752238513);
#1207=CIRCLE('',#4059,5.38155199907261);
#1208=CIRCLE('',#4060,5.38155199907261);
#1209=CIRCLE('',#4061,1.25);
#1210=CIRCLE('',#4062,1.25);
#1211=CIRCLE('',#4063,1.25);
#1212=CIRCLE('',#4064,1.25);
#1213=CIRCLE('',#4066,3.99999999999999);
#1214=CIRCLE('',#4068,3.99999999999999);
#1215=CIRCLE('',#4070,3.87280553570177);
#1216=CIRCLE('',#4076,13.8);
#1217=CIRCLE('',#4077,13.8);
#1218=CIRCLE('',#4079,12.4238752238513);
#1219=CIRCLE('',#4080,12.4238752238513);
#1220=CIRCLE('',#4083,3.87280553570177);
#1221=CIRCLE('',#4084,3.87280553570177);
#1222=CIRCLE('',#4086,4.12775650568281);
#1223=CIRCLE('',#4087,4.12775650568281);
#1224=CIRCLE('',#4089,4.63359701992456);
#1225=CIRCLE('',#4090,4.63359701992456);
#1226=CIRCLE('',#4092,4.63359701992456);
#1227=CIRCLE('',#4093,4.63359701992456);
#1228=CIRCLE('',#4095,5.38155199907261);
#1229=CIRCLE('',#4096,5.38155199907261);
#1230=CIRCLE('',#4100,1.99475);
#1231=CIRCLE('',#4109,1.99475);
#1232=CIRCLE('',#4111,2.4505);
#1233=CIRCLE('',#4120,2.4505);
#1234=CIRCLE('',#4121,2.4505);
#1235=CIRCLE('',#4122,2.4505);
#1236=CIRCLE('',#4124,13.7);
#1237=CIRCLE('',#4125,13.8);
#1238=CIRCLE('',#4127,13.8);
#1239=CIRCLE('',#4128,13.8);
#1240=CIRCLE('',#4129,13.8);
#1241=CIRCLE('',#4130,13.8);
#1242=CIRCLE('',#4131,13.8);
#1243=CIRCLE('',#4132,13.8);
#1244=CIRCLE('',#4133,13.8);
#1245=CIRCLE('',#4134,13.8);
#1246=CIRCLE('',#4135,13.8);
#1247=CIRCLE('',#4136,13.8);
#1248=CIRCLE('',#4137,13.8);
#1249=CIRCLE('',#4138,13.8);
#1250=CIRCLE('',#4139,13.8);
#1251=CIRCLE('',#4140,13.8);
#1252=CIRCLE('',#4141,13.8);
#1253=CIRCLE('',#4142,13.8);
#1254=CIRCLE('',#4143,13.8);
#1255=CIRCLE('',#4145,12.7728053367713);
#1256=CIRCLE('',#4147,11.9655079793443);
#1257=CIRCLE('',#4148,11.9655079793443);
#1258=CIRCLE('',#4149,11.6152730803543);
#1259=CIRCLE('',#4151,12.7728053367713);
#1260=CIRCLE('',#4152,12.7728053367713);
#1261=CIRCLE('',#4153,11.9655079793443);
#1262=CIRCLE('',#4154,11.9655079793443);
#1263=CIRCLE('',#4156,1.41497296714185);
#1264=CIRCLE('',#4157,1.41497296714185);
#1265=CIRCLE('',#4159,1.41497296714185);
#1266=CIRCLE('',#4160,1.41497296714185);
#1267=CIRCLE('',#4162,2.36641096056558);
#1268=CIRCLE('',#4163,2.36641096056558);
#1269=CIRCLE('',#4165,4.89560359339727);
#1270=CIRCLE('',#4166,4.89560359339727);
#1271=CIRCLE('',#4168,4.89560359339727);
#1272=CIRCLE('',#4169,4.89560359339727);
#1273=CIRCLE('',#4171,1.00000000000001);
#1274=CIRCLE('',#4172,1.00000000000001);
#1275=CIRCLE('',#4173,11.);
#1276=CIRCLE('',#4174,1.);
#1277=CIRCLE('',#4175,11.6152730803543);
#1278=CIRCLE('',#4176,1.);
#1279=CIRCLE('',#4177,11.);
#1280=CIRCLE('',#4178,1.);
#1281=CIRCLE('',#4179,11.6152730803543);
#1282=CIRCLE('',#4180,1.00000000000001);
#1283=CIRCLE('',#4181,11.);
#1284=CIRCLE('',#4182,1.);
#1285=CIRCLE('',#4183,11.6152730803543);
#1286=CIRCLE('',#4184,1.00000000000001);
#1287=CIRCLE('',#4185,11.);
#1288=CIRCLE('',#4186,1.00000000000001);
#1289=CIRCLE('',#4187,11.6152730803543);
#1290=CIRCLE('',#4188,1.00000000000001);
#1291=CIRCLE('',#4189,11.);
#1292=CIRCLE('',#4190,1.);
#1293=CIRCLE('',#4191,11.6152730803543);
#1294=CIRCLE('',#4192,1.00000000000001);
#1295=CIRCLE('',#4193,11.);
#1296=CIRCLE('',#4194,1.);
#1297=CIRCLE('',#4195,11.6152730803543);
#1298=CIRCLE('',#4196,1.);
#1299=CIRCLE('',#4197,11.);
#1300=CIRCLE('',#4198,1.00000000000001);
#1301=CIRCLE('',#4199,11.6152730803543);
#1302=CIRCLE('',#4200,1.00000000000001);
#1303=CIRCLE('',#4201,11.);
#1304=CIRCLE('',#4203,1.88627528912908);
#1305=CIRCLE('',#4205,2.4505);
#1306=CIRCLE('',#4207,12.);
#1307=CIRCLE('',#4208,1.00000000000001);
#1308=CIRCLE('',#4209,11.);
#1309=CIRCLE('',#4210,1.);
#1310=CIRCLE('',#4211,12.);
#1311=CIRCLE('',#4212,1.);
#1312=CIRCLE('',#4213,11.);
#1313=CIRCLE('',#4214,1.00000000000001);
#1314=CIRCLE('',#4215,12.);
#1315=CIRCLE('',#4216,1.);
#1316=CIRCLE('',#4217,11.);
#1317=CIRCLE('',#4218,1.00000000000001);
#1318=CIRCLE('',#4219,12.);
#1319=CIRCLE('',#4220,1.00000000000001);
#1320=CIRCLE('',#4221,11.);
#1321=CIRCLE('',#4222,1.00000000000001);
#1322=CIRCLE('',#4223,12.);
#1323=CIRCLE('',#4224,1.);
#1324=CIRCLE('',#4225,11.);
#1325=CIRCLE('',#4226,1.00000000000001);
#1326=CIRCLE('',#4227,12.);
#1327=CIRCLE('',#4228,1.);
#1328=CIRCLE('',#4229,11.);
#1329=CIRCLE('',#4230,1.);
#1330=CIRCLE('',#4231,12.);
#1331=CIRCLE('',#4232,1.);
#1332=CIRCLE('',#4233,11.);
#1333=CIRCLE('',#4234,1.00000000000001);
#1334=CIRCLE('',#4235,12.);
#1335=CIRCLE('',#4236,1.00000000000001);
#1336=CIRCLE('',#4237,11.);
#1337=CIRCLE('',#4238,1.00000000000001);
#1338=CIRCLE('',#4242,1.99475);
#1339=CIRCLE('',#4246,11.9655079793443);
#1340=CIRCLE('',#4248,11.9655079793443);
#1341=CIRCLE('',#4250,11.9655079793443);
#1342=CIRCLE('',#4252,11.9655079793443);
#1343=CIRCLE('',#4254,11.9655079793443);
#1344=CIRCLE('',#4256,11.9655079793443);
#1345=CIRCLE('',#4258,11.9655079793443);
#1346=CIRCLE('',#4260,11.9655079793443);
#1347=CIRCLE('',#4261,11.9655079793443);
#1348=CIRCLE('',#4262,11.9655079793443);
#1349=CIRCLE('',#4263,11.9655079793443);
#1350=CIRCLE('',#4264,11.9655079793443);
#1351=CIRCLE('',#4265,11.9655079793443);
#1352=CIRCLE('',#4266,11.9655079793443);
#1353=CIRCLE('',#4267,11.9655079793443);
#1354=CIRCLE('',#4325,13.8);
#1355=CIRCLE('',#4326,13.7);
#1356=CIRCLE('',#4328,12.7728053367713);
#1357=CIRCLE('',#4330,13.8);
#1358=CIRCLE('',#4331,13.8);
#1359=CIRCLE('',#4333,13.2954288757377);
#1360=CIRCLE('',#4334,13.2954288757377);
#1361=CIRCLE('',#4336,12.7728053367713);
#1362=CIRCLE('',#4337,12.7728053367713);
#1363=VERTEX_POINT('',#5480);
#1364=VERTEX_POINT('',#5481);
#1365=VERTEX_POINT('',#5483);
#1366=VERTEX_POINT('',#5485);
#1367=VERTEX_POINT('',#5489);
#1368=VERTEX_POINT('',#5491);
#1369=VERTEX_POINT('',#5495);
#1370=VERTEX_POINT('',#5497);
#1371=VERTEX_POINT('',#5504);
#1372=VERTEX_POINT('',#5505);
#1373=VERTEX_POINT('',#5507);
#1374=VERTEX_POINT('',#5509);
#1375=VERTEX_POINT('',#5513);
#1376=VERTEX_POINT('',#5515);
#1377=VERTEX_POINT('',#5519);
#1378=VERTEX_POINT('',#5521);
#1379=VERTEX_POINT('',#5528);
#1380=VERTEX_POINT('',#5529);
#1381=VERTEX_POINT('',#5531);
#1382=VERTEX_POINT('',#5533);
#1383=VERTEX_POINT('',#5537);
#1384=VERTEX_POINT('',#5539);
#1385=VERTEX_POINT('',#5543);
#1386=VERTEX_POINT('',#5545);
#1387=VERTEX_POINT('',#5552);
#1388=VERTEX_POINT('',#5553);
#1389=VERTEX_POINT('',#5555);
#1390=VERTEX_POINT('',#5557);
#1391=VERTEX_POINT('',#5561);
#1392=VERTEX_POINT('',#5563);
#1393=VERTEX_POINT('',#5567);
#1394=VERTEX_POINT('',#5569);
#1395=VERTEX_POINT('',#5576);
#1396=VERTEX_POINT('',#5577);
#1397=VERTEX_POINT('',#5579);
#1398=VERTEX_POINT('',#5581);
#1399=VERTEX_POINT('',#5587);
#1400=VERTEX_POINT('',#5588);
#1401=VERTEX_POINT('',#5590);
#1402=VERTEX_POINT('',#5592);
#1403=VERTEX_POINT('',#5596);
#1404=VERTEX_POINT('',#5605);
#1405=VERTEX_POINT('',#5607);
#1406=VERTEX_POINT('',#5612);
#1407=VERTEX_POINT('',#5613);
#1408=VERTEX_POINT('',#5615);
#1409=VERTEX_POINT('',#5619);
#1410=VERTEX_POINT('',#5623);
#1411=VERTEX_POINT('',#5634);
#1412=VERTEX_POINT('',#5636);
#1413=VERTEX_POINT('',#5643);
#1414=VERTEX_POINT('',#5644);
#1415=VERTEX_POINT('',#5646);
#1416=VERTEX_POINT('',#5648);
#1417=VERTEX_POINT('',#5654);
#1418=VERTEX_POINT('',#5655);
#1419=VERTEX_POINT('',#5657);
#1420=VERTEX_POINT('',#5659);
#1421=VERTEX_POINT('',#5663);
#1422=VERTEX_POINT('',#5672);
#1423=VERTEX_POINT('',#5674);
#1424=VERTEX_POINT('',#5679);
#1425=VERTEX_POINT('',#5680);
#1426=VERTEX_POINT('',#5682);
#1427=VERTEX_POINT('',#5686);
#1428=VERTEX_POINT('',#5690);
#1429=VERTEX_POINT('',#5701);
#1430=VERTEX_POINT('',#5703);
#1431=VERTEX_POINT('',#5710);
#1432=VERTEX_POINT('',#5711);
#1433=VERTEX_POINT('',#5713);
#1434=VERTEX_POINT('',#5715);
#1435=VERTEX_POINT('',#5721);
#1436=VERTEX_POINT('',#5722);
#1437=VERTEX_POINT('',#5724);
#1438=VERTEX_POINT('',#5726);
#1439=VERTEX_POINT('',#5730);
#1440=VERTEX_POINT('',#5739);
#1441=VERTEX_POINT('',#5741);
#1442=VERTEX_POINT('',#5746);
#1443=VERTEX_POINT('',#5747);
#1444=VERTEX_POINT('',#5749);
#1445=VERTEX_POINT('',#5753);
#1446=VERTEX_POINT('',#5757);
#1447=VERTEX_POINT('',#5768);
#1448=VERTEX_POINT('',#5770);
#1449=VERTEX_POINT('',#5777);
#1450=VERTEX_POINT('',#5778);
#1451=VERTEX_POINT('',#5780);
#1452=VERTEX_POINT('',#5782);
#1453=VERTEX_POINT('',#5788);
#1454=VERTEX_POINT('',#5789);
#1455=VERTEX_POINT('',#5791);
#1456=VERTEX_POINT('',#5793);
#1457=VERTEX_POINT('',#5797);
#1458=VERTEX_POINT('',#5806);
#1459=VERTEX_POINT('',#5808);
#1460=VERTEX_POINT('',#5813);
#1461=VERTEX_POINT('',#5814);
#1462=VERTEX_POINT('',#5816);
#1463=VERTEX_POINT('',#5820);
#1464=VERTEX_POINT('',#5824);
#1465=VERTEX_POINT('',#5835);
#1466=VERTEX_POINT('',#5837);
#1467=VERTEX_POINT('',#5841);
#1468=VERTEX_POINT('',#5843);
#1469=VERTEX_POINT('',#5848);
#1470=VERTEX_POINT('',#5849);
#1471=VERTEX_POINT('',#5851);
#1472=VERTEX_POINT('',#5853);
#1473=VERTEX_POINT('',#5859);
#1474=VERTEX_POINT('',#5860);
#1475=VERTEX_POINT('',#5862);
#1476=VERTEX_POINT('',#5864);
#1477=VERTEX_POINT('',#5868);
#1478=VERTEX_POINT('',#5877);
#1479=VERTEX_POINT('',#5879);
#1480=VERTEX_POINT('',#5884);
#1481=VERTEX_POINT('',#5885);
#1482=VERTEX_POINT('',#5887);
#1483=VERTEX_POINT('',#5891);
#1484=VERTEX_POINT('',#5895);
#1485=VERTEX_POINT('',#5906);
#1486=VERTEX_POINT('',#5908);
#1487=VERTEX_POINT('',#5915);
#1488=VERTEX_POINT('',#5916);
#1489=VERTEX_POINT('',#5918);
#1490=VERTEX_POINT('',#5920);
#1491=VERTEX_POINT('',#5926);
#1492=VERTEX_POINT('',#5927);
#1493=VERTEX_POINT('',#5929);
#1494=VERTEX_POINT('',#5931);
#1495=VERTEX_POINT('',#5935);
#1496=VERTEX_POINT('',#5944);
#1497=VERTEX_POINT('',#5946);
#1498=VERTEX_POINT('',#5951);
#1499=VERTEX_POINT('',#5952);
#1500=VERTEX_POINT('',#5954);
#1501=VERTEX_POINT('',#5958);
#1502=VERTEX_POINT('',#5962);
#1503=VERTEX_POINT('',#5973);
#1504=VERTEX_POINT('',#5975);
#1505=VERTEX_POINT('',#6000);
#1506=VERTEX_POINT('',#6002);
#1507=VERTEX_POINT('',#6004);
#1508=VERTEX_POINT('',#6006);
#1509=VERTEX_POINT('',#6008);
#1510=VERTEX_POINT('',#6017);
#1511=VERTEX_POINT('',#6018);
#1512=VERTEX_POINT('',#6021);
#1513=VERTEX_POINT('',#6023);
#1514=VERTEX_POINT('',#6025);
#1515=VERTEX_POINT('',#6027);
#1516=VERTEX_POINT('',#6030);
#1517=VERTEX_POINT('',#6034);
#1518=VERTEX_POINT('',#6038);
#1519=VERTEX_POINT('',#6049);
#1520=VERTEX_POINT('',#6051);
#1521=VERTEX_POINT('',#6055);
#1522=VERTEX_POINT('',#6057);
#1523=VERTEX_POINT('',#6062);
#1524=VERTEX_POINT('',#6064);
#1525=VERTEX_POINT('',#6068);
#1526=VERTEX_POINT('',#6070);
#1527=VERTEX_POINT('',#6074);
#1528=VERTEX_POINT('',#6075);
#1529=VERTEX_POINT('',#6079);
#1530=VERTEX_POINT('',#6080);
#1531=VERTEX_POINT('',#6085);
#1532=VERTEX_POINT('',#6086);
#1533=VERTEX_POINT('',#6093);
#1534=VERTEX_POINT('',#6094);
#1535=VERTEX_POINT('',#6096);
#1536=VERTEX_POINT('',#6109);
#1537=VERTEX_POINT('',#6110);
#1538=VERTEX_POINT('',#6112);
#1539=VERTEX_POINT('',#6122);
#1540=VERTEX_POINT('',#6133);
#1541=VERTEX_POINT('',#6134);
#1542=VERTEX_POINT('',#6158);
#1543=VERTEX_POINT('',#6159);
#1544=VERTEX_POINT('',#6183);
#1545=VERTEX_POINT('',#6184);
#1546=VERTEX_POINT('',#6208);
#1547=VERTEX_POINT('',#6243);
#1548=VERTEX_POINT('',#6244);
#1549=VERTEX_POINT('',#6268);
#1550=VERTEX_POINT('',#6269);
#1551=VERTEX_POINT('',#6293);
#1552=VERTEX_POINT('',#6294);
#1553=VERTEX_POINT('',#6296);
#1554=VERTEX_POINT('',#6318);
#1555=VERTEX_POINT('',#6319);
#1556=VERTEX_POINT('',#6321);
#1557=VERTEX_POINT('',#6335);
#1558=VERTEX_POINT('',#6348);
#1559=VERTEX_POINT('',#6349);
#1560=VERTEX_POINT('',#6396);
#1561=VERTEX_POINT('',#6397);
#1562=VERTEX_POINT('',#6450);
#1563=VERTEX_POINT('',#6451);
#1564=VERTEX_POINT('',#6498);
#1565=VERTEX_POINT('',#6499);
#1566=VERTEX_POINT('',#6546);
#1567=VERTEX_POINT('',#6547);
#1568=VERTEX_POINT('',#6600);
#1569=VERTEX_POINT('',#6601);
#1570=VERTEX_POINT('',#6648);
#1571=VERTEX_POINT('',#6649);
#1572=VERTEX_POINT('',#6702);
#1573=VERTEX_POINT('',#6704);
#1574=VERTEX_POINT('',#6706);
#1575=VERTEX_POINT('',#6708);
#1576=VERTEX_POINT('',#6716);
#1577=VERTEX_POINT('',#6718);
#1578=VERTEX_POINT('',#6731);
#1579=VERTEX_POINT('',#6733);
#1580=VERTEX_POINT('',#6737);
#1581=VERTEX_POINT('',#6739);
#1582=VERTEX_POINT('',#6741);
#1583=VERTEX_POINT('',#6743);
#1584=VERTEX_POINT('',#6745);
#1585=VERTEX_POINT('',#6747);
#1586=VERTEX_POINT('',#6749);
#1587=VERTEX_POINT('',#6751);
#1588=VERTEX_POINT('',#6753);
#1589=VERTEX_POINT('',#6755);
#1590=VERTEX_POINT('',#6757);
#1591=VERTEX_POINT('',#6759);
#1592=VERTEX_POINT('',#6761);
#1593=VERTEX_POINT('',#6763);
#1594=VERTEX_POINT('',#6765);
#1595=VERTEX_POINT('',#6767);
#1596=VERTEX_POINT('',#6769);
#1597=VERTEX_POINT('',#6771);
#1598=VERTEX_POINT('',#6773);
#1599=VERTEX_POINT('',#6775);
#1600=VERTEX_POINT('',#6777);
#1601=VERTEX_POINT('',#6779);
#1602=VERTEX_POINT('',#6781);
#1603=VERTEX_POINT('',#6783);
#1604=VERTEX_POINT('',#6785);
#1605=VERTEX_POINT('',#6787);
#1606=VERTEX_POINT('',#6789);
#1607=VERTEX_POINT('',#6791);
#1608=VERTEX_POINT('',#6793);
#1609=VERTEX_POINT('',#6795);
#1610=VERTEX_POINT('',#6797);
#1611=VERTEX_POINT('',#6799);
#1612=VERTEX_POINT('',#6801);
#1613=VERTEX_POINT('',#6805);
#1614=VERTEX_POINT('',#6808);
#1615=VERTEX_POINT('',#6809);
#1616=VERTEX_POINT('',#6813);
#1617=VERTEX_POINT('',#6815);
#1618=VERTEX_POINT('',#6817);
#1619=VERTEX_POINT('',#6821);
#1620=VERTEX_POINT('',#6826);
#1621=VERTEX_POINT('',#6833);
#1622=VERTEX_POINT('',#6834);
#1623=VERTEX_POINT('',#6837);
#1624=VERTEX_POINT('',#6838);
#1625=VERTEX_POINT('',#6842);
#1626=VERTEX_POINT('',#6843);
#1627=VERTEX_POINT('',#6847);
#1628=VERTEX_POINT('',#6848);
#1629=VERTEX_POINT('',#6853);
#1630=VERTEX_POINT('',#6854);
#1631=VERTEX_POINT('',#6858);
#1632=VERTEX_POINT('',#6860);
#1633=VERTEX_POINT('',#6864);
#1634=VERTEX_POINT('',#6866);
#1635=VERTEX_POINT('',#6870);
#1636=VERTEX_POINT('',#6872);
#1637=VERTEX_POINT('',#6874);
#1638=VERTEX_POINT('',#6876);
#1639=VERTEX_POINT('',#6878);
#1640=VERTEX_POINT('',#6880);
#1641=VERTEX_POINT('',#6882);
#1642=VERTEX_POINT('',#6884);
#1643=VERTEX_POINT('',#6886);
#1644=VERTEX_POINT('',#6888);
#1645=VERTEX_POINT('',#6890);
#1646=VERTEX_POINT('',#6892);
#1647=VERTEX_POINT('',#6894);
#1648=VERTEX_POINT('',#6896);
#1649=VERTEX_POINT('',#6898);
#1650=VERTEX_POINT('',#6900);
#1651=VERTEX_POINT('',#6902);
#1652=VERTEX_POINT('',#6904);
#1653=VERTEX_POINT('',#6906);
#1654=VERTEX_POINT('',#6908);
#1655=VERTEX_POINT('',#6910);
#1656=VERTEX_POINT('',#6912);
#1657=VERTEX_POINT('',#6914);
#1658=VERTEX_POINT('',#6916);
#1659=VERTEX_POINT('',#6918);
#1660=VERTEX_POINT('',#6920);
#1661=VERTEX_POINT('',#6922);
#1662=VERTEX_POINT('',#6924);
#1663=VERTEX_POINT('',#6926);
#1664=VERTEX_POINT('',#6928);
#1665=VERTEX_POINT('',#6932);
#1666=VERTEX_POINT('',#6938);
#1667=VERTEX_POINT('',#6939);
#1668=VERTEX_POINT('',#6941);
#1669=VERTEX_POINT('',#6943);
#1670=VERTEX_POINT('',#6945);
#1671=VERTEX_POINT('',#6947);
#1672=VERTEX_POINT('',#6949);
#1673=VERTEX_POINT('',#6951);
#1674=VERTEX_POINT('',#6953);
#1675=VERTEX_POINT('',#6955);
#1676=VERTEX_POINT('',#6957);
#1677=VERTEX_POINT('',#6959);
#1678=VERTEX_POINT('',#6961);
#1679=VERTEX_POINT('',#6963);
#1680=VERTEX_POINT('',#6965);
#1681=VERTEX_POINT('',#6967);
#1682=VERTEX_POINT('',#6969);
#1683=VERTEX_POINT('',#6971);
#1684=VERTEX_POINT('',#6973);
#1685=VERTEX_POINT('',#6975);
#1686=VERTEX_POINT('',#6977);
#1687=VERTEX_POINT('',#6979);
#1688=VERTEX_POINT('',#6981);
#1689=VERTEX_POINT('',#6983);
#1690=VERTEX_POINT('',#6985);
#1691=VERTEX_POINT('',#6987);
#1692=VERTEX_POINT('',#6989);
#1693=VERTEX_POINT('',#6991);
#1694=VERTEX_POINT('',#6993);
#1695=VERTEX_POINT('',#6995);
#1696=VERTEX_POINT('',#6997);
#1697=VERTEX_POINT('',#6999);
#1698=VERTEX_POINT('',#7001);
#1699=VERTEX_POINT('',#7003);
#1700=VERTEX_POINT('',#7005);
#1701=VERTEX_POINT('',#7007);
#1702=VERTEX_POINT('',#7009);
#1703=VERTEX_POINT('',#7011);
#1704=VERTEX_POINT('',#7013);
#1705=VERTEX_POINT('',#7015);
#1706=VERTEX_POINT('',#7017);
#1707=VERTEX_POINT('',#7019);
#1708=VERTEX_POINT('',#7021);
#1709=VERTEX_POINT('',#7023);
#1710=VERTEX_POINT('',#7025);
#1711=VERTEX_POINT('',#7027);
#1712=VERTEX_POINT('',#7029);
#1713=VERTEX_POINT('',#7031);
#1714=VERTEX_POINT('',#7501);
#1715=VERTEX_POINT('',#7924);
#1716=VERTEX_POINT('',#7925);
#1717=VERTEX_POINT('',#7929);
#1718=VERTEX_POINT('',#7931);
#1719=VERTEX_POINT('',#7944);
#1720=VERTEX_POINT('',#7945);
#1721=VERTEX_POINT('',#7953);
#1722=VERTEX_POINT('',#7958);
#1723=VERTEX_POINT('',#7964);
#1724=VERTEX_POINT('',#7965);
#1725=VERTEX_POINT('',#7969);
#1726=VERTEX_POINT('',#7971);
#1727=VERTEX_POINT('',#7984);
#1728=VERTEX_POINT('',#7985);
#1729=VERTEX_POINT('',#7993);
#1730=VERTEX_POINT('',#7998);
#1731=VERTEX_POINT('',#8004);
#1732=VERTEX_POINT('',#8005);
#1733=VERTEX_POINT('',#8009);
#1734=VERTEX_POINT('',#8011);
#1735=VERTEX_POINT('',#8024);
#1736=VERTEX_POINT('',#8025);
#1737=VERTEX_POINT('',#8033);
#1738=VERTEX_POINT('',#8038);
#1739=VERTEX_POINT('',#8044);
#1740=VERTEX_POINT('',#8045);
#1741=VERTEX_POINT('',#8053);
#1742=VERTEX_POINT('',#8058);
#1743=VERTEX_POINT('',#8065);
#1744=VERTEX_POINT('',#8067);
#1745=VERTEX_POINT('',#8070);
#1746=VERTEX_POINT('',#8072);
#1747=VERTEX_POINT('',#8075);
#1748=VERTEX_POINT('',#8077);
#1749=VERTEX_POINT('',#8080);
#1750=VERTEX_POINT('',#8082);
#1751=VERTEX_POINT('',#8085);
#1752=VERTEX_POINT('',#8087);
#1753=VERTEX_POINT('',#8090);
#1754=VERTEX_POINT('',#8092);
#1755=VERTEX_POINT('',#8095);
#1756=VERTEX_POINT('',#8097);
#1757=VERTEX_POINT('',#8100);
#1758=VERTEX_POINT('',#8102);
#1759=VERTEX_POINT('',#8253);
#1760=VERTEX_POINT('',#8255);
#1761=VERTEX_POINT('',#8259);
#1762=VERTEX_POINT('',#8262);
#1763=VERTEX_POINT('',#8263);
#1764=VERTEX_POINT('',#8268);
#1765=VERTEX_POINT('',#8269);
#1766=VERTEX_POINT('',#8273);
#1767=VERTEX_POINT('',#8275);
#1768=EDGE_CURVE('',#1363,#1364,#1090,.T.);
#1769=EDGE_CURVE('',#1365,#1363,#656,.T.);
#1770=EDGE_CURVE('',#1366,#1365,#1091,.T.);
#1771=EDGE_CURVE('',#1366,#1364,#657,.T.);
#1772=EDGE_CURVE('',#1364,#1367,#1092,.T.);
#1773=EDGE_CURVE('',#1368,#1366,#1093,.T.);
#1774=EDGE_CURVE('',#1368,#1367,#658,.T.);
#1775=EDGE_CURVE('',#1367,#1369,#1094,.T.);
#1776=EDGE_CURVE('',#1370,#1368,#1095,.T.);
#1777=EDGE_CURVE('',#1370,#1369,#659,.T.);
#1778=EDGE_CURVE('',#1369,#1363,#1096,.T.);
#1779=EDGE_CURVE('',#1365,#1370,#1097,.T.);
#1780=EDGE_CURVE('',#1371,#1372,#1098,.T.);
#1781=EDGE_CURVE('',#1373,#1371,#660,.T.);
#1782=EDGE_CURVE('',#1374,#1373,#1099,.T.);
#1783=EDGE_CURVE('',#1374,#1372,#661,.T.);
#1784=EDGE_CURVE('',#1372,#1375,#1100,.T.);
#1785=EDGE_CURVE('',#1376,#1374,#1101,.T.);
#1786=EDGE_CURVE('',#1376,#1375,#662,.T.);
#1787=EDGE_CURVE('',#1375,#1377,#1102,.T.);
#1788=EDGE_CURVE('',#1378,#1376,#1103,.T.);
#1789=EDGE_CURVE('',#1378,#1377,#663,.T.);
#1790=EDGE_CURVE('',#1377,#1371,#1104,.T.);
#1791=EDGE_CURVE('',#1373,#1378,#1105,.T.);
#1792=EDGE_CURVE('',#1379,#1380,#1106,.T.);
#1793=EDGE_CURVE('',#1381,#1379,#664,.T.);
#1794=EDGE_CURVE('',#1382,#1381,#1107,.T.);
#1795=EDGE_CURVE('',#1382,#1380,#665,.T.);
#1796=EDGE_CURVE('',#1380,#1383,#1108,.T.);
#1797=EDGE_CURVE('',#1384,#1382,#1109,.T.);
#1798=EDGE_CURVE('',#1384,#1383,#666,.T.);
#1799=EDGE_CURVE('',#1383,#1385,#1110,.T.);
#1800=EDGE_CURVE('',#1386,#1384,#1111,.T.);
#1801=EDGE_CURVE('',#1386,#1385,#667,.T.);
#1802=EDGE_CURVE('',#1385,#1379,#1112,.T.);
#1803=EDGE_CURVE('',#1381,#1386,#1113,.T.);
#1804=EDGE_CURVE('',#1387,#1388,#1114,.T.);
#1805=EDGE_CURVE('',#1389,#1387,#668,.T.);
#1806=EDGE_CURVE('',#1390,#1389,#1115,.T.);
#1807=EDGE_CURVE('',#1390,#1388,#669,.T.);
#1808=EDGE_CURVE('',#1388,#1391,#1116,.T.);
#1809=EDGE_CURVE('',#1392,#1390,#1117,.T.);
#1810=EDGE_CURVE('',#1392,#1391,#670,.T.);
#1811=EDGE_CURVE('',#1391,#1393,#1118,.T.);
#1812=EDGE_CURVE('',#1394,#1392,#1119,.T.);
#1813=EDGE_CURVE('',#1394,#1393,#671,.T.);
#1814=EDGE_CURVE('',#1393,#1387,#1120,.T.);
#1815=EDGE_CURVE('',#1389,#1394,#1121,.T.);
#1816=EDGE_CURVE('',#1395,#1396,#672,.T.);
#1817=EDGE_CURVE('',#1395,#1397,#673,.T.);
#1818=EDGE_CURVE('',#1398,#1397,#674,.T.);
#1819=EDGE_CURVE('',#1396,#1398,#154,.T.);
#1820=EDGE_CURVE('',#1399,#1400,#1122,.T.);
#1821=EDGE_CURVE('',#1401,#1399,#675,.T.);
#1822=EDGE_CURVE('',#1402,#1401,#1123,.T.);
#1823=EDGE_CURVE('',#1402,#1400,#676,.T.);
#1824=EDGE_CURVE('',#1398,#1403,#83,.T.);
#1825=EDGE_CURVE('',#1397,#1404,#1124,.T.);
#1826=EDGE_CURVE('',#1405,#1404,#677,.T.);
#1827=EDGE_CURVE('',#1400,#1405,#1125,.T.);
#1828=EDGE_CURVE('',#1403,#1402,#1126,.T.);
#1829=EDGE_CURVE('',#1406,#1407,#678,.T.);
#1830=EDGE_CURVE('',#1408,#1406,#155,.T.);
#1831=EDGE_CURVE('',#1408,#1409,#679,.T.);
#1832=EDGE_CURVE('',#1409,#1407,#680,.T.);
#1833=EDGE_CURVE('',#1410,#1408,#84,.T.);
#1834=EDGE_CURVE('',#1401,#1410,#1127,.T.);
#1835=EDGE_CURVE('',#1411,#1399,#1128,.T.);
#1836=EDGE_CURVE('',#1412,#1411,#681,.T.);
#1837=EDGE_CURVE('',#1412,#1409,#1129,.T.);
#1838=EDGE_CURVE('',#1407,#1395,#1130,.T.);
#1839=EDGE_CURVE('',#1404,#1412,#1131,.T.);
#1840=EDGE_CURVE('',#1413,#1414,#682,.T.);
#1841=EDGE_CURVE('',#1413,#1415,#683,.T.);
#1842=EDGE_CURVE('',#1416,#1415,#684,.T.);
#1843=EDGE_CURVE('',#1414,#1416,#156,.T.);
#1844=EDGE_CURVE('',#1417,#1418,#1132,.T.);
#1845=EDGE_CURVE('',#1419,#1417,#685,.T.);
#1846=EDGE_CURVE('',#1420,#1419,#1133,.T.);
#1847=EDGE_CURVE('',#1420,#1418,#686,.T.);
#1848=EDGE_CURVE('',#1416,#1421,#85,.T.);
#1849=EDGE_CURVE('',#1415,#1422,#1134,.T.);
#1850=EDGE_CURVE('',#1423,#1422,#687,.T.);
#1851=EDGE_CURVE('',#1418,#1423,#1135,.T.);
#1852=EDGE_CURVE('',#1421,#1420,#1136,.T.);
#1853=EDGE_CURVE('',#1424,#1425,#688,.T.);
#1854=EDGE_CURVE('',#1426,#1424,#157,.T.);
#1855=EDGE_CURVE('',#1426,#1427,#689,.T.);
#1856=EDGE_CURVE('',#1427,#1425,#690,.T.);
#1857=EDGE_CURVE('',#1428,#1426,#86,.T.);
#1858=EDGE_CURVE('',#1419,#1428,#1137,.T.);
#1859=EDGE_CURVE('',#1429,#1417,#1138,.T.);
#1860=EDGE_CURVE('',#1430,#1429,#691,.T.);
#1861=EDGE_CURVE('',#1430,#1427,#1139,.T.);
#1862=EDGE_CURVE('',#1425,#1413,#1140,.T.);
#1863=EDGE_CURVE('',#1422,#1430,#1141,.T.);
#1864=EDGE_CURVE('',#1431,#1432,#692,.T.);
#1865=EDGE_CURVE('',#1431,#1433,#693,.T.);
#1866=EDGE_CURVE('',#1434,#1433,#694,.T.);
#1867=EDGE_CURVE('',#1432,#1434,#158,.T.);
#1868=EDGE_CURVE('',#1435,#1436,#1142,.T.);
#1869=EDGE_CURVE('',#1437,#1435,#695,.T.);
#1870=EDGE_CURVE('',#1438,#1437,#1143,.T.);
#1871=EDGE_CURVE('',#1438,#1436,#696,.T.);
#1872=EDGE_CURVE('',#1434,#1439,#87,.T.);
#1873=EDGE_CURVE('',#1433,#1440,#1144,.T.);
#1874=EDGE_CURVE('',#1441,#1440,#697,.T.);
#1875=EDGE_CURVE('',#1436,#1441,#1145,.T.);
#1876=EDGE_CURVE('',#1439,#1438,#1146,.T.);
#1877=EDGE_CURVE('',#1442,#1443,#698,.T.);
#1878=EDGE_CURVE('',#1444,#1442,#159,.T.);
#1879=EDGE_CURVE('',#1444,#1445,#699,.T.);
#1880=EDGE_CURVE('',#1445,#1443,#700,.T.);
#1881=EDGE_CURVE('',#1446,#1444,#88,.T.);
#1882=EDGE_CURVE('',#1437,#1446,#1147,.T.);
#1883=EDGE_CURVE('',#1447,#1435,#1148,.T.);
#1884=EDGE_CURVE('',#1448,#1447,#701,.T.);
#1885=EDGE_CURVE('',#1448,#1445,#1149,.T.);
#1886=EDGE_CURVE('',#1443,#1431,#1150,.T.);
#1887=EDGE_CURVE('',#1440,#1448,#1151,.T.);
#1888=EDGE_CURVE('',#1449,#1450,#702,.T.);
#1889=EDGE_CURVE('',#1449,#1451,#703,.T.);
#1890=EDGE_CURVE('',#1452,#1451,#704,.T.);
#1891=EDGE_CURVE('',#1450,#1452,#160,.T.);
#1892=EDGE_CURVE('',#1453,#1454,#1152,.T.);
#1893=EDGE_CURVE('',#1455,#1453,#705,.T.);
#1894=EDGE_CURVE('',#1456,#1455,#1153,.T.);
#1895=EDGE_CURVE('',#1456,#1454,#706,.T.);
#1896=EDGE_CURVE('',#1452,#1457,#89,.T.);
#1897=EDGE_CURVE('',#1451,#1458,#1154,.T.);
#1898=EDGE_CURVE('',#1459,#1458,#707,.T.);
#1899=EDGE_CURVE('',#1454,#1459,#1155,.T.);
#1900=EDGE_CURVE('',#1457,#1456,#1156,.T.);
#1901=EDGE_CURVE('',#1460,#1461,#708,.T.);
#1902=EDGE_CURVE('',#1462,#1460,#161,.T.);
#1903=EDGE_CURVE('',#1462,#1463,#709,.T.);
#1904=EDGE_CURVE('',#1463,#1461,#710,.T.);
#1905=EDGE_CURVE('',#1464,#1462,#90,.T.);
#1906=EDGE_CURVE('',#1455,#1464,#1157,.T.);
#1907=EDGE_CURVE('',#1465,#1453,#1158,.T.);
#1908=EDGE_CURVE('',#1466,#1465,#711,.T.);
#1909=EDGE_CURVE('',#1466,#1463,#1159,.T.);
#1910=EDGE_CURVE('',#1461,#1467,#1160,.T.);
#1911=EDGE_CURVE('',#1468,#1466,#1161,.T.);
#1912=EDGE_CURVE('',#1458,#1468,#1162,.T.);
#1913=EDGE_CURVE('',#1467,#1449,#1163,.T.);
#1914=EDGE_CURVE('',#1469,#1470,#712,.T.);
#1915=EDGE_CURVE('',#1469,#1471,#713,.T.);
#1916=EDGE_CURVE('',#1472,#1471,#714,.T.);
#1917=EDGE_CURVE('',#1470,#1472,#162,.T.);
#1918=EDGE_CURVE('',#1473,#1474,#1164,.T.);
#1919=EDGE_CURVE('',#1475,#1473,#715,.T.);
#1920=EDGE_CURVE('',#1476,#1475,#1165,.T.);
#1921=EDGE_CURVE('',#1476,#1474,#716,.T.);
#1922=EDGE_CURVE('',#1472,#1477,#91,.T.);
#1923=EDGE_CURVE('',#1471,#1478,#1166,.T.);
#1924=EDGE_CURVE('',#1479,#1478,#717,.T.);
#1925=EDGE_CURVE('',#1474,#1479,#1167,.T.);
#1926=EDGE_CURVE('',#1477,#1476,#1168,.T.);
#1927=EDGE_CURVE('',#1480,#1481,#718,.T.);
#1928=EDGE_CURVE('',#1482,#1480,#163,.T.);
#1929=EDGE_CURVE('',#1482,#1483,#719,.T.);
#1930=EDGE_CURVE('',#1483,#1481,#720,.T.);
#1931=EDGE_CURVE('',#1484,#1482,#92,.T.);
#1932=EDGE_CURVE('',#1475,#1484,#1169,.T.);
#1933=EDGE_CURVE('',#1485,#1473,#1170,.T.);
#1934=EDGE_CURVE('',#1486,#1485,#721,.T.);
#1935=EDGE_CURVE('',#1486,#1483,#1171,.T.);
#1936=EDGE_CURVE('',#1481,#1469,#1172,.T.);
#1937=EDGE_CURVE('',#1478,#1486,#1173,.T.);
#1938=EDGE_CURVE('',#1487,#1488,#722,.T.);
#1939=EDGE_CURVE('',#1487,#1489,#723,.T.);
#1940=EDGE_CURVE('',#1490,#1489,#724,.T.);
#1941=EDGE_CURVE('',#1488,#1490,#164,.T.);
#1942=EDGE_CURVE('',#1491,#1492,#1174,.T.);
#1943=EDGE_CURVE('',#1493,#1491,#725,.T.);
#1944=EDGE_CURVE('',#1494,#1493,#1175,.T.);
#1945=EDGE_CURVE('',#1494,#1492,#726,.T.);
#1946=EDGE_CURVE('',#1490,#1495,#93,.T.);
#1947=EDGE_CURVE('',#1489,#1496,#1176,.T.);
#1948=EDGE_CURVE('',#1497,#1496,#727,.T.);
#1949=EDGE_CURVE('',#1492,#1497,#1177,.T.);
#1950=EDGE_CURVE('',#1495,#1494,#1178,.T.);
#1951=EDGE_CURVE('',#1498,#1499,#728,.T.);
#1952=EDGE_CURVE('',#1500,#1498,#165,.T.);
#1953=EDGE_CURVE('',#1500,#1501,#729,.T.);
#1954=EDGE_CURVE('',#1501,#1499,#730,.T.);
#1955=EDGE_CURVE('',#1502,#1500,#94,.T.);
#1956=EDGE_CURVE('',#1493,#1502,#1179,.T.);
#1957=EDGE_CURVE('',#1503,#1491,#1180,.T.);
#1958=EDGE_CURVE('',#1504,#1503,#731,.T.);
#1959=EDGE_CURVE('',#1504,#1501,#1181,.T.);
#1960=EDGE_CURVE('',#1499,#1487,#1182,.T.);
#1961=EDGE_CURVE('',#1496,#1504,#1183,.T.);
#1962=EDGE_CURVE('',#1480,#1488,#1184,.T.);
#1963=EDGE_CURVE('',#1495,#1484,#1185,.T.);
#1964=EDGE_CURVE('',#1457,#1502,#1186,.T.);
#1965=EDGE_CURVE('',#1498,#1450,#1187,.T.);
#1966=EDGE_CURVE('',#1424,#1432,#1188,.T.);
#1967=EDGE_CURVE('',#1439,#1428,#1189,.T.);
#1968=EDGE_CURVE('',#1421,#1464,#1190,.T.);
#1969=EDGE_CURVE('',#1460,#1414,#1191,.T.);
#1970=EDGE_CURVE('',#1406,#1470,#1192,.T.);
#1971=EDGE_CURVE('',#1477,#1410,#1193,.T.);
#1972=EDGE_CURVE('',#1403,#1446,#1194,.T.);
#1973=EDGE_CURVE('',#1442,#1396,#1195,.T.);
#1974=EDGE_CURVE('',#1505,#1505,#1196,.T.);
#1975=EDGE_CURVE('',#1506,#1506,#1197,.T.);
#1976=EDGE_CURVE('',#1507,#1507,#1198,.T.);
#1977=EDGE_CURVE('',#1508,#1508,#1199,.T.);
#1978=EDGE_CURVE('',#1509,#1509,#1200,.T.);
#1979=EDGE_CURVE('',#1447,#1405,#1201,.T.);
#1980=EDGE_CURVE('',#1429,#1441,#1202,.T.);
#1981=EDGE_CURVE('',#1465,#1423,#1203,.T.);
#1982=EDGE_CURVE('',#1503,#1459,#1204,.T.);
#1983=EDGE_CURVE('',#1485,#1497,#1205,.T.);
#1984=EDGE_CURVE('',#1411,#1479,#1206,.T.);
#1985=EDGE_CURVE('',#1510,#1511,#1207,.T.);
#1986=EDGE_CURVE('',#1511,#1510,#1208,.T.);
#1987=EDGE_CURVE('',#1512,#1512,#1209,.T.);
#1988=EDGE_CURVE('',#1513,#1513,#1210,.T.);
#1989=EDGE_CURVE('',#1514,#1514,#1211,.T.);
#1990=EDGE_CURVE('',#1515,#1515,#1212,.T.);
#1991=EDGE_CURVE('',#1505,#1516,#732,.T.);
#1992=EDGE_CURVE('',#1516,#1516,#1213,.T.);
#1993=EDGE_CURVE('',#1516,#1517,#733,.T.);
#1994=EDGE_CURVE('',#1517,#1517,#1214,.T.);
#1995=EDGE_CURVE('',#1518,#1518,#1215,.T.);
#1996=EDGE_CURVE('',#1506,#1515,#734,.T.);
#1997=EDGE_CURVE('',#1507,#1514,#735,.T.);
#1998=EDGE_CURVE('',#1508,#1513,#736,.T.);
#1999=EDGE_CURVE('',#1509,#1512,#737,.T.);
#2000=EDGE_CURVE('',#1467,#1519,#738,.T.);
#2001=EDGE_CURVE('',#1519,#1520,#1216,.T.);
#2002=EDGE_CURVE('',#1520,#1519,#1217,.T.);
#2003=EDGE_CURVE('',#1468,#1521,#739,.T.);
#2004=EDGE_CURVE('',#1522,#1521,#1218,.T.);
#2005=EDGE_CURVE('',#1521,#1522,#1219,.T.);
#2006=EDGE_CURVE('',#1518,#1523,#740,.T.);
#2007=EDGE_CURVE('',#1524,#1523,#1220,.T.);
#2008=EDGE_CURVE('',#1523,#1524,#1221,.T.);
#2009=EDGE_CURVE('',#1523,#1525,#741,.T.);
#2010=EDGE_CURVE('',#1526,#1525,#1222,.T.);
#2011=EDGE_CURVE('',#1525,#1526,#1223,.T.);
#2012=EDGE_CURVE('',#1527,#1528,#1224,.T.);
#2013=EDGE_CURVE('',#1528,#1527,#1225,.T.);
#2014=EDGE_CURVE('',#1529,#1530,#1226,.T.);
#2015=EDGE_CURVE('',#1530,#1529,#1227,.T.);
#2016=EDGE_CURVE('',#1530,#1528,#742,.T.);
#2017=EDGE_CURVE('',#1531,#1532,#1228,.T.);
#2018=EDGE_CURVE('',#1532,#1531,#1229,.T.);
#2019=EDGE_CURVE('',#1532,#1530,#743,.T.);
#2020=EDGE_CURVE('',#1511,#1532,#744,.T.);
#2021=EDGE_CURVE('',#1533,#1534,#745,.T.);
#2022=EDGE_CURVE('',#1535,#1533,#746,.T.);
#2023=EDGE_CURVE('',#1535,#1534,#95,.T.);
#2024=EDGE_CURVE('',#1536,#1537,#747,.T.);
#2025=EDGE_CURVE('',#1536,#1538,#96,.T.);
#2026=EDGE_CURVE('',#1539,#1538,#1230,.T.);
#2027=EDGE_CURVE('',#1537,#1539,#97,.T.);
#2028=EDGE_CURVE('',#1540,#1541,#748,.T.);
#2029=EDGE_CURVE('',#1540,#1536,#98,.T.);
#2030=EDGE_CURVE('',#1541,#1537,#99,.T.);
#2031=EDGE_CURVE('',#1542,#1543,#749,.T.);
#2032=EDGE_CURVE('',#1542,#1540,#100,.T.);
#2033=EDGE_CURVE('',#1543,#1541,#101,.T.);
#2034=EDGE_CURVE('',#1544,#1545,#750,.T.);
#2035=EDGE_CURVE('',#1544,#1542,#102,.T.);
#2036=EDGE_CURVE('',#1545,#1543,#103,.T.);
#2037=EDGE_CURVE('',#1534,#1546,#751,.T.);
#2038=EDGE_CURVE('',#1534,#1544,#104,.T.);
#2039=EDGE_CURVE('',#1546,#1545,#105,.T.);
#2040=EDGE_CURVE('',#1533,#1546,#106,.T.);
#2041=EDGE_CURVE('',#1547,#1548,#752,.T.);
#2042=EDGE_CURVE('',#1547,#1535,#107,.T.);
#2043=EDGE_CURVE('',#1548,#1533,#108,.T.);
#2044=EDGE_CURVE('',#1549,#1550,#753,.T.);
#2045=EDGE_CURVE('',#1549,#1547,#109,.T.);
#2046=EDGE_CURVE('',#1550,#1548,#110,.T.);
#2047=EDGE_CURVE('',#1551,#1552,#754,.T.);
#2048=EDGE_CURVE('',#1553,#1551,#1231,.T.);
#2049=EDGE_CURVE('',#1553,#1549,#111,.T.);
#2050=EDGE_CURVE('',#1552,#1550,#112,.T.);
#2051=EDGE_CURVE('',#1554,#1555,#755,.T.);
#2052=EDGE_CURVE('',#1554,#1556,#113,.T.);
#2053=EDGE_CURVE('',#1557,#1556,#1232,.F.);
#2054=EDGE_CURVE('',#1557,#1555,#114,.T.);
#2055=EDGE_CURVE('',#1558,#1559,#756,.T.);
#2056=EDGE_CURVE('',#1558,#1554,#115,.T.);
#2057=EDGE_CURVE('',#1555,#1559,#116,.T.);
#2058=EDGE_CURVE('',#1560,#1561,#757,.T.);
#2059=EDGE_CURVE('',#1560,#1558,#117,.T.);
#2060=EDGE_CURVE('',#1559,#1561,#118,.T.);
#2061=EDGE_CURVE('',#1562,#1563,#758,.T.);
#2062=EDGE_CURVE('',#1562,#1560,#119,.T.);
#2063=EDGE_CURVE('',#1561,#1563,#120,.T.);
#2064=EDGE_CURVE('',#1564,#1565,#759,.T.);
#2065=EDGE_CURVE('',#1564,#1562,#121,.T.);
#2066=EDGE_CURVE('',#1563,#1565,#122,.T.);
#2067=EDGE_CURVE('',#1566,#1567,#760,.T.);
#2068=EDGE_CURVE('',#1566,#1564,#123,.T.);
#2069=EDGE_CURVE('',#1565,#1567,#124,.T.);
#2070=EDGE_CURVE('',#1568,#1569,#761,.T.);
#2071=EDGE_CURVE('',#1568,#1566,#125,.T.);
#2072=EDGE_CURVE('',#1567,#1569,#126,.T.);
#2073=EDGE_CURVE('',#1570,#1571,#762,.T.);
#2074=EDGE_CURVE('',#1570,#1568,#127,.T.);
#2075=EDGE_CURVE('',#1569,#1571,#128,.T.);
#2076=EDGE_CURVE('',#1572,#1572,#1233,.T.);
#2077=EDGE_CURVE('',#1572,#1573,#763,.T.);
#2078=EDGE_CURVE('',#1573,#1574,#1234,.T.);
#2079=EDGE_CURVE('',#1574,#1575,#129,.T.);
#2080=EDGE_CURVE('',#1575,#1576,#764,.T.);
#2081=EDGE_CURVE('',#1576,#1577,#130,.T.);
#2082=EDGE_CURVE('',#1577,#1573,#1235,.T.);
#2083=EDGE_CURVE('',#1578,#1578,#1236,.T.);
#2084=EDGE_CURVE('',#1578,#1579,#765,.T.);
#2085=EDGE_CURVE('',#1579,#1579,#1237,.T.);
#2086=EDGE_CURVE('',#1579,#1580,#766,.T.);
#2087=EDGE_CURVE('',#1581,#1580,#1238,.T.);
#2088=EDGE_CURVE('',#1581,#1582,#767,.T.);
#2089=EDGE_CURVE('',#1582,#1583,#1239,.T.);
#2090=EDGE_CURVE('',#1583,#1584,#768,.T.);
#2091=EDGE_CURVE('',#1585,#1584,#1240,.T.);
#2092=EDGE_CURVE('',#1585,#1586,#769,.T.);
#2093=EDGE_CURVE('',#1586,#1587,#1241,.T.);
#2094=EDGE_CURVE('',#1587,#1588,#770,.T.);
#2095=EDGE_CURVE('',#1589,#1588,#1242,.T.);
#2096=EDGE_CURVE('',#1589,#1590,#771,.T.);
#2097=EDGE_CURVE('',#1590,#1591,#1243,.T.);
#2098=EDGE_CURVE('',#1591,#1592,#772,.T.);
#2099=EDGE_CURVE('',#1593,#1592,#1244,.T.);
#2100=EDGE_CURVE('',#1593,#1594,#773,.T.);
#2101=EDGE_CURVE('',#1594,#1595,#1245,.T.);
#2102=EDGE_CURVE('',#1595,#1596,#774,.T.);
#2103=EDGE_CURVE('',#1597,#1596,#1246,.T.);
#2104=EDGE_CURVE('',#1597,#1598,#775,.T.);
#2105=EDGE_CURVE('',#1598,#1599,#1247,.T.);
#2106=EDGE_CURVE('',#1599,#1600,#776,.T.);
#2107=EDGE_CURVE('',#1601,#1600,#1248,.T.);
#2108=EDGE_CURVE('',#1601,#1602,#777,.T.);
#2109=EDGE_CURVE('',#1602,#1603,#1249,.T.);
#2110=EDGE_CURVE('',#1603,#1604,#778,.T.);
#2111=EDGE_CURVE('',#1605,#1604,#1250,.T.);
#2112=EDGE_CURVE('',#1605,#1606,#779,.T.);
#2113=EDGE_CURVE('',#1606,#1607,#1251,.T.);
#2114=EDGE_CURVE('',#1607,#1608,#780,.T.);
#2115=EDGE_CURVE('',#1609,#1608,#1252,.T.);
#2116=EDGE_CURVE('',#1609,#1610,#781,.T.);
#2117=EDGE_CURVE('',#1610,#1611,#1253,.T.);
#2118=EDGE_CURVE('',#1611,#1612,#782,.T.);
#2119=EDGE_CURVE('',#1580,#1612,#1254,.T.);
#2120=EDGE_CURVE('',#1613,#1613,#1255,.T.);
#2121=EDGE_CURVE('',#1614,#1615,#166,.T.);
#2122=EDGE_CURVE('',#1615,#1616,#1256,.T.);
#2123=EDGE_CURVE('',#1616,#1617,#1257,.T.);
#2124=EDGE_CURVE('',#1617,#1618,#167,.T.);
#2125=EDGE_CURVE('',#1618,#1619,#131,.T.);
#2126=EDGE_CURVE('',#1620,#1619,#1258,.T.);
#2127=EDGE_CURVE('',#1620,#1614,#132,.T.);
#2128=EDGE_CURVE('',#1621,#1622,#1259,.T.);
#2129=EDGE_CURVE('',#1622,#1621,#1260,.T.);
#2130=EDGE_CURVE('',#1623,#1624,#1261,.T.);
#2131=EDGE_CURVE('',#1624,#1623,#1262,.T.);
#2132=EDGE_CURVE('',#1625,#1626,#1263,.T.);
#2133=EDGE_CURVE('',#1626,#1625,#1264,.T.);
#2134=EDGE_CURVE('',#1627,#1628,#1265,.T.);
#2135=EDGE_CURVE('',#1628,#1626,#783,.T.);
#2136=EDGE_CURVE('',#1628,#1627,#1266,.T.);
#2137=EDGE_CURVE('',#1629,#1630,#1267,.T.);
#2138=EDGE_CURVE('',#1630,#1629,#1268,.T.);
#2139=EDGE_CURVE('',#1630,#1631,#784,.T.);
#2140=EDGE_CURVE('',#1631,#1632,#1269,.T.);
#2141=EDGE_CURVE('',#1632,#1631,#1270,.T.);
#2142=EDGE_CURVE('',#1631,#1633,#785,.T.);
#2143=EDGE_CURVE('',#1633,#1634,#1271,.T.);
#2144=EDGE_CURVE('',#1634,#1633,#1272,.T.);
#2145=EDGE_CURVE('',#1635,#1620,#1273,.T.);
#2146=EDGE_CURVE('',#1619,#1636,#1274,.T.);
#2147=EDGE_CURVE('',#1636,#1637,#1275,.T.);
#2148=EDGE_CURVE('',#1637,#1638,#1276,.T.);
#2149=EDGE_CURVE('',#1638,#1639,#1277,.T.);
#2150=EDGE_CURVE('',#1639,#1640,#1278,.T.);
#2151=EDGE_CURVE('',#1640,#1641,#1279,.T.);
#2152=EDGE_CURVE('',#1641,#1642,#1280,.T.);
#2153=EDGE_CURVE('',#1642,#1643,#1281,.T.);
#2154=EDGE_CURVE('',#1643,#1644,#1282,.T.);
#2155=EDGE_CURVE('',#1644,#1645,#1283,.T.);
#2156=EDGE_CURVE('',#1645,#1646,#1284,.T.);
#2157=EDGE_CURVE('',#1646,#1647,#1285,.T.);
#2158=EDGE_CURVE('',#1647,#1648,#1286,.T.);
#2159=EDGE_CURVE('',#1648,#1649,#1287,.T.);
#2160=EDGE_CURVE('',#1649,#1650,#1288,.T.);
#2161=EDGE_CURVE('',#1650,#1651,#1289,.T.);
#2162=EDGE_CURVE('',#1651,#1652,#1290,.T.);
#2163=EDGE_CURVE('',#1652,#1653,#1291,.T.);
#2164=EDGE_CURVE('',#1653,#1654,#1292,.T.);
#2165=EDGE_CURVE('',#1654,#1655,#1293,.T.);
#2166=EDGE_CURVE('',#1655,#1656,#1294,.T.);
#2167=EDGE_CURVE('',#1656,#1657,#1295,.T.);
#2168=EDGE_CURVE('',#1657,#1658,#1296,.T.);
#2169=EDGE_CURVE('',#1658,#1659,#1297,.T.);
#2170=EDGE_CURVE('',#1659,#1660,#1298,.T.);
#2171=EDGE_CURVE('',#1660,#1661,#1299,.T.);
#2172=EDGE_CURVE('',#1661,#1662,#1300,.T.);
#2173=EDGE_CURVE('',#1662,#1663,#1301,.T.);
#2174=EDGE_CURVE('',#1663,#1664,#1302,.T.);
#2175=EDGE_CURVE('',#1664,#1635,#1303,.T.);
#2176=EDGE_CURVE('',#1665,#1665,#1304,.T.);
#2177=EDGE_CURVE('',#1556,#1557,#1305,.F.);
#2178=EDGE_CURVE('',#1556,#1665,#786,.T.);
#2179=EDGE_CURVE('',#1666,#1667,#787,.T.);
#2180=EDGE_CURVE('',#1668,#1667,#1306,.T.);
#2181=EDGE_CURVE('',#1668,#1669,#788,.T.);
#2182=EDGE_CURVE('',#1669,#1670,#1307,.T.);
#2183=EDGE_CURVE('',#1670,#1671,#1308,.T.);
#2184=EDGE_CURVE('',#1671,#1672,#1309,.T.);
#2185=EDGE_CURVE('',#1672,#1673,#789,.T.);
#2186=EDGE_CURVE('',#1674,#1673,#1310,.T.);
#2187=EDGE_CURVE('',#1674,#1675,#790,.T.);
#2188=EDGE_CURVE('',#1675,#1676,#1311,.T.);
#2189=EDGE_CURVE('',#1676,#1677,#1312,.T.);
#2190=EDGE_CURVE('',#1677,#1678,#1313,.T.);
#2191=EDGE_CURVE('',#1678,#1679,#791,.T.);
#2192=EDGE_CURVE('',#1680,#1679,#1314,.T.);
#2193=EDGE_CURVE('',#1680,#1681,#792,.T.);
#2194=EDGE_CURVE('',#1681,#1682,#1315,.T.);
#2195=EDGE_CURVE('',#1682,#1683,#1316,.T.);
#2196=EDGE_CURVE('',#1683,#1684,#1317,.T.);
#2197=EDGE_CURVE('',#1684,#1685,#793,.T.);
#2198=EDGE_CURVE('',#1686,#1685,#1318,.T.);
#2199=EDGE_CURVE('',#1686,#1687,#794,.T.);
#2200=EDGE_CURVE('',#1687,#1688,#1319,.T.);
#2201=EDGE_CURVE('',#1688,#1689,#1320,.T.);
#2202=EDGE_CURVE('',#1689,#1690,#1321,.T.);
#2203=EDGE_CURVE('',#1690,#1691,#795,.T.);
#2204=EDGE_CURVE('',#1692,#1691,#1322,.T.);
#2205=EDGE_CURVE('',#1692,#1693,#796,.T.);
#2206=EDGE_CURVE('',#1693,#1694,#1323,.T.);
#2207=EDGE_CURVE('',#1694,#1695,#1324,.T.);
#2208=EDGE_CURVE('',#1695,#1696,#1325,.T.);
#2209=EDGE_CURVE('',#1696,#1697,#797,.T.);
#2210=EDGE_CURVE('',#1698,#1697,#1326,.T.);
#2211=EDGE_CURVE('',#1698,#1699,#798,.T.);
#2212=EDGE_CURVE('',#1699,#1700,#1327,.T.);
#2213=EDGE_CURVE('',#1700,#1701,#1328,.T.);
#2214=EDGE_CURVE('',#1701,#1702,#1329,.T.);
#2215=EDGE_CURVE('',#1702,#1703,#799,.T.);
#2216=EDGE_CURVE('',#1704,#1703,#1330,.T.);
#2217=EDGE_CURVE('',#1704,#1705,#800,.T.);
#2218=EDGE_CURVE('',#1705,#1706,#1331,.T.);
#2219=EDGE_CURVE('',#1706,#1707,#1332,.T.);
#2220=EDGE_CURVE('',#1707,#1708,#1333,.T.);
#2221=EDGE_CURVE('',#1708,#1709,#801,.T.);
#2222=EDGE_CURVE('',#1710,#1709,#1334,.T.);
#2223=EDGE_CURVE('',#1710,#1711,#802,.T.);
#2224=EDGE_CURVE('',#1711,#1712,#1335,.T.);
#2225=EDGE_CURVE('',#1712,#1713,#1336,.T.);
#2226=EDGE_CURVE('',#1713,#1666,#1337,.T.);
#2227=EDGE_CURVE('',#1667,#1609,#168,.T.);
#2228=EDGE_CURVE('',#1608,#1668,#169,.T.);
#2229=EDGE_CURVE('',#1575,#1570,#133,.T.);
#2230=EDGE_CURVE('',#1571,#1576,#134,.T.);
#2231=EDGE_CURVE('',#1538,#1574,#135,.T.);
#2232=EDGE_CURVE('',#1556,#1553,#136,.T.);
#2233=EDGE_CURVE('',#1714,#1552,#137,.T.);
#2234=EDGE_CURVE('',#1551,#1714,#1338,.T.);
#2235=EDGE_CURVE('',#1714,#1557,#138,.T.);
#2236=EDGE_CURVE('',#1577,#1539,#139,.T.);
#2237=EDGE_CURVE('',#1715,#1716,#170,.T.);
#2238=EDGE_CURVE('',#1716,#1717,#1339,.T.);
#2239=EDGE_CURVE('',#1717,#1718,#171,.T.);
#2240=EDGE_CURVE('',#1718,#1647,#140,.T.);
#2241=EDGE_CURVE('',#1646,#1715,#141,.T.);
#2242=EDGE_CURVE('',#1719,#1720,#172,.T.);
#2243=EDGE_CURVE('',#1720,#1663,#142,.T.);
#2244=EDGE_CURVE('',#1662,#1721,#143,.T.);
#2245=EDGE_CURVE('',#1721,#1722,#173,.T.);
#2246=EDGE_CURVE('',#1722,#1719,#1340,.T.);
#2247=EDGE_CURVE('',#1723,#1724,#174,.T.);
#2248=EDGE_CURVE('',#1724,#1725,#1341,.T.);
#2249=EDGE_CURVE('',#1725,#1726,#175,.T.);
#2250=EDGE_CURVE('',#1726,#1639,#144,.T.);
#2251=EDGE_CURVE('',#1638,#1723,#145,.T.);
#2252=EDGE_CURVE('',#1727,#1728,#176,.T.);
#2253=EDGE_CURVE('',#1728,#1659,#146,.T.);
#2254=EDGE_CURVE('',#1658,#1729,#147,.T.);
#2255=EDGE_CURVE('',#1729,#1730,#177,.T.);
#2256=EDGE_CURVE('',#1730,#1727,#1342,.T.);
#2257=EDGE_CURVE('',#1731,#1732,#178,.T.);
#2258=EDGE_CURVE('',#1732,#1733,#1343,.T.);
#2259=EDGE_CURVE('',#1733,#1734,#179,.T.);
#2260=EDGE_CURVE('',#1734,#1651,#148,.T.);
#2261=EDGE_CURVE('',#1650,#1731,#149,.T.);
#2262=EDGE_CURVE('',#1735,#1736,#180,.T.);
#2263=EDGE_CURVE('',#1736,#1655,#150,.T.);
#2264=EDGE_CURVE('',#1654,#1737,#151,.T.);
#2265=EDGE_CURVE('',#1737,#1738,#181,.T.);
#2266=EDGE_CURVE('',#1738,#1735,#1344,.T.);
#2267=EDGE_CURVE('',#1739,#1740,#182,.T.);
#2268=EDGE_CURVE('',#1740,#1643,#152,.T.);
#2269=EDGE_CURVE('',#1642,#1741,#153,.T.);
#2270=EDGE_CURVE('',#1741,#1742,#183,.T.);
#2271=EDGE_CURVE('',#1742,#1739,#1345,.T.);
#2272=EDGE_CURVE('',#1624,#1616,#803,.T.);
#2273=EDGE_CURVE('',#1615,#1743,#804,.T.);
#2274=EDGE_CURVE('',#1743,#1744,#1346,.T.);
#2275=EDGE_CURVE('',#1744,#1719,#805,.T.);
#2276=EDGE_CURVE('',#1722,#1745,#806,.T.);
#2277=EDGE_CURVE('',#1745,#1746,#1347,.T.);
#2278=EDGE_CURVE('',#1746,#1727,#807,.T.);
#2279=EDGE_CURVE('',#1730,#1747,#808,.T.);
#2280=EDGE_CURVE('',#1747,#1748,#1348,.T.);
#2281=EDGE_CURVE('',#1748,#1735,#809,.T.);
#2282=EDGE_CURVE('',#1738,#1749,#810,.T.);
#2283=EDGE_CURVE('',#1749,#1750,#1349,.T.);
#2284=EDGE_CURVE('',#1750,#1733,#811,.T.);
#2285=EDGE_CURVE('',#1732,#1751,#812,.T.);
#2286=EDGE_CURVE('',#1751,#1752,#1350,.T.);
#2287=EDGE_CURVE('',#1752,#1717,#813,.T.);
#2288=EDGE_CURVE('',#1716,#1753,#814,.T.);
#2289=EDGE_CURVE('',#1753,#1754,#1351,.T.);
#2290=EDGE_CURVE('',#1754,#1739,#815,.T.);
#2291=EDGE_CURVE('',#1742,#1755,#816,.T.);
#2292=EDGE_CURVE('',#1755,#1756,#1352,.T.);
#2293=EDGE_CURVE('',#1756,#1725,#817,.T.);
#2294=EDGE_CURVE('',#1724,#1757,#818,.T.);
#2295=EDGE_CURVE('',#1757,#1758,#1353,.T.);
#2296=EDGE_CURVE('',#1758,#1617,#819,.T.);
#2297=EDGE_CURVE('',#1612,#1710,#184,.T.);
#2298=EDGE_CURVE('',#1709,#1581,#185,.T.);
#2299=EDGE_CURVE('',#1697,#1589,#186,.T.);
#2300=EDGE_CURVE('',#1588,#1698,#187,.T.);
#2301=EDGE_CURVE('',#1592,#1692,#188,.T.);
#2302=EDGE_CURVE('',#1691,#1593,#189,.T.);
#2303=EDGE_CURVE('',#1673,#1605,#190,.T.);
#2304=EDGE_CURVE('',#1604,#1674,#191,.T.);
#2305=EDGE_CURVE('',#1584,#1704,#192,.T.);
#2306=EDGE_CURVE('',#1703,#1585,#193,.T.);
#2307=EDGE_CURVE('',#1679,#1601,#194,.T.);
#2308=EDGE_CURVE('',#1600,#1680,#195,.T.);
#2309=EDGE_CURVE('',#1596,#1686,#196,.T.);
#2310=EDGE_CURVE('',#1685,#1597,#197,.T.);
#2311=EDGE_CURVE('',#1700,#1641,#820,.T.);
#2312=EDGE_CURVE('',#1699,#1741,#821,.T.);
#2313=EDGE_CURVE('',#1701,#1640,#822,.T.);
#2314=EDGE_CURVE('',#1702,#1726,#823,.T.);
#2315=EDGE_CURVE('',#1756,#1586,#824,.T.);
#2316=EDGE_CURVE('',#1587,#1755,#825,.T.);
#2317=EDGE_CURVE('',#1682,#1653,#826,.T.);
#2318=EDGE_CURVE('',#1681,#1737,#827,.T.);
#2319=EDGE_CURVE('',#1683,#1652,#828,.T.);
#2320=EDGE_CURVE('',#1684,#1734,#829,.T.);
#2321=EDGE_CURVE('',#1750,#1598,#830,.T.);
#2322=EDGE_CURVE('',#1599,#1749,#831,.T.);
#2323=EDGE_CURVE('',#1688,#1649,#832,.T.);
#2324=EDGE_CURVE('',#1687,#1731,#833,.T.);
#2325=EDGE_CURVE('',#1689,#1648,#834,.T.);
#2326=EDGE_CURVE('',#1690,#1718,#835,.T.);
#2327=EDGE_CURVE('',#1752,#1594,#836,.T.);
#2328=EDGE_CURVE('',#1595,#1751,#837,.T.);
#2329=EDGE_CURVE('',#1676,#1657,#838,.T.);
#2330=EDGE_CURVE('',#1675,#1729,#839,.T.);
#2331=EDGE_CURVE('',#1677,#1656,#840,.T.);
#2332=EDGE_CURVE('',#1678,#1736,#841,.T.);
#2333=EDGE_CURVE('',#1748,#1602,#842,.T.);
#2334=EDGE_CURVE('',#1603,#1747,#843,.T.);
#2335=EDGE_CURVE('',#1706,#1637,#844,.T.);
#2336=EDGE_CURVE('',#1705,#1723,#845,.T.);
#2337=EDGE_CURVE('',#1707,#1636,#846,.T.);
#2338=EDGE_CURVE('',#1708,#1618,#847,.T.);
#2339=EDGE_CURVE('',#1758,#1582,#848,.T.);
#2340=EDGE_CURVE('',#1583,#1757,#849,.T.);
#2341=EDGE_CURVE('',#1670,#1661,#850,.T.);
#2342=EDGE_CURVE('',#1669,#1721,#851,.T.);
#2343=EDGE_CURVE('',#1671,#1660,#852,.T.);
#2344=EDGE_CURVE('',#1672,#1728,#853,.T.);
#2345=EDGE_CURVE('',#1746,#1606,#854,.T.);
#2346=EDGE_CURVE('',#1607,#1745,#855,.T.);
#2347=EDGE_CURVE('',#1694,#1645,#856,.T.);
#2348=EDGE_CURVE('',#1693,#1715,#857,.T.);
#2349=EDGE_CURVE('',#1695,#1644,#858,.T.);
#2350=EDGE_CURVE('',#1696,#1740,#859,.T.);
#2351=EDGE_CURVE('',#1754,#1590,#860,.T.);
#2352=EDGE_CURVE('',#1591,#1753,#861,.T.);
#2353=EDGE_CURVE('',#1712,#1635,#862,.T.);
#2354=EDGE_CURVE('',#1711,#1614,#863,.T.);
#2355=EDGE_CURVE('',#1713,#1664,#864,.T.);
#2356=EDGE_CURVE('',#1666,#1720,#865,.T.);
#2357=EDGE_CURVE('',#1744,#1610,#866,.T.);
#2358=EDGE_CURVE('',#1611,#1743,#867,.T.);
#2359=EDGE_CURVE('',#1613,#1622,#868,.T.);
#2360=EDGE_CURVE('',#1759,#1759,#1354,.T.);
#2361=EDGE_CURVE('',#1759,#1760,#869,.T.);
#2362=EDGE_CURVE('',#1760,#1760,#1355,.T.);
#2363=EDGE_CURVE('',#1761,#1761,#1356,.T.);
#2364=EDGE_CURVE('',#1762,#1763,#1357,.T.);
#2365=EDGE_CURVE('',#1763,#1762,#1358,.T.);
#2366=EDGE_CURVE('',#1763,#1759,#870,.T.);
#2367=EDGE_CURVE('',#1764,#1765,#1359,.T.);
#2368=EDGE_CURVE('',#1765,#1764,#1360,.T.);
#2369=EDGE_CURVE('',#1765,#1766,#871,.T.);
#2370=EDGE_CURVE('',#1767,#1766,#1361,.T.);
#2371=EDGE_CURVE('',#1766,#1767,#1362,.T.);
#2372=EDGE_CURVE('',#1766,#1761,#872,.T.);
#2373=ORIENTED_EDGE('',*,*,#1768,.F.);
#2374=ORIENTED_EDGE('',*,*,#1769,.F.);
#2375=ORIENTED_EDGE('',*,*,#1770,.F.);
#2376=ORIENTED_EDGE('',*,*,#1771,.T.);
#2377=ORIENTED_EDGE('',*,*,#1772,.F.);
#2378=ORIENTED_EDGE('',*,*,#1771,.F.);
#2379=ORIENTED_EDGE('',*,*,#1773,.F.);
#2380=ORIENTED_EDGE('',*,*,#1774,.T.);
#2381=ORIENTED_EDGE('',*,*,#1775,.F.);
#2382=ORIENTED_EDGE('',*,*,#1774,.F.);
#2383=ORIENTED_EDGE('',*,*,#1776,.F.);
#2384=ORIENTED_EDGE('',*,*,#1777,.T.);
#2385=ORIENTED_EDGE('',*,*,#1778,.F.);
#2386=ORIENTED_EDGE('',*,*,#1777,.F.);
#2387=ORIENTED_EDGE('',*,*,#1779,.F.);
#2388=ORIENTED_EDGE('',*,*,#1769,.T.);
#2389=ORIENTED_EDGE('',*,*,#1780,.F.);
#2390=ORIENTED_EDGE('',*,*,#1781,.F.);
#2391=ORIENTED_EDGE('',*,*,#1782,.F.);
#2392=ORIENTED_EDGE('',*,*,#1783,.T.);
#2393=ORIENTED_EDGE('',*,*,#1784,.F.);
#2394=ORIENTED_EDGE('',*,*,#1783,.F.);
#2395=ORIENTED_EDGE('',*,*,#1785,.F.);
#2396=ORIENTED_EDGE('',*,*,#1786,.T.);
#2397=ORIENTED_EDGE('',*,*,#1787,.F.);
#2398=ORIENTED_EDGE('',*,*,#1786,.F.);
#2399=ORIENTED_EDGE('',*,*,#1788,.F.);
#2400=ORIENTED_EDGE('',*,*,#1789,.T.);
#2401=ORIENTED_EDGE('',*,*,#1790,.F.);
#2402=ORIENTED_EDGE('',*,*,#1789,.F.);
#2403=ORIENTED_EDGE('',*,*,#1791,.F.);
#2404=ORIENTED_EDGE('',*,*,#1781,.T.);
#2405=ORIENTED_EDGE('',*,*,#1792,.F.);
#2406=ORIENTED_EDGE('',*,*,#1793,.F.);
#2407=ORIENTED_EDGE('',*,*,#1794,.F.);
#2408=ORIENTED_EDGE('',*,*,#1795,.T.);
#2409=ORIENTED_EDGE('',*,*,#1796,.F.);
#2410=ORIENTED_EDGE('',*,*,#1795,.F.);
#2411=ORIENTED_EDGE('',*,*,#1797,.F.);
#2412=ORIENTED_EDGE('',*,*,#1798,.T.);
#2413=ORIENTED_EDGE('',*,*,#1799,.F.);
#2414=ORIENTED_EDGE('',*,*,#1798,.F.);
#2415=ORIENTED_EDGE('',*,*,#1800,.F.);
#2416=ORIENTED_EDGE('',*,*,#1801,.T.);
#2417=ORIENTED_EDGE('',*,*,#1802,.F.);
#2418=ORIENTED_EDGE('',*,*,#1801,.F.);
#2419=ORIENTED_EDGE('',*,*,#1803,.F.);
#2420=ORIENTED_EDGE('',*,*,#1793,.T.);
#2421=ORIENTED_EDGE('',*,*,#1804,.F.);
#2422=ORIENTED_EDGE('',*,*,#1805,.F.);
#2423=ORIENTED_EDGE('',*,*,#1806,.F.);
#2424=ORIENTED_EDGE('',*,*,#1807,.T.);
#2425=ORIENTED_EDGE('',*,*,#1808,.F.);
#2426=ORIENTED_EDGE('',*,*,#1807,.F.);
#2427=ORIENTED_EDGE('',*,*,#1809,.F.);
#2428=ORIENTED_EDGE('',*,*,#1810,.T.);
#2429=ORIENTED_EDGE('',*,*,#1811,.F.);
#2430=ORIENTED_EDGE('',*,*,#1810,.F.);
#2431=ORIENTED_EDGE('',*,*,#1812,.F.);
#2432=ORIENTED_EDGE('',*,*,#1813,.T.);
#2433=ORIENTED_EDGE('',*,*,#1814,.F.);
#2434=ORIENTED_EDGE('',*,*,#1813,.F.);
#2435=ORIENTED_EDGE('',*,*,#1815,.F.);
#2436=ORIENTED_EDGE('',*,*,#1805,.T.);
#2437=ORIENTED_EDGE('',*,*,#1816,.F.);
#2438=ORIENTED_EDGE('',*,*,#1817,.T.);
#2439=ORIENTED_EDGE('',*,*,#1818,.F.);
#2440=ORIENTED_EDGE('',*,*,#1819,.F.);
#2441=ORIENTED_EDGE('',*,*,#1820,.F.);
#2442=ORIENTED_EDGE('',*,*,#1821,.F.);
#2443=ORIENTED_EDGE('',*,*,#1822,.F.);
#2444=ORIENTED_EDGE('',*,*,#1823,.T.);
#2445=ORIENTED_EDGE('',*,*,#1824,.F.);
#2446=ORIENTED_EDGE('',*,*,#1818,.T.);
#2447=ORIENTED_EDGE('',*,*,#1825,.T.);
#2448=ORIENTED_EDGE('',*,*,#1826,.F.);
#2449=ORIENTED_EDGE('',*,*,#1827,.F.);
#2450=ORIENTED_EDGE('',*,*,#1823,.F.);
#2451=ORIENTED_EDGE('',*,*,#1828,.F.);
#2452=ORIENTED_EDGE('',*,*,#1829,.F.);
#2453=ORIENTED_EDGE('',*,*,#1830,.F.);
#2454=ORIENTED_EDGE('',*,*,#1831,.T.);
#2455=ORIENTED_EDGE('',*,*,#1832,.T.);
#2456=ORIENTED_EDGE('',*,*,#1833,.F.);
#2457=ORIENTED_EDGE('',*,*,#1834,.F.);
#2458=ORIENTED_EDGE('',*,*,#1821,.T.);
#2459=ORIENTED_EDGE('',*,*,#1835,.F.);
#2460=ORIENTED_EDGE('',*,*,#1836,.F.);
#2461=ORIENTED_EDGE('',*,*,#1837,.T.);
#2462=ORIENTED_EDGE('',*,*,#1831,.F.);
#2463=ORIENTED_EDGE('',*,*,#1838,.F.);
#2464=ORIENTED_EDGE('',*,*,#1832,.F.);
#2465=ORIENTED_EDGE('',*,*,#1837,.F.);
#2466=ORIENTED_EDGE('',*,*,#1839,.F.);
#2467=ORIENTED_EDGE('',*,*,#1825,.F.);
#2468=ORIENTED_EDGE('',*,*,#1817,.F.);
#2469=ORIENTED_EDGE('',*,*,#1840,.F.);
#2470=ORIENTED_EDGE('',*,*,#1841,.T.);
#2471=ORIENTED_EDGE('',*,*,#1842,.F.);
#2472=ORIENTED_EDGE('',*,*,#1843,.F.);
#2473=ORIENTED_EDGE('',*,*,#1844,.F.);
#2474=ORIENTED_EDGE('',*,*,#1845,.F.);
#2475=ORIENTED_EDGE('',*,*,#1846,.F.);
#2476=ORIENTED_EDGE('',*,*,#1847,.T.);
#2477=ORIENTED_EDGE('',*,*,#1848,.F.);
#2478=ORIENTED_EDGE('',*,*,#1842,.T.);
#2479=ORIENTED_EDGE('',*,*,#1849,.T.);
#2480=ORIENTED_EDGE('',*,*,#1850,.F.);
#2481=ORIENTED_EDGE('',*,*,#1851,.F.);
#2482=ORIENTED_EDGE('',*,*,#1847,.F.);
#2483=ORIENTED_EDGE('',*,*,#1852,.F.);
#2484=ORIENTED_EDGE('',*,*,#1853,.F.);
#2485=ORIENTED_EDGE('',*,*,#1854,.F.);
#2486=ORIENTED_EDGE('',*,*,#1855,.T.);
#2487=ORIENTED_EDGE('',*,*,#1856,.T.);
#2488=ORIENTED_EDGE('',*,*,#1857,.F.);
#2489=ORIENTED_EDGE('',*,*,#1858,.F.);
#2490=ORIENTED_EDGE('',*,*,#1845,.T.);
#2491=ORIENTED_EDGE('',*,*,#1859,.F.);
#2492=ORIENTED_EDGE('',*,*,#1860,.F.);
#2493=ORIENTED_EDGE('',*,*,#1861,.T.);
#2494=ORIENTED_EDGE('',*,*,#1855,.F.);
#2495=ORIENTED_EDGE('',*,*,#1862,.F.);
#2496=ORIENTED_EDGE('',*,*,#1856,.F.);
#2497=ORIENTED_EDGE('',*,*,#1861,.F.);
#2498=ORIENTED_EDGE('',*,*,#1863,.F.);
#2499=ORIENTED_EDGE('',*,*,#1849,.F.);
#2500=ORIENTED_EDGE('',*,*,#1841,.F.);
#2501=ORIENTED_EDGE('',*,*,#1864,.F.);
#2502=ORIENTED_EDGE('',*,*,#1865,.T.);
#2503=ORIENTED_EDGE('',*,*,#1866,.F.);
#2504=ORIENTED_EDGE('',*,*,#1867,.F.);
#2505=ORIENTED_EDGE('',*,*,#1868,.F.);
#2506=ORIENTED_EDGE('',*,*,#1869,.F.);
#2507=ORIENTED_EDGE('',*,*,#1870,.F.);
#2508=ORIENTED_EDGE('',*,*,#1871,.T.);
#2509=ORIENTED_EDGE('',*,*,#1872,.F.);
#2510=ORIENTED_EDGE('',*,*,#1866,.T.);
#2511=ORIENTED_EDGE('',*,*,#1873,.T.);
#2512=ORIENTED_EDGE('',*,*,#1874,.F.);
#2513=ORIENTED_EDGE('',*,*,#1875,.F.);
#2514=ORIENTED_EDGE('',*,*,#1871,.F.);
#2515=ORIENTED_EDGE('',*,*,#1876,.F.);
#2516=ORIENTED_EDGE('',*,*,#1877,.F.);
#2517=ORIENTED_EDGE('',*,*,#1878,.F.);
#2518=ORIENTED_EDGE('',*,*,#1879,.T.);
#2519=ORIENTED_EDGE('',*,*,#1880,.T.);
#2520=ORIENTED_EDGE('',*,*,#1881,.F.);
#2521=ORIENTED_EDGE('',*,*,#1882,.F.);
#2522=ORIENTED_EDGE('',*,*,#1869,.T.);
#2523=ORIENTED_EDGE('',*,*,#1883,.F.);
#2524=ORIENTED_EDGE('',*,*,#1884,.F.);
#2525=ORIENTED_EDGE('',*,*,#1885,.T.);
#2526=ORIENTED_EDGE('',*,*,#1879,.F.);
#2527=ORIENTED_EDGE('',*,*,#1886,.F.);
#2528=ORIENTED_EDGE('',*,*,#1880,.F.);
#2529=ORIENTED_EDGE('',*,*,#1885,.F.);
#2530=ORIENTED_EDGE('',*,*,#1887,.F.);
#2531=ORIENTED_EDGE('',*,*,#1873,.F.);
#2532=ORIENTED_EDGE('',*,*,#1865,.F.);
#2533=ORIENTED_EDGE('',*,*,#1888,.F.);
#2534=ORIENTED_EDGE('',*,*,#1889,.T.);
#2535=ORIENTED_EDGE('',*,*,#1890,.F.);
#2536=ORIENTED_EDGE('',*,*,#1891,.F.);
#2537=ORIENTED_EDGE('',*,*,#1892,.F.);
#2538=ORIENTED_EDGE('',*,*,#1893,.F.);
#2539=ORIENTED_EDGE('',*,*,#1894,.F.);
#2540=ORIENTED_EDGE('',*,*,#1895,.T.);
#2541=ORIENTED_EDGE('',*,*,#1896,.F.);
#2542=ORIENTED_EDGE('',*,*,#1890,.T.);
#2543=ORIENTED_EDGE('',*,*,#1897,.T.);
#2544=ORIENTED_EDGE('',*,*,#1898,.F.);
#2545=ORIENTED_EDGE('',*,*,#1899,.F.);
#2546=ORIENTED_EDGE('',*,*,#1895,.F.);
#2547=ORIENTED_EDGE('',*,*,#1900,.F.);
#2548=ORIENTED_EDGE('',*,*,#1901,.F.);
#2549=ORIENTED_EDGE('',*,*,#1902,.F.);
#2550=ORIENTED_EDGE('',*,*,#1903,.T.);
#2551=ORIENTED_EDGE('',*,*,#1904,.T.);
#2552=ORIENTED_EDGE('',*,*,#1905,.F.);
#2553=ORIENTED_EDGE('',*,*,#1906,.F.);
#2554=ORIENTED_EDGE('',*,*,#1893,.T.);
#2555=ORIENTED_EDGE('',*,*,#1907,.F.);
#2556=ORIENTED_EDGE('',*,*,#1908,.F.);
#2557=ORIENTED_EDGE('',*,*,#1909,.T.);
#2558=ORIENTED_EDGE('',*,*,#1903,.F.);
#2559=ORIENTED_EDGE('',*,*,#1910,.F.);
#2560=ORIENTED_EDGE('',*,*,#1904,.F.);
#2561=ORIENTED_EDGE('',*,*,#1909,.F.);
#2562=ORIENTED_EDGE('',*,*,#1911,.F.);
#2563=ORIENTED_EDGE('',*,*,#1912,.F.);
#2564=ORIENTED_EDGE('',*,*,#1897,.F.);
#2565=ORIENTED_EDGE('',*,*,#1889,.F.);
#2566=ORIENTED_EDGE('',*,*,#1913,.F.);
#2567=ORIENTED_EDGE('',*,*,#1914,.F.);
#2568=ORIENTED_EDGE('',*,*,#1915,.T.);
#2569=ORIENTED_EDGE('',*,*,#1916,.F.);
#2570=ORIENTED_EDGE('',*,*,#1917,.F.);
#2571=ORIENTED_EDGE('',*,*,#1918,.F.);
#2572=ORIENTED_EDGE('',*,*,#1919,.F.);
#2573=ORIENTED_EDGE('',*,*,#1920,.F.);
#2574=ORIENTED_EDGE('',*,*,#1921,.T.);
#2575=ORIENTED_EDGE('',*,*,#1922,.F.);
#2576=ORIENTED_EDGE('',*,*,#1916,.T.);
#2577=ORIENTED_EDGE('',*,*,#1923,.T.);
#2578=ORIENTED_EDGE('',*,*,#1924,.F.);
#2579=ORIENTED_EDGE('',*,*,#1925,.F.);
#2580=ORIENTED_EDGE('',*,*,#1921,.F.);
#2581=ORIENTED_EDGE('',*,*,#1926,.F.);
#2582=ORIENTED_EDGE('',*,*,#1927,.F.);
#2583=ORIENTED_EDGE('',*,*,#1928,.F.);
#2584=ORIENTED_EDGE('',*,*,#1929,.T.);
#2585=ORIENTED_EDGE('',*,*,#1930,.T.);
#2586=ORIENTED_EDGE('',*,*,#1931,.F.);
#2587=ORIENTED_EDGE('',*,*,#1932,.F.);
#2588=ORIENTED_EDGE('',*,*,#1919,.T.);
#2589=ORIENTED_EDGE('',*,*,#1933,.F.);
#2590=ORIENTED_EDGE('',*,*,#1934,.F.);
#2591=ORIENTED_EDGE('',*,*,#1935,.T.);
#2592=ORIENTED_EDGE('',*,*,#1929,.F.);
#2593=ORIENTED_EDGE('',*,*,#1936,.F.);
#2594=ORIENTED_EDGE('',*,*,#1930,.F.);
#2595=ORIENTED_EDGE('',*,*,#1935,.F.);
#2596=ORIENTED_EDGE('',*,*,#1937,.F.);
#2597=ORIENTED_EDGE('',*,*,#1923,.F.);
#2598=ORIENTED_EDGE('',*,*,#1915,.F.);
#2599=ORIENTED_EDGE('',*,*,#1938,.F.);
#2600=ORIENTED_EDGE('',*,*,#1939,.T.);
#2601=ORIENTED_EDGE('',*,*,#1940,.F.);
#2602=ORIENTED_EDGE('',*,*,#1941,.F.);
#2603=ORIENTED_EDGE('',*,*,#1942,.F.);
#2604=ORIENTED_EDGE('',*,*,#1943,.F.);
#2605=ORIENTED_EDGE('',*,*,#1944,.F.);
#2606=ORIENTED_EDGE('',*,*,#1945,.T.);
#2607=ORIENTED_EDGE('',*,*,#1946,.F.);
#2608=ORIENTED_EDGE('',*,*,#1940,.T.);
#2609=ORIENTED_EDGE('',*,*,#1947,.T.);
#2610=ORIENTED_EDGE('',*,*,#1948,.F.);
#2611=ORIENTED_EDGE('',*,*,#1949,.F.);
#2612=ORIENTED_EDGE('',*,*,#1945,.F.);
#2613=ORIENTED_EDGE('',*,*,#1950,.F.);
#2614=ORIENTED_EDGE('',*,*,#1951,.F.);
#2615=ORIENTED_EDGE('',*,*,#1952,.F.);
#2616=ORIENTED_EDGE('',*,*,#1953,.T.);
#2617=ORIENTED_EDGE('',*,*,#1954,.T.);
#2618=ORIENTED_EDGE('',*,*,#1955,.F.);
#2619=ORIENTED_EDGE('',*,*,#1956,.F.);
#2620=ORIENTED_EDGE('',*,*,#1943,.T.);
#2621=ORIENTED_EDGE('',*,*,#1957,.F.);
#2622=ORIENTED_EDGE('',*,*,#1958,.F.);
#2623=ORIENTED_EDGE('',*,*,#1959,.T.);
#2624=ORIENTED_EDGE('',*,*,#1953,.F.);
#2625=ORIENTED_EDGE('',*,*,#1960,.F.);
#2626=ORIENTED_EDGE('',*,*,#1954,.F.);
#2627=ORIENTED_EDGE('',*,*,#1959,.F.);
#2628=ORIENTED_EDGE('',*,*,#1961,.F.);
#2629=ORIENTED_EDGE('',*,*,#1947,.F.);
#2630=ORIENTED_EDGE('',*,*,#1939,.F.);
#2631=ORIENTED_EDGE('',*,*,#1928,.T.);
#2632=ORIENTED_EDGE('',*,*,#1962,.T.);
#2633=ORIENTED_EDGE('',*,*,#1941,.T.);
#2634=ORIENTED_EDGE('',*,*,#1946,.T.);
#2635=ORIENTED_EDGE('',*,*,#1963,.T.);
#2636=ORIENTED_EDGE('',*,*,#1931,.T.);
#2637=ORIENTED_EDGE('',*,*,#1891,.T.);
#2638=ORIENTED_EDGE('',*,*,#1896,.T.);
#2639=ORIENTED_EDGE('',*,*,#1964,.T.);
#2640=ORIENTED_EDGE('',*,*,#1955,.T.);
#2641=ORIENTED_EDGE('',*,*,#1952,.T.);
#2642=ORIENTED_EDGE('',*,*,#1965,.T.);
#2643=ORIENTED_EDGE('',*,*,#1854,.T.);
#2644=ORIENTED_EDGE('',*,*,#1966,.T.);
#2645=ORIENTED_EDGE('',*,*,#1867,.T.);
#2646=ORIENTED_EDGE('',*,*,#1872,.T.);
#2647=ORIENTED_EDGE('',*,*,#1967,.T.);
#2648=ORIENTED_EDGE('',*,*,#1857,.T.);
#2649=ORIENTED_EDGE('',*,*,#1843,.T.);
#2650=ORIENTED_EDGE('',*,*,#1848,.T.);
#2651=ORIENTED_EDGE('',*,*,#1968,.T.);
#2652=ORIENTED_EDGE('',*,*,#1905,.T.);
#2653=ORIENTED_EDGE('',*,*,#1902,.T.);
#2654=ORIENTED_EDGE('',*,*,#1969,.T.);
#2655=ORIENTED_EDGE('',*,*,#1830,.T.);
#2656=ORIENTED_EDGE('',*,*,#1970,.T.);
#2657=ORIENTED_EDGE('',*,*,#1917,.T.);
#2658=ORIENTED_EDGE('',*,*,#1922,.T.);
#2659=ORIENTED_EDGE('',*,*,#1971,.T.);
#2660=ORIENTED_EDGE('',*,*,#1833,.T.);
#2661=ORIENTED_EDGE('',*,*,#1819,.T.);
#2662=ORIENTED_EDGE('',*,*,#1824,.T.);
#2663=ORIENTED_EDGE('',*,*,#1972,.T.);
#2664=ORIENTED_EDGE('',*,*,#1881,.T.);
#2665=ORIENTED_EDGE('',*,*,#1878,.T.);
#2666=ORIENTED_EDGE('',*,*,#1973,.T.);
#2667=ORIENTED_EDGE('',*,*,#1828,.T.);
#2668=ORIENTED_EDGE('',*,*,#1822,.T.);
#2669=ORIENTED_EDGE('',*,*,#1834,.T.);
#2670=ORIENTED_EDGE('',*,*,#1971,.F.);
#2671=ORIENTED_EDGE('',*,*,#1926,.T.);
#2672=ORIENTED_EDGE('',*,*,#1920,.T.);
#2673=ORIENTED_EDGE('',*,*,#1932,.T.);
#2674=ORIENTED_EDGE('',*,*,#1963,.F.);
#2675=ORIENTED_EDGE('',*,*,#1950,.T.);
#2676=ORIENTED_EDGE('',*,*,#1944,.T.);
#2677=ORIENTED_EDGE('',*,*,#1956,.T.);
#2678=ORIENTED_EDGE('',*,*,#1964,.F.);
#2679=ORIENTED_EDGE('',*,*,#1900,.T.);
#2680=ORIENTED_EDGE('',*,*,#1894,.T.);
#2681=ORIENTED_EDGE('',*,*,#1906,.T.);
#2682=ORIENTED_EDGE('',*,*,#1968,.F.);
#2683=ORIENTED_EDGE('',*,*,#1852,.T.);
#2684=ORIENTED_EDGE('',*,*,#1846,.T.);
#2685=ORIENTED_EDGE('',*,*,#1858,.T.);
#2686=ORIENTED_EDGE('',*,*,#1967,.F.);
#2687=ORIENTED_EDGE('',*,*,#1876,.T.);
#2688=ORIENTED_EDGE('',*,*,#1870,.T.);
#2689=ORIENTED_EDGE('',*,*,#1882,.T.);
#2690=ORIENTED_EDGE('',*,*,#1972,.F.);
#2691=ORIENTED_EDGE('',*,*,#1776,.T.);
#2692=ORIENTED_EDGE('',*,*,#1773,.T.);
#2693=ORIENTED_EDGE('',*,*,#1770,.T.);
#2694=ORIENTED_EDGE('',*,*,#1779,.T.);
#2695=ORIENTED_EDGE('',*,*,#1788,.T.);
#2696=ORIENTED_EDGE('',*,*,#1785,.T.);
#2697=ORIENTED_EDGE('',*,*,#1782,.T.);
#2698=ORIENTED_EDGE('',*,*,#1791,.T.);
#2699=ORIENTED_EDGE('',*,*,#1800,.T.);
#2700=ORIENTED_EDGE('',*,*,#1797,.T.);
#2701=ORIENTED_EDGE('',*,*,#1794,.T.);
#2702=ORIENTED_EDGE('',*,*,#1803,.T.);
#2703=ORIENTED_EDGE('',*,*,#1812,.T.);
#2704=ORIENTED_EDGE('',*,*,#1809,.T.);
#2705=ORIENTED_EDGE('',*,*,#1806,.T.);
#2706=ORIENTED_EDGE('',*,*,#1815,.T.);
#2707=ORIENTED_EDGE('',*,*,#1974,.F.);
#2708=ORIENTED_EDGE('',*,*,#1975,.T.);
#2709=ORIENTED_EDGE('',*,*,#1976,.T.);
#2710=ORIENTED_EDGE('',*,*,#1977,.T.);
#2711=ORIENTED_EDGE('',*,*,#1978,.T.);
#2712=ORIENTED_EDGE('',*,*,#1835,.T.);
#2713=ORIENTED_EDGE('',*,*,#1820,.T.);
#2714=ORIENTED_EDGE('',*,*,#1827,.T.);
#2715=ORIENTED_EDGE('',*,*,#1979,.F.);
#2716=ORIENTED_EDGE('',*,*,#1883,.T.);
#2717=ORIENTED_EDGE('',*,*,#1868,.T.);
#2718=ORIENTED_EDGE('',*,*,#1875,.T.);
#2719=ORIENTED_EDGE('',*,*,#1980,.F.);
#2720=ORIENTED_EDGE('',*,*,#1859,.T.);
#2721=ORIENTED_EDGE('',*,*,#1844,.T.);
#2722=ORIENTED_EDGE('',*,*,#1851,.T.);
#2723=ORIENTED_EDGE('',*,*,#1981,.F.);
#2724=ORIENTED_EDGE('',*,*,#1907,.T.);
#2725=ORIENTED_EDGE('',*,*,#1892,.T.);
#2726=ORIENTED_EDGE('',*,*,#1899,.T.);
#2727=ORIENTED_EDGE('',*,*,#1982,.F.);
#2728=ORIENTED_EDGE('',*,*,#1957,.T.);
#2729=ORIENTED_EDGE('',*,*,#1942,.T.);
#2730=ORIENTED_EDGE('',*,*,#1949,.T.);
#2731=ORIENTED_EDGE('',*,*,#1983,.F.);
#2732=ORIENTED_EDGE('',*,*,#1933,.T.);
#2733=ORIENTED_EDGE('',*,*,#1918,.T.);
#2734=ORIENTED_EDGE('',*,*,#1925,.T.);
#2735=ORIENTED_EDGE('',*,*,#1984,.F.);
#2736=ORIENTED_EDGE('',*,*,#1775,.T.);
#2737=ORIENTED_EDGE('',*,*,#1778,.T.);
#2738=ORIENTED_EDGE('',*,*,#1768,.T.);
#2739=ORIENTED_EDGE('',*,*,#1772,.T.);
#2740=ORIENTED_EDGE('',*,*,#1787,.T.);
#2741=ORIENTED_EDGE('',*,*,#1790,.T.);
#2742=ORIENTED_EDGE('',*,*,#1780,.T.);
#2743=ORIENTED_EDGE('',*,*,#1784,.T.);
#2744=ORIENTED_EDGE('',*,*,#1799,.T.);
#2745=ORIENTED_EDGE('',*,*,#1802,.T.);
#2746=ORIENTED_EDGE('',*,*,#1792,.T.);
#2747=ORIENTED_EDGE('',*,*,#1796,.T.);
#2748=ORIENTED_EDGE('',*,*,#1811,.T.);
#2749=ORIENTED_EDGE('',*,*,#1814,.T.);
#2750=ORIENTED_EDGE('',*,*,#1804,.T.);
#2751=ORIENTED_EDGE('',*,*,#1808,.T.);
#2752=ORIENTED_EDGE('',*,*,#1985,.T.);
#2753=ORIENTED_EDGE('',*,*,#1986,.T.);
#2754=ORIENTED_EDGE('',*,*,#1987,.T.);
#2755=ORIENTED_EDGE('',*,*,#1988,.T.);
#2756=ORIENTED_EDGE('',*,*,#1989,.T.);
#2757=ORIENTED_EDGE('',*,*,#1990,.T.);
#2758=ORIENTED_EDGE('',*,*,#1974,.T.);
#2759=ORIENTED_EDGE('',*,*,#1991,.T.);
#2760=ORIENTED_EDGE('',*,*,#1992,.T.);
#2761=ORIENTED_EDGE('',*,*,#1991,.F.);
#2762=ORIENTED_EDGE('',*,*,#1992,.F.);
#2763=ORIENTED_EDGE('',*,*,#1993,.T.);
#2764=ORIENTED_EDGE('',*,*,#1994,.T.);
#2765=ORIENTED_EDGE('',*,*,#1993,.F.);
#2766=ORIENTED_EDGE('',*,*,#1994,.F.);
#2767=ORIENTED_EDGE('',*,*,#1995,.F.);
#2768=ORIENTED_EDGE('',*,*,#1975,.F.);
#2769=ORIENTED_EDGE('',*,*,#1996,.T.);
#2770=ORIENTED_EDGE('',*,*,#1990,.F.);
#2771=ORIENTED_EDGE('',*,*,#1996,.F.);
#2772=ORIENTED_EDGE('',*,*,#1976,.F.);
#2773=ORIENTED_EDGE('',*,*,#1997,.T.);
#2774=ORIENTED_EDGE('',*,*,#1989,.F.);
#2775=ORIENTED_EDGE('',*,*,#1997,.F.);
#2776=ORIENTED_EDGE('',*,*,#1977,.F.);
#2777=ORIENTED_EDGE('',*,*,#1998,.T.);
#2778=ORIENTED_EDGE('',*,*,#1988,.F.);
#2779=ORIENTED_EDGE('',*,*,#1998,.F.);
#2780=ORIENTED_EDGE('',*,*,#1978,.F.);
#2781=ORIENTED_EDGE('',*,*,#1999,.T.);
#2782=ORIENTED_EDGE('',*,*,#1987,.F.);
#2783=ORIENTED_EDGE('',*,*,#1999,.F.);
#2784=ORIENTED_EDGE('',*,*,#1816,.T.);
#2785=ORIENTED_EDGE('',*,*,#1973,.F.);
#2786=ORIENTED_EDGE('',*,*,#1877,.T.);
#2787=ORIENTED_EDGE('',*,*,#1886,.T.);
#2788=ORIENTED_EDGE('',*,*,#1864,.T.);
#2789=ORIENTED_EDGE('',*,*,#1966,.F.);
#2790=ORIENTED_EDGE('',*,*,#1853,.T.);
#2791=ORIENTED_EDGE('',*,*,#1862,.T.);
#2792=ORIENTED_EDGE('',*,*,#1840,.T.);
#2793=ORIENTED_EDGE('',*,*,#1969,.F.);
#2794=ORIENTED_EDGE('',*,*,#1901,.T.);
#2795=ORIENTED_EDGE('',*,*,#1910,.T.);
#2796=ORIENTED_EDGE('',*,*,#2000,.T.);
#2797=ORIENTED_EDGE('',*,*,#2001,.T.);
#2798=ORIENTED_EDGE('',*,*,#2002,.T.);
#2799=ORIENTED_EDGE('',*,*,#2000,.F.);
#2800=ORIENTED_EDGE('',*,*,#1913,.T.);
#2801=ORIENTED_EDGE('',*,*,#1888,.T.);
#2802=ORIENTED_EDGE('',*,*,#1965,.F.);
#2803=ORIENTED_EDGE('',*,*,#1951,.T.);
#2804=ORIENTED_EDGE('',*,*,#1960,.T.);
#2805=ORIENTED_EDGE('',*,*,#1938,.T.);
#2806=ORIENTED_EDGE('',*,*,#1962,.F.);
#2807=ORIENTED_EDGE('',*,*,#1927,.T.);
#2808=ORIENTED_EDGE('',*,*,#1936,.T.);
#2809=ORIENTED_EDGE('',*,*,#1914,.T.);
#2810=ORIENTED_EDGE('',*,*,#1970,.F.);
#2811=ORIENTED_EDGE('',*,*,#1829,.T.);
#2812=ORIENTED_EDGE('',*,*,#1838,.T.);
#2813=ORIENTED_EDGE('',*,*,#1836,.T.);
#2814=ORIENTED_EDGE('',*,*,#1984,.T.);
#2815=ORIENTED_EDGE('',*,*,#1924,.T.);
#2816=ORIENTED_EDGE('',*,*,#1937,.T.);
#2817=ORIENTED_EDGE('',*,*,#1934,.T.);
#2818=ORIENTED_EDGE('',*,*,#1983,.T.);
#2819=ORIENTED_EDGE('',*,*,#1948,.T.);
#2820=ORIENTED_EDGE('',*,*,#1961,.T.);
#2821=ORIENTED_EDGE('',*,*,#1958,.T.);
#2822=ORIENTED_EDGE('',*,*,#1982,.T.);
#2823=ORIENTED_EDGE('',*,*,#1898,.T.);
#2824=ORIENTED_EDGE('',*,*,#1912,.T.);
#2825=ORIENTED_EDGE('',*,*,#2003,.T.);
#2826=ORIENTED_EDGE('',*,*,#2004,.F.);
#2827=ORIENTED_EDGE('',*,*,#2005,.F.);
#2828=ORIENTED_EDGE('',*,*,#2003,.F.);
#2829=ORIENTED_EDGE('',*,*,#1911,.T.);
#2830=ORIENTED_EDGE('',*,*,#1908,.T.);
#2831=ORIENTED_EDGE('',*,*,#1981,.T.);
#2832=ORIENTED_EDGE('',*,*,#1850,.T.);
#2833=ORIENTED_EDGE('',*,*,#1863,.T.);
#2834=ORIENTED_EDGE('',*,*,#1860,.T.);
#2835=ORIENTED_EDGE('',*,*,#1980,.T.);
#2836=ORIENTED_EDGE('',*,*,#1874,.T.);
#2837=ORIENTED_EDGE('',*,*,#1887,.T.);
#2838=ORIENTED_EDGE('',*,*,#1884,.T.);
#2839=ORIENTED_EDGE('',*,*,#1979,.T.);
#2840=ORIENTED_EDGE('',*,*,#1826,.T.);
#2841=ORIENTED_EDGE('',*,*,#1839,.T.);
#2842=ORIENTED_EDGE('',*,*,#2002,.F.);
#2843=ORIENTED_EDGE('',*,*,#2001,.F.);
#2844=ORIENTED_EDGE('',*,*,#2004,.T.);
#2845=ORIENTED_EDGE('',*,*,#2005,.T.);
#2846=ORIENTED_EDGE('',*,*,#1995,.T.);
#2847=ORIENTED_EDGE('',*,*,#2006,.T.);
#2848=ORIENTED_EDGE('',*,*,#2007,.F.);
#2849=ORIENTED_EDGE('',*,*,#2008,.F.);
#2850=ORIENTED_EDGE('',*,*,#2006,.F.);
#2851=ORIENTED_EDGE('',*,*,#2007,.T.);
#2852=ORIENTED_EDGE('',*,*,#2009,.T.);
#2853=ORIENTED_EDGE('',*,*,#2010,.F.);
#2854=ORIENTED_EDGE('',*,*,#2011,.F.);
#2855=ORIENTED_EDGE('',*,*,#2009,.F.);
#2856=ORIENTED_EDGE('',*,*,#2008,.T.);
#2857=ORIENTED_EDGE('',*,*,#2012,.F.);
#2858=ORIENTED_EDGE('',*,*,#2013,.F.);
#2859=ORIENTED_EDGE('',*,*,#2010,.T.);
#2860=ORIENTED_EDGE('',*,*,#2011,.T.);
#2861=ORIENTED_EDGE('',*,*,#2014,.F.);
#2862=ORIENTED_EDGE('',*,*,#2015,.F.);
#2863=ORIENTED_EDGE('',*,*,#2016,.T.);
#2864=ORIENTED_EDGE('',*,*,#2013,.T.);
#2865=ORIENTED_EDGE('',*,*,#2012,.T.);
#2866=ORIENTED_EDGE('',*,*,#2016,.F.);
#2867=ORIENTED_EDGE('',*,*,#2017,.F.);
#2868=ORIENTED_EDGE('',*,*,#2018,.F.);
#2869=ORIENTED_EDGE('',*,*,#2019,.T.);
#2870=ORIENTED_EDGE('',*,*,#2015,.T.);
#2871=ORIENTED_EDGE('',*,*,#2014,.T.);
#2872=ORIENTED_EDGE('',*,*,#2019,.F.);
#2873=ORIENTED_EDGE('',*,*,#1985,.F.);
#2874=ORIENTED_EDGE('',*,*,#1986,.F.);
#2875=ORIENTED_EDGE('',*,*,#2020,.T.);
#2876=ORIENTED_EDGE('',*,*,#2018,.T.);
#2877=ORIENTED_EDGE('',*,*,#2017,.T.);
#2878=ORIENTED_EDGE('',*,*,#2020,.F.);
#2879=ORIENTED_EDGE('',*,*,#2021,.F.);
#2880=ORIENTED_EDGE('',*,*,#2022,.F.);
#2881=ORIENTED_EDGE('',*,*,#2023,.T.);
#2882=ORIENTED_EDGE('',*,*,#2024,.F.);
#2883=ORIENTED_EDGE('',*,*,#2025,.T.);
#2884=ORIENTED_EDGE('',*,*,#2026,.F.);
#2885=ORIENTED_EDGE('',*,*,#2027,.F.);
#2886=ORIENTED_EDGE('',*,*,#2028,.F.);
#2887=ORIENTED_EDGE('',*,*,#2029,.T.);
#2888=ORIENTED_EDGE('',*,*,#2024,.T.);
#2889=ORIENTED_EDGE('',*,*,#2030,.F.);
#2890=ORIENTED_EDGE('',*,*,#2031,.F.);
#2891=ORIENTED_EDGE('',*,*,#2032,.T.);
#2892=ORIENTED_EDGE('',*,*,#2028,.T.);
#2893=ORIENTED_EDGE('',*,*,#2033,.F.);
#2894=ORIENTED_EDGE('',*,*,#2034,.F.);
#2895=ORIENTED_EDGE('',*,*,#2035,.T.);
#2896=ORIENTED_EDGE('',*,*,#2031,.T.);
#2897=ORIENTED_EDGE('',*,*,#2036,.F.);
#2898=ORIENTED_EDGE('',*,*,#2037,.F.);
#2899=ORIENTED_EDGE('',*,*,#2038,.T.);
#2900=ORIENTED_EDGE('',*,*,#2034,.T.);
#2901=ORIENTED_EDGE('',*,*,#2039,.F.);
#2902=ORIENTED_EDGE('',*,*,#2021,.T.);
#2903=ORIENTED_EDGE('',*,*,#2037,.T.);
#2904=ORIENTED_EDGE('',*,*,#2040,.F.);
#2905=ORIENTED_EDGE('',*,*,#2041,.F.);
#2906=ORIENTED_EDGE('',*,*,#2042,.T.);
#2907=ORIENTED_EDGE('',*,*,#2022,.T.);
#2908=ORIENTED_EDGE('',*,*,#2043,.F.);
#2909=ORIENTED_EDGE('',*,*,#2044,.F.);
#2910=ORIENTED_EDGE('',*,*,#2045,.T.);
#2911=ORIENTED_EDGE('',*,*,#2041,.T.);
#2912=ORIENTED_EDGE('',*,*,#2046,.F.);
#2913=ORIENTED_EDGE('',*,*,#2047,.F.);
#2914=ORIENTED_EDGE('',*,*,#2048,.F.);
#2915=ORIENTED_EDGE('',*,*,#2049,.T.);
#2916=ORIENTED_EDGE('',*,*,#2044,.T.);
#2917=ORIENTED_EDGE('',*,*,#2050,.F.);
#2918=ORIENTED_EDGE('',*,*,#2051,.F.);
#2919=ORIENTED_EDGE('',*,*,#2052,.T.);
#2920=ORIENTED_EDGE('',*,*,#2053,.F.);
#2921=ORIENTED_EDGE('',*,*,#2054,.T.);
#2922=ORIENTED_EDGE('',*,*,#2055,.F.);
#2923=ORIENTED_EDGE('',*,*,#2056,.T.);
#2924=ORIENTED_EDGE('',*,*,#2051,.T.);
#2925=ORIENTED_EDGE('',*,*,#2057,.T.);
#2926=ORIENTED_EDGE('',*,*,#2058,.F.);
#2927=ORIENTED_EDGE('',*,*,#2059,.T.);
#2928=ORIENTED_EDGE('',*,*,#2055,.T.);
#2929=ORIENTED_EDGE('',*,*,#2060,.T.);
#2930=ORIENTED_EDGE('',*,*,#2061,.F.);
#2931=ORIENTED_EDGE('',*,*,#2062,.T.);
#2932=ORIENTED_EDGE('',*,*,#2058,.T.);
#2933=ORIENTED_EDGE('',*,*,#2063,.T.);
#2934=ORIENTED_EDGE('',*,*,#2064,.F.);
#2935=ORIENTED_EDGE('',*,*,#2065,.T.);
#2936=ORIENTED_EDGE('',*,*,#2061,.T.);
#2937=ORIENTED_EDGE('',*,*,#2066,.T.);
#2938=ORIENTED_EDGE('',*,*,#2067,.F.);
#2939=ORIENTED_EDGE('',*,*,#2068,.T.);
#2940=ORIENTED_EDGE('',*,*,#2064,.T.);
#2941=ORIENTED_EDGE('',*,*,#2069,.T.);
#2942=ORIENTED_EDGE('',*,*,#2070,.F.);
#2943=ORIENTED_EDGE('',*,*,#2071,.T.);
#2944=ORIENTED_EDGE('',*,*,#2067,.T.);
#2945=ORIENTED_EDGE('',*,*,#2072,.T.);
#2946=ORIENTED_EDGE('',*,*,#2073,.F.);
#2947=ORIENTED_EDGE('',*,*,#2074,.T.);
#2948=ORIENTED_EDGE('',*,*,#2070,.T.);
#2949=ORIENTED_EDGE('',*,*,#2075,.T.);
#2950=ORIENTED_EDGE('',*,*,#2076,.F.);
#2951=ORIENTED_EDGE('',*,*,#2077,.T.);
#2952=ORIENTED_EDGE('',*,*,#2078,.T.);
#2953=ORIENTED_EDGE('',*,*,#2079,.T.);
#2954=ORIENTED_EDGE('',*,*,#2080,.T.);
#2955=ORIENTED_EDGE('',*,*,#2081,.T.);
#2956=ORIENTED_EDGE('',*,*,#2082,.T.);
#2957=ORIENTED_EDGE('',*,*,#2077,.F.);
#2958=ORIENTED_EDGE('',*,*,#2083,.T.);
#2959=ORIENTED_EDGE('',*,*,#2084,.T.);
#2960=ORIENTED_EDGE('',*,*,#2085,.T.);
#2961=ORIENTED_EDGE('',*,*,#2084,.F.);
#2962=ORIENTED_EDGE('',*,*,#2085,.F.);
#2963=ORIENTED_EDGE('',*,*,#2086,.T.);
#2964=ORIENTED_EDGE('',*,*,#2087,.F.);
#2965=ORIENTED_EDGE('',*,*,#2088,.T.);
#2966=ORIENTED_EDGE('',*,*,#2089,.T.);
#2967=ORIENTED_EDGE('',*,*,#2090,.T.);
#2968=ORIENTED_EDGE('',*,*,#2091,.F.);
#2969=ORIENTED_EDGE('',*,*,#2092,.T.);
#2970=ORIENTED_EDGE('',*,*,#2093,.T.);
#2971=ORIENTED_EDGE('',*,*,#2094,.T.);
#2972=ORIENTED_EDGE('',*,*,#2095,.F.);
#2973=ORIENTED_EDGE('',*,*,#2096,.T.);
#2974=ORIENTED_EDGE('',*,*,#2097,.T.);
#2975=ORIENTED_EDGE('',*,*,#2098,.T.);
#2976=ORIENTED_EDGE('',*,*,#2099,.F.);
#2977=ORIENTED_EDGE('',*,*,#2100,.T.);
#2978=ORIENTED_EDGE('',*,*,#2101,.T.);
#2979=ORIENTED_EDGE('',*,*,#2102,.T.);
#2980=ORIENTED_EDGE('',*,*,#2103,.F.);
#2981=ORIENTED_EDGE('',*,*,#2104,.T.);
#2982=ORIENTED_EDGE('',*,*,#2105,.T.);
#2983=ORIENTED_EDGE('',*,*,#2106,.T.);
#2984=ORIENTED_EDGE('',*,*,#2107,.F.);
#2985=ORIENTED_EDGE('',*,*,#2108,.T.);
#2986=ORIENTED_EDGE('',*,*,#2109,.T.);
#2987=ORIENTED_EDGE('',*,*,#2110,.T.);
#2988=ORIENTED_EDGE('',*,*,#2111,.F.);
#2989=ORIENTED_EDGE('',*,*,#2112,.T.);
#2990=ORIENTED_EDGE('',*,*,#2113,.T.);
#2991=ORIENTED_EDGE('',*,*,#2114,.T.);
#2992=ORIENTED_EDGE('',*,*,#2115,.F.);
#2993=ORIENTED_EDGE('',*,*,#2116,.T.);
#2994=ORIENTED_EDGE('',*,*,#2117,.T.);
#2995=ORIENTED_EDGE('',*,*,#2118,.T.);
#2996=ORIENTED_EDGE('',*,*,#2119,.F.);
#2997=ORIENTED_EDGE('',*,*,#2086,.F.);
#2998=ORIENTED_EDGE('',*,*,#2083,.F.);
#2999=ORIENTED_EDGE('',*,*,#2120,.T.);
#3000=ORIENTED_EDGE('',*,*,#2121,.T.);
#3001=ORIENTED_EDGE('',*,*,#2122,.T.);
#3002=ORIENTED_EDGE('',*,*,#2123,.T.);
#3003=ORIENTED_EDGE('',*,*,#2124,.T.);
#3004=ORIENTED_EDGE('',*,*,#2125,.T.);
#3005=ORIENTED_EDGE('',*,*,#2126,.F.);
#3006=ORIENTED_EDGE('',*,*,#2127,.T.);
#3007=ORIENTED_EDGE('',*,*,#2128,.T.);
#3008=ORIENTED_EDGE('',*,*,#2129,.T.);
#3009=ORIENTED_EDGE('',*,*,#2130,.F.);
#3010=ORIENTED_EDGE('',*,*,#2131,.F.);
#3011=ORIENTED_EDGE('',*,*,#2132,.T.);
#3012=ORIENTED_EDGE('',*,*,#2133,.T.);
#3013=ORIENTED_EDGE('',*,*,#2134,.T.);
#3014=ORIENTED_EDGE('',*,*,#2135,.T.);
#3015=ORIENTED_EDGE('',*,*,#2132,.F.);
#3016=ORIENTED_EDGE('',*,*,#2133,.F.);
#3017=ORIENTED_EDGE('',*,*,#2135,.F.);
#3018=ORIENTED_EDGE('',*,*,#2136,.T.);
#3019=ORIENTED_EDGE('',*,*,#2137,.T.);
#3020=ORIENTED_EDGE('',*,*,#2138,.T.);
#3021=ORIENTED_EDGE('',*,*,#2134,.F.);
#3022=ORIENTED_EDGE('',*,*,#2136,.F.);
#3023=ORIENTED_EDGE('',*,*,#2137,.F.);
#3024=ORIENTED_EDGE('',*,*,#2138,.F.);
#3025=ORIENTED_EDGE('',*,*,#2139,.T.);
#3026=ORIENTED_EDGE('',*,*,#2140,.T.);
#3027=ORIENTED_EDGE('',*,*,#2141,.T.);
#3028=ORIENTED_EDGE('',*,*,#2139,.F.);
#3029=ORIENTED_EDGE('',*,*,#2141,.F.);
#3030=ORIENTED_EDGE('',*,*,#2140,.F.);
#3031=ORIENTED_EDGE('',*,*,#2142,.T.);
#3032=ORIENTED_EDGE('',*,*,#2143,.T.);
#3033=ORIENTED_EDGE('',*,*,#2144,.T.);
#3034=ORIENTED_EDGE('',*,*,#2142,.F.);
#3035=ORIENTED_EDGE('',*,*,#2145,.T.);
#3036=ORIENTED_EDGE('',*,*,#2126,.T.);
#3037=ORIENTED_EDGE('',*,*,#2146,.T.);
#3038=ORIENTED_EDGE('',*,*,#2147,.T.);
#3039=ORIENTED_EDGE('',*,*,#2148,.T.);
#3040=ORIENTED_EDGE('',*,*,#2149,.T.);
#3041=ORIENTED_EDGE('',*,*,#2150,.T.);
#3042=ORIENTED_EDGE('',*,*,#2151,.T.);
#3043=ORIENTED_EDGE('',*,*,#2152,.T.);
#3044=ORIENTED_EDGE('',*,*,#2153,.T.);
#3045=ORIENTED_EDGE('',*,*,#2154,.T.);
#3046=ORIENTED_EDGE('',*,*,#2155,.T.);
#3047=ORIENTED_EDGE('',*,*,#2156,.T.);
#3048=ORIENTED_EDGE('',*,*,#2157,.T.);
#3049=ORIENTED_EDGE('',*,*,#2158,.T.);
#3050=ORIENTED_EDGE('',*,*,#2159,.T.);
#3051=ORIENTED_EDGE('',*,*,#2160,.T.);
#3052=ORIENTED_EDGE('',*,*,#2161,.T.);
#3053=ORIENTED_EDGE('',*,*,#2162,.T.);
#3054=ORIENTED_EDGE('',*,*,#2163,.T.);
#3055=ORIENTED_EDGE('',*,*,#2164,.T.);
#3056=ORIENTED_EDGE('',*,*,#2165,.T.);
#3057=ORIENTED_EDGE('',*,*,#2166,.T.);
#3058=ORIENTED_EDGE('',*,*,#2167,.T.);
#3059=ORIENTED_EDGE('',*,*,#2168,.T.);
#3060=ORIENTED_EDGE('',*,*,#2169,.T.);
#3061=ORIENTED_EDGE('',*,*,#2170,.T.);
#3062=ORIENTED_EDGE('',*,*,#2171,.T.);
#3063=ORIENTED_EDGE('',*,*,#2172,.T.);
#3064=ORIENTED_EDGE('',*,*,#2173,.T.);
#3065=ORIENTED_EDGE('',*,*,#2174,.T.);
#3066=ORIENTED_EDGE('',*,*,#2175,.T.);
#3067=ORIENTED_EDGE('',*,*,#2144,.F.);
#3068=ORIENTED_EDGE('',*,*,#2143,.F.);
#3069=ORIENTED_EDGE('',*,*,#2176,.F.);
#3070=ORIENTED_EDGE('',*,*,#2177,.T.);
#3071=ORIENTED_EDGE('',*,*,#2053,.T.);
#3072=ORIENTED_EDGE('',*,*,#2178,.T.);
#3073=ORIENTED_EDGE('',*,*,#2176,.T.);
#3074=ORIENTED_EDGE('',*,*,#2178,.F.);
#3075=ORIENTED_EDGE('',*,*,#2179,.T.);
#3076=ORIENTED_EDGE('',*,*,#2180,.F.);
#3077=ORIENTED_EDGE('',*,*,#2181,.T.);
#3078=ORIENTED_EDGE('',*,*,#2182,.T.);
#3079=ORIENTED_EDGE('',*,*,#2183,.T.);
#3080=ORIENTED_EDGE('',*,*,#2184,.T.);
#3081=ORIENTED_EDGE('',*,*,#2185,.T.);
#3082=ORIENTED_EDGE('',*,*,#2186,.F.);
#3083=ORIENTED_EDGE('',*,*,#2187,.T.);
#3084=ORIENTED_EDGE('',*,*,#2188,.T.);
#3085=ORIENTED_EDGE('',*,*,#2189,.T.);
#3086=ORIENTED_EDGE('',*,*,#2190,.T.);
#3087=ORIENTED_EDGE('',*,*,#2191,.T.);
#3088=ORIENTED_EDGE('',*,*,#2192,.F.);
#3089=ORIENTED_EDGE('',*,*,#2193,.T.);
#3090=ORIENTED_EDGE('',*,*,#2194,.T.);
#3091=ORIENTED_EDGE('',*,*,#2195,.T.);
#3092=ORIENTED_EDGE('',*,*,#2196,.T.);
#3093=ORIENTED_EDGE('',*,*,#2197,.T.);
#3094=ORIENTED_EDGE('',*,*,#2198,.F.);
#3095=ORIENTED_EDGE('',*,*,#2199,.T.);
#3096=ORIENTED_EDGE('',*,*,#2200,.T.);
#3097=ORIENTED_EDGE('',*,*,#2201,.T.);
#3098=ORIENTED_EDGE('',*,*,#2202,.T.);
#3099=ORIENTED_EDGE('',*,*,#2203,.T.);
#3100=ORIENTED_EDGE('',*,*,#2204,.F.);
#3101=ORIENTED_EDGE('',*,*,#2205,.T.);
#3102=ORIENTED_EDGE('',*,*,#2206,.T.);
#3103=ORIENTED_EDGE('',*,*,#2207,.T.);
#3104=ORIENTED_EDGE('',*,*,#2208,.T.);
#3105=ORIENTED_EDGE('',*,*,#2209,.T.);
#3106=ORIENTED_EDGE('',*,*,#2210,.F.);
#3107=ORIENTED_EDGE('',*,*,#2211,.T.);
#3108=ORIENTED_EDGE('',*,*,#2212,.T.);
#3109=ORIENTED_EDGE('',*,*,#2213,.T.);
#3110=ORIENTED_EDGE('',*,*,#2214,.T.);
#3111=ORIENTED_EDGE('',*,*,#2215,.T.);
#3112=ORIENTED_EDGE('',*,*,#2216,.F.);
#3113=ORIENTED_EDGE('',*,*,#2217,.T.);
#3114=ORIENTED_EDGE('',*,*,#2218,.T.);
#3115=ORIENTED_EDGE('',*,*,#2219,.T.);
#3116=ORIENTED_EDGE('',*,*,#2220,.T.);
#3117=ORIENTED_EDGE('',*,*,#2221,.T.);
#3118=ORIENTED_EDGE('',*,*,#2222,.F.);
#3119=ORIENTED_EDGE('',*,*,#2223,.T.);
#3120=ORIENTED_EDGE('',*,*,#2224,.T.);
#3121=ORIENTED_EDGE('',*,*,#2225,.T.);
#3122=ORIENTED_EDGE('',*,*,#2226,.T.);
#3123=ORIENTED_EDGE('',*,*,#2076,.T.);
#3124=ORIENTED_EDGE('',*,*,#2227,.T.);
#3125=ORIENTED_EDGE('',*,*,#2115,.T.);
#3126=ORIENTED_EDGE('',*,*,#2228,.T.);
#3127=ORIENTED_EDGE('',*,*,#2180,.T.);
#3128=ORIENTED_EDGE('',*,*,#2080,.F.);
#3129=ORIENTED_EDGE('',*,*,#2229,.T.);
#3130=ORIENTED_EDGE('',*,*,#2073,.T.);
#3131=ORIENTED_EDGE('',*,*,#2230,.T.);
#3132=ORIENTED_EDGE('',*,*,#2231,.F.);
#3133=ORIENTED_EDGE('',*,*,#2025,.F.);
#3134=ORIENTED_EDGE('',*,*,#2029,.F.);
#3135=ORIENTED_EDGE('',*,*,#2032,.F.);
#3136=ORIENTED_EDGE('',*,*,#2035,.F.);
#3137=ORIENTED_EDGE('',*,*,#2038,.F.);
#3138=ORIENTED_EDGE('',*,*,#2023,.F.);
#3139=ORIENTED_EDGE('',*,*,#2042,.F.);
#3140=ORIENTED_EDGE('',*,*,#2045,.F.);
#3141=ORIENTED_EDGE('',*,*,#2049,.F.);
#3142=ORIENTED_EDGE('',*,*,#2232,.F.);
#3143=ORIENTED_EDGE('',*,*,#2052,.F.);
#3144=ORIENTED_EDGE('',*,*,#2056,.F.);
#3145=ORIENTED_EDGE('',*,*,#2059,.F.);
#3146=ORIENTED_EDGE('',*,*,#2062,.F.);
#3147=ORIENTED_EDGE('',*,*,#2065,.F.);
#3148=ORIENTED_EDGE('',*,*,#2068,.F.);
#3149=ORIENTED_EDGE('',*,*,#2071,.F.);
#3150=ORIENTED_EDGE('',*,*,#2074,.F.);
#3151=ORIENTED_EDGE('',*,*,#2229,.F.);
#3152=ORIENTED_EDGE('',*,*,#2079,.F.);
#3153=ORIENTED_EDGE('',*,*,#2047,.T.);
#3154=ORIENTED_EDGE('',*,*,#2233,.F.);
#3155=ORIENTED_EDGE('',*,*,#2234,.F.);
#3156=ORIENTED_EDGE('',*,*,#2177,.F.);
#3157=ORIENTED_EDGE('',*,*,#2232,.T.);
#3158=ORIENTED_EDGE('',*,*,#2048,.T.);
#3159=ORIENTED_EDGE('',*,*,#2234,.T.);
#3160=ORIENTED_EDGE('',*,*,#2235,.T.);
#3161=ORIENTED_EDGE('',*,*,#2236,.F.);
#3162=ORIENTED_EDGE('',*,*,#2081,.F.);
#3163=ORIENTED_EDGE('',*,*,#2230,.F.);
#3164=ORIENTED_EDGE('',*,*,#2075,.F.);
#3165=ORIENTED_EDGE('',*,*,#2072,.F.);
#3166=ORIENTED_EDGE('',*,*,#2069,.F.);
#3167=ORIENTED_EDGE('',*,*,#2066,.F.);
#3168=ORIENTED_EDGE('',*,*,#2063,.F.);
#3169=ORIENTED_EDGE('',*,*,#2060,.F.);
#3170=ORIENTED_EDGE('',*,*,#2057,.F.);
#3171=ORIENTED_EDGE('',*,*,#2054,.F.);
#3172=ORIENTED_EDGE('',*,*,#2235,.F.);
#3173=ORIENTED_EDGE('',*,*,#2233,.T.);
#3174=ORIENTED_EDGE('',*,*,#2050,.T.);
#3175=ORIENTED_EDGE('',*,*,#2046,.T.);
#3176=ORIENTED_EDGE('',*,*,#2043,.T.);
#3177=ORIENTED_EDGE('',*,*,#2040,.T.);
#3178=ORIENTED_EDGE('',*,*,#2039,.T.);
#3179=ORIENTED_EDGE('',*,*,#2036,.T.);
#3180=ORIENTED_EDGE('',*,*,#2033,.T.);
#3181=ORIENTED_EDGE('',*,*,#2030,.T.);
#3182=ORIENTED_EDGE('',*,*,#2027,.T.);
#3183=ORIENTED_EDGE('',*,*,#2026,.T.);
#3184=ORIENTED_EDGE('',*,*,#2231,.T.);
#3185=ORIENTED_EDGE('',*,*,#2078,.F.);
#3186=ORIENTED_EDGE('',*,*,#2082,.F.);
#3187=ORIENTED_EDGE('',*,*,#2236,.T.);
#3188=ORIENTED_EDGE('',*,*,#2237,.T.);
#3189=ORIENTED_EDGE('',*,*,#2238,.T.);
#3190=ORIENTED_EDGE('',*,*,#2239,.T.);
#3191=ORIENTED_EDGE('',*,*,#2240,.T.);
#3192=ORIENTED_EDGE('',*,*,#2157,.F.);
#3193=ORIENTED_EDGE('',*,*,#2241,.T.);
#3194=ORIENTED_EDGE('',*,*,#2242,.T.);
#3195=ORIENTED_EDGE('',*,*,#2243,.T.);
#3196=ORIENTED_EDGE('',*,*,#2173,.F.);
#3197=ORIENTED_EDGE('',*,*,#2244,.T.);
#3198=ORIENTED_EDGE('',*,*,#2245,.T.);
#3199=ORIENTED_EDGE('',*,*,#2246,.T.);
#3200=ORIENTED_EDGE('',*,*,#2247,.T.);
#3201=ORIENTED_EDGE('',*,*,#2248,.T.);
#3202=ORIENTED_EDGE('',*,*,#2249,.T.);
#3203=ORIENTED_EDGE('',*,*,#2250,.T.);
#3204=ORIENTED_EDGE('',*,*,#2149,.F.);
#3205=ORIENTED_EDGE('',*,*,#2251,.T.);
#3206=ORIENTED_EDGE('',*,*,#2252,.T.);
#3207=ORIENTED_EDGE('',*,*,#2253,.T.);
#3208=ORIENTED_EDGE('',*,*,#2169,.F.);
#3209=ORIENTED_EDGE('',*,*,#2254,.T.);
#3210=ORIENTED_EDGE('',*,*,#2255,.T.);
#3211=ORIENTED_EDGE('',*,*,#2256,.T.);
#3212=ORIENTED_EDGE('',*,*,#2257,.T.);
#3213=ORIENTED_EDGE('',*,*,#2258,.T.);
#3214=ORIENTED_EDGE('',*,*,#2259,.T.);
#3215=ORIENTED_EDGE('',*,*,#2260,.T.);
#3216=ORIENTED_EDGE('',*,*,#2161,.F.);
#3217=ORIENTED_EDGE('',*,*,#2261,.T.);
#3218=ORIENTED_EDGE('',*,*,#2262,.T.);
#3219=ORIENTED_EDGE('',*,*,#2263,.T.);
#3220=ORIENTED_EDGE('',*,*,#2165,.F.);
#3221=ORIENTED_EDGE('',*,*,#2264,.T.);
#3222=ORIENTED_EDGE('',*,*,#2265,.T.);
#3223=ORIENTED_EDGE('',*,*,#2266,.T.);
#3224=ORIENTED_EDGE('',*,*,#2267,.T.);
#3225=ORIENTED_EDGE('',*,*,#2268,.T.);
#3226=ORIENTED_EDGE('',*,*,#2153,.F.);
#3227=ORIENTED_EDGE('',*,*,#2269,.T.);
#3228=ORIENTED_EDGE('',*,*,#2270,.T.);
#3229=ORIENTED_EDGE('',*,*,#2271,.T.);
#3230=ORIENTED_EDGE('',*,*,#2130,.T.);
#3231=ORIENTED_EDGE('',*,*,#2272,.T.);
#3232=ORIENTED_EDGE('',*,*,#2122,.F.);
#3233=ORIENTED_EDGE('',*,*,#2273,.T.);
#3234=ORIENTED_EDGE('',*,*,#2274,.T.);
#3235=ORIENTED_EDGE('',*,*,#2275,.T.);
#3236=ORIENTED_EDGE('',*,*,#2246,.F.);
#3237=ORIENTED_EDGE('',*,*,#2276,.T.);
#3238=ORIENTED_EDGE('',*,*,#2277,.T.);
#3239=ORIENTED_EDGE('',*,*,#2278,.T.);
#3240=ORIENTED_EDGE('',*,*,#2256,.F.);
#3241=ORIENTED_EDGE('',*,*,#2279,.T.);
#3242=ORIENTED_EDGE('',*,*,#2280,.T.);
#3243=ORIENTED_EDGE('',*,*,#2281,.T.);
#3244=ORIENTED_EDGE('',*,*,#2266,.F.);
#3245=ORIENTED_EDGE('',*,*,#2282,.T.);
#3246=ORIENTED_EDGE('',*,*,#2283,.T.);
#3247=ORIENTED_EDGE('',*,*,#2284,.T.);
#3248=ORIENTED_EDGE('',*,*,#2258,.F.);
#3249=ORIENTED_EDGE('',*,*,#2285,.T.);
#3250=ORIENTED_EDGE('',*,*,#2286,.T.);
#3251=ORIENTED_EDGE('',*,*,#2287,.T.);
#3252=ORIENTED_EDGE('',*,*,#2238,.F.);
#3253=ORIENTED_EDGE('',*,*,#2288,.T.);
#3254=ORIENTED_EDGE('',*,*,#2289,.T.);
#3255=ORIENTED_EDGE('',*,*,#2290,.T.);
#3256=ORIENTED_EDGE('',*,*,#2271,.F.);
#3257=ORIENTED_EDGE('',*,*,#2291,.T.);
#3258=ORIENTED_EDGE('',*,*,#2292,.T.);
#3259=ORIENTED_EDGE('',*,*,#2293,.T.);
#3260=ORIENTED_EDGE('',*,*,#2248,.F.);
#3261=ORIENTED_EDGE('',*,*,#2294,.T.);
#3262=ORIENTED_EDGE('',*,*,#2295,.T.);
#3263=ORIENTED_EDGE('',*,*,#2296,.T.);
#3264=ORIENTED_EDGE('',*,*,#2123,.F.);
#3265=ORIENTED_EDGE('',*,*,#2272,.F.);
#3266=ORIENTED_EDGE('',*,*,#2131,.T.);
#3267=ORIENTED_EDGE('',*,*,#2297,.T.);
#3268=ORIENTED_EDGE('',*,*,#2222,.T.);
#3269=ORIENTED_EDGE('',*,*,#2298,.T.);
#3270=ORIENTED_EDGE('',*,*,#2087,.T.);
#3271=ORIENTED_EDGE('',*,*,#2119,.T.);
#3272=ORIENTED_EDGE('',*,*,#2299,.T.);
#3273=ORIENTED_EDGE('',*,*,#2095,.T.);
#3274=ORIENTED_EDGE('',*,*,#2300,.T.);
#3275=ORIENTED_EDGE('',*,*,#2210,.T.);
#3276=ORIENTED_EDGE('',*,*,#2301,.T.);
#3277=ORIENTED_EDGE('',*,*,#2204,.T.);
#3278=ORIENTED_EDGE('',*,*,#2302,.T.);
#3279=ORIENTED_EDGE('',*,*,#2099,.T.);
#3280=ORIENTED_EDGE('',*,*,#2303,.T.);
#3281=ORIENTED_EDGE('',*,*,#2111,.T.);
#3282=ORIENTED_EDGE('',*,*,#2304,.T.);
#3283=ORIENTED_EDGE('',*,*,#2186,.T.);
#3284=ORIENTED_EDGE('',*,*,#2305,.T.);
#3285=ORIENTED_EDGE('',*,*,#2216,.T.);
#3286=ORIENTED_EDGE('',*,*,#2306,.T.);
#3287=ORIENTED_EDGE('',*,*,#2091,.T.);
#3288=ORIENTED_EDGE('',*,*,#2307,.T.);
#3289=ORIENTED_EDGE('',*,*,#2107,.T.);
#3290=ORIENTED_EDGE('',*,*,#2308,.T.);
#3291=ORIENTED_EDGE('',*,*,#2192,.T.);
#3292=ORIENTED_EDGE('',*,*,#2309,.T.);
#3293=ORIENTED_EDGE('',*,*,#2198,.T.);
#3294=ORIENTED_EDGE('',*,*,#2310,.T.);
#3295=ORIENTED_EDGE('',*,*,#2103,.T.);
#3296=ORIENTED_EDGE('',*,*,#2269,.F.);
#3297=ORIENTED_EDGE('',*,*,#2152,.F.);
#3298=ORIENTED_EDGE('',*,*,#2311,.F.);
#3299=ORIENTED_EDGE('',*,*,#2212,.F.);
#3300=ORIENTED_EDGE('',*,*,#2312,.T.);
#3301=ORIENTED_EDGE('',*,*,#2151,.F.);
#3302=ORIENTED_EDGE('',*,*,#2313,.F.);
#3303=ORIENTED_EDGE('',*,*,#2213,.F.);
#3304=ORIENTED_EDGE('',*,*,#2311,.T.);
#3305=ORIENTED_EDGE('',*,*,#2306,.F.);
#3306=ORIENTED_EDGE('',*,*,#2215,.F.);
#3307=ORIENTED_EDGE('',*,*,#2314,.T.);
#3308=ORIENTED_EDGE('',*,*,#2249,.F.);
#3309=ORIENTED_EDGE('',*,*,#2293,.F.);
#3310=ORIENTED_EDGE('',*,*,#2315,.T.);
#3311=ORIENTED_EDGE('',*,*,#2092,.F.);
#3312=ORIENTED_EDGE('',*,*,#2300,.F.);
#3313=ORIENTED_EDGE('',*,*,#2094,.F.);
#3314=ORIENTED_EDGE('',*,*,#2316,.T.);
#3315=ORIENTED_EDGE('',*,*,#2291,.F.);
#3316=ORIENTED_EDGE('',*,*,#2270,.F.);
#3317=ORIENTED_EDGE('',*,*,#2312,.F.);
#3318=ORIENTED_EDGE('',*,*,#2211,.F.);
#3319=ORIENTED_EDGE('',*,*,#2250,.F.);
#3320=ORIENTED_EDGE('',*,*,#2314,.F.);
#3321=ORIENTED_EDGE('',*,*,#2214,.F.);
#3322=ORIENTED_EDGE('',*,*,#2313,.T.);
#3323=ORIENTED_EDGE('',*,*,#2150,.F.);
#3324=ORIENTED_EDGE('',*,*,#2292,.F.);
#3325=ORIENTED_EDGE('',*,*,#2316,.F.);
#3326=ORIENTED_EDGE('',*,*,#2093,.F.);
#3327=ORIENTED_EDGE('',*,*,#2315,.F.);
#3328=ORIENTED_EDGE('',*,*,#2264,.F.);
#3329=ORIENTED_EDGE('',*,*,#2164,.F.);
#3330=ORIENTED_EDGE('',*,*,#2317,.F.);
#3331=ORIENTED_EDGE('',*,*,#2194,.F.);
#3332=ORIENTED_EDGE('',*,*,#2318,.T.);
#3333=ORIENTED_EDGE('',*,*,#2163,.F.);
#3334=ORIENTED_EDGE('',*,*,#2319,.F.);
#3335=ORIENTED_EDGE('',*,*,#2195,.F.);
#3336=ORIENTED_EDGE('',*,*,#2317,.T.);
#3337=ORIENTED_EDGE('',*,*,#2310,.F.);
#3338=ORIENTED_EDGE('',*,*,#2197,.F.);
#3339=ORIENTED_EDGE('',*,*,#2320,.T.);
#3340=ORIENTED_EDGE('',*,*,#2259,.F.);
#3341=ORIENTED_EDGE('',*,*,#2284,.F.);
#3342=ORIENTED_EDGE('',*,*,#2321,.T.);
#3343=ORIENTED_EDGE('',*,*,#2104,.F.);
#3344=ORIENTED_EDGE('',*,*,#2308,.F.);
#3345=ORIENTED_EDGE('',*,*,#2106,.F.);
#3346=ORIENTED_EDGE('',*,*,#2322,.T.);
#3347=ORIENTED_EDGE('',*,*,#2282,.F.);
#3348=ORIENTED_EDGE('',*,*,#2265,.F.);
#3349=ORIENTED_EDGE('',*,*,#2318,.F.);
#3350=ORIENTED_EDGE('',*,*,#2193,.F.);
#3351=ORIENTED_EDGE('',*,*,#2260,.F.);
#3352=ORIENTED_EDGE('',*,*,#2320,.F.);
#3353=ORIENTED_EDGE('',*,*,#2196,.F.);
#3354=ORIENTED_EDGE('',*,*,#2319,.T.);
#3355=ORIENTED_EDGE('',*,*,#2162,.F.);
#3356=ORIENTED_EDGE('',*,*,#2283,.F.);
#3357=ORIENTED_EDGE('',*,*,#2322,.F.);
#3358=ORIENTED_EDGE('',*,*,#2105,.F.);
#3359=ORIENTED_EDGE('',*,*,#2321,.F.);
#3360=ORIENTED_EDGE('',*,*,#2261,.F.);
#3361=ORIENTED_EDGE('',*,*,#2160,.F.);
#3362=ORIENTED_EDGE('',*,*,#2323,.F.);
#3363=ORIENTED_EDGE('',*,*,#2200,.F.);
#3364=ORIENTED_EDGE('',*,*,#2324,.T.);
#3365=ORIENTED_EDGE('',*,*,#2159,.F.);
#3366=ORIENTED_EDGE('',*,*,#2325,.F.);
#3367=ORIENTED_EDGE('',*,*,#2201,.F.);
#3368=ORIENTED_EDGE('',*,*,#2323,.T.);
#3369=ORIENTED_EDGE('',*,*,#2302,.F.);
#3370=ORIENTED_EDGE('',*,*,#2203,.F.);
#3371=ORIENTED_EDGE('',*,*,#2326,.T.);
#3372=ORIENTED_EDGE('',*,*,#2239,.F.);
#3373=ORIENTED_EDGE('',*,*,#2287,.F.);
#3374=ORIENTED_EDGE('',*,*,#2327,.T.);
#3375=ORIENTED_EDGE('',*,*,#2100,.F.);
#3376=ORIENTED_EDGE('',*,*,#2309,.F.);
#3377=ORIENTED_EDGE('',*,*,#2102,.F.);
#3378=ORIENTED_EDGE('',*,*,#2328,.T.);
#3379=ORIENTED_EDGE('',*,*,#2285,.F.);
#3380=ORIENTED_EDGE('',*,*,#2257,.F.);
#3381=ORIENTED_EDGE('',*,*,#2324,.F.);
#3382=ORIENTED_EDGE('',*,*,#2199,.F.);
#3383=ORIENTED_EDGE('',*,*,#2240,.F.);
#3384=ORIENTED_EDGE('',*,*,#2326,.F.);
#3385=ORIENTED_EDGE('',*,*,#2202,.F.);
#3386=ORIENTED_EDGE('',*,*,#2325,.T.);
#3387=ORIENTED_EDGE('',*,*,#2158,.F.);
#3388=ORIENTED_EDGE('',*,*,#2286,.F.);
#3389=ORIENTED_EDGE('',*,*,#2328,.F.);
#3390=ORIENTED_EDGE('',*,*,#2101,.F.);
#3391=ORIENTED_EDGE('',*,*,#2327,.F.);
#3392=ORIENTED_EDGE('',*,*,#2254,.F.);
#3393=ORIENTED_EDGE('',*,*,#2168,.F.);
#3394=ORIENTED_EDGE('',*,*,#2329,.F.);
#3395=ORIENTED_EDGE('',*,*,#2188,.F.);
#3396=ORIENTED_EDGE('',*,*,#2330,.T.);
#3397=ORIENTED_EDGE('',*,*,#2167,.F.);
#3398=ORIENTED_EDGE('',*,*,#2331,.F.);
#3399=ORIENTED_EDGE('',*,*,#2189,.F.);
#3400=ORIENTED_EDGE('',*,*,#2329,.T.);
#3401=ORIENTED_EDGE('',*,*,#2307,.F.);
#3402=ORIENTED_EDGE('',*,*,#2191,.F.);
#3403=ORIENTED_EDGE('',*,*,#2332,.T.);
#3404=ORIENTED_EDGE('',*,*,#2262,.F.);
#3405=ORIENTED_EDGE('',*,*,#2281,.F.);
#3406=ORIENTED_EDGE('',*,*,#2333,.T.);
#3407=ORIENTED_EDGE('',*,*,#2108,.F.);
#3408=ORIENTED_EDGE('',*,*,#2304,.F.);
#3409=ORIENTED_EDGE('',*,*,#2110,.F.);
#3410=ORIENTED_EDGE('',*,*,#2334,.T.);
#3411=ORIENTED_EDGE('',*,*,#2279,.F.);
#3412=ORIENTED_EDGE('',*,*,#2255,.F.);
#3413=ORIENTED_EDGE('',*,*,#2330,.F.);
#3414=ORIENTED_EDGE('',*,*,#2187,.F.);
#3415=ORIENTED_EDGE('',*,*,#2263,.F.);
#3416=ORIENTED_EDGE('',*,*,#2332,.F.);
#3417=ORIENTED_EDGE('',*,*,#2190,.F.);
#3418=ORIENTED_EDGE('',*,*,#2331,.T.);
#3419=ORIENTED_EDGE('',*,*,#2166,.F.);
#3420=ORIENTED_EDGE('',*,*,#2280,.F.);
#3421=ORIENTED_EDGE('',*,*,#2334,.F.);
#3422=ORIENTED_EDGE('',*,*,#2109,.F.);
#3423=ORIENTED_EDGE('',*,*,#2333,.F.);
#3424=ORIENTED_EDGE('',*,*,#2251,.F.);
#3425=ORIENTED_EDGE('',*,*,#2148,.F.);
#3426=ORIENTED_EDGE('',*,*,#2335,.F.);
#3427=ORIENTED_EDGE('',*,*,#2218,.F.);
#3428=ORIENTED_EDGE('',*,*,#2336,.T.);
#3429=ORIENTED_EDGE('',*,*,#2147,.F.);
#3430=ORIENTED_EDGE('',*,*,#2337,.F.);
#3431=ORIENTED_EDGE('',*,*,#2219,.F.);
#3432=ORIENTED_EDGE('',*,*,#2335,.T.);
#3433=ORIENTED_EDGE('',*,*,#2298,.F.);
#3434=ORIENTED_EDGE('',*,*,#2221,.F.);
#3435=ORIENTED_EDGE('',*,*,#2338,.T.);
#3436=ORIENTED_EDGE('',*,*,#2124,.F.);
#3437=ORIENTED_EDGE('',*,*,#2296,.F.);
#3438=ORIENTED_EDGE('',*,*,#2339,.T.);
#3439=ORIENTED_EDGE('',*,*,#2088,.F.);
#3440=ORIENTED_EDGE('',*,*,#2305,.F.);
#3441=ORIENTED_EDGE('',*,*,#2090,.F.);
#3442=ORIENTED_EDGE('',*,*,#2340,.T.);
#3443=ORIENTED_EDGE('',*,*,#2294,.F.);
#3444=ORIENTED_EDGE('',*,*,#2247,.F.);
#3445=ORIENTED_EDGE('',*,*,#2336,.F.);
#3446=ORIENTED_EDGE('',*,*,#2217,.F.);
#3447=ORIENTED_EDGE('',*,*,#2125,.F.);
#3448=ORIENTED_EDGE('',*,*,#2338,.F.);
#3449=ORIENTED_EDGE('',*,*,#2220,.F.);
#3450=ORIENTED_EDGE('',*,*,#2337,.T.);
#3451=ORIENTED_EDGE('',*,*,#2146,.F.);
#3452=ORIENTED_EDGE('',*,*,#2295,.F.);
#3453=ORIENTED_EDGE('',*,*,#2340,.F.);
#3454=ORIENTED_EDGE('',*,*,#2089,.F.);
#3455=ORIENTED_EDGE('',*,*,#2339,.F.);
#3456=ORIENTED_EDGE('',*,*,#2244,.F.);
#3457=ORIENTED_EDGE('',*,*,#2172,.F.);
#3458=ORIENTED_EDGE('',*,*,#2341,.F.);
#3459=ORIENTED_EDGE('',*,*,#2182,.F.);
#3460=ORIENTED_EDGE('',*,*,#2342,.T.);
#3461=ORIENTED_EDGE('',*,*,#2171,.F.);
#3462=ORIENTED_EDGE('',*,*,#2343,.F.);
#3463=ORIENTED_EDGE('',*,*,#2183,.F.);
#3464=ORIENTED_EDGE('',*,*,#2341,.T.);
#3465=ORIENTED_EDGE('',*,*,#2303,.F.);
#3466=ORIENTED_EDGE('',*,*,#2185,.F.);
#3467=ORIENTED_EDGE('',*,*,#2344,.T.);
#3468=ORIENTED_EDGE('',*,*,#2252,.F.);
#3469=ORIENTED_EDGE('',*,*,#2278,.F.);
#3470=ORIENTED_EDGE('',*,*,#2345,.T.);
#3471=ORIENTED_EDGE('',*,*,#2112,.F.);
#3472=ORIENTED_EDGE('',*,*,#2228,.F.);
#3473=ORIENTED_EDGE('',*,*,#2114,.F.);
#3474=ORIENTED_EDGE('',*,*,#2346,.T.);
#3475=ORIENTED_EDGE('',*,*,#2276,.F.);
#3476=ORIENTED_EDGE('',*,*,#2245,.F.);
#3477=ORIENTED_EDGE('',*,*,#2342,.F.);
#3478=ORIENTED_EDGE('',*,*,#2181,.F.);
#3479=ORIENTED_EDGE('',*,*,#2253,.F.);
#3480=ORIENTED_EDGE('',*,*,#2344,.F.);
#3481=ORIENTED_EDGE('',*,*,#2184,.F.);
#3482=ORIENTED_EDGE('',*,*,#2343,.T.);
#3483=ORIENTED_EDGE('',*,*,#2170,.F.);
#3484=ORIENTED_EDGE('',*,*,#2277,.F.);
#3485=ORIENTED_EDGE('',*,*,#2346,.F.);
#3486=ORIENTED_EDGE('',*,*,#2113,.F.);
#3487=ORIENTED_EDGE('',*,*,#2345,.F.);
#3488=ORIENTED_EDGE('',*,*,#2241,.F.);
#3489=ORIENTED_EDGE('',*,*,#2156,.F.);
#3490=ORIENTED_EDGE('',*,*,#2347,.F.);
#3491=ORIENTED_EDGE('',*,*,#2206,.F.);
#3492=ORIENTED_EDGE('',*,*,#2348,.T.);
#3493=ORIENTED_EDGE('',*,*,#2155,.F.);
#3494=ORIENTED_EDGE('',*,*,#2349,.F.);
#3495=ORIENTED_EDGE('',*,*,#2207,.F.);
#3496=ORIENTED_EDGE('',*,*,#2347,.T.);
#3497=ORIENTED_EDGE('',*,*,#2299,.F.);
#3498=ORIENTED_EDGE('',*,*,#2209,.F.);
#3499=ORIENTED_EDGE('',*,*,#2350,.T.);
#3500=ORIENTED_EDGE('',*,*,#2267,.F.);
#3501=ORIENTED_EDGE('',*,*,#2290,.F.);
#3502=ORIENTED_EDGE('',*,*,#2351,.T.);
#3503=ORIENTED_EDGE('',*,*,#2096,.F.);
#3504=ORIENTED_EDGE('',*,*,#2301,.F.);
#3505=ORIENTED_EDGE('',*,*,#2098,.F.);
#3506=ORIENTED_EDGE('',*,*,#2352,.T.);
#3507=ORIENTED_EDGE('',*,*,#2288,.F.);
#3508=ORIENTED_EDGE('',*,*,#2237,.F.);
#3509=ORIENTED_EDGE('',*,*,#2348,.F.);
#3510=ORIENTED_EDGE('',*,*,#2205,.F.);
#3511=ORIENTED_EDGE('',*,*,#2268,.F.);
#3512=ORIENTED_EDGE('',*,*,#2350,.F.);
#3513=ORIENTED_EDGE('',*,*,#2208,.F.);
#3514=ORIENTED_EDGE('',*,*,#2349,.T.);
#3515=ORIENTED_EDGE('',*,*,#2154,.F.);
#3516=ORIENTED_EDGE('',*,*,#2289,.F.);
#3517=ORIENTED_EDGE('',*,*,#2352,.F.);
#3518=ORIENTED_EDGE('',*,*,#2097,.F.);
#3519=ORIENTED_EDGE('',*,*,#2351,.F.);
#3520=ORIENTED_EDGE('',*,*,#2127,.F.);
#3521=ORIENTED_EDGE('',*,*,#2145,.F.);
#3522=ORIENTED_EDGE('',*,*,#2353,.F.);
#3523=ORIENTED_EDGE('',*,*,#2224,.F.);
#3524=ORIENTED_EDGE('',*,*,#2354,.T.);
#3525=ORIENTED_EDGE('',*,*,#2175,.F.);
#3526=ORIENTED_EDGE('',*,*,#2355,.F.);
#3527=ORIENTED_EDGE('',*,*,#2225,.F.);
#3528=ORIENTED_EDGE('',*,*,#2353,.T.);
#3529=ORIENTED_EDGE('',*,*,#2227,.F.);
#3530=ORIENTED_EDGE('',*,*,#2179,.F.);
#3531=ORIENTED_EDGE('',*,*,#2356,.T.);
#3532=ORIENTED_EDGE('',*,*,#2242,.F.);
#3533=ORIENTED_EDGE('',*,*,#2275,.F.);
#3534=ORIENTED_EDGE('',*,*,#2357,.T.);
#3535=ORIENTED_EDGE('',*,*,#2116,.F.);
#3536=ORIENTED_EDGE('',*,*,#2297,.F.);
#3537=ORIENTED_EDGE('',*,*,#2118,.F.);
#3538=ORIENTED_EDGE('',*,*,#2358,.T.);
#3539=ORIENTED_EDGE('',*,*,#2273,.F.);
#3540=ORIENTED_EDGE('',*,*,#2121,.F.);
#3541=ORIENTED_EDGE('',*,*,#2354,.F.);
#3542=ORIENTED_EDGE('',*,*,#2223,.F.);
#3543=ORIENTED_EDGE('',*,*,#2243,.F.);
#3544=ORIENTED_EDGE('',*,*,#2356,.F.);
#3545=ORIENTED_EDGE('',*,*,#2226,.F.);
#3546=ORIENTED_EDGE('',*,*,#2355,.T.);
#3547=ORIENTED_EDGE('',*,*,#2174,.F.);
#3548=ORIENTED_EDGE('',*,*,#2274,.F.);
#3549=ORIENTED_EDGE('',*,*,#2358,.F.);
#3550=ORIENTED_EDGE('',*,*,#2117,.F.);
#3551=ORIENTED_EDGE('',*,*,#2357,.F.);
#3552=ORIENTED_EDGE('',*,*,#2120,.F.);
#3553=ORIENTED_EDGE('',*,*,#2359,.T.);
#3554=ORIENTED_EDGE('',*,*,#2128,.F.);
#3555=ORIENTED_EDGE('',*,*,#2129,.F.);
#3556=ORIENTED_EDGE('',*,*,#2359,.F.);
#3557=ORIENTED_EDGE('',*,*,#2360,.T.);
#3558=ORIENTED_EDGE('',*,*,#2361,.T.);
#3559=ORIENTED_EDGE('',*,*,#2362,.T.);
#3560=ORIENTED_EDGE('',*,*,#2361,.F.);
#3561=ORIENTED_EDGE('',*,*,#2362,.F.);
#3562=ORIENTED_EDGE('',*,*,#2363,.F.);
#3563=ORIENTED_EDGE('',*,*,#2364,.F.);
#3564=ORIENTED_EDGE('',*,*,#2365,.F.);
#3565=ORIENTED_EDGE('',*,*,#2366,.T.);
#3566=ORIENTED_EDGE('',*,*,#2360,.F.);
#3567=ORIENTED_EDGE('',*,*,#2366,.F.);
#3568=ORIENTED_EDGE('',*,*,#2364,.T.);
#3569=ORIENTED_EDGE('',*,*,#2365,.T.);
#3570=ORIENTED_EDGE('',*,*,#2367,.F.);
#3571=ORIENTED_EDGE('',*,*,#2368,.F.);
#3572=ORIENTED_EDGE('',*,*,#2367,.T.);
#3573=ORIENTED_EDGE('',*,*,#2369,.T.);
#3574=ORIENTED_EDGE('',*,*,#2370,.F.);
#3575=ORIENTED_EDGE('',*,*,#2371,.F.);
#3576=ORIENTED_EDGE('',*,*,#2369,.F.);
#3577=ORIENTED_EDGE('',*,*,#2368,.T.);
#3578=ORIENTED_EDGE('',*,*,#2370,.T.);
#3579=ORIENTED_EDGE('',*,*,#2372,.T.);
#3580=ORIENTED_EDGE('',*,*,#2363,.T.);
#3581=ORIENTED_EDGE('',*,*,#2372,.F.);
#3582=ORIENTED_EDGE('',*,*,#2371,.T.);
#3583=CYLINDRICAL_SURFACE('',#3882,2.);
#3584=CYLINDRICAL_SURFACE('',#3885,10.);
#3585=CYLINDRICAL_SURFACE('',#3888,2.);
#3586=CYLINDRICAL_SURFACE('',#3891,6.);
#3587=CYLINDRICAL_SURFACE('',#3894,2.00000000000001);
#3588=CYLINDRICAL_SURFACE('',#3897,10.);
#3589=CYLINDRICAL_SURFACE('',#3900,2.);
#3590=CYLINDRICAL_SURFACE('',#3903,6.00000000000001);
#3591=CYLINDRICAL_SURFACE('',#3906,2.);
#3592=CYLINDRICAL_SURFACE('',#3909,10.);
#3593=CYLINDRICAL_SURFACE('',#3912,2.);
#3594=CYLINDRICAL_SURFACE('',#3915,6.00000000000001);
#3595=CYLINDRICAL_SURFACE('',#3918,6.00000000000001);
#3596=CYLINDRICAL_SURFACE('',#3921,2.);
#3597=CYLINDRICAL_SURFACE('',#3924,10.);
#3598=CYLINDRICAL_SURFACE('',#3927,2.);
#3599=CYLINDRICAL_SURFACE('',#3931,11.4238752238513);
#3600=CYLINDRICAL_SURFACE('',#3934,1.);
#3601=CYLINDRICAL_SURFACE('',#3939,0.999999999999996);
#3602=CYLINDRICAL_SURFACE('',#3947,11.4238752238513);
#3603=CYLINDRICAL_SURFACE('',#3950,0.999999999999997);
#3604=CYLINDRICAL_SURFACE('',#3955,0.999999999999995);
#3605=CYLINDRICAL_SURFACE('',#3963,11.4238752238513);
#3606=CYLINDRICAL_SURFACE('',#3966,1.);
#3607=CYLINDRICAL_SURFACE('',#3971,0.999999999999999);
#3608=CYLINDRICAL_SURFACE('',#3979,11.4238752238513);
#3609=CYLINDRICAL_SURFACE('',#3982,1.);
#3610=CYLINDRICAL_SURFACE('',#3987,0.999999999999996);
#3611=CYLINDRICAL_SURFACE('',#3997,11.4238752238513);
#3612=CYLINDRICAL_SURFACE('',#4000,1.);
#3613=CYLINDRICAL_SURFACE('',#4005,0.999999999999995);
#3614=CYLINDRICAL_SURFACE('',#4013,11.4238752238513);
#3615=CYLINDRICAL_SURFACE('',#4016,1.);
#3616=CYLINDRICAL_SURFACE('',#4021,0.999999999999995);
#3617=CYLINDRICAL_SURFACE('',#4067,3.99999999999999);
#3618=CYLINDRICAL_SURFACE('',#4071,1.25);
#3619=CYLINDRICAL_SURFACE('',#4072,1.25);
#3620=CYLINDRICAL_SURFACE('',#4073,1.25);
#3621=CYLINDRICAL_SURFACE('',#4074,1.25);
#3622=CYLINDRICAL_SURFACE('',#4075,13.8);
#3623=CYLINDRICAL_SURFACE('',#4078,12.4238752238513);
#3624=CYLINDRICAL_SURFACE('',#4082,3.87280553570177);
#3625=CYLINDRICAL_SURFACE('',#4091,4.63359701992456);
#3626=CYLINDRICAL_SURFACE('',#4097,5.38155199907261);
#3627=CYLINDRICAL_SURFACE('',#4098,1.99475);
#3628=CYLINDRICAL_SURFACE('',#4099,1.99475);
#3629=CYLINDRICAL_SURFACE('',#4101,1.99475);
#3630=CYLINDRICAL_SURFACE('',#4102,1.99475);
#3631=CYLINDRICAL_SURFACE('',#4103,1.99475);
#3632=CYLINDRICAL_SURFACE('',#4104,1.99475);
#3633=CYLINDRICAL_SURFACE('',#4105,1.99475);
#3634=CYLINDRICAL_SURFACE('',#4106,1.99475);
#3635=CYLINDRICAL_SURFACE('',#4107,1.99475);
#3636=CYLINDRICAL_SURFACE('',#4108,1.99475);
#3637=CYLINDRICAL_SURFACE('',#4110,2.4505);
#3638=CYLINDRICAL_SURFACE('',#4112,2.4505);
#3639=CYLINDRICAL_SURFACE('',#4113,2.4505);
#3640=CYLINDRICAL_SURFACE('',#4114,2.4505);
#3641=CYLINDRICAL_SURFACE('',#4115,2.4505);
#3642=CYLINDRICAL_SURFACE('',#4116,2.4505);
#3643=CYLINDRICAL_SURFACE('',#4117,2.4505);
#3644=CYLINDRICAL_SURFACE('',#4118,2.4505);
#3645=CYLINDRICAL_SURFACE('',#4119,2.4505);
#3646=CYLINDRICAL_SURFACE('',#4126,13.8);
#3647=CYLINDRICAL_SURFACE('',#4158,1.41497296714185);
#3648=CYLINDRICAL_SURFACE('',#4167,4.89560359339727);
#3649=CYLINDRICAL_SURFACE('',#4240,2.4505);
#3650=CYLINDRICAL_SURFACE('',#4241,1.99475);
#3651=CYLINDRICAL_SURFACE('',#4259,11.9655079793443);
#3652=CYLINDRICAL_SURFACE('',#4275,1.);
#3653=CYLINDRICAL_SURFACE('',#4276,11.);
#3654=CYLINDRICAL_SURFACE('',#4279,1.);
#3655=CYLINDRICAL_SURFACE('',#4281,1.);
#3656=CYLINDRICAL_SURFACE('',#4282,11.);
#3657=CYLINDRICAL_SURFACE('',#4285,1.00000000000001);
#3658=CYLINDRICAL_SURFACE('',#4287,1.00000000000001);
#3659=CYLINDRICAL_SURFACE('',#4288,11.);
#3660=CYLINDRICAL_SURFACE('',#4291,1.00000000000001);
#3661=CYLINDRICAL_SURFACE('',#4293,1.);
#3662=CYLINDRICAL_SURFACE('',#4294,11.);
#3663=CYLINDRICAL_SURFACE('',#4297,1.00000000000001);
#3664=CYLINDRICAL_SURFACE('',#4299,1.);
#3665=CYLINDRICAL_SURFACE('',#4300,11.);
#3666=CYLINDRICAL_SURFACE('',#4303,1.00000000000001);
#3667=CYLINDRICAL_SURFACE('',#4305,1.00000000000001);
#3668=CYLINDRICAL_SURFACE('',#4306,11.);
#3669=CYLINDRICAL_SURFACE('',#4309,1.);
#3670=CYLINDRICAL_SURFACE('',#4311,1.);
#3671=CYLINDRICAL_SURFACE('',#4312,11.);
#3672=CYLINDRICAL_SURFACE('',#4315,1.00000000000001);
#3673=CYLINDRICAL_SURFACE('',#4317,1.00000000000001);
#3674=CYLINDRICAL_SURFACE('',#4318,11.);
#3675=CYLINDRICAL_SURFACE('',#4321,1.00000000000001);
#3676=CYLINDRICAL_SURFACE('',#4323,12.7728053367713);
#3677=CYLINDRICAL_SURFACE('',#4329,13.8);
#3678=CYLINDRICAL_SURFACE('',#4338,12.7728053367713);
#3679=ADVANCED_FACE('',(#256),#3583,.F.);
#3680=ADVANCED_FACE('',(#257),#3584,.F.);
#3681=ADVANCED_FACE('',(#258),#3585,.F.);
#3682=ADVANCED_FACE('',(#259),#3586,.T.);
#3683=ADVANCED_FACE('',(#260),#3587,.F.);
#3684=ADVANCED_FACE('',(#261),#3588,.F.);
#3685=ADVANCED_FACE('',(#262),#3589,.F.);
#3686=ADVANCED_FACE('',(#263),#3590,.T.);
#3687=ADVANCED_FACE('',(#264),#3591,.F.);
#3688=ADVANCED_FACE('',(#265),#3592,.F.);
#3689=ADVANCED_FACE('',(#266),#3593,.F.);
#3690=ADVANCED_FACE('',(#267),#3594,.T.);
#3691=ADVANCED_FACE('',(#268),#3595,.T.);
#3692=ADVANCED_FACE('',(#269),#3596,.F.);
#3693=ADVANCED_FACE('',(#270),#3597,.F.);
#3694=ADVANCED_FACE('',(#271),#3598,.F.);
#3695=ADVANCED_FACE('',(#272),#198,.F.);
#3696=ADVANCED_FACE('',(#273),#3599,.T.);
#3697=ADVANCED_FACE('',(#274),#3600,.F.);
#3698=ADVANCED_FACE('',(#275),#199,.F.);
#3699=ADVANCED_FACE('',(#276),#3601,.F.);
#3700=ADVANCED_FACE('',(#277),#200,.T.);
#3701=ADVANCED_FACE('',(#278),#201,.F.);
#3702=ADVANCED_FACE('',(#279),#3602,.T.);
#3703=ADVANCED_FACE('',(#280),#3603,.F.);
#3704=ADVANCED_FACE('',(#281),#202,.F.);
#3705=ADVANCED_FACE('',(#282),#3604,.F.);
#3706=ADVANCED_FACE('',(#283),#203,.T.);
#3707=ADVANCED_FACE('',(#284),#204,.F.);
#3708=ADVANCED_FACE('',(#285),#3605,.T.);
#3709=ADVANCED_FACE('',(#286),#3606,.F.);
#3710=ADVANCED_FACE('',(#287),#205,.F.);
#3711=ADVANCED_FACE('',(#288),#3607,.F.);
#3712=ADVANCED_FACE('',(#289),#206,.T.);
#3713=ADVANCED_FACE('',(#290),#207,.F.);
#3714=ADVANCED_FACE('',(#291),#3608,.T.);
#3715=ADVANCED_FACE('',(#292),#3609,.F.);
#3716=ADVANCED_FACE('',(#293),#208,.F.);
#3717=ADVANCED_FACE('',(#294),#3610,.F.);
#3718=ADVANCED_FACE('',(#295),#209,.T.);
#3719=ADVANCED_FACE('',(#296),#210,.F.);
#3720=ADVANCED_FACE('',(#297),#3611,.T.);
#3721=ADVANCED_FACE('',(#298),#3612,.F.);
#3722=ADVANCED_FACE('',(#299),#211,.F.);
#3723=ADVANCED_FACE('',(#300),#3613,.F.);
#3724=ADVANCED_FACE('',(#301),#212,.T.);
#3725=ADVANCED_FACE('',(#302),#213,.F.);
#3726=ADVANCED_FACE('',(#303),#3614,.T.);
#3727=ADVANCED_FACE('',(#304),#3615,.F.);
#3728=ADVANCED_FACE('',(#305),#214,.F.);
#3729=ADVANCED_FACE('',(#306),#3616,.F.);
#3730=ADVANCED_FACE('',(#307),#215,.T.);
#3731=ADVANCED_FACE('',(#308),#53,.T.);
#3732=ADVANCED_FACE('',(#309),#54,.T.);
#3733=ADVANCED_FACE('',(#310),#55,.T.);
#3734=ADVANCED_FACE('',(#311),#56,.T.);
#3735=ADVANCED_FACE('',(#312),#57,.T.);
#3736=ADVANCED_FACE('',(#313),#58,.T.);
#3737=ADVANCED_FACE('',(#314,#25,#26,#27,#28,#29,#30,#31,#32,#33),#216,
 .T.);
#3738=ADVANCED_FACE('',(#315,#34,#35,#36,#37,#38,#39,#40,#41,#42),#217,
 .T.);
#3739=ADVANCED_FACE('',(#316),#59,.F.);
#3740=ADVANCED_FACE('',(#317),#3617,.F.);
#3741=ADVANCED_FACE('',(#318,#43),#218,.T.);
#3742=ADVANCED_FACE('',(#319),#3618,.F.);
#3743=ADVANCED_FACE('',(#320),#3619,.F.);
#3744=ADVANCED_FACE('',(#321),#3620,.F.);
#3745=ADVANCED_FACE('',(#322),#3621,.F.);
#3746=ADVANCED_FACE('',(#323),#3622,.T.);
#3747=ADVANCED_FACE('',(#324),#3623,.F.);
#3748=ADVANCED_FACE('',(#325,#44),#219,.T.);
#3749=ADVANCED_FACE('',(#326),#3624,.F.);
#3750=ADVANCED_FACE('',(#327),#60,.F.);
#3751=ADVANCED_FACE('',(#328,#45),#220,.T.);
#3752=ADVANCED_FACE('',(#329),#3625,.T.);
#3753=ADVANCED_FACE('',(#330),#61,.T.);
#3754=ADVANCED_FACE('',(#331),#3626,.T.);
#3755=ADVANCED_FACE('',(#332),#3627,.T.);
#3756=ADVANCED_FACE('',(#333),#3628,.T.);
#3757=ADVANCED_FACE('',(#334),#3629,.T.);
#3758=ADVANCED_FACE('',(#335),#3630,.T.);
#3759=ADVANCED_FACE('',(#336),#3631,.T.);
#3760=ADVANCED_FACE('',(#337),#3632,.T.);
#3761=ADVANCED_FACE('',(#338),#3633,.T.);
#3762=ADVANCED_FACE('',(#339),#3634,.T.);
#3763=ADVANCED_FACE('',(#340),#3635,.T.);
#3764=ADVANCED_FACE('',(#341),#3636,.T.);
#3765=ADVANCED_FACE('',(#342),#3637,.T.);
#3766=ADVANCED_FACE('',(#343),#3638,.T.);
#3767=ADVANCED_FACE('',(#344),#3639,.T.);
#3768=ADVANCED_FACE('',(#345),#3640,.T.);
#3769=ADVANCED_FACE('',(#346),#3641,.T.);
#3770=ADVANCED_FACE('',(#347),#3642,.T.);
#3771=ADVANCED_FACE('',(#348),#3643,.T.);
#3772=ADVANCED_FACE('',(#349),#3644,.T.);
#3773=ADVANCED_FACE('',(#350),#3645,.T.);
#3774=ADVANCED_FACE('',(#351),#62,.T.);
#3775=ADVANCED_FACE('',(#352),#3646,.T.);
#3776=ADVANCED_FACE('',(#353,#46),#221,.T.);
#3777=ADVANCED_FACE('',(#354),#63,.F.);
#3778=ADVANCED_FACE('',(#355,#47),#222,.T.);
#3779=ADVANCED_FACE('',(#356),#223,.T.);
#3780=ADVANCED_FACE('',(#357),#3647,.F.);
#3781=ADVANCED_FACE('',(#358,#48),#224,.T.);
#3782=ADVANCED_FACE('',(#359),#64,.T.);
#3783=ADVANCED_FACE('',(#360),#3648,.T.);
#3784=ADVANCED_FACE('',(#361,#49),#225,.T.);
#3785=ADVANCED_FACE('',(#362),#226,.T.);
#3786=ADVANCED_FACE('',(#363),#65,.T.);
#3787=ADVANCED_FACE('',(#364,#50),#227,.T.);
#3788=ADVANCED_FACE('',(#365),#66,.T.);
#3789=ADVANCED_FACE('',(#366),#3649,.T.);
#3790=ADVANCED_FACE('',(#367),#17,.F.);
#3791=ADVANCED_FACE('',(#368),#3650,.T.);
#3792=ADVANCED_FACE('',(#369),#228,.T.);
#3793=ADVANCED_FACE('',(#370),#18,.F.);
#3794=ADVANCED_FACE('',(#371),#229,.F.);
#3795=ADVANCED_FACE('',(#372),#67,.F.);
#3796=ADVANCED_FACE('',(#373),#68,.F.);
#3797=ADVANCED_FACE('',(#374),#69,.F.);
#3798=ADVANCED_FACE('',(#375),#70,.F.);
#3799=ADVANCED_FACE('',(#376),#71,.F.);
#3800=ADVANCED_FACE('',(#377),#72,.F.);
#3801=ADVANCED_FACE('',(#378),#73,.F.);
#3802=ADVANCED_FACE('',(#379),#3651,.F.);
#3803=ADVANCED_FACE('',(#380),#74,.T.);
#3804=ADVANCED_FACE('',(#381),#75,.T.);
#3805=ADVANCED_FACE('',(#382),#76,.T.);
#3806=ADVANCED_FACE('',(#383),#77,.T.);
#3807=ADVANCED_FACE('',(#384),#78,.T.);
#3808=ADVANCED_FACE('',(#385),#79,.T.);
#3809=ADVANCED_FACE('',(#386),#80,.T.);
#3810=ADVANCED_FACE('',(#387),#3652,.F.);
#3811=ADVANCED_FACE('',(#388),#3653,.T.);
#3812=ADVANCED_FACE('',(#389),#230,.F.);
#3813=ADVANCED_FACE('',(#390),#231,.F.);
#3814=ADVANCED_FACE('',(#391),#3654,.F.);
#3815=ADVANCED_FACE('',(#392),#232,.T.);
#3816=ADVANCED_FACE('',(#393),#3655,.F.);
#3817=ADVANCED_FACE('',(#394),#3656,.T.);
#3818=ADVANCED_FACE('',(#395),#233,.F.);
#3819=ADVANCED_FACE('',(#396),#234,.F.);
#3820=ADVANCED_FACE('',(#397),#3657,.F.);
#3821=ADVANCED_FACE('',(#398),#235,.T.);
#3822=ADVANCED_FACE('',(#399),#3658,.F.);
#3823=ADVANCED_FACE('',(#400),#3659,.T.);
#3824=ADVANCED_FACE('',(#401),#236,.F.);
#3825=ADVANCED_FACE('',(#402),#237,.F.);
#3826=ADVANCED_FACE('',(#403),#3660,.F.);
#3827=ADVANCED_FACE('',(#404),#238,.T.);
#3828=ADVANCED_FACE('',(#405),#3661,.F.);
#3829=ADVANCED_FACE('',(#406),#3662,.T.);
#3830=ADVANCED_FACE('',(#407),#239,.F.);
#3831=ADVANCED_FACE('',(#408),#240,.F.);
#3832=ADVANCED_FACE('',(#409),#3663,.F.);
#3833=ADVANCED_FACE('',(#410),#241,.T.);
#3834=ADVANCED_FACE('',(#411),#3664,.F.);
#3835=ADVANCED_FACE('',(#412),#3665,.T.);
#3836=ADVANCED_FACE('',(#413),#242,.F.);
#3837=ADVANCED_FACE('',(#414),#243,.F.);
#3838=ADVANCED_FACE('',(#415),#3666,.F.);
#3839=ADVANCED_FACE('',(#416),#244,.T.);
#3840=ADVANCED_FACE('',(#417),#3667,.F.);
#3841=ADVANCED_FACE('',(#418),#3668,.T.);
#3842=ADVANCED_FACE('',(#419),#245,.F.);
#3843=ADVANCED_FACE('',(#420),#246,.F.);
#3844=ADVANCED_FACE('',(#421),#3669,.F.);
#3845=ADVANCED_FACE('',(#422),#247,.T.);
#3846=ADVANCED_FACE('',(#423),#3670,.F.);
#3847=ADVANCED_FACE('',(#424),#3671,.T.);
#3848=ADVANCED_FACE('',(#425),#248,.F.);
#3849=ADVANCED_FACE('',(#426),#249,.F.);
#3850=ADVANCED_FACE('',(#427),#3672,.F.);
#3851=ADVANCED_FACE('',(#428),#250,.T.);
#3852=ADVANCED_FACE('',(#429),#3673,.F.);
#3853=ADVANCED_FACE('',(#430),#3674,.T.);
#3854=ADVANCED_FACE('',(#431),#251,.F.);
#3855=ADVANCED_FACE('',(#432),#252,.F.);
#3856=ADVANCED_FACE('',(#433),#3675,.F.);
#3857=ADVANCED_FACE('',(#434),#253,.T.);
#3858=ADVANCED_FACE('',(#435),#3676,.F.);
#3859=ADVANCED_FACE('',(#436),#81,.T.);
#3860=ADVANCED_FACE('',(#437,#51),#254,.F.);
#3861=ADVANCED_FACE('',(#438),#3677,.T.);
#3862=ADVANCED_FACE('',(#439,#52),#255,.T.);
#3863=ADVANCED_FACE('',(#440),#82,.F.);
#3864=ADVANCED_FACE('',(#441),#3678,.F.);
#3865=CLOSED_SHELL('',(#3679,#3680,#3681,#3682,#3683,#3684,#3685,#3686,
#3687,#3688,#3689,#3690,#3691,#3692,#3693,#3694,#3695,#3696,#3697,#3698,
#3699,#3700,#3701,#3702,#3703,#3704,#3705,#3706,#3707,#3708,#3709,#3710,
#3711,#3712,#3713,#3714,#3715,#3716,#3717,#3718,#3719,#3720,#3721,#3722,
#3723,#3724,#3725,#3726,#3727,#3728,#3729,#3730,#3731,#3732,#3733,#3734,
#3735,#3736,#3737,#3738,#3739,#3740,#3741,#3742,#3743,#3744,#3745,#3746,
#3747,#3748,#3749,#3750,#3751,#3752,#3753,#3754));
#3866=CLOSED_SHELL('',(#3755,#3756,#3757,#3758,#3759,#3760,#3761,#3762,
#3763,#3764,#3765,#3766,#3767,#3768,#3769,#3770,#3771,#3772,#3773,#3774,
#3775,#3776,#3777,#3778,#3779,#3780,#3781,#3782,#3783,#3784,#3785,#3786,
#3787,#3788,#3789,#3790,#3791,#3792,#3793,#3794,#3795,#3796,#3797,#3798,
#3799,#3800,#3801,#3802,#3803,#3804,#3805,#3806,#3807,#3808,#3809,#3810,
#3811,#3812,#3813,#3814,#3815,#3816,#3817,#3818,#3819,#3820,#3821,#3822,
#3823,#3824,#3825,#3826,#3827,#3828,#3829,#3830,#3831,#3832,#3833,#3834,
#3835,#3836,#3837,#3838,#3839,#3840,#3841,#3842,#3843,#3844,#3845,#3846,
#3847,#3848,#3849,#3850,#3851,#3852,#3853,#3854,#3855,#3856,#3857,#3858));
#3867=CLOSED_SHELL('',(#3859,#3860,#3861,#3862,#3863,#3864));
#3868=DERIVED_UNIT_ELEMENT(#3870,1.);
#3869=DERIVED_UNIT_ELEMENT(#8288,3.);
#3870=(
MASS_UNIT()
NAMED_UNIT(*)
SI_UNIT(.KILO.,.GRAM.)
);
#3871=DERIVED_UNIT((#3868,#3869));
#3872=MEASURE_REPRESENTATION_ITEM('density measure',
POSITIVE_RATIO_MEASURE(7850.),#3871);
#3873=PROPERTY_DEFINITION_REPRESENTATION(#3878,#3875);
#3874=PROPERTY_DEFINITION_REPRESENTATION(#3879,#3876);
#3875=REPRESENTATION('material name',(#3877),#8285);
#3876=REPRESENTATION('density',(#3872),#8285);
#3877=DESCRIPTIVE_REPRESENTATION_ITEM('Steel','Steel');
#3878=PROPERTY_DEFINITION('material property','material name',#8300);
#3879=PROPERTY_DEFINITION('material property','density of part',#8300);
#3880=AXIS2_PLACEMENT_3D('placement',#5477,#4340,#4341);
#3881=AXIS2_PLACEMENT_3D('placement',#5478,#4342,#4343);
#3882=AXIS2_PLACEMENT_3D('',#5479,#4344,#4345);
#3883=AXIS2_PLACEMENT_3D('',#5482,#4346,#4347);
#3884=AXIS2_PLACEMENT_3D('',#5486,#4349,#4350);
#3885=AXIS2_PLACEMENT_3D('',#5488,#4352,#4353);
#3886=AXIS2_PLACEMENT_3D('',#5490,#4354,#4355);
#3887=AXIS2_PLACEMENT_3D('',#5492,#4356,#4357);
#3888=AXIS2_PLACEMENT_3D('',#5494,#4359,#4360);
#3889=AXIS2_PLACEMENT_3D('',#5496,#4361,#4362);
#3890=AXIS2_PLACEMENT_3D('',#5498,#4363,#4364);
#3891=AXIS2_PLACEMENT_3D('',#5500,#4366,#4367);
#3892=AXIS2_PLACEMENT_3D('',#5501,#4368,#4369);
#3893=AXIS2_PLACEMENT_3D('',#5502,#4370,#4371);
#3894=AXIS2_PLACEMENT_3D('',#5503,#4372,#4373);
#3895=AXIS2_PLACEMENT_3D('',#5506,#4374,#4375);
#3896=AXIS2_PLACEMENT_3D('',#5510,#4377,#4378);
#3897=AXIS2_PLACEMENT_3D('',#5512,#4380,#4381);
#3898=AXIS2_PLACEMENT_3D('',#5514,#4382,#4383);
#3899=AXIS2_PLACEMENT_3D('',#5516,#4384,#4385);
#3900=AXIS2_PLACEMENT_3D('',#5518,#4387,#4388);
#3901=AXIS2_PLACEMENT_3D('',#5520,#4389,#4390);
#3902=AXIS2_PLACEMENT_3D('',#5522,#4391,#4392);
#3903=AXIS2_PLACEMENT_3D('',#5524,#4394,#4395);
#3904=AXIS2_PLACEMENT_3D('',#5525,#4396,#4397);
#3905=AXIS2_PLACEMENT_3D('',#5526,#4398,#4399);
#3906=AXIS2_PLACEMENT_3D('',#5527,#4400,#4401);
#3907=AXIS2_PLACEMENT_3D('',#5530,#4402,#4403);
#3908=AXIS2_PLACEMENT_3D('',#5534,#4405,#4406);
#3909=AXIS2_PLACEMENT_3D('',#5536,#4408,#4409);
#3910=AXIS2_PLACEMENT_3D('',#5538,#4410,#4411);
#3911=AXIS2_PLACEMENT_3D('',#5540,#4412,#4413);
#3912=AXIS2_PLACEMENT_3D('',#5542,#4415,#4416);
#3913=AXIS2_PLACEMENT_3D('',#5544,#4417,#4418);
#3914=AXIS2_PLACEMENT_3D('',#5546,#4419,#4420);
#3915=AXIS2_PLACEMENT_3D('',#5548,#4422,#4423);
#3916=AXIS2_PLACEMENT_3D('',#5549,#4424,#4425);
#3917=AXIS2_PLACEMENT_3D('',#5550,#4426,#4427);
#3918=AXIS2_PLACEMENT_3D('',#5551,#4428,#4429);
#3919=AXIS2_PLACEMENT_3D('',#5554,#4430,#4431);
#3920=AXIS2_PLACEMENT_3D('',#5558,#4433,#4434);
#3921=AXIS2_PLACEMENT_3D('',#5560,#4436,#4437);
#3922=AXIS2_PLACEMENT_3D('',#5562,#4438,#4439);
#3923=AXIS2_PLACEMENT_3D('',#5564,#4440,#4441);
#3924=AXIS2_PLACEMENT_3D('',#5566,#4443,#4444);
#3925=AXIS2_PLACEMENT_3D('',#5568,#4445,#4446);
#3926=AXIS2_PLACEMENT_3D('',#5570,#4447,#4448);
#3927=AXIS2_PLACEMENT_3D('',#5572,#4450,#4451);
#3928=AXIS2_PLACEMENT_3D('',#5573,#4452,#4453);
#3929=AXIS2_PLACEMENT_3D('',#5574,#4454,#4455);
#3930=AXIS2_PLACEMENT_3D('',#5575,#4456,#4457);
#3931=AXIS2_PLACEMENT_3D('',#5586,#4461,#4462);
#3932=AXIS2_PLACEMENT_3D('',#5589,#4463,#4464);
#3933=AXIS2_PLACEMENT_3D('',#5593,#4466,#4467);
#3934=AXIS2_PLACEMENT_3D('',#5595,#4469,#4470);
#3935=AXIS2_PLACEMENT_3D('',#5606,#4471,#4472);
#3936=AXIS2_PLACEMENT_3D('',#5609,#4474,#4475);
#3937=AXIS2_PLACEMENT_3D('',#5610,#4476,#4477);
#3938=AXIS2_PLACEMENT_3D('',#5611,#4478,#4479);
#3939=AXIS2_PLACEMENT_3D('',#5622,#4483,#4484);
#3940=AXIS2_PLACEMENT_3D('',#5633,#4485,#4486);
#3941=AXIS2_PLACEMENT_3D('',#5635,#4487,#4488);
#3942=AXIS2_PLACEMENT_3D('',#5638,#4490,#4491);
#3943=AXIS2_PLACEMENT_3D('',#5639,#4492,#4493);
#3944=AXIS2_PLACEMENT_3D('',#5640,#4494,#4495);
#3945=AXIS2_PLACEMENT_3D('',#5641,#4496,#4497);
#3946=AXIS2_PLACEMENT_3D('',#5642,#4498,#4499);
#3947=AXIS2_PLACEMENT_3D('',#5653,#4503,#4504);
#3948=AXIS2_PLACEMENT_3D('',#5656,#4505,#4506);
#3949=AXIS2_PLACEMENT_3D('',#5660,#4508,#4509);
#3950=AXIS2_PLACEMENT_3D('',#5662,#4511,#4512);
#3951=AXIS2_PLACEMENT_3D('',#5673,#4513,#4514);
#3952=AXIS2_PLACEMENT_3D('',#5676,#4516,#4517);
#3953=AXIS2_PLACEMENT_3D('',#5677,#4518,#4519);
#3954=AXIS2_PLACEMENT_3D('',#5678,#4520,#4521);
#3955=AXIS2_PLACEMENT_3D('',#5689,#4525,#4526);
#3956=AXIS2_PLACEMENT_3D('',#5700,#4527,#4528);
#3957=AXIS2_PLACEMENT_3D('',#5702,#4529,#4530);
#3958=AXIS2_PLACEMENT_3D('',#5705,#4532,#4533);
#3959=AXIS2_PLACEMENT_3D('',#5706,#4534,#4535);
#3960=AXIS2_PLACEMENT_3D('',#5707,#4536,#4537);
#3961=AXIS2_PLACEMENT_3D('',#5708,#4538,#4539);
#3962=AXIS2_PLACEMENT_3D('',#5709,#4540,#4541);
#3963=AXIS2_PLACEMENT_3D('',#5720,#4545,#4546);
#3964=AXIS2_PLACEMENT_3D('',#5723,#4547,#4548);
#3965=AXIS2_PLACEMENT_3D('',#5727,#4550,#4551);
#3966=AXIS2_PLACEMENT_3D('',#5729,#4553,#4554);
#3967=AXIS2_PLACEMENT_3D('',#5740,#4555,#4556);
#3968=AXIS2_PLACEMENT_3D('',#5743,#4558,#4559);
#3969=AXIS2_PLACEMENT_3D('',#5744,#4560,#4561);
#3970=AXIS2_PLACEMENT_3D('',#5745,#4562,#4563);
#3971=AXIS2_PLACEMENT_3D('',#5756,#4567,#4568);
#3972=AXIS2_PLACEMENT_3D('',#5767,#4569,#4570);
#3973=AXIS2_PLACEMENT_3D('',#5769,#4571,#4572);
#3974=AXIS2_PLACEMENT_3D('',#5772,#4574,#4575);
#3975=AXIS2_PLACEMENT_3D('',#5773,#4576,#4577);
#3976=AXIS2_PLACEMENT_3D('',#5774,#4578,#4579);
#3977=AXIS2_PLACEMENT_3D('',#5775,#4580,#4581);
#3978=AXIS2_PLACEMENT_3D('',#5776,#4582,#4583);
#3979=AXIS2_PLACEMENT_3D('',#5787,#4587,#4588);
#3980=AXIS2_PLACEMENT_3D('',#5790,#4589,#4590);
#3981=AXIS2_PLACEMENT_3D('',#5794,#4592,#4593);
#3982=AXIS2_PLACEMENT_3D('',#5796,#4595,#4596);
#3983=AXIS2_PLACEMENT_3D('',#5807,#4597,#4598);
#3984=AXIS2_PLACEMENT_3D('',#5810,#4600,#4601);
#3985=AXIS2_PLACEMENT_3D('',#5811,#4602,#4603);
#3986=AXIS2_PLACEMENT_3D('',#5812,#4604,#4605);
#3987=AXIS2_PLACEMENT_3D('',#5823,#4609,#4610);
#3988=AXIS2_PLACEMENT_3D('',#5834,#4611,#4612);
#3989=AXIS2_PLACEMENT_3D('',#5836,#4613,#4614);
#3990=AXIS2_PLACEMENT_3D('',#5839,#4616,#4617);
#3991=AXIS2_PLACEMENT_3D('',#5840,#4618,#4619);
#3992=AXIS2_PLACEMENT_3D('',#5842,#4620,#4621);
#3993=AXIS2_PLACEMENT_3D('',#5844,#4622,#4623);
#3994=AXIS2_PLACEMENT_3D('',#5845,#4624,#4625);
#3995=AXIS2_PLACEMENT_3D('',#5846,#4626,#4627);
#3996=AXIS2_PLACEMENT_3D('',#5847,#4628,#4629);
#3997=AXIS2_PLACEMENT_3D('',#5858,#4633,#4634);
#3998=AXIS2_PLACEMENT_3D('',#5861,#4635,#4636);
#3999=AXIS2_PLACEMENT_3D('',#5865,#4638,#4639);
#4000=AXIS2_PLACEMENT_3D('',#5867,#4641,#4642);
#4001=AXIS2_PLACEMENT_3D('',#5878,#4643,#4644);
#4002=AXIS2_PLACEMENT_3D('',#5881,#4646,#4647);
#4003=AXIS2_PLACEMENT_3D('',#5882,#4648,#4649);
#4004=AXIS2_PLACEMENT_3D('',#5883,#4650,#4651);
#4005=AXIS2_PLACEMENT_3D('',#5894,#4655,#4656);
#4006=AXIS2_PLACEMENT_3D('',#5905,#4657,#4658);
#4007=AXIS2_PLACEMENT_3D('',#5907,#4659,#4660);
#4008=AXIS2_PLACEMENT_3D('',#5910,#4662,#4663);
#4009=AXIS2_PLACEMENT_3D('',#5911,#4664,#4665);
#4010=AXIS2_PLACEMENT_3D('',#5912,#4666,#4667);
#4011=AXIS2_PLACEMENT_3D('',#5913,#4668,#4669);
#4012=AXIS2_PLACEMENT_3D('',#5914,#4670,#4671);
#4013=AXIS2_PLACEMENT_3D('',#5925,#4675,#4676);
#4014=AXIS2_PLACEMENT_3D('',#5928,#4677,#4678);
#4015=AXIS2_PLACEMENT_3D('',#5932,#4680,#4681);
#4016=AXIS2_PLACEMENT_3D('',#5934,#4683,#4684);
#4017=AXIS2_PLACEMENT_3D('',#5945,#4685,#4686);
#4018=AXIS2_PLACEMENT_3D('',#5948,#4688,#4689);
#4019=AXIS2_PLACEMENT_3D('',#5949,#4690,#4691);
#4020=AXIS2_PLACEMENT_3D('',#5950,#4692,#4693);
#4021=AXIS2_PLACEMENT_3D('',#5961,#4697,#4698);
#4022=AXIS2_PLACEMENT_3D('',#5972,#4699,#4700);
#4023=AXIS2_PLACEMENT_3D('',#5974,#4701,#4702);
#4024=AXIS2_PLACEMENT_3D('',#5977,#4704,#4705);
#4025=AXIS2_PLACEMENT_3D('',#5978,#4706,#4707);
#4026=AXIS2_PLACEMENT_3D('',#5979,#4708,#4709);
#4027=AXIS2_PLACEMENT_3D('',#5980,#4710,#4711);
#4028=AXIS2_PLACEMENT_3D('',#5981,#4712,#4713);
#4029=AXIS2_PLACEMENT_3D('',#5982,#4714,#4715);
#4030=AXIS2_PLACEMENT_3D('',#5983,#4716,#4717);
#4031=AXIS2_PLACEMENT_3D('',#5984,#4718,#4719);
#4032=AXIS2_PLACEMENT_3D('',#5985,#4720,#4721);
#4033=AXIS2_PLACEMENT_3D('',#5986,#4722,#4723);
#4034=AXIS2_PLACEMENT_3D('',#5987,#4724,#4725);
#4035=AXIS2_PLACEMENT_3D('',#5988,#4726,#4727);
#4036=AXIS2_PLACEMENT_3D('',#5989,#4728,#4729);
#4037=AXIS2_PLACEMENT_3D('',#5990,#4730,#4731);
#4038=AXIS2_PLACEMENT_3D('',#5991,#4732,#4733);
#4039=AXIS2_PLACEMENT_3D('',#5992,#4734,#4735);
#4040=AXIS2_PLACEMENT_3D('',#5993,#4736,#4737);
#4041=AXIS2_PLACEMENT_3D('',#5994,#4738,#4739);
#4042=AXIS2_PLACEMENT_3D('',#5995,#4740,#4741);
#4043=AXIS2_PLACEMENT_3D('',#5996,#4742,#4743);
#4044=AXIS2_PLACEMENT_3D('',#5997,#4744,#4745);
#4045=AXIS2_PLACEMENT_3D('',#5998,#4746,#4747);
#4046=AXIS2_PLACEMENT_3D('',#5999,#4748,#4749);
#4047=AXIS2_PLACEMENT_3D('',#6001,#4750,#4751);
#4048=AXIS2_PLACEMENT_3D('',#6003,#4752,#4753);
#4049=AXIS2_PLACEMENT_3D('',#6005,#4754,#4755);
#4050=AXIS2_PLACEMENT_3D('',#6007,#4756,#4757);
#4051=AXIS2_PLACEMENT_3D('',#6009,#4758,#4759);
#4052=AXIS2_PLACEMENT_3D('',#6010,#4760,#4761);
#4053=AXIS2_PLACEMENT_3D('',#6011,#4762,#4763);
#4054=AXIS2_PLACEMENT_3D('',#6012,#4764,#4765);
#4055=AXIS2_PLACEMENT_3D('',#6013,#4766,#4767);
#4056=AXIS2_PLACEMENT_3D('',#6014,#4768,#4769);
#4057=AXIS2_PLACEMENT_3D('',#6015,#4770,#4771);
#4058=AXIS2_PLACEMENT_3D('',#6016,#4772,#4773);
#4059=AXIS2_PLACEMENT_3D('',#6019,#4774,#4775);
#4060=AXIS2_PLACEMENT_3D('',#6020,#4776,#4777);
#4061=AXIS2_PLACEMENT_3D('',#6022,#4778,#4779);
#4062=AXIS2_PLACEMENT_3D('',#6024,#4780,#4781);
#4063=AXIS2_PLACEMENT_3D('',#6026,#4782,#4783);
#4064=AXIS2_PLACEMENT_3D('',#6028,#4784,#4785);
#4065=AXIS2_PLACEMENT_3D('',#6029,#4786,#4787);
#4066=AXIS2_PLACEMENT_3D('',#6032,#4789,#4790);
#4067=AXIS2_PLACEMENT_3D('',#6033,#4791,#4792);
#4068=AXIS2_PLACEMENT_3D('',#6036,#4794,#4795);
#4069=AXIS2_PLACEMENT_3D('',#6037,#4796,#4797);
#4070=AXIS2_PLACEMENT_3D('',#6039,#4798,#4799);
#4071=AXIS2_PLACEMENT_3D('',#6040,#4800,#4801);
#4072=AXIS2_PLACEMENT_3D('',#6042,#4803,#4804);
#4073=AXIS2_PLACEMENT_3D('',#6044,#4806,#4807);
#4074=AXIS2_PLACEMENT_3D('',#6046,#4809,#4810);
#4075=AXIS2_PLACEMENT_3D('',#6048,#4812,#4813);
#4076=AXIS2_PLACEMENT_3D('',#6052,#4815,#4816);
#4077=AXIS2_PLACEMENT_3D('',#6053,#4817,#4818);
#4078=AXIS2_PLACEMENT_3D('',#6054,#4819,#4820);
#4079=AXIS2_PLACEMENT_3D('',#6058,#4822,#4823);
#4080=AXIS2_PLACEMENT_3D('',#6059,#4824,#4825);
#4081=AXIS2_PLACEMENT_3D('',#6060,#4826,#4827);
#4082=AXIS2_PLACEMENT_3D('',#6061,#4828,#4829);
#4083=AXIS2_PLACEMENT_3D('',#6065,#4831,#4832);
#4084=AXIS2_PLACEMENT_3D('',#6066,#4833,#4834);
#4085=AXIS2_PLACEMENT_3D('',#6067,#4835,#4836);
#4086=AXIS2_PLACEMENT_3D('',#6071,#4838,#4839);
#4087=AXIS2_PLACEMENT_3D('',#6072,#4840,#4841);
#4088=AXIS2_PLACEMENT_3D('',#6073,#4842,#4843);
#4089=AXIS2_PLACEMENT_3D('',#6076,#4844,#4845);
#4090=AXIS2_PLACEMENT_3D('',#6077,#4846,#4847);
#4091=AXIS2_PLACEMENT_3D('',#6078,#4848,#4849);
#4092=AXIS2_PLACEMENT_3D('',#6081,#4850,#4851);
#4093=AXIS2_PLACEMENT_3D('',#6082,#4852,#4853);
#4094=AXIS2_PLACEMENT_3D('',#6084,#4855,#4856);
#4095=AXIS2_PLACEMENT_3D('',#6087,#4857,#4858);
#4096=AXIS2_PLACEMENT_3D('',#6088,#4859,#4860);
#4097=AXIS2_PLACEMENT_3D('',#6090,#4862,#4863);
#4098=AXIS2_PLACEMENT_3D('',#6092,#4865,#4866);
#4099=AXIS2_PLACEMENT_3D('',#6108,#4869,#4870);
#4100=AXIS2_PLACEMENT_3D('',#6123,#4872,#4873);
#4101=AXIS2_PLACEMENT_3D('',#6132,#4874,#4875);
#4102=AXIS2_PLACEMENT_3D('',#6157,#4877,#4878);
#4103=AXIS2_PLACEMENT_3D('',#6182,#4880,#4881);
#4104=AXIS2_PLACEMENT_3D('',#6207,#4883,#4884);
#4105=AXIS2_PLACEMENT_3D('',#6231,#4886,#4887);
#4106=AXIS2_PLACEMENT_3D('',#6242,#4888,#4889);
#4107=AXIS2_PLACEMENT_3D('',#6267,#4891,#4892);
#4108=AXIS2_PLACEMENT_3D('',#6292,#4894,#4895);
#4109=AXIS2_PLACEMENT_3D('',#6297,#4897,#4898);
#4110=AXIS2_PLACEMENT_3D('',#6317,#4899,#4900);
#4111=AXIS2_PLACEMENT_3D('',#6336,#4902,#4903);
#4112=AXIS2_PLACEMENT_3D('',#6347,#4904,#4905);
#4113=AXIS2_PLACEMENT_3D('',#6395,#4907,#4908);
#4114=AXIS2_PLACEMENT_3D('',#6449,#4910,#4911);
#4115=AXIS2_PLACEMENT_3D('',#6497,#4913,#4914);
#4116=AXIS2_PLACEMENT_3D('',#6545,#4916,#4917);
#4117=AXIS2_PLACEMENT_3D('',#6599,#4919,#4920);
#4118=AXIS2_PLACEMENT_3D('',#6647,#4922,#4923);
#4119=AXIS2_PLACEMENT_3D('',#6701,#4925,#4926);
#4120=AXIS2_PLACEMENT_3D('',#6703,#4927,#4928);
#4121=AXIS2_PLACEMENT_3D('',#6707,#4930,#4931);
#4122=AXIS2_PLACEMENT_3D('',#6729,#4933,#4934);
#4123=AXIS2_PLACEMENT_3D('',#6730,#4935,#4936);
#4124=AXIS2_PLACEMENT_3D('',#6732,#4937,#4938);
#4125=AXIS2_PLACEMENT_3D('',#6735,#4940,#4941);
#4126=AXIS2_PLACEMENT_3D('',#6736,#4942,#4943);
#4127=AXIS2_PLACEMENT_3D('',#6740,#4945,#4946);
#4128=AXIS2_PLACEMENT_3D('',#6744,#4948,#4949);
#4129=AXIS2_PLACEMENT_3D('',#6748,#4951,#4952);
#4130=AXIS2_PLACEMENT_3D('',#6752,#4954,#4955);
#4131=AXIS2_PLACEMENT_3D('',#6756,#4957,#4958);
#4132=AXIS2_PLACEMENT_3D('',#6760,#4960,#4961);
#4133=AXIS2_PLACEMENT_3D('',#6764,#4963,#4964);
#4134=AXIS2_PLACEMENT_3D('',#6768,#4966,#4967);
#4135=AXIS2_PLACEMENT_3D('',#6772,#4969,#4970);
#4136=AXIS2_PLACEMENT_3D('',#6776,#4972,#4973);
#4137=AXIS2_PLACEMENT_3D('',#6780,#4975,#4976);
#4138=AXIS2_PLACEMENT_3D('',#6784,#4978,#4979);
#4139=AXIS2_PLACEMENT_3D('',#6788,#4981,#4982);
#4140=AXIS2_PLACEMENT_3D('',#6792,#4984,#4985);
#4141=AXIS2_PLACEMENT_3D('',#6796,#4987,#4988);
#4142=AXIS2_PLACEMENT_3D('',#6800,#4990,#4991);
#4143=AXIS2_PLACEMENT_3D('',#6803,#4993,#4994);
#4144=AXIS2_PLACEMENT_3D('',#6804,#4995,#4996);
#4145=AXIS2_PLACEMENT_3D('',#6806,#4997,#4998);
#4146=AXIS2_PLACEMENT_3D('',#6807,#4999,#5000);
#4147=AXIS2_PLACEMENT_3D('',#6814,#5001,#5002);
#4148=AXIS2_PLACEMENT_3D('',#6816,#5003,#5004);
#4149=AXIS2_PLACEMENT_3D('',#6827,#5005,#5006);
#4150=AXIS2_PLACEMENT_3D('',#6832,#5007,#5008);
#4151=AXIS2_PLACEMENT_3D('',#6835,#5009,#5010);
#4152=AXIS2_PLACEMENT_3D('',#6836,#5011,#5012);
#4153=AXIS2_PLACEMENT_3D('',#6839,#5013,#5014);
#4154=AXIS2_PLACEMENT_3D('',#6840,#5015,#5016);
#4155=AXIS2_PLACEMENT_3D('',#6841,#5017,#5018);
#4156=AXIS2_PLACEMENT_3D('',#6844,#5019,#5020);
#4157=AXIS2_PLACEMENT_3D('',#6845,#5021,#5022);
#4158=AXIS2_PLACEMENT_3D('',#6846,#5023,#5024);
#4159=AXIS2_PLACEMENT_3D('',#6849,#5025,#5026);
#4160=AXIS2_PLACEMENT_3D('',#6851,#5028,#5029);
#4161=AXIS2_PLACEMENT_3D('',#6852,#5030,#5031);
#4162=AXIS2_PLACEMENT_3D('',#6855,#5032,#5033);
#4163=AXIS2_PLACEMENT_3D('',#6856,#5034,#5035);
#4164=AXIS2_PLACEMENT_3D('',#6857,#5036,#5037);
#4165=AXIS2_PLACEMENT_3D('',#6861,#5039,#5040);
#4166=AXIS2_PLACEMENT_3D('',#6862,#5041,#5042);
#4167=AXIS2_PLACEMENT_3D('',#6863,#5043,#5044);
#4168=AXIS2_PLACEMENT_3D('',#6867,#5046,#5047);
#4169=AXIS2_PLACEMENT_3D('',#6868,#5048,#5049);
#4170=AXIS2_PLACEMENT_3D('',#6869,#5050,#5051);
#4171=AXIS2_PLACEMENT_3D('',#6871,#5052,#5053);
#4172=AXIS2_PLACEMENT_3D('',#6873,#5054,#5055);
#4173=AXIS2_PLACEMENT_3D('',#6875,#5056,#5057);
#4174=AXIS2_PLACEMENT_3D('',#6877,#5058,#5059);
#4175=AXIS2_PLACEMENT_3D('',#6879,#5060,#5061);
#4176=AXIS2_PLACEMENT_3D('',#6881,#5062,#5063);
#4177=AXIS2_PLACEMENT_3D('',#6883,#5064,#5065);
#4178=AXIS2_PLACEMENT_3D('',#6885,#5066,#5067);
#4179=AXIS2_PLACEMENT_3D('',#6887,#5068,#5069);
#4180=AXIS2_PLACEMENT_3D('',#6889,#5070,#5071);
#4181=AXIS2_PLACEMENT_3D('',#6891,#5072,#5073);
#4182=AXIS2_PLACEMENT_3D('',#6893,#5074,#5075);
#4183=AXIS2_PLACEMENT_3D('',#6895,#5076,#5077);
#4184=AXIS2_PLACEMENT_3D('',#6897,#5078,#5079);
#4185=AXIS2_PLACEMENT_3D('',#6899,#5080,#5081);
#4186=AXIS2_PLACEMENT_3D('',#6901,#5082,#5083);
#4187=AXIS2_PLACEMENT_3D('',#6903,#5084,#5085);
#4188=AXIS2_PLACEMENT_3D('',#6905,#5086,#5087);
#4189=AXIS2_PLACEMENT_3D('',#6907,#5088,#5089);
#4190=AXIS2_PLACEMENT_3D('',#6909,#5090,#5091);
#4191=AXIS2_PLACEMENT_3D('',#6911,#5092,#5093);
#4192=AXIS2_PLACEMENT_3D('',#6913,#5094,#5095);
#4193=AXIS2_PLACEMENT_3D('',#6915,#5096,#5097);
#4194=AXIS2_PLACEMENT_3D('',#6917,#5098,#5099);
#4195=AXIS2_PLACEMENT_3D('',#6919,#5100,#5101);
#4196=AXIS2_PLACEMENT_3D('',#6921,#5102,#5103);
#4197=AXIS2_PLACEMENT_3D('',#6923,#5104,#5105);
#4198=AXIS2_PLACEMENT_3D('',#6925,#5106,#5107);
#4199=AXIS2_PLACEMENT_3D('',#6927,#5108,#5109);
#4200=AXIS2_PLACEMENT_3D('',#6929,#5110,#5111);
#4201=AXIS2_PLACEMENT_3D('',#6930,#5112,#5113);
#4202=AXIS2_PLACEMENT_3D('',#6931,#5114,#5115);
#4203=AXIS2_PLACEMENT_3D('',#6933,#5116,#5117);
#4204=AXIS2_PLACEMENT_3D('',#6934,#5118,#5119);
#4205=AXIS2_PLACEMENT_3D('',#6935,#5120,#5121);
#4206=AXIS2_PLACEMENT_3D('',#6937,#5123,#5124);
#4207=AXIS2_PLACEMENT_3D('',#6942,#5126,#5127);
#4208=AXIS2_PLACEMENT_3D('',#6946,#5129,#5130);
#4209=AXIS2_PLACEMENT_3D('',#6948,#5131,#5132);
#4210=AXIS2_PLACEMENT_3D('',#6950,#5133,#5134);
#4211=AXIS2_PLACEMENT_3D('',#6954,#5136,#5137);
#4212=AXIS2_PLACEMENT_3D('',#6958,#5139,#5140);
#4213=AXIS2_PLACEMENT_3D('',#6960,#5141,#5142);
#4214=AXIS2_PLACEMENT_3D('',#6962,#5143,#5144);
#4215=AXIS2_PLACEMENT_3D('',#6966,#5146,#5147);
#4216=AXIS2_PLACEMENT_3D('',#6970,#5149,#5150);
#4217=AXIS2_PLACEMENT_3D('',#6972,#5151,#5152);
#4218=AXIS2_PLACEMENT_3D('',#6974,#5153,#5154);
#4219=AXIS2_PLACEMENT_3D('',#6978,#5156,#5157);
#4220=AXIS2_PLACEMENT_3D('',#6982,#5159,#5160);
#4221=AXIS2_PLACEMENT_3D('',#6984,#5161,#5162);
#4222=AXIS2_PLACEMENT_3D('',#6986,#5163,#5164);
#4223=AXIS2_PLACEMENT_3D('',#6990,#5166,#5167);
#4224=AXIS2_PLACEMENT_3D('',#6994,#5169,#5170);
#4225=AXIS2_PLACEMENT_3D('',#6996,#5171,#5172);
#4226=AXIS2_PLACEMENT_3D('',#6998,#5173,#5174);
#4227=AXIS2_PLACEMENT_3D('',#7002,#5176,#5177);
#4228=AXIS2_PLACEMENT_3D('',#7006,#5179,#5180);
#4229=AXIS2_PLACEMENT_3D('',#7008,#5181,#5182);
#4230=AXIS2_PLACEMENT_3D('',#7010,#5183,#5184);
#4231=AXIS2_PLACEMENT_3D('',#7014,#5186,#5187);
#4232=AXIS2_PLACEMENT_3D('',#7018,#5189,#5190);
#4233=AXIS2_PLACEMENT_3D('',#7020,#5191,#5192);
#4234=AXIS2_PLACEMENT_3D('',#7022,#5193,#5194);
#4235=AXIS2_PLACEMENT_3D('',#7026,#5196,#5197);
#4236=AXIS2_PLACEMENT_3D('',#7030,#5199,#5200);
#4237=AXIS2_PLACEMENT_3D('',#7032,#5201,#5202);
#4238=AXIS2_PLACEMENT_3D('',#7033,#5203,#5204);
#4239=AXIS2_PLACEMENT_3D('',#7034,#5205,#5206);
#4240=AXIS2_PLACEMENT_3D('',#7041,#5207,#5208);
#4241=AXIS2_PLACEMENT_3D('',#7500,#5209,#5210);
#4242=AXIS2_PLACEMENT_3D('',#7506,#5211,#5212);
#4243=AXIS2_PLACEMENT_3D('',#7507,#5213,#5214);
#4244=AXIS2_PLACEMENT_3D('',#7922,#5215,#5216);
#4245=AXIS2_PLACEMENT_3D('',#7923,#5217,#5218);
#4246=AXIS2_PLACEMENT_3D('',#7930,#5219,#5220);
#4247=AXIS2_PLACEMENT_3D('',#7943,#5221,#5222);
#4248=AXIS2_PLACEMENT_3D('',#7962,#5223,#5224);
#4249=AXIS2_PLACEMENT_3D('',#7963,#5225,#5226);
#4250=AXIS2_PLACEMENT_3D('',#7970,#5227,#5228);
#4251=AXIS2_PLACEMENT_3D('',#7983,#5229,#5230);
#4252=AXIS2_PLACEMENT_3D('',#8002,#5231,#5232);
#4253=AXIS2_PLACEMENT_3D('',#8003,#5233,#5234);
#4254=AXIS2_PLACEMENT_3D('',#8010,#5235,#5236);
#4255=AXIS2_PLACEMENT_3D('',#8023,#5237,#5238);
#4256=AXIS2_PLACEMENT_3D('',#8042,#5239,#5240);
#4257=AXIS2_PLACEMENT_3D('',#8043,#5241,#5242);
#4258=AXIS2_PLACEMENT_3D('',#8062,#5243,#5244);
#4259=AXIS2_PLACEMENT_3D('',#8063,#5245,#5246);
#4260=AXIS2_PLACEMENT_3D('',#8068,#5249,#5250);
#4261=AXIS2_PLACEMENT_3D('',#8073,#5253,#5254);
#4262=AXIS2_PLACEMENT_3D('',#8078,#5257,#5258);
#4263=AXIS2_PLACEMENT_3D('',#8083,#5261,#5262);
#4264=AXIS2_PLACEMENT_3D('',#8088,#5265,#5266);
#4265=AXIS2_PLACEMENT_3D('',#8093,#5269,#5270);
#4266=AXIS2_PLACEMENT_3D('',#8098,#5273,#5274);
#4267=AXIS2_PLACEMENT_3D('',#8103,#5277,#5278);
#4268=AXIS2_PLACEMENT_3D('',#8105,#5280,#5281);
#4269=AXIS2_PLACEMENT_3D('',#8112,#5282,#5283);
#4270=AXIS2_PLACEMENT_3D('',#8119,#5284,#5285);
#4271=AXIS2_PLACEMENT_3D('',#8126,#5286,#5287);
#4272=AXIS2_PLACEMENT_3D('',#8133,#5288,#5289);
#4273=AXIS2_PLACEMENT_3D('',#8140,#5290,#5291);
#4274=AXIS2_PLACEMENT_3D('',#8147,#5292,#5293);
#4275=AXIS2_PLACEMENT_3D('',#8154,#5294,#5295);
#4276=AXIS2_PLACEMENT_3D('',#8157,#5298,#5299);
#4277=AXIS2_PLACEMENT_3D('',#8159,#5301,#5302);
#4278=AXIS2_PLACEMENT_3D('',#8162,#5305,#5306);
#4279=AXIS2_PLACEMENT_3D('',#8164,#5308,#5309);
#4280=AXIS2_PLACEMENT_3D('',#8165,#5310,#5311);
#4281=AXIS2_PLACEMENT_3D('',#8166,#5312,#5313);
#4282=AXIS2_PLACEMENT_3D('',#8169,#5316,#5317);
#4283=AXIS2_PLACEMENT_3D('',#8171,#5319,#5320);
#4284=AXIS2_PLACEMENT_3D('',#8174,#5323,#5324);
#4285=AXIS2_PLACEMENT_3D('',#8176,#5326,#5327);
#4286=AXIS2_PLACEMENT_3D('',#8177,#5328,#5329);
#4287=AXIS2_PLACEMENT_3D('',#8178,#5330,#5331);
#4288=AXIS2_PLACEMENT_3D('',#8181,#5334,#5335);
#4289=AXIS2_PLACEMENT_3D('',#8183,#5337,#5338);
#4290=AXIS2_PLACEMENT_3D('',#8186,#5341,#5342);
#4291=AXIS2_PLACEMENT_3D('',#8188,#5344,#5345);
#4292=AXIS2_PLACEMENT_3D('',#8189,#5346,#5347);
#4293=AXIS2_PLACEMENT_3D('',#8190,#5348,#5349);
#4294=AXIS2_PLACEMENT_3D('',#8193,#5352,#5353);
#4295=AXIS2_PLACEMENT_3D('',#8195,#5355,#5356);
#4296=AXIS2_PLACEMENT_3D('',#8198,#5359,#5360);
#4297=AXIS2_PLACEMENT_3D('',#8200,#5362,#5363);
#4298=AXIS2_PLACEMENT_3D('',#8201,#5364,#5365);
#4299=AXIS2_PLACEMENT_3D('',#8202,#5366,#5367);
#4300=AXIS2_PLACEMENT_3D('',#8205,#5370,#5371);
#4301=AXIS2_PLACEMENT_3D('',#8207,#5373,#5374);
#4302=AXIS2_PLACEMENT_3D('',#8210,#5377,#5378);
#4303=AXIS2_PLACEMENT_3D('',#8212,#5380,#5381);
#4304=AXIS2_PLACEMENT_3D('',#8213,#5382,#5383);
#4305=AXIS2_PLACEMENT_3D('',#8214,#5384,#5385);
#4306=AXIS2_PLACEMENT_3D('',#8217,#5388,#5389);
#4307=AXIS2_PLACEMENT_3D('',#8219,#5391,#5392);
#4308=AXIS2_PLACEMENT_3D('',#8222,#5395,#5396);
#4309=AXIS2_PLACEMENT_3D('',#8224,#5398,#5399);
#4310=AXIS2_PLACEMENT_3D('',#8225,#5400,#5401);
#4311=AXIS2_PLACEMENT_3D('',#8226,#5402,#5403);
#4312=AXIS2_PLACEMENT_3D('',#8229,#5406,#5407);
#4313=AXIS2_PLACEMENT_3D('',#8231,#5409,#5410);
#4314=AXIS2_PLACEMENT_3D('',#8234,#5413,#5414);
#4315=AXIS2_PLACEMENT_3D('',#8236,#5416,#5417);
#4316=AXIS2_PLACEMENT_3D('',#8237,#5418,#5419);
#4317=AXIS2_PLACEMENT_3D('',#8238,#5420,#5421);
#4318=AXIS2_PLACEMENT_3D('',#8241,#5424,#5425);
#4319=AXIS2_PLACEMENT_3D('',#8243,#5427,#5428);
#4320=AXIS2_PLACEMENT_3D('',#8246,#5431,#5432);
#4321=AXIS2_PLACEMENT_3D('',#8248,#5434,#5435);
#4322=AXIS2_PLACEMENT_3D('',#8249,#5436,#5437);
#4323=AXIS2_PLACEMENT_3D('',#8250,#5438,#5439);
#4324=AXIS2_PLACEMENT_3D('',#8252,#5441,#5442);
#4325=AXIS2_PLACEMENT_3D('',#8254,#5443,#5444);
#4326=AXIS2_PLACEMENT_3D('',#8257,#5446,#5447);
#4327=AXIS2_PLACEMENT_3D('',#8258,#5448,#5449);
#4328=AXIS2_PLACEMENT_3D('',#8260,#5450,#5451);
#4329=AXIS2_PLACEMENT_3D('',#8261,#5452,#5453);
#4330=AXIS2_PLACEMENT_3D('',#8264,#5454,#5455);
#4331=AXIS2_PLACEMENT_3D('',#8265,#5456,#5457);
#4332=AXIS2_PLACEMENT_3D('',#8267,#5459,#5460);
#4333=AXIS2_PLACEMENT_3D('',#8270,#5461,#5462);
#4334=AXIS2_PLACEMENT_3D('',#8271,#5463,#5464);
#4335=AXIS2_PLACEMENT_3D('',#8272,#5465,#5466);
#4336=AXIS2_PLACEMENT_3D('',#8276,#5468,#5469);
#4337=AXIS2_PLACEMENT_3D('',#8277,#5470,#5471);
#4338=AXIS2_PLACEMENT_3D('',#8278,#5472,#5473);
#4339=AXIS2_PLACEMENT_3D('',#8280,#5475,#5476);
#4340=DIRECTION('axis',(0.,0.,1.));
#4341=DIRECTION('refdir',(1.,0.,0.));
#4342=DIRECTION('axis',(0.,0.,1.));
#4343=DIRECTION('refdir',(1.,0.,0.));
#4344=DIRECTION('center_axis',(1.22464679914735E-16,1.,0.));
#4345=DIRECTION('ref_axis',(-0.269759697671664,3.30360350292561E-17,-0.962927674081544));
#4346=DIRECTION('center_axis',(9.95799250102959E-17,-1.,0.));
#4347=DIRECTION('ref_axis',(-0.962927671239164,1.17924629039346E-16,0.269759707817755));
#4348=DIRECTION('',(1.22464679914735E-16,1.,0.));
#4349=DIRECTION('center_axis',(-9.95799250102959E-17,1.,0.));
#4350=DIRECTION('ref_axis',(-0.962927671239164,1.17924629039346E-16,0.269759707817755));
#4351=DIRECTION('',(1.22464679914735E-16,1.,0.));
#4352=DIRECTION('center_axis',(1.22464679914735E-16,1.,0.));
#4353=DIRECTION('ref_axis',(0.962927671239164,-1.17924629039346E-16,-0.269759707817755));
#4354=DIRECTION('center_axis',(9.95799250102959E-17,-1.,0.));
#4355=DIRECTION('ref_axis',(0.962927671239164,-1.17924629039346E-16,-0.269759707817755));
#4356=DIRECTION('center_axis',(-9.95799250102959E-17,1.,0.));
#4357=DIRECTION('ref_axis',(0.962927671239164,-1.17924629039346E-16,-0.269759707817755));
#4358=DIRECTION('',(1.22464679914735E-16,1.,0.));
#4359=DIRECTION('center_axis',(1.22464679914735E-16,1.,0.));
#4360=DIRECTION('ref_axis',(0.962927671239164,-1.17924629039346E-16,0.269759707817755));
#4361=DIRECTION('center_axis',(9.95799250102959E-17,-1.,0.));
#4362=DIRECTION('ref_axis',(0.962927671239164,-1.17924629039346E-16,0.269759707817755));
#4363=DIRECTION('center_axis',(-9.95799250102959E-17,1.,0.));
#4364=DIRECTION('ref_axis',(0.962927671239164,-1.17924629039346E-16,0.269759707817755));
#4365=DIRECTION('',(1.22464679914735E-16,1.,0.));
#4366=DIRECTION('center_axis',(1.22464679914735E-16,1.,0.));
#4367=DIRECTION('ref_axis',(0.962927671239164,-1.17924629039346E-16,-0.269759707817755));
#4368=DIRECTION('center_axis',(-9.95799250102959E-17,1.,0.));
#4369=DIRECTION('ref_axis',(0.962927671239164,-1.17924629039346E-16,-0.269759707817755));
#4370=DIRECTION('center_axis',(9.95799250102959E-17,-1.,0.));
#4371=DIRECTION('ref_axis',(0.962927671239164,-1.17924629039346E-16,-0.269759707817755));
#4372=DIRECTION('center_axis',(-3.17053540443601E-16,1.,0.));
#4373=DIRECTION('ref_axis',(-0.962927674081544,-3.05299628258675E-16,0.269759697671665));
#4374=DIRECTION('center_axis',(9.95799250102959E-17,-1.,0.));
#4375=DIRECTION('ref_axis',(0.269759707817755,8.55282704326506E-17,0.962927671239164));
#4376=DIRECTION('',(-3.17053540443601E-16,1.,0.));
#4377=DIRECTION('center_axis',(-9.95799250102959E-17,1.,0.));
#4378=DIRECTION('ref_axis',(0.269759707817755,8.55282704326506E-17,0.962927671239164));
#4379=DIRECTION('',(-3.17053540443601E-16,1.,0.));
#4380=DIRECTION('center_axis',(-3.17053540443601E-16,1.,0.));
#4381=DIRECTION('ref_axis',(-0.269759707817755,-8.55282704326504E-17,-0.962927671239164));
#4382=DIRECTION('center_axis',(9.95799250102959E-17,-1.,0.));
#4383=DIRECTION('ref_axis',(-0.269759707817755,-8.55282704326504E-17,-0.962927671239164));
#4384=DIRECTION('center_axis',(-9.95799250102959E-17,1.,0.));
#4385=DIRECTION('ref_axis',(-0.269759707817755,-8.55282704326504E-17,-0.962927671239164));
#4386=DIRECTION('',(-3.17053540443601E-16,1.,0.));
#4387=DIRECTION('center_axis',(-3.17053540443601E-16,1.,0.));
#4388=DIRECTION('ref_axis',(0.269759707817756,8.55282704326507E-17,-0.962927671239164));
#4389=DIRECTION('center_axis',(9.95799250102959E-17,-1.,0.));
#4390=DIRECTION('ref_axis',(0.269759707817756,8.55282704326507E-17,-0.962927671239164));
#4391=DIRECTION('center_axis',(-9.95799250102959E-17,1.,0.));
#4392=DIRECTION('ref_axis',(0.269759707817756,8.55282704326507E-17,-0.962927671239164));
#4393=DIRECTION('',(-3.17053540443601E-16,1.,0.));
#4394=DIRECTION('center_axis',(-3.17053540443601E-16,1.,0.));
#4395=DIRECTION('ref_axis',(-0.269759707817755,-8.55282704326505E-17,-0.962927671239164));
#4396=DIRECTION('center_axis',(-9.95799250102959E-17,1.,0.));
#4397=DIRECTION('ref_axis',(-0.269759707817755,-8.55282704326505E-17,-0.962927671239164));
#4398=DIRECTION('center_axis',(9.95799250102959E-17,-1.,0.));
#4399=DIRECTION('ref_axis',(-0.269759707817755,-8.55282704326505E-17,-0.962927671239164));
#4400=DIRECTION('center_axis',(-3.17053540443601E-16,1.,0.));
#4401=DIRECTION('ref_axis',(-0.269759707817756,-8.55282704326507E-17,-0.962927671239164));
#4402=DIRECTION('center_axis',(9.95799250102959E-17,-1.,0.));
#4403=DIRECTION('ref_axis',(-0.269759707817756,-8.55282704326507E-17,-0.962927671239164));
#4404=DIRECTION('',(-3.17053540443601E-16,1.,0.));
#4405=DIRECTION('center_axis',(-9.95799250102959E-17,1.,0.));
#4406=DIRECTION('ref_axis',(-0.269759707817756,-8.55282704326507E-17,-0.962927671239164));
#4407=DIRECTION('',(-3.17053540443601E-16,1.,0.));
#4408=DIRECTION('center_axis',(-3.17053540443601E-16,1.,0.));
#4409=DIRECTION('ref_axis',(0.269759707817755,8.55282704326505E-17,0.962927671239164));
#4410=DIRECTION('center_axis',(9.95799250102959E-17,-1.,0.));
#4411=DIRECTION('ref_axis',(0.269759707817755,8.55282704326505E-17,0.962927671239164));
#4412=DIRECTION('center_axis',(-9.95799250102959E-17,1.,0.));
#4413=DIRECTION('ref_axis',(0.269759707817755,8.55282704326505E-17,0.962927671239164));
#4414=DIRECTION('',(-3.17053540443601E-16,1.,0.));
#4415=DIRECTION('center_axis',(-3.17053540443601E-16,1.,0.));
#4416=DIRECTION('ref_axis',(-0.269759707817756,-8.55282704326507E-17,0.962927671239164));
#4417=DIRECTION('center_axis',(9.95799250102959E-17,-1.,0.));
#4418=DIRECTION('ref_axis',(-0.269759707817756,-8.55282704326507E-17,0.962927671239164));
#4419=DIRECTION('center_axis',(-9.95799250102959E-17,1.,0.));
#4420=DIRECTION('ref_axis',(-0.269759707817756,-8.55282704326507E-17,0.962927671239164));
#4421=DIRECTION('',(-3.17053540443601E-16,1.,0.));
#4422=DIRECTION('center_axis',(-3.17053540443601E-16,1.,0.));
#4423=DIRECTION('ref_axis',(0.269759707817755,8.55282704326505E-17,0.962927671239164));
#4424=DIRECTION('center_axis',(-9.95799250102959E-17,1.,0.));
#4425=DIRECTION('ref_axis',(0.269759707817755,8.55282704326505E-17,0.962927671239164));
#4426=DIRECTION('center_axis',(9.95799250102959E-17,-1.,0.));
#4427=DIRECTION('ref_axis',(0.269759707817755,8.55282704326505E-17,0.962927671239164));
#4428=DIRECTION('center_axis',(-3.17053540443601E-16,1.,0.));
#4429=DIRECTION('ref_axis',(-0.962927671239164,-3.05299627357488E-16,0.269759707817755));
#4430=DIRECTION('center_axis',(-9.95799250102959E-17,1.,0.));
#4431=DIRECTION('ref_axis',(-0.962927671239164,-3.05299627357488E-16,0.269759707817755));
#4432=DIRECTION('',(-3.17053540443601E-16,1.,0.));
#4433=DIRECTION('center_axis',(9.95799250102959E-17,-1.,0.));
#4434=DIRECTION('ref_axis',(-0.962927671239164,-3.05299627357488E-16,0.269759707817755));
#4435=DIRECTION('',(-3.17053540443601E-16,1.,0.));
#4436=DIRECTION('center_axis',(-3.17053540443601E-16,1.,0.));
#4437=DIRECTION('ref_axis',(0.962927671239164,3.05299627357488E-16,-0.269759707817755));
#4438=DIRECTION('center_axis',(9.95799250102959E-17,-1.,0.));
#4439=DIRECTION('ref_axis',(0.962927671239164,3.05299627357488E-16,-0.269759707817755));
#4440=DIRECTION('center_axis',(-9.95799250102959E-17,1.,0.));
#4441=DIRECTION('ref_axis',(0.962927671239164,3.05299627357488E-16,-0.269759707817755));
#4442=DIRECTION('',(-3.17053540443601E-16,1.,0.));
#4443=DIRECTION('center_axis',(-3.17053540443601E-16,1.,0.));
#4444=DIRECTION('ref_axis',(-0.962927671239164,-3.05299627357488E-16,0.269759707817755));
#4445=DIRECTION('center_axis',(9.95799250102959E-17,-1.,0.));
#4446=DIRECTION('ref_axis',(-0.962927671239164,-3.05299627357488E-16,0.269759707817755));
#4447=DIRECTION('center_axis',(-9.95799250102959E-17,1.,0.));
#4448=DIRECTION('ref_axis',(-0.962927671239164,-3.05299627357488E-16,0.269759707817755));
#4449=DIRECTION('',(-3.17053540443601E-16,1.,0.));
#4450=DIRECTION('center_axis',(-3.17053540443601E-16,1.,0.));
#4451=DIRECTION('ref_axis',(-0.962927671239164,-3.05299627357488E-16,-0.269759707817755));
#4452=DIRECTION('center_axis',(9.95799250102959E-17,-1.,0.));
#4453=DIRECTION('ref_axis',(-0.962927671239164,-3.05299627357488E-16,-0.269759707817755));
#4454=DIRECTION('center_axis',(-9.95799250102959E-17,1.,0.));
#4455=DIRECTION('ref_axis',(-0.962927671239164,-3.05299627357488E-16,-0.269759707817755));
#4456=DIRECTION('center_axis',(-1.,1.22464679914735E-16,0.));
#4457=DIRECTION('ref_axis',(0.,0.,1.));
#4458=DIRECTION('',(9.9579925010296E-17,-1.,0.));
#4459=DIRECTION('',(0.,0.,1.));
#4460=DIRECTION('',(1.22464679914735E-16,1.,0.));
#4461=DIRECTION('center_axis',(1.22464679914735E-16,1.,0.));
#4462=DIRECTION('ref_axis',(-0.260681447929303,3.19242700803718E-17,-0.965424871600832));
#4463=DIRECTION('center_axis',(-9.95799250102959E-17,1.,0.));
#4464=DIRECTION('ref_axis',(-0.260681447929303,3.19242700803718E-17,-0.965424871600832));
#4465=DIRECTION('',(1.22464679914735E-16,1.,0.));
#4466=DIRECTION('center_axis',(9.95799250102959E-17,-1.,0.));
#4467=DIRECTION('ref_axis',(-0.260681447929303,3.19242700803718E-17,-0.965424871600832));
#4468=DIRECTION('',(1.22464679914735E-16,1.,0.));
#4469=DIRECTION('center_axis',(1.22464679914735E-16,1.,0.));
#4470=DIRECTION('ref_axis',(0.2606814479293,-3.19242700803715E-17,0.965424871600832));
#4471=DIRECTION('center_axis',(-9.95799250102959E-17,1.,0.));
#4472=DIRECTION('ref_axis',(0.2606814479293,2.59586390363751E-17,0.965424871600832));
#4473=DIRECTION('',(1.22464679914735E-16,1.,0.));
#4474=DIRECTION('center_axis',(9.95799250102959E-17,-1.,0.));
#4475=DIRECTION('ref_axis',(0.2606814479293,-3.19242700803715E-17,0.965424871600832));
#4476=DIRECTION('center_axis',(-9.95799250102959E-17,1.,0.));
#4477=DIRECTION('ref_axis',(0.2606814479293,-3.19242700803715E-17,0.965424871600832));
#4478=DIRECTION('center_axis',(1.,-1.22464679914735E-16,0.));
#4479=DIRECTION('ref_axis',(0.,0.,-1.));
#4480=DIRECTION('',(-9.9579925010296E-17,1.,0.));
#4481=DIRECTION('',(1.22464679914735E-16,1.,0.));
#4482=DIRECTION('',(0.,0.,-1.));
#4483=DIRECTION('center_axis',(1.22464679914735E-16,1.,0.));
#4484=DIRECTION('ref_axis',(1.,-1.22464679914735E-16,0.));
#4485=DIRECTION('center_axis',(-9.95799250102959E-17,1.,0.));
#4486=DIRECTION('ref_axis',(1.,-1.22464679914735E-16,0.));
#4487=DIRECTION('center_axis',(9.95799250102959E-17,-1.,0.));
#4488=DIRECTION('ref_axis',(1.,-1.22464679914735E-16,0.));
#4489=DIRECTION('',(-1.22464679914735E-16,-1.,0.));
#4490=DIRECTION('center_axis',(-9.95799250102959E-17,1.,0.));
#4491=DIRECTION('ref_axis',(1.,9.95799250102959E-17,0.));
#4492=DIRECTION('center_axis',(9.95799250102959E-17,-1.,0.));
#4493=DIRECTION('ref_axis',(1.,9.95799250102959E-17,0.));
#4494=DIRECTION('center_axis',(-9.95799250102959E-17,1.,0.));
#4495=DIRECTION('ref_axis',(0.,0.,-1.));
#4496=DIRECTION('center_axis',(9.95799250102959E-17,-1.,0.));
#4497=DIRECTION('ref_axis',(0.,0.,-1.));
#4498=DIRECTION('center_axis',(0.499999999999999,-6.12323399573675E-17,
0.866025403784439));
#4499=DIRECTION('ref_axis',(0.866025403784439,8.62387447658657E-17,-0.499999999999999));
#4500=DIRECTION('',(9.9579925010296E-17,-1.,0.));
#4501=DIRECTION('',(0.866025403784439,8.62387447658657E-17,-0.499999999999999));
#4502=DIRECTION('',(1.22464679914735E-16,1.,0.));
#4503=DIRECTION('center_axis',(1.22464679914735E-16,1.,0.));
#4504=DIRECTION('ref_axis',(-0.705741740286999,8.64284363267156E-17,0.708469192002502));
#4505=DIRECTION('center_axis',(-9.95799250102959E-17,1.,0.));
#4506=DIRECTION('ref_axis',(-0.705741740286999,8.64284363267156E-17,0.708469192002502));
#4507=DIRECTION('',(1.22464679914735E-16,1.,0.));
#4508=DIRECTION('center_axis',(9.95799250102959E-17,-1.,0.));
#4509=DIRECTION('ref_axis',(-0.705741740286999,8.64284363267156E-17,0.708469192002502));
#4510=DIRECTION('',(1.22464679914735E-16,1.,0.));
#4511=DIRECTION('center_axis',(1.22464679914735E-16,1.,0.));
#4512=DIRECTION('ref_axis',(0.705741740286998,-8.64284363267155E-17,-0.708469192002503));
#4513=DIRECTION('center_axis',(-9.95799250102959E-17,1.,0.));
#4514=DIRECTION('ref_axis',(0.705741740286998,7.0277709574415E-17,-0.708469192002503));
#4515=DIRECTION('',(1.22464679914735E-16,1.,0.));
#4516=DIRECTION('center_axis',(9.95799250102959E-17,-1.,0.));
#4517=DIRECTION('ref_axis',(0.705741740286998,-8.64284363267155E-17,-0.708469192002503));
#4518=DIRECTION('center_axis',(-9.95799250102959E-17,1.,0.));
#4519=DIRECTION('ref_axis',(0.705741740286998,-8.64284363267155E-17,-0.708469192002503));
#4520=DIRECTION('center_axis',(-0.500000000000002,6.12323399573679E-17,
-0.866025403784438));
#4521=DIRECTION('ref_axis',(-0.866025403784438,-8.62387447658656E-17,0.500000000000002));
#4522=DIRECTION('',(-9.9579925010296E-17,1.,0.));
#4523=DIRECTION('',(1.22464679914735E-16,1.,0.));
#4524=DIRECTION('',(-0.866025403784438,-8.62387447658656E-17,0.500000000000002));
#4525=DIRECTION('center_axis',(1.22464679914735E-16,1.,0.));
#4526=DIRECTION('ref_axis',(-0.500000000000001,6.12323399573677E-17,-0.866025403784438));
#4527=DIRECTION('center_axis',(-9.95799250102959E-17,1.,0.));
#4528=DIRECTION('ref_axis',(-0.500000000000001,6.12323399573677E-17,-0.866025403784438));
#4529=DIRECTION('center_axis',(9.95799250102959E-17,-1.,0.));
#4530=DIRECTION('ref_axis',(-0.500000000000001,6.12323399573677E-17,-0.866025403784438));
#4531=DIRECTION('',(-1.22464679914735E-16,-1.,0.));
#4532=DIRECTION('center_axis',(-9.95799250102959E-17,1.,0.));
#4533=DIRECTION('ref_axis',(-0.500000000000001,-4.9789962505148E-17,-0.866025403784438));
#4534=DIRECTION('center_axis',(9.95799250102959E-17,-1.,0.));
#4535=DIRECTION('ref_axis',(1.,9.95799250102959E-17,0.));
#4536=DIRECTION('center_axis',(-9.95799250102959E-17,1.,0.));
#4537=DIRECTION('ref_axis',(0.,0.,-1.));
#4538=DIRECTION('center_axis',(9.95799250102959E-17,-1.,0.));
#4539=DIRECTION('ref_axis',(0.,0.,-1.));
#4540=DIRECTION('center_axis',(-0.500000000000001,6.12323399573677E-17,
0.866025403784438));
#4541=DIRECTION('ref_axis',(0.866025403784438,8.62387447658656E-17,0.500000000000001));
#4542=DIRECTION('',(9.9579925010296E-17,-1.,0.));
#4543=DIRECTION('',(0.866025403784438,8.62387447658656E-17,0.500000000000001));
#4544=DIRECTION('',(1.22464679914735E-16,1.,0.));
#4545=DIRECTION('center_axis',(1.22464679914735E-16,1.,0.));
#4546=DIRECTION('ref_axis',(-0.966423188216301,1.18352706407087E-16,-0.256955679598329));
#4547=DIRECTION('center_axis',(-9.95799250102959E-17,1.,0.));
#4548=DIRECTION('ref_axis',(-0.966423188216301,1.18352706407087E-16,-0.256955679598329));
#4549=DIRECTION('',(1.22464679914735E-16,1.,0.));
#4550=DIRECTION('center_axis',(9.95799250102959E-17,-1.,0.));
#4551=DIRECTION('ref_axis',(-0.966423188216301,1.18352706407087E-16,-0.256955679598329));
#4552=DIRECTION('',(1.22464679914735E-16,1.,0.));
#4553=DIRECTION('center_axis',(1.22464679914735E-16,1.,0.));
#4554=DIRECTION('ref_axis',(0.966423188216301,-1.18352706407087E-16,0.256955679598332));
#4555=DIRECTION('center_axis',(-9.95799250102959E-17,1.,0.));
#4556=DIRECTION('ref_axis',(0.966423188216301,9.62363486107903E-17,0.256955679598332));
#4557=DIRECTION('',(1.22464679914735E-16,1.,0.));
#4558=DIRECTION('center_axis',(9.95799250102959E-17,-1.,0.));
#4559=DIRECTION('ref_axis',(0.966423188216301,-1.18352706407087E-16,0.256955679598332));
#4560=DIRECTION('center_axis',(-9.95799250102959E-17,1.,0.));
#4561=DIRECTION('ref_axis',(0.966423188216301,-1.18352706407087E-16,0.256955679598332));
#4562=DIRECTION('center_axis',(0.499999999999999,-6.12323399573675E-17,
-0.866025403784439));
#4563=DIRECTION('ref_axis',(-0.866025403784439,-8.62387447658657E-17,-0.499999999999999));
#4564=DIRECTION('',(-9.9579925010296E-17,1.,0.));
#4565=DIRECTION('',(1.22464679914735E-16,1.,0.));
#4566=DIRECTION('',(-0.866025403784439,-8.62387447658657E-17,-0.499999999999999));
#4567=DIRECTION('center_axis',(1.22464679914735E-16,1.,0.));
#4568=DIRECTION('ref_axis',(0.499999999999999,-6.12323399573675E-17,-0.866025403784439));
#4569=DIRECTION('center_axis',(-9.95799250102959E-17,1.,0.));
#4570=DIRECTION('ref_axis',(0.499999999999999,-6.12323399573675E-17,-0.866025403784439));
#4571=DIRECTION('center_axis',(9.95799250102959E-17,-1.,0.));
#4572=DIRECTION('ref_axis',(0.499999999999999,-6.12323399573675E-17,-0.866025403784439));
#4573=DIRECTION('',(-1.22464679914735E-16,-1.,0.));
#4574=DIRECTION('center_axis',(-9.95799250102959E-17,1.,0.));
#4575=DIRECTION('ref_axis',(0.499999999999999,4.97899625051478E-17,-0.866025403784439));
#4576=DIRECTION('center_axis',(9.95799250102959E-17,-1.,0.));
#4577=DIRECTION('ref_axis',(1.,9.95799250102959E-17,0.));
#4578=DIRECTION('center_axis',(-9.95799250102959E-17,1.,0.));
#4579=DIRECTION('ref_axis',(0.,0.,-1.));
#4580=DIRECTION('center_axis',(9.95799250102959E-17,-1.,0.));
#4581=DIRECTION('ref_axis',(0.,0.,-1.));
#4582=DIRECTION('center_axis',(1.,-1.22464679914735E-16,0.));
#4583=DIRECTION('ref_axis',(0.,0.,-1.));
#4584=DIRECTION('',(9.9579925010296E-17,-1.,0.));
#4585=DIRECTION('',(0.,0.,-1.));
#4586=DIRECTION('',(1.22464679914735E-16,1.,0.));
#4587=DIRECTION('center_axis',(1.22464679914735E-16,1.,0.));
#4588=DIRECTION('ref_axis',(0.260681447929303,-3.19242700803718E-17,0.965424871600832));
#4589=DIRECTION('center_axis',(-9.95799250102959E-17,1.,0.));
#4590=DIRECTION('ref_axis',(0.260681447929303,-3.19242700803718E-17,0.965424871600832));
#4591=DIRECTION('',(1.22464679914735E-16,1.,0.));
#4592=DIRECTION('center_axis',(9.95799250102959E-17,-1.,0.));
#4593=DIRECTION('ref_axis',(0.260681447929303,-3.19242700803718E-17,0.965424871600832));
#4594=DIRECTION('',(1.22464679914735E-16,1.,0.));
#4595=DIRECTION('center_axis',(1.22464679914735E-16,1.,0.));
#4596=DIRECTION('ref_axis',(-0.2606814479293,3.19242700803715E-17,-0.965424871600832));
#4597=DIRECTION('center_axis',(-9.95799250102959E-17,1.,0.));
#4598=DIRECTION('ref_axis',(-0.2606814479293,-2.59586390363751E-17,-0.965424871600832));
#4599=DIRECTION('',(1.22464679914735E-16,1.,0.));
#4600=DIRECTION('center_axis',(9.95799250102959E-17,-1.,0.));
#4601=DIRECTION('ref_axis',(-0.2606814479293,3.19242700803715E-17,-0.965424871600832));
#4602=DIRECTION('center_axis',(-9.95799250102959E-17,1.,0.));
#4603=DIRECTION('ref_axis',(-0.2606814479293,3.19242700803715E-17,-0.965424871600832));
#4604=DIRECTION('center_axis',(-1.,1.22464679914735E-16,0.));
#4605=DIRECTION('ref_axis',(0.,0.,1.));
#4606=DIRECTION('',(-9.9579925010296E-17,1.,0.));
#4607=DIRECTION('',(1.22464679914735E-16,1.,0.));
#4608=DIRECTION('',(0.,0.,1.));
#4609=DIRECTION('center_axis',(1.22464679914735E-16,1.,0.));
#4610=DIRECTION('ref_axis',(-1.,1.22464679914735E-16,0.));
#4611=DIRECTION('center_axis',(-9.95799250102959E-17,1.,0.));
#4612=DIRECTION('ref_axis',(-1.,1.22464679914735E-16,0.));
#4613=DIRECTION('center_axis',(9.95799250102959E-17,-1.,0.));
#4614=DIRECTION('ref_axis',(-1.,1.22464679914735E-16,0.));
#4615=DIRECTION('',(-1.22464679914735E-16,-1.,0.));
#4616=DIRECTION('center_axis',(-9.95799250102959E-17,1.,0.));
#4617=DIRECTION('ref_axis',(-1.,-9.95799250102959E-17,0.));
#4618=DIRECTION('center_axis',(9.95799250102959E-17,-1.,0.));
#4619=DIRECTION('ref_axis',(1.,9.95799250102959E-17,0.));
#4620=DIRECTION('center_axis',(-9.95799250102959E-17,1.,0.));
#4621=DIRECTION('ref_axis',(0.,0.,-1.));
#4622=DIRECTION('center_axis',(9.95799250102959E-17,-1.,0.));
#4623=DIRECTION('ref_axis',(0.,0.,-1.));
#4624=DIRECTION('center_axis',(9.95799250102959E-17,-1.,0.));
#4625=DIRECTION('ref_axis',(0.,0.,-1.));
#4626=DIRECTION('center_axis',(-9.95799250102959E-17,1.,0.));
#4627=DIRECTION('ref_axis',(0.,0.,-1.));
#4628=DIRECTION('center_axis',(-0.500000000000003,6.1232339957368E-17,-0.866025403784437));
#4629=DIRECTION('ref_axis',(-0.866025403784437,-8.62387447658655E-17,0.500000000000003));
#4630=DIRECTION('',(9.9579925010296E-17,-1.,0.));
#4631=DIRECTION('',(-0.866025403784437,-8.62387447658655E-17,0.500000000000003));
#4632=DIRECTION('',(1.22464679914735E-16,1.,0.));
#4633=DIRECTION('center_axis',(1.22464679914735E-16,1.,0.));
#4634=DIRECTION('ref_axis',(0.705741740286999,-8.64284363267156E-17,-0.708469192002502));
#4635=DIRECTION('center_axis',(-9.95799250102959E-17,1.,0.));
#4636=DIRECTION('ref_axis',(0.705741740286999,-8.64284363267156E-17,-0.708469192002502));
#4637=DIRECTION('',(1.22464679914735E-16,1.,0.));
#4638=DIRECTION('center_axis',(9.95799250102959E-17,-1.,0.));
#4639=DIRECTION('ref_axis',(0.705741740286999,-8.64284363267156E-17,-0.708469192002502));
#4640=DIRECTION('',(1.22464679914735E-16,1.,0.));
#4641=DIRECTION('center_axis',(1.22464679914735E-16,1.,0.));
#4642=DIRECTION('ref_axis',(-0.705741740287002,8.6428436326716E-17,0.708469192002499));
#4643=DIRECTION('center_axis',(-9.95799250102959E-17,1.,0.));
#4644=DIRECTION('ref_axis',(-0.705741740287002,-7.02777095744155E-17,0.708469192002499));
#4645=DIRECTION('',(1.22464679914735E-16,1.,0.));
#4646=DIRECTION('center_axis',(9.95799250102959E-17,-1.,0.));
#4647=DIRECTION('ref_axis',(-0.705741740287002,8.6428436326716E-17,0.708469192002499));
#4648=DIRECTION('center_axis',(-9.95799250102959E-17,1.,0.));
#4649=DIRECTION('ref_axis',(-0.705741740287002,8.6428436326716E-17,0.708469192002499));
#4650=DIRECTION('center_axis',(0.499999999999997,-6.12323399573673E-17,
0.86602540378444));
#4651=DIRECTION('ref_axis',(0.86602540378444,8.62387447658658E-17,-0.499999999999997));
#4652=DIRECTION('',(-9.9579925010296E-17,1.,0.));
#4653=DIRECTION('',(1.22464679914735E-16,1.,0.));
#4654=DIRECTION('',(0.86602540378444,8.62387447658658E-17,-0.499999999999997));
#4655=DIRECTION('center_axis',(1.22464679914735E-16,1.,0.));
#4656=DIRECTION('ref_axis',(0.500000000000001,-6.12323399573677E-17,0.866025403784438));
#4657=DIRECTION('center_axis',(-9.95799250102959E-17,1.,0.));
#4658=DIRECTION('ref_axis',(0.500000000000001,-6.12323399573677E-17,0.866025403784438));
#4659=DIRECTION('center_axis',(9.95799250102959E-17,-1.,0.));
#4660=DIRECTION('ref_axis',(0.500000000000001,-6.12323399573677E-17,0.866025403784438));
#4661=DIRECTION('',(-1.22464679914735E-16,-1.,0.));
#4662=DIRECTION('center_axis',(-9.95799250102959E-17,1.,0.));
#4663=DIRECTION('ref_axis',(0.500000000000001,4.9789962505148E-17,0.866025403784438));
#4664=DIRECTION('center_axis',(9.95799250102959E-17,-1.,0.));
#4665=DIRECTION('ref_axis',(1.,9.95799250102959E-17,0.));
#4666=DIRECTION('center_axis',(-9.95799250102959E-17,1.,0.));
#4667=DIRECTION('ref_axis',(0.,0.,-1.));
#4668=DIRECTION('center_axis',(9.95799250102959E-17,-1.,0.));
#4669=DIRECTION('ref_axis',(0.,0.,-1.));
#4670=DIRECTION('center_axis',(0.500000000000001,-6.12323399573677E-17,
-0.866025403784438));
#4671=DIRECTION('ref_axis',(-0.866025403784438,-8.62387447658656E-17,-0.500000000000001));
#4672=DIRECTION('',(9.9579925010296E-17,-1.,0.));
#4673=DIRECTION('',(-0.866025403784438,-8.62387447658656E-17,-0.500000000000001));
#4674=DIRECTION('',(1.22464679914735E-16,1.,0.));
#4675=DIRECTION('center_axis',(1.22464679914735E-16,1.,0.));
#4676=DIRECTION('ref_axis',(0.966423188216302,-1.18352706407087E-16,0.256955679598329));
#4677=DIRECTION('center_axis',(-9.95799250102959E-17,1.,0.));
#4678=DIRECTION('ref_axis',(0.966423188216302,-1.18352706407087E-16,0.256955679598329));
#4679=DIRECTION('',(1.22464679914735E-16,1.,0.));
#4680=DIRECTION('center_axis',(9.95799250102959E-17,-1.,0.));
#4681=DIRECTION('ref_axis',(0.966423188216302,-1.18352706407087E-16,0.256955679598329));
#4682=DIRECTION('',(1.22464679914735E-16,1.,0.));
#4683=DIRECTION('center_axis',(1.22464679914735E-16,1.,0.));
#4684=DIRECTION('ref_axis',(-0.966423188216301,1.18352706407087E-16,-0.256955679598331));
#4685=DIRECTION('center_axis',(-9.95799250102959E-17,1.,0.));
#4686=DIRECTION('ref_axis',(-0.966423188216301,-9.62363486107904E-17,-0.256955679598331));
#4687=DIRECTION('',(1.22464679914735E-16,1.,0.));
#4688=DIRECTION('center_axis',(9.95799250102959E-17,-1.,0.));
#4689=DIRECTION('ref_axis',(-0.966423188216301,1.18352706407087E-16,-0.256955679598331));
#4690=DIRECTION('center_axis',(-9.95799250102959E-17,1.,0.));
#4691=DIRECTION('ref_axis',(-0.966423188216301,1.18352706407087E-16,-0.256955679598331));
#4692=DIRECTION('center_axis',(-0.500000000000001,6.12323399573677E-17,
0.866025403784438));
#4693=DIRECTION('ref_axis',(0.866025403784438,8.62387447658656E-17,0.500000000000001));
#4694=DIRECTION('',(-9.9579925010296E-17,1.,0.));
#4695=DIRECTION('',(1.22464679914735E-16,1.,0.));
#4696=DIRECTION('',(0.866025403784438,8.62387447658656E-17,0.500000000000001));
#4697=DIRECTION('center_axis',(1.22464679914735E-16,1.,0.));
#4698=DIRECTION('ref_axis',(-0.500000000000001,6.12323399573677E-17,0.866025403784438));
#4699=DIRECTION('center_axis',(-9.95799250102959E-17,1.,0.));
#4700=DIRECTION('ref_axis',(-0.500000000000001,6.12323399573677E-17,0.866025403784438));
#4701=DIRECTION('center_axis',(9.95799250102959E-17,-1.,0.));
#4702=DIRECTION('ref_axis',(-0.500000000000001,6.12323399573677E-17,0.866025403784438));
#4703=DIRECTION('',(-1.22464679914735E-16,-1.,0.));
#4704=DIRECTION('center_axis',(-9.95799250102959E-17,1.,0.));
#4705=DIRECTION('ref_axis',(-0.500000000000001,-4.9789962505148E-17,0.866025403784438));
#4706=DIRECTION('center_axis',(9.95799250102959E-17,-1.,0.));
#4707=DIRECTION('ref_axis',(1.,9.95799250102959E-17,0.));
#4708=DIRECTION('center_axis',(-9.95799250102959E-17,1.,0.));
#4709=DIRECTION('ref_axis',(0.,0.,-1.));
#4710=DIRECTION('center_axis',(9.95799250102959E-17,-1.,0.));
#4711=DIRECTION('ref_axis',(0.,0.,-1.));
#4712=DIRECTION('center_axis',(-9.95799250102959E-17,1.,0.));
#4713=DIRECTION('ref_axis',(0.,0.,-1.));
#4714=DIRECTION('center_axis',(9.95799250102959E-17,-1.,0.));
#4715=DIRECTION('ref_axis',(0.,0.,-1.));
#4716=DIRECTION('center_axis',(-9.95799250102959E-17,1.,0.));
#4717=DIRECTION('ref_axis',(0.,0.,-1.));
#4718=DIRECTION('center_axis',(-9.95799250102959E-17,1.,0.));
#4719=DIRECTION('ref_axis',(0.,0.,-1.));
#4720=DIRECTION('center_axis',(-9.95799250102959E-17,1.,0.));
#4721=DIRECTION('ref_axis',(0.,0.,-1.));
#4722=DIRECTION('center_axis',(9.95799250102959E-17,-1.,0.));
#4723=DIRECTION('ref_axis',(0.,0.,-1.));
#4724=DIRECTION('center_axis',(-9.95799250102959E-17,1.,0.));
#4725=DIRECTION('ref_axis',(0.,0.,-1.));
#4726=DIRECTION('center_axis',(9.95799250102959E-17,-1.,0.));
#4727=DIRECTION('ref_axis',(0.,0.,-1.));
#4728=DIRECTION('center_axis',(-9.95799250102959E-17,1.,0.));
#4729=DIRECTION('ref_axis',(0.,0.,-1.));
#4730=DIRECTION('center_axis',(-9.95799250102959E-17,1.,0.));
#4731=DIRECTION('ref_axis',(0.,0.,-1.));
#4732=DIRECTION('center_axis',(-9.95799250102959E-17,1.,0.));
#4733=DIRECTION('ref_axis',(0.,0.,-1.));
#4734=DIRECTION('center_axis',(9.95799250102959E-17,-1.,0.));
#4735=DIRECTION('ref_axis',(0.,0.,-1.));
#4736=DIRECTION('center_axis',(-9.95799250102959E-17,1.,0.));
#4737=DIRECTION('ref_axis',(0.,0.,-1.));
#4738=DIRECTION('center_axis',(9.95799250102959E-17,-1.,0.));
#4739=DIRECTION('ref_axis',(0.,0.,-1.));
#4740=DIRECTION('center_axis',(-9.95799250102959E-17,1.,0.));
#4741=DIRECTION('ref_axis',(0.,0.,-1.));
#4742=DIRECTION('center_axis',(-9.95799250102959E-17,1.,0.));
#4743=DIRECTION('ref_axis',(0.,0.,-1.));
#4744=DIRECTION('center_axis',(-9.95799250102959E-17,1.,0.));
#4745=DIRECTION('ref_axis',(0.,0.,-1.));
#4746=DIRECTION('center_axis',(9.95799250102959E-17,-1.,0.));
#4747=DIRECTION('ref_axis',(0.,0.,-1.));
#4748=DIRECTION('center_axis',(9.95799250102959E-17,-1.,0.));
#4749=DIRECTION('ref_axis',(0.,0.,-1.));
#4750=DIRECTION('center_axis',(9.95799250102959E-17,-1.,0.));
#4751=DIRECTION('ref_axis',(1.,9.95799250102959E-17,0.));
#4752=DIRECTION('center_axis',(-9.95799250102959E-17,1.,0.));
#4753=DIRECTION('ref_axis',(1.,-1.22464679914735E-16,0.));
#4754=DIRECTION('center_axis',(-9.95799250102959E-17,1.,0.));
#4755=DIRECTION('ref_axis',(1.,-1.22464679914735E-16,0.));
#4756=DIRECTION('center_axis',(-9.95799250102959E-17,1.,0.));
#4757=DIRECTION('ref_axis',(1.,-1.22464679914735E-16,0.));
#4758=DIRECTION('center_axis',(-9.95799250102959E-17,1.,0.));
#4759=DIRECTION('ref_axis',(1.,-1.22464679914735E-16,0.));
#4760=DIRECTION('center_axis',(-9.95799250102959E-17,1.,0.));
#4761=DIRECTION('ref_axis',(0.,0.,1.));
#4762=DIRECTION('center_axis',(9.95799250102959E-17,-1.,0.));
#4763=DIRECTION('ref_axis',(0.,0.,-1.));
#4764=DIRECTION('center_axis',(9.95799250102959E-17,-1.,0.));
#4765=DIRECTION('ref_axis',(0.,0.,-1.));
#4766=DIRECTION('center_axis',(9.95799250102959E-17,-1.,0.));
#4767=DIRECTION('ref_axis',(0.,0.,-1.));
#4768=DIRECTION('center_axis',(9.95799250102959E-17,-1.,0.));
#4769=DIRECTION('ref_axis',(0.,0.,-1.));
#4770=DIRECTION('center_axis',(9.95799250102959E-17,-1.,0.));
#4771=DIRECTION('ref_axis',(0.,0.,-1.));
#4772=DIRECTION('center_axis',(9.95799250102959E-17,-1.,0.));
#4773=DIRECTION('ref_axis',(0.,0.,-1.));
#4774=DIRECTION('center_axis',(9.95799250102959E-17,-1.,0.));
#4775=DIRECTION('ref_axis',(0.,0.,-1.));
#4776=DIRECTION('center_axis',(9.95799250102959E-17,-1.,0.));
#4777=DIRECTION('ref_axis',(0.,0.,-1.));
#4778=DIRECTION('center_axis',(9.95799250102959E-17,-1.,0.));
#4779=DIRECTION('ref_axis',(1.,-1.22464679914735E-16,0.));
#4780=DIRECTION('center_axis',(9.95799250102959E-17,-1.,0.));
#4781=DIRECTION('ref_axis',(1.,-1.22464679914735E-16,0.));
#4782=DIRECTION('center_axis',(9.95799250102959E-17,-1.,0.));
#4783=DIRECTION('ref_axis',(1.,-1.22464679914735E-16,0.));
#4784=DIRECTION('center_axis',(9.95799250102959E-17,-1.,0.));
#4785=DIRECTION('ref_axis',(1.,-1.22464679914735E-16,0.));
#4786=DIRECTION('center_axis',(-1.22464679914735E-16,-1.,0.));
#4787=DIRECTION('ref_axis',(1.,8.93433932504252E-19,0.));
#4788=DIRECTION('',(0.707106781186547,0.707106781186548,8.65956056235492E-17));
#4789=DIRECTION('center_axis',(-9.95799250102959E-17,1.,0.));
#4790=DIRECTION('ref_axis',(1.,-1.22464679914735E-16,0.));
#4791=DIRECTION('center_axis',(1.22464679914735E-16,1.,0.));
#4792=DIRECTION('ref_axis',(1.,-1.22464679914735E-16,0.));
#4793=DIRECTION('',(1.22464679914735E-16,1.,0.));
#4794=DIRECTION('center_axis',(-9.95799250102959E-17,1.,0.));
#4795=DIRECTION('ref_axis',(1.,9.95799250102959E-17,0.));
#4796=DIRECTION('center_axis',(9.95799250102959E-17,-1.,0.));
#4797=DIRECTION('ref_axis',(1.,9.95799250102959E-17,0.));
#4798=DIRECTION('center_axis',(9.95799250102959E-17,-1.,0.));
#4799=DIRECTION('ref_axis',(0.,0.,-1.));
#4800=DIRECTION('center_axis',(1.22464679914735E-16,1.,0.));
#4801=DIRECTION('ref_axis',(1.,-1.22464679914735E-16,0.));
#4802=DIRECTION('',(1.22464679914735E-16,1.,0.));
#4803=DIRECTION('center_axis',(1.22464679914735E-16,1.,0.));
#4804=DIRECTION('ref_axis',(1.,-1.22464679914735E-16,0.));
#4805=DIRECTION('',(1.22464679914735E-16,1.,0.));
#4806=DIRECTION('center_axis',(1.22464679914735E-16,1.,0.));
#4807=DIRECTION('ref_axis',(1.,-1.22464679914735E-16,0.));
#4808=DIRECTION('',(1.22464679914735E-16,1.,0.));
#4809=DIRECTION('center_axis',(1.22464679914735E-16,1.,0.));
#4810=DIRECTION('ref_axis',(1.,-1.22464679914735E-16,0.));
#4811=DIRECTION('',(1.22464679914735E-16,1.,0.));
#4812=DIRECTION('center_axis',(9.95799250102959E-17,-1.,0.));
#4813=DIRECTION('ref_axis',(0.,0.,-1.));
#4814=DIRECTION('',(-9.95799250102959E-17,1.,0.));
#4815=DIRECTION('center_axis',(9.95799250102959E-17,-1.,0.));
#4816=DIRECTION('ref_axis',(0.,0.,-1.));
#4817=DIRECTION('center_axis',(9.95799250102959E-17,-1.,0.));
#4818=DIRECTION('ref_axis',(0.,0.,-1.));
#4819=DIRECTION('center_axis',(9.95799250102959E-17,-1.,0.));
#4820=DIRECTION('ref_axis',(0.,0.,-1.));
#4821=DIRECTION('',(-9.95799250102959E-17,1.,0.));
#4822=DIRECTION('center_axis',(9.95799250102959E-17,-1.,0.));
#4823=DIRECTION('ref_axis',(0.,0.,-1.));
#4824=DIRECTION('center_axis',(9.95799250102959E-17,-1.,0.));
#4825=DIRECTION('ref_axis',(0.,0.,-1.));
#4826=DIRECTION('center_axis',(-9.95799250102959E-17,1.,0.));
#4827=DIRECTION('ref_axis',(0.,0.,1.));
#4828=DIRECTION('center_axis',(9.95799250102959E-17,-1.,0.));
#4829=DIRECTION('ref_axis',(0.,0.,-1.));
#4830=DIRECTION('',(-9.95799250102959E-17,1.,0.));
#4831=DIRECTION('center_axis',(9.95799250102959E-17,-1.,0.));
#4832=DIRECTION('ref_axis',(0.,0.,-1.));
#4833=DIRECTION('center_axis',(9.95799250102959E-17,-1.,0.));
#4834=DIRECTION('ref_axis',(0.,0.,-1.));
#4835=DIRECTION('center_axis',(-9.95799250102959E-17,1.,0.));
#4836=DIRECTION('ref_axis',(0.,0.,-1.));
#4837=DIRECTION('',(-1.57009245868377E-16,0.707106781186548,0.707106781186547));
#4838=DIRECTION('center_axis',(9.95799250102959E-17,-1.,0.));
#4839=DIRECTION('ref_axis',(0.,0.,-1.));
#4840=DIRECTION('center_axis',(9.95799250102959E-17,-1.,0.));
#4841=DIRECTION('ref_axis',(0.,0.,-1.));
#4842=DIRECTION('center_axis',(-9.95799250102959E-17,1.,0.));
#4843=DIRECTION('ref_axis',(0.,0.,1.));
#4844=DIRECTION('center_axis',(9.95799250102959E-17,-1.,0.));
#4845=DIRECTION('ref_axis',(0.,0.,-1.));
#4846=DIRECTION('center_axis',(9.95799250102959E-17,-1.,0.));
#4847=DIRECTION('ref_axis',(0.,0.,-1.));
#4848=DIRECTION('center_axis',(9.95799250102959E-17,-1.,0.));
#4849=DIRECTION('ref_axis',(0.,0.,-1.));
#4850=DIRECTION('center_axis',(9.95799250102959E-17,-1.,0.));
#4851=DIRECTION('ref_axis',(0.,0.,-1.));
#4852=DIRECTION('center_axis',(9.95799250102959E-17,-1.,0.));
#4853=DIRECTION('ref_axis',(0.,0.,-1.));
#4854=DIRECTION('',(-9.95799250102959E-17,1.,0.));
#4855=DIRECTION('center_axis',(9.95799250102959E-17,-1.,0.));
#4856=DIRECTION('ref_axis',(0.,0.,-1.));
#4857=DIRECTION('center_axis',(9.95799250102959E-17,-1.,0.));
#4858=DIRECTION('ref_axis',(0.,0.,-1.));
#4859=DIRECTION('center_axis',(9.95799250102959E-17,-1.,0.));
#4860=DIRECTION('ref_axis',(0.,0.,-1.));
#4861=DIRECTION('',(-6.44995053868999E-17,0.965941769997124,-0.258759535041363));
#4862=DIRECTION('center_axis',(9.95799250102959E-17,-1.,0.));
#4863=DIRECTION('ref_axis',(0.,0.,-1.));
#4864=DIRECTION('',(-9.95799250102959E-17,1.,0.));
#4865=DIRECTION('center_axis',(-2.22044604925031E-16,-1.,0.));
#4866=DIRECTION('ref_axis',(9.63181083013289E-14,-2.1386916304895E-29,-1.));
#4867=DIRECTION('',(-2.22044604925031E-16,-1.,0.));
#4868=DIRECTION('',(-2.22044604925031E-16,-1.,0.));
#4869=DIRECTION('center_axis',(-2.22044604925031E-16,-1.,0.));
#4870=DIRECTION('ref_axis',(-0.24517892164185,5.44406567919097E-17,-0.969477847288188));
#4871=DIRECTION('',(-2.22044604925031E-16,-1.,0.));
#4872=DIRECTION('center_axis',(-2.22044604925031E-16,-1.,0.));
#4873=DIRECTION('ref_axis',(9.63181083013289E-14,-2.1386916304895E-29,-1.));
#4874=DIRECTION('center_axis',(-2.22044604925031E-16,-1.,0.));
#4875=DIRECTION('ref_axis',(9.63181083013289E-14,-2.1386916304895E-29,-1.));
#4876=DIRECTION('',(-2.22044604925031E-16,-1.,0.));
#4877=DIRECTION('center_axis',(-2.22044604925031E-16,-1.,0.));
#4878=DIRECTION('ref_axis',(9.63181083013289E-14,-2.1386916304895E-29,-1.));
#4879=DIRECTION('',(-2.22044604925031E-16,-1.,0.));
#4880=DIRECTION('center_axis',(-2.22044604925031E-16,-1.,0.));
#4881=DIRECTION('ref_axis',(9.63181083013289E-14,-2.1386916304895E-29,-1.));
#4882=DIRECTION('',(-2.22044604925031E-16,-1.,0.));
#4883=DIRECTION('center_axis',(-2.22044604925031E-16,-1.,0.));
#4884=DIRECTION('ref_axis',(9.63181083013289E-14,-2.1386916304895E-29,-1.));
#4885=DIRECTION('',(-2.22044604925031E-16,-1.,0.));
#4886=DIRECTION('center_axis',(-2.22044604925031E-16,-1.,0.));
#4887=DIRECTION('ref_axis',(9.63181083013289E-14,-2.1386916304895E-29,-1.));
#4888=DIRECTION('center_axis',(-2.22044604925031E-16,-1.,0.));
#4889=DIRECTION('ref_axis',(9.63181083013289E-14,-2.1386916304895E-29,-1.));
#4890=DIRECTION('',(-2.22044604925031E-16,-1.,0.));
#4891=DIRECTION('center_axis',(-2.22044604925031E-16,-1.,0.));
#4892=DIRECTION('ref_axis',(9.63181083013289E-14,-2.1386916304895E-29,-1.));
#4893=DIRECTION('',(-2.22044604925031E-16,-1.,0.));
#4894=DIRECTION('center_axis',(-2.22044604925031E-16,-1.,0.));
#4895=DIRECTION('ref_axis',(9.63181083013289E-14,-2.1386916304895E-29,-1.));
#4896=DIRECTION('',(-2.22044604925031E-16,-1.,0.));
#4897=DIRECTION('center_axis',(2.22044604925031E-16,1.,0.));
#4898=DIRECTION('ref_axis',(9.63181083013289E-14,-2.1386916304895E-29,-1.));
#4899=DIRECTION('center_axis',(-2.22044604925031E-16,-1.,0.));
#4900=DIRECTION('ref_axis',(0.,0.,-1.));
#4901=DIRECTION('',(2.22044604925031E-16,1.,0.));
#4902=DIRECTION('center_axis',(-2.22044604925031E-16,-1.,0.));
#4903=DIRECTION('ref_axis',(0.,0.,-1.));
#4904=DIRECTION('center_axis',(-2.22044604925031E-16,-1.,0.));
#4905=DIRECTION('ref_axis',(0.,0.,-1.));
#4906=DIRECTION('',(2.22044604925031E-16,1.,0.));
#4907=DIRECTION('center_axis',(-2.22044604925031E-16,-1.,0.));
#4908=DIRECTION('ref_axis',(0.,0.,-1.));
#4909=DIRECTION('',(2.22044604925031E-16,1.,0.));
#4910=DIRECTION('center_axis',(-2.22044604925031E-16,-1.,0.));
#4911=DIRECTION('ref_axis',(0.,0.,-1.));
#4912=DIRECTION('',(2.22044604925031E-16,1.,0.));
#4913=DIRECTION('center_axis',(-2.22044604925031E-16,-1.,0.));
#4914=DIRECTION('ref_axis',(0.,0.,-1.));
#4915=DIRECTION('',(2.22044604925031E-16,1.,0.));
#4916=DIRECTION('center_axis',(-2.22044604925031E-16,-1.,0.));
#4917=DIRECTION('ref_axis',(0.,0.,-1.));
#4918=DIRECTION('',(2.22044604925031E-16,1.,0.));
#4919=DIRECTION('center_axis',(-2.22044604925031E-16,-1.,0.));
#4920=DIRECTION('ref_axis',(0.,0.,-1.));
#4921=DIRECTION('',(2.22044604925031E-16,1.,0.));
#4922=DIRECTION('center_axis',(-2.22044604925031E-16,-1.,0.));
#4923=DIRECTION('ref_axis',(0.,0.,-1.));
#4924=DIRECTION('',(2.22044604925031E-16,1.,0.));
#4925=DIRECTION('center_axis',(-2.22044604925031E-16,-1.,0.));
#4926=DIRECTION('ref_axis',(0.,0.,-1.));
#4927=DIRECTION('center_axis',(-2.22044604925031E-16,-1.,0.));
#4928=DIRECTION('ref_axis',(0.,0.,-1.));
#4929=DIRECTION('',(2.22044604925031E-16,1.,0.));
#4930=DIRECTION('center_axis',(-2.22044604925031E-16,-1.,0.));
#4931=DIRECTION('ref_axis',(0.,0.,-1.));
#4932=DIRECTION('',(2.22044604925031E-16,1.,0.));
#4933=DIRECTION('center_axis',(-2.22044604925031E-16,-1.,0.));
#4934=DIRECTION('ref_axis',(0.,0.,-1.));
#4935=DIRECTION('center_axis',(0.,1.,0.));
#4936=DIRECTION('ref_axis',(0.,0.,-1.));
#4937=DIRECTION('center_axis',(0.,1.,0.));
#4938=DIRECTION('ref_axis',(0.,0.,-1.));
#4939=DIRECTION('',(-8.65956056235493E-17,0.707106781186548,0.707106781186548));
#4940=DIRECTION('center_axis',(0.,-1.,0.));
#4941=DIRECTION('ref_axis',(0.,0.,-1.));
#4942=DIRECTION('center_axis',(-2.22044604925031E-16,-1.,0.));
#4943=DIRECTION('ref_axis',(0.,0.,-1.));
#4944=DIRECTION('',(2.22044604925031E-16,1.,0.));
#4945=DIRECTION('center_axis',(2.22044604925031E-16,1.,0.));
#4946=DIRECTION('ref_axis',(0.,0.,-1.));
#4947=DIRECTION('',(-2.22044604925031E-16,-1.,0.));
#4948=DIRECTION('center_axis',(-2.22044604925031E-16,-1.,0.));
#4949=DIRECTION('ref_axis',(0.,0.,-1.));
#4950=DIRECTION('',(2.22044604925031E-16,1.,0.));
#4951=DIRECTION('center_axis',(2.22044604925031E-16,1.,0.));
#4952=DIRECTION('ref_axis',(0.,0.,-1.));
#4953=DIRECTION('',(-2.22044604925031E-16,-1.,0.));
#4954=DIRECTION('center_axis',(-2.22044604925031E-16,-1.,0.));
#4955=DIRECTION('ref_axis',(0.,0.,-1.));
#4956=DIRECTION('',(2.22044604925031E-16,1.,0.));
#4957=DIRECTION('center_axis',(2.22044604925031E-16,1.,0.));
#4958=DIRECTION('ref_axis',(0.,0.,-1.));
#4959=DIRECTION('',(-2.22044604925031E-16,-1.,0.));
#4960=DIRECTION('center_axis',(-2.22044604925031E-16,-1.,0.));
#4961=DIRECTION('ref_axis',(0.,0.,-1.));
#4962=DIRECTION('',(2.22044604925031E-16,1.,0.));
#4963=DIRECTION('center_axis',(2.22044604925031E-16,1.,0.));
#4964=DIRECTION('ref_axis',(0.,0.,-1.));
#4965=DIRECTION('',(-2.22044604925031E-16,-1.,0.));
#4966=DIRECTION('center_axis',(-2.22044604925031E-16,-1.,0.));
#4967=DIRECTION('ref_axis',(0.,0.,-1.));
#4968=DIRECTION('',(2.22044604925031E-16,1.,0.));
#4969=DIRECTION('center_axis',(2.22044604925031E-16,1.,0.));
#4970=DIRECTION('ref_axis',(0.,0.,-1.));
#4971=DIRECTION('',(-2.22044604925031E-16,-1.,0.));
#4972=DIRECTION('center_axis',(-2.22044604925031E-16,-1.,0.));
#4973=DIRECTION('ref_axis',(0.,0.,-1.));
#4974=DIRECTION('',(2.22044604925031E-16,1.,0.));
#4975=DIRECTION('center_axis',(2.22044604925031E-16,1.,0.));
#4976=DIRECTION('ref_axis',(0.,0.,-1.));
#4977=DIRECTION('',(-2.22044604925031E-16,-1.,0.));
#4978=DIRECTION('center_axis',(-2.22044604925031E-16,-1.,0.));
#4979=DIRECTION('ref_axis',(0.,0.,-1.));
#4980=DIRECTION('',(2.22044604925031E-16,1.,0.));
#4981=DIRECTION('center_axis',(2.22044604925031E-16,1.,0.));
#4982=DIRECTION('ref_axis',(0.,0.,-1.));
#4983=DIRECTION('',(-2.22044604925031E-16,-1.,0.));
#4984=DIRECTION('center_axis',(-2.22044604925031E-16,-1.,0.));
#4985=DIRECTION('ref_axis',(0.,0.,-1.));
#4986=DIRECTION('',(2.22044604925031E-16,1.,0.));
#4987=DIRECTION('center_axis',(2.22044604925031E-16,1.,0.));
#4988=DIRECTION('ref_axis',(0.,0.,-1.));
#4989=DIRECTION('',(-2.22044604925031E-16,-1.,0.));
#4990=DIRECTION('center_axis',(-2.22044604925031E-16,-1.,0.));
#4991=DIRECTION('ref_axis',(0.,0.,-1.));
#4992=DIRECTION('',(2.22044604925031E-16,1.,0.));
#4993=DIRECTION('center_axis',(2.22044604925031E-16,1.,0.));
#4994=DIRECTION('ref_axis',(0.,0.,-1.));
#4995=DIRECTION('center_axis',(0.,-1.,0.));
#4996=DIRECTION('ref_axis',(0.,0.,-1.));
#4997=DIRECTION('center_axis',(0.,1.,0.));
#4998=DIRECTION('ref_axis',(0.,0.,-1.));
#4999=DIRECTION('center_axis',(-2.22044604925031E-16,-1.,0.));
#5000=DIRECTION('ref_axis',(1.22464679914735E-16,-2.71926214689378E-32,
1.));
#5001=DIRECTION('center_axis',(-2.22044604925031E-16,-1.,0.));
#5002=DIRECTION('ref_axis',(0.,0.,-1.));
#5003=DIRECTION('center_axis',(-2.22044604925031E-16,-1.,0.));
#5004=DIRECTION('ref_axis',(0.,0.,-1.));
#5005=DIRECTION('center_axis',(-2.22044604925031E-16,-1.,0.));
#5006=DIRECTION('ref_axis',(0.,0.,-1.));
#5007=DIRECTION('center_axis',(-2.22044604925031E-16,-1.,0.));
#5008=DIRECTION('ref_axis',(0.,0.,-1.));
#5009=DIRECTION('center_axis',(-2.22044604925031E-16,-1.,0.));
#5010=DIRECTION('ref_axis',(0.,0.,-1.));
#5011=DIRECTION('center_axis',(-2.22044604925031E-16,-1.,0.));
#5012=DIRECTION('ref_axis',(0.,0.,-1.));
#5013=DIRECTION('center_axis',(-2.22044604925031E-16,-1.,0.));
#5014=DIRECTION('ref_axis',(0.,0.,-1.));
#5015=DIRECTION('center_axis',(-2.22044604925031E-16,-1.,0.));
#5016=DIRECTION('ref_axis',(0.,0.,-1.));
#5017=DIRECTION('center_axis',(-2.22044604925031E-16,-1.,0.));
#5018=DIRECTION('ref_axis',(0.,0.,-1.));
#5019=DIRECTION('center_axis',(-2.22044604925031E-16,-1.,0.));
#5020=DIRECTION('ref_axis',(0.,0.,-1.));
#5021=DIRECTION('center_axis',(-2.22044604925031E-16,-1.,0.));
#5022=DIRECTION('ref_axis',(0.,0.,-1.));
#5023=DIRECTION('center_axis',(-2.22044604925031E-16,-1.,0.));
#5024=DIRECTION('ref_axis',(0.,0.,-1.));
#5025=DIRECTION('center_axis',(-2.22044604925031E-16,-1.,0.));
#5026=DIRECTION('ref_axis',(0.,0.,-1.));
#5027=DIRECTION('',(2.22044604925031E-16,1.,0.));
#5028=DIRECTION('center_axis',(-2.22044604925031E-16,-1.,0.));
#5029=DIRECTION('ref_axis',(0.,0.,-1.));
#5030=DIRECTION('center_axis',(-2.22044604925031E-16,-1.,0.));
#5031=DIRECTION('ref_axis',(0.,0.,-1.));
#5032=DIRECTION('center_axis',(-2.22044604925031E-16,-1.,0.));
#5033=DIRECTION('ref_axis',(0.,0.,-1.));
#5034=DIRECTION('center_axis',(-2.22044604925031E-16,-1.,0.));
#5035=DIRECTION('ref_axis',(0.,0.,-1.));
#5036=DIRECTION('center_axis',(2.22044604925031E-16,1.,0.));
#5037=DIRECTION('ref_axis',(0.,0.,-1.));
#5038=DIRECTION('',(1.84074619275307E-17,0.545238515898633,0.838280955754487));
#5039=DIRECTION('center_axis',(-2.22044604925031E-16,-1.,0.));
#5040=DIRECTION('ref_axis',(0.,0.,-1.));
#5041=DIRECTION('center_axis',(-2.22044604925031E-16,-1.,0.));
#5042=DIRECTION('ref_axis',(0.,0.,-1.));
#5043=DIRECTION('center_axis',(-2.22044604925031E-16,-1.,0.));
#5044=DIRECTION('ref_axis',(0.,0.,-1.));
#5045=DIRECTION('',(2.22044604925031E-16,1.,0.));
#5046=DIRECTION('center_axis',(-2.22044604925031E-16,-1.,0.));
#5047=DIRECTION('ref_axis',(0.,0.,-1.));
#5048=DIRECTION('center_axis',(-2.22044604925031E-16,-1.,0.));
#5049=DIRECTION('ref_axis',(0.,0.,-1.));
#5050=DIRECTION('center_axis',(-2.22044604925031E-16,-1.,0.));
#5051=DIRECTION('ref_axis',(0.,0.,-1.));
#5052=DIRECTION('center_axis',(2.22044604925031E-16,1.,0.));
#5053=DIRECTION('ref_axis',(-0.18458299926637,0.,-0.982816929230379));
#5054=DIRECTION('center_axis',(2.22044604925031E-16,1.,0.));
#5055=DIRECTION('ref_axis',(0.989654377229528,0.,0.143471995979824));
#5056=DIRECTION('center_axis',(-2.22044604925031E-16,-1.,0.));
#5057=DIRECTION('ref_axis',(-0.564436624850743,0.,0.825476405796738));
#5058=DIRECTION('center_axis',(2.22044604925031E-16,1.,0.));
#5059=DIRECTION('ref_axis',(0.564436624850744,0.,-0.825476405796738));
#5060=DIRECTION('center_axis',(-2.22044604925031E-16,-1.,0.));
#5061=DIRECTION('ref_axis',(0.,0.,-1.));
#5062=DIRECTION('center_axis',(2.22044604925031E-16,1.,0.));
#5063=DIRECTION('ref_axis',(0.598341299902245,0.,0.801241342437652));
#5064=DIRECTION('center_axis',(-2.22044604925031E-16,-1.,0.));
#5065=DIRECTION('ref_axis',(-0.98281692923038,0.,0.184582999266364));
#5066=DIRECTION('center_axis',(2.22044604925031E-16,1.,0.));
#5067=DIRECTION('ref_axis',(0.98281692923038,0.,-0.184582999266363));
#5068=DIRECTION('center_axis',(-2.22044604925031E-16,-1.,0.));
#5069=DIRECTION('ref_axis',(0.,0.,-1.));
#5070=DIRECTION('center_axis',(2.22044604925031E-16,1.,0.));
#5071=DIRECTION('ref_axis',(-0.143471995979824,0.,0.989654377229528));
#5072=DIRECTION('center_axis',(-2.22044604925031E-16,-1.,0.));
#5073=DIRECTION('ref_axis',(-0.825476405796738,0.,-0.564436624850743));
#5074=DIRECTION('center_axis',(2.22044604925031E-16,1.,0.));
#5075=DIRECTION('ref_axis',(0.825476405796738,0.,0.564436624850743));
#5076=DIRECTION('center_axis',(-2.22044604925031E-16,-1.,0.));
#5077=DIRECTION('ref_axis',(0.,0.,-1.));
#5078=DIRECTION('center_axis',(2.22044604925031E-16,1.,0.));
#5079=DIRECTION('ref_axis',(-0.801241342437653,0.,0.598341299902245));
#5080=DIRECTION('center_axis',(-2.22044604925031E-16,-1.,0.));
#5081=DIRECTION('ref_axis',(-0.184582999266364,0.,-0.98281692923038));
#5082=DIRECTION('center_axis',(2.22044604925031E-16,1.,0.));
#5083=DIRECTION('ref_axis',(0.184582999266366,0.,0.98281692923038));
#5084=DIRECTION('center_axis',(-2.22044604925031E-16,-1.,0.));
#5085=DIRECTION('ref_axis',(0.,0.,-1.));
#5086=DIRECTION('center_axis',(2.22044604925031E-16,1.,0.));
#5087=DIRECTION('ref_axis',(-0.989654377229528,0.,-0.143471995979824));
#5088=DIRECTION('center_axis',(-2.22044604925031E-16,-1.,0.));
#5089=DIRECTION('ref_axis',(0.564436624850743,0.,-0.825476405796738));
#5090=DIRECTION('center_axis',(2.22044604925031E-16,1.,0.));
#5091=DIRECTION('ref_axis',(-0.564436624850744,0.,0.825476405796738));
#5092=DIRECTION('center_axis',(-2.22044604925031E-16,-1.,0.));
#5093=DIRECTION('ref_axis',(0.,0.,-1.));
#5094=DIRECTION('center_axis',(2.22044604925031E-16,1.,0.));
#5095=DIRECTION('ref_axis',(-0.598341299902248,0.,-0.80124134243765));
#5096=DIRECTION('center_axis',(-2.22044604925031E-16,-1.,0.));
#5097=DIRECTION('ref_axis',(0.98281692923038,0.,-0.184582999266364));
#5098=DIRECTION('center_axis',(2.22044604925031E-16,1.,0.));
#5099=DIRECTION('ref_axis',(-0.98281692923038,0.,0.184582999266363));
#5100=DIRECTION('center_axis',(-2.22044604925031E-16,-1.,0.));
#5101=DIRECTION('ref_axis',(0.,0.,-1.));
#5102=DIRECTION('center_axis',(2.22044604925031E-16,1.,0.));
#5103=DIRECTION('ref_axis',(0.143471995979815,0.,-0.989654377229529));
#5104=DIRECTION('center_axis',(-2.22044604925031E-16,-1.,0.));
#5105=DIRECTION('ref_axis',(0.825476405796738,0.,0.564436624850743));
#5106=DIRECTION('center_axis',(2.22044604925031E-16,1.,0.));
#5107=DIRECTION('ref_axis',(-0.82547640579674,0.,-0.564436624850741));
#5108=DIRECTION('center_axis',(-2.22044604925031E-16,-1.,0.));
#5109=DIRECTION('ref_axis',(0.,0.,-1.));
#5110=DIRECTION('center_axis',(2.22044604925031E-16,1.,0.));
#5111=DIRECTION('ref_axis',(0.801241342437653,0.,-0.598341299902245));
#5112=DIRECTION('center_axis',(-2.22044604925031E-16,-1.,0.));
#5113=DIRECTION('ref_axis',(0.184582999266364,0.,0.98281692923038));
#5114=DIRECTION('center_axis',(2.22044604925031E-16,1.,0.));
#5115=DIRECTION('ref_axis',(0.,0.,1.));
#5116=DIRECTION('center_axis',(-2.22044604925031E-16,-1.,0.));
#5117=DIRECTION('ref_axis',(0.,0.,1.));
#5118=DIRECTION('center_axis',(-2.22044604925031E-16,-1.,0.));
#5119=DIRECTION('ref_axis',(0.,0.,1.));
#5120=DIRECTION('center_axis',(-2.22044604925031E-16,-1.,0.));
#5121=DIRECTION('ref_axis',(0.,0.,-1.));
#5122=DIRECTION('',(7.0413640244828E-17,0.707106781186547,0.707106781186548));
#5123=DIRECTION('center_axis',(2.22044604925031E-16,1.,0.));
#5124=DIRECTION('ref_axis',(0.,0.,1.));
#5125=DIRECTION('',(0.707106781186549,-1.57009245868378E-16,0.707106781186546));
#5126=DIRECTION('center_axis',(-2.22044604925031E-16,-1.,0.));
#5127=DIRECTION('ref_axis',(0.,0.,-1.));
#5128=DIRECTION('',(-0.707115241579678,1.57011124453028E-16,-0.707098320692189));
#5129=DIRECTION('center_axis',(-2.22044604925031E-16,-1.,0.));
#5130=DIRECTION('ref_axis',(-0.82547640579674,0.,-0.564436624850741));
#5131=DIRECTION('center_axis',(2.22044604925031E-16,1.,0.));
#5132=DIRECTION('ref_axis',(0.825476405796738,0.,0.564436624850743));
#5133=DIRECTION('center_axis',(-2.22044604925031E-16,-1.,0.));
#5134=DIRECTION('ref_axis',(0.143471995979815,0.,-0.989654377229529));
#5135=DIRECTION('',(1.,-2.22044604925031E-16,1.71400244053737E-16));
#5136=DIRECTION('center_axis',(-2.22044604925031E-16,-1.,0.));
#5137=DIRECTION('ref_axis',(0.,0.,-1.));
#5138=DIRECTION('',(-0.999999999928421,2.22044604909137E-16,1.19648742873084E-5));
#5139=DIRECTION('center_axis',(-2.22044604925031E-16,-1.,0.));
#5140=DIRECTION('ref_axis',(-0.98281692923038,0.,0.184582999266363));
#5141=DIRECTION('center_axis',(2.22044604925031E-16,1.,0.));
#5142=DIRECTION('ref_axis',(0.98281692923038,0.,-0.184582999266364));
#5143=DIRECTION('center_axis',(-2.22044604925031E-16,-1.,0.));
#5144=DIRECTION('ref_axis',(-0.598341299902248,0.,-0.80124134243765));
#5145=DIRECTION('',(0.707106781186547,-1.57009245868377E-16,-0.707106781186548));
#5146=DIRECTION('center_axis',(-2.22044604925031E-16,-1.,0.));
#5147=DIRECTION('ref_axis',(0.,0.,-1.));
#5148=DIRECTION('',(-0.70709832069219,1.5700736726125E-16,0.707115241579677));
#5149=DIRECTION('center_axis',(-2.22044604925031E-16,-1.,0.));
#5150=DIRECTION('ref_axis',(-0.564436624850744,0.,0.825476405796738));
#5151=DIRECTION('center_axis',(2.22044604925031E-16,1.,0.));
#5152=DIRECTION('ref_axis',(0.564436624850743,0.,-0.825476405796738));
#5153=DIRECTION('center_axis',(-2.22044604925031E-16,-1.,0.));
#5154=DIRECTION('ref_axis',(-0.989654377229528,0.,-0.143471995979824));
#5155=DIRECTION('',(0.,0.,-1.));
#5156=DIRECTION('center_axis',(-2.22044604925031E-16,-1.,0.));
#5157=DIRECTION('ref_axis',(0.,0.,-1.));
#5158=DIRECTION('',(1.19648742873084E-5,-2.65673578410306E-21,0.999999999928421));
#5159=DIRECTION('center_axis',(-2.22044604925031E-16,-1.,0.));
#5160=DIRECTION('ref_axis',(0.184582999266366,0.,0.98281692923038));
#5161=DIRECTION('center_axis',(2.22044604925031E-16,1.,0.));
#5162=DIRECTION('ref_axis',(-0.184582999266364,0.,-0.98281692923038));
#5163=DIRECTION('center_axis',(-2.22044604925031E-16,-1.,0.));
#5164=DIRECTION('ref_axis',(-0.801241342437653,0.,0.598341299902245));
#5165=DIRECTION('',(-0.707106781186548,1.57009245868378E-16,-0.707106781186547));
#5166=DIRECTION('center_axis',(-2.22044604925031E-16,-1.,0.));
#5167=DIRECTION('ref_axis',(0.,0.,-1.));
#5168=DIRECTION('',(0.707115241579678,-1.57011124453028E-16,0.707098320692189));
#5169=DIRECTION('center_axis',(-2.22044604925031E-16,-1.,0.));
#5170=DIRECTION('ref_axis',(0.825476405796738,0.,0.564436624850743));
#5171=DIRECTION('center_axis',(2.22044604925031E-16,1.,0.));
#5172=DIRECTION('ref_axis',(-0.825476405796738,0.,-0.564436624850743));
#5173=DIRECTION('center_axis',(-2.22044604925031E-16,-1.,0.));
#5174=DIRECTION('ref_axis',(-0.143471995979824,0.,0.989654377229528));
#5175=DIRECTION('',(-1.,2.22044604925031E-16,0.));
#5176=DIRECTION('center_axis',(-2.22044604925031E-16,-1.,0.));
#5177=DIRECTION('ref_axis',(0.,0.,-1.));
#5178=DIRECTION('',(0.999999999928421,-2.22044604909137E-16,-1.19648742873084E-5));
#5179=DIRECTION('center_axis',(-2.22044604925031E-16,-1.,0.));
#5180=DIRECTION('ref_axis',(0.98281692923038,0.,-0.184582999266363));
#5181=DIRECTION('center_axis',(2.22044604925031E-16,1.,0.));
#5182=DIRECTION('ref_axis',(-0.98281692923038,0.,0.184582999266364));
#5183=DIRECTION('center_axis',(-2.22044604925031E-16,-1.,0.));
#5184=DIRECTION('ref_axis',(0.598341299902245,0.,0.801241342437652));
#5185=DIRECTION('',(-0.707106781186548,1.57009245868377E-16,0.707106781186548));
#5186=DIRECTION('center_axis',(-2.22044604925031E-16,-1.,0.));
#5187=DIRECTION('ref_axis',(0.,0.,-1.));
#5188=DIRECTION('',(0.707098320692188,-1.5700736726125E-16,-0.707115241579679));
#5189=DIRECTION('center_axis',(-2.22044604925031E-16,-1.,0.));
#5190=DIRECTION('ref_axis',(0.564436624850744,0.,-0.825476405796738));
#5191=DIRECTION('center_axis',(2.22044604925031E-16,1.,0.));
#5192=DIRECTION('ref_axis',(-0.564436624850743,0.,0.825476405796738));
#5193=DIRECTION('center_axis',(-2.22044604925031E-16,-1.,0.));
#5194=DIRECTION('ref_axis',(0.989654377229528,0.,0.143471995979824));
#5195=DIRECTION('',(0.,0.,1.));
#5196=DIRECTION('center_axis',(-2.22044604925031E-16,-1.,0.));
#5197=DIRECTION('ref_axis',(0.,0.,-1.));
#5198=DIRECTION('',(-1.19648742873084E-5,2.65673578410306E-21,-0.999999999928421));
#5199=DIRECTION('center_axis',(-2.22044604925031E-16,-1.,0.));
#5200=DIRECTION('ref_axis',(-0.18458299926637,0.,-0.982816929230379));
#5201=DIRECTION('center_axis',(2.22044604925031E-16,1.,0.));
#5202=DIRECTION('ref_axis',(0.184582999266364,0.,0.98281692923038));
#5203=DIRECTION('center_axis',(-2.22044604925031E-16,-1.,0.));
#5204=DIRECTION('ref_axis',(0.801241342437653,0.,-0.598341299902245));
#5205=DIRECTION('center_axis',(-2.22044604925031E-16,-1.,0.));
#5206=DIRECTION('ref_axis',(0.,0.,-1.));
#5207=DIRECTION('center_axis',(-2.22044604925031E-16,-1.,0.));
#5208=DIRECTION('ref_axis',(0.,0.,-1.));
#5209=DIRECTION('center_axis',(-2.22044604925031E-16,-1.,0.));
#5210=DIRECTION('ref_axis',(9.63181083013289E-14,-2.1386916304895E-29,-1.));
#5211=DIRECTION('center_axis',(2.22044604925031E-16,1.,0.));
#5212=DIRECTION('ref_axis',(9.63181083013289E-14,-2.1386916304895E-29,-1.));
#5213=DIRECTION('center_axis',(-2.22044604925031E-16,-1.,0.));
#5214=DIRECTION('ref_axis',(0.,0.,-1.));
#5215=DIRECTION('center_axis',(-2.22044604925031E-16,-1.,0.));
#5216=DIRECTION('ref_axis',(0.,0.,-1.));
#5217=DIRECTION('center_axis',(-2.22044604925031E-16,-1.,0.));
#5218=DIRECTION('ref_axis',(0.,0.,-1.));
#5219=DIRECTION('center_axis',(-2.22044604925031E-16,-1.,0.));
#5220=DIRECTION('ref_axis',(0.,0.,-1.));
#5221=DIRECTION('center_axis',(-2.22044604925031E-16,-1.,0.));
#5222=DIRECTION('ref_axis',(0.,0.,-1.));
#5223=DIRECTION('center_axis',(-2.22044604925031E-16,-1.,0.));
#5224=DIRECTION('ref_axis',(0.,0.,-1.));
#5225=DIRECTION('center_axis',(-2.22044604925031E-16,-1.,0.));
#5226=DIRECTION('ref_axis',(0.,0.,-1.));
#5227=DIRECTION('center_axis',(-2.22044604925031E-16,-1.,0.));
#5228=DIRECTION('ref_axis',(0.,0.,-1.));
#5229=DIRECTION('center_axis',(-2.22044604925031E-16,-1.,0.));
#5230=DIRECTION('ref_axis',(0.,0.,-1.));
#5231=DIRECTION('center_axis',(-2.22044604925031E-16,-1.,0.));
#5232=DIRECTION('ref_axis',(0.,0.,-1.));
#5233=DIRECTION('center_axis',(-2.22044604925031E-16,-1.,0.));
#5234=DIRECTION('ref_axis',(0.,0.,-1.));
#5235=DIRECTION('center_axis',(-2.22044604925031E-16,-1.,0.));
#5236=DIRECTION('ref_axis',(0.,0.,-1.));
#5237=DIRECTION('center_axis',(-2.22044604925031E-16,-1.,0.));
#5238=DIRECTION('ref_axis',(0.,0.,-1.));
#5239=DIRECTION('center_axis',(-2.22044604925031E-16,-1.,0.));
#5240=DIRECTION('ref_axis',(0.,0.,-1.));
#5241=DIRECTION('center_axis',(-2.22044604925031E-16,-1.,0.));
#5242=DIRECTION('ref_axis',(0.,0.,-1.));
#5243=DIRECTION('center_axis',(-2.22044604925031E-16,-1.,0.));
#5244=DIRECTION('ref_axis',(0.,0.,-1.));
#5245=DIRECTION('center_axis',(-2.22044604925031E-16,-1.,0.));
#5246=DIRECTION('ref_axis',(0.,0.,-1.));
#5247=DIRECTION('',(2.22044604925031E-16,1.,0.));
#5248=DIRECTION('',(-2.22044604925031E-16,-1.,0.));
#5249=DIRECTION('center_axis',(2.22044604925031E-16,1.,0.));
#5250=DIRECTION('ref_axis',(0.,0.,-1.));
#5251=DIRECTION('',(2.22044604925031E-16,1.,0.));
#5252=DIRECTION('',(-2.22044604925031E-16,-1.,0.));
#5253=DIRECTION('center_axis',(2.22044604925031E-16,1.,0.));
#5254=DIRECTION('ref_axis',(0.,0.,-1.));
#5255=DIRECTION('',(2.22044604925031E-16,1.,0.));
#5256=DIRECTION('',(-2.22044604925031E-16,-1.,0.));
#5257=DIRECTION('center_axis',(2.22044604925031E-16,1.,0.));
#5258=DIRECTION('ref_axis',(0.,0.,-1.));
#5259=DIRECTION('',(2.22044604925031E-16,1.,0.));
#5260=DIRECTION('',(-2.22044604925031E-16,-1.,0.));
#5261=DIRECTION('center_axis',(2.22044604925031E-16,1.,0.));
#5262=DIRECTION('ref_axis',(0.,0.,-1.));
#5263=DIRECTION('',(2.22044604925031E-16,1.,0.));
#5264=DIRECTION('',(-2.22044604925031E-16,-1.,0.));
#5265=DIRECTION('center_axis',(2.22044604925031E-16,1.,0.));
#5266=DIRECTION('ref_axis',(0.,0.,-1.));
#5267=DIRECTION('',(2.22044604925031E-16,1.,0.));
#5268=DIRECTION('',(-2.22044604925031E-16,-1.,0.));
#5269=DIRECTION('center_axis',(2.22044604925031E-16,1.,0.));
#5270=DIRECTION('ref_axis',(0.,0.,-1.));
#5271=DIRECTION('',(2.22044604925031E-16,1.,0.));
#5272=DIRECTION('',(-2.22044604925031E-16,-1.,0.));
#5273=DIRECTION('center_axis',(2.22044604925031E-16,1.,0.));
#5274=DIRECTION('ref_axis',(0.,0.,-1.));
#5275=DIRECTION('',(2.22044604925031E-16,1.,0.));
#5276=DIRECTION('',(-2.22044604925031E-16,-1.,0.));
#5277=DIRECTION('center_axis',(2.22044604925031E-16,1.,0.));
#5278=DIRECTION('ref_axis',(0.,0.,-1.));
#5279=DIRECTION('',(2.22044604925031E-16,1.,0.));
#5280=DIRECTION('center_axis',(-2.22044604925031E-16,-1.,0.));
#5281=DIRECTION('ref_axis',(7.24222896212393E-8,-1.60809786867143E-23,0.999999999999997));
#5282=DIRECTION('center_axis',(-2.22044604925031E-16,-1.,0.));
#5283=DIRECTION('ref_axis',(0.,0.,-1.));
#5284=DIRECTION('center_axis',(-2.22044604925031E-16,-1.,0.));
#5285=DIRECTION('ref_axis',(0.,0.,-1.));
#5286=DIRECTION('center_axis',(-2.22044604925031E-16,-1.,0.));
#5287=DIRECTION('ref_axis',(0.,0.,-1.));
#5288=DIRECTION('center_axis',(-2.22044604925031E-16,-1.,0.));
#5289=DIRECTION('ref_axis',(0.,0.,-1.));
#5290=DIRECTION('center_axis',(-2.22044604925031E-16,-1.,0.));
#5291=DIRECTION('ref_axis',(0.,0.,-1.));
#5292=DIRECTION('center_axis',(-2.22044604925031E-16,-1.,0.));
#5293=DIRECTION('ref_axis',(0.,0.,-1.));
#5294=DIRECTION('center_axis',(0.,-1.,0.));
#5295=DIRECTION('ref_axis',(0.98281692923038,0.,-0.184582999266363));
#5296=DIRECTION('',(0.,-1.,0.));
#5297=DIRECTION('',(0.,-1.,0.));
#5298=DIRECTION('center_axis',(0.,-1.,0.));
#5299=DIRECTION('ref_axis',(-0.98281692923038,0.,0.184582999266364));
#5300=DIRECTION('',(0.,-1.,0.));
#5301=DIRECTION('center_axis',(0.707106781186548,0.,0.707106781186548));
#5302=DIRECTION('ref_axis',(-0.707106781186548,1.57009245868377E-16,0.707106781186548));
#5303=DIRECTION('',(0.,-1.,0.));
#5304=DIRECTION('',(-0.707106781186548,1.57009245868377E-16,0.707106781186548));
#5305=DIRECTION('center_axis',(-1.19648742873084E-5,0.,-0.999999999928421));
#5306=DIRECTION('ref_axis',(0.999999999928421,-2.22044604909137E-16,-1.19648742873084E-5));
#5307=DIRECTION('',(0.999999999928421,-2.22044604909137E-16,-1.19648742873084E-5));
#5308=DIRECTION('center_axis',(0.,-1.,0.));
#5309=DIRECTION('ref_axis',(0.598341299902245,0.,0.801241342437652));
#5310=DIRECTION('center_axis',(2.22044604925031E-16,1.,0.));
#5311=DIRECTION('ref_axis',(-1.,2.22044604925031E-16,0.));
#5312=DIRECTION('center_axis',(0.,-1.,0.));
#5313=DIRECTION('ref_axis',(-0.564436624850744,0.,0.825476405796738));
#5314=DIRECTION('',(0.,-1.,0.));
#5315=DIRECTION('',(0.,-1.,0.));
#5316=DIRECTION('center_axis',(0.,-1.,0.));
#5317=DIRECTION('ref_axis',(0.564436624850743,0.,-0.825476405796738));
#5318=DIRECTION('',(0.,-1.,0.));
#5319=DIRECTION('center_axis',(-1.,0.,0.));
#5320=DIRECTION('ref_axis',(0.,0.,-1.));
#5321=DIRECTION('',(0.,-1.,0.));
#5322=DIRECTION('',(0.,0.,-1.));
#5323=DIRECTION('center_axis',(0.707115241579677,0.,0.70709832069219));
#5324=DIRECTION('ref_axis',(-0.70709832069219,1.5700736726125E-16,0.707115241579677));
#5325=DIRECTION('',(-0.70709832069219,1.5700736726125E-16,0.707115241579677));
#5326=DIRECTION('center_axis',(0.,-1.,0.));
#5327=DIRECTION('ref_axis',(-0.989654377229528,0.,-0.143471995979824));
#5328=DIRECTION('center_axis',(2.22044604925031E-16,1.,0.));
#5329=DIRECTION('ref_axis',(-1.,2.22044604925031E-16,0.));
#5330=DIRECTION('center_axis',(0.,-1.,0.));
#5331=DIRECTION('ref_axis',(0.184582999266366,0.,0.98281692923038));
#5332=DIRECTION('',(0.,-1.,0.));
#5333=DIRECTION('',(0.,-1.,0.));
#5334=DIRECTION('center_axis',(0.,-1.,0.));
#5335=DIRECTION('ref_axis',(-0.184582999266364,0.,-0.98281692923038));
#5336=DIRECTION('',(0.,-1.,0.));
#5337=DIRECTION('center_axis',(-0.707106781186547,0.,0.707106781186548));
#5338=DIRECTION('ref_axis',(-0.707106781186548,1.57009245868378E-16,-0.707106781186547));
#5339=DIRECTION('',(0.,-1.,0.));
#5340=DIRECTION('',(-0.707106781186548,1.57009245868378E-16,-0.707106781186547));
#5341=DIRECTION('center_axis',(0.999999999928421,0.,-1.19648742873084E-5));
#5342=DIRECTION('ref_axis',(1.19648742873084E-5,-2.65673578402873E-21,0.999999999928421));
#5343=DIRECTION('',(1.19648742873084E-5,-2.65673578402873E-21,0.999999999928421));
#5344=DIRECTION('center_axis',(0.,-1.,0.));
#5345=DIRECTION('ref_axis',(-0.801241342437653,0.,0.598341299902245));
#5346=DIRECTION('center_axis',(2.22044604925031E-16,1.,0.));
#5347=DIRECTION('ref_axis',(-1.,2.22044604925031E-16,0.));
#5348=DIRECTION('center_axis',(0.,-1.,0.));
#5349=DIRECTION('ref_axis',(-0.98281692923038,0.,0.184582999266363));
#5350=DIRECTION('',(0.,-1.,0.));
#5351=DIRECTION('',(0.,-1.,0.));
#5352=DIRECTION('center_axis',(0.,-1.,0.));
#5353=DIRECTION('ref_axis',(0.98281692923038,0.,-0.184582999266364));
#5354=DIRECTION('',(0.,-1.,0.));
#5355=DIRECTION('center_axis',(-0.707106781186548,0.,-0.707106781186547));
#5356=DIRECTION('ref_axis',(0.707106781186547,-1.57009245868377E-16,-0.707106781186548));
#5357=DIRECTION('',(0.,-1.,0.));
#5358=DIRECTION('',(0.707106781186547,-1.57009245868377E-16,-0.707106781186548));
#5359=DIRECTION('center_axis',(1.19648742873084E-5,0.,0.999999999928421));
#5360=DIRECTION('ref_axis',(-0.999999999928421,2.22044604909138E-16,1.19648742873084E-5));
#5361=DIRECTION('',(-0.999999999928421,2.22044604909138E-16,1.19648742873084E-5));
#5362=DIRECTION('center_axis',(0.,-1.,0.));
#5363=DIRECTION('ref_axis',(-0.598341299902248,0.,-0.80124134243765));
#5364=DIRECTION('center_axis',(2.22044604925031E-16,1.,0.));
#5365=DIRECTION('ref_axis',(-1.,2.22044604925031E-16,0.));
#5366=DIRECTION('center_axis',(0.,-1.,0.));
#5367=DIRECTION('ref_axis',(0.564436624850744,0.,-0.825476405796738));
#5368=DIRECTION('',(0.,-1.,0.));
#5369=DIRECTION('',(0.,-1.,0.));
#5370=DIRECTION('center_axis',(0.,-1.,0.));
#5371=DIRECTION('ref_axis',(-0.564436624850743,0.,0.825476405796738));
#5372=DIRECTION('',(0.,-1.,0.));
#5373=DIRECTION('center_axis',(1.,0.,0.));
#5374=DIRECTION('ref_axis',(0.,0.,1.));
#5375=DIRECTION('',(0.,-1.,0.));
#5376=DIRECTION('',(0.,0.,1.));
#5377=DIRECTION('center_axis',(-0.707115241579679,0.,-0.707098320692188));
#5378=DIRECTION('ref_axis',(0.707098320692188,-1.5700736726125E-16,-0.707115241579679));
#5379=DIRECTION('',(0.707098320692188,-1.5700736726125E-16,-0.707115241579679));
#5380=DIRECTION('center_axis',(0.,-1.,0.));
#5381=DIRECTION('ref_axis',(0.989654377229528,0.,0.143471995979824));
#5382=DIRECTION('center_axis',(2.22044604925031E-16,1.,0.));
#5383=DIRECTION('ref_axis',(-1.,2.22044604925031E-16,0.));
#5384=DIRECTION('center_axis',(0.,-1.,0.));
#5385=DIRECTION('ref_axis',(-0.82547640579674,0.,-0.564436624850741));
#5386=DIRECTION('',(0.,-1.,0.));
#5387=DIRECTION('',(0.,-1.,0.));
#5388=DIRECTION('center_axis',(0.,-1.,0.));
#5389=DIRECTION('ref_axis',(0.825476405796738,0.,0.564436624850743));
#5390=DIRECTION('',(0.,-1.,0.));
#5391=DIRECTION('center_axis',(1.71400244053737E-16,0.,-1.));
#5392=DIRECTION('ref_axis',(1.,-2.22044604925031E-16,1.71400244053737E-16));
#5393=DIRECTION('',(0.,-1.,0.));
#5394=DIRECTION('',(1.,-2.22044604925031E-16,1.71400244053737E-16));
#5395=DIRECTION('center_axis',(-0.707098320692189,0.,0.707115241579678));
#5396=DIRECTION('ref_axis',(-0.707115241579678,1.57011124453028E-16,-0.707098320692189));
#5397=DIRECTION('',(-0.707115241579678,1.57011124453028E-16,-0.707098320692189));
#5398=DIRECTION('center_axis',(0.,-1.,0.));
#5399=DIRECTION('ref_axis',(0.143471995979815,0.,-0.989654377229529));
#5400=DIRECTION('center_axis',(2.22044604925031E-16,1.,0.));
#5401=DIRECTION('ref_axis',(-1.,2.22044604925031E-16,0.));
#5402=DIRECTION('center_axis',(0.,-1.,0.));
#5403=DIRECTION('ref_axis',(0.825476405796738,0.,0.564436624850743));
#5404=DIRECTION('',(0.,-1.,0.));
#5405=DIRECTION('',(0.,-1.,0.));
#5406=DIRECTION('center_axis',(0.,-1.,0.));
#5407=DIRECTION('ref_axis',(-0.825476405796738,0.,-0.564436624850743));
#5408=DIRECTION('',(0.,-1.,0.));
#5409=DIRECTION('center_axis',(0.,0.,1.));
#5410=DIRECTION('ref_axis',(-1.,2.22044604925031E-16,0.));
#5411=DIRECTION('',(0.,-1.,0.));
#5412=DIRECTION('',(-1.,2.22044604925031E-16,0.));
#5413=DIRECTION('center_axis',(0.707098320692189,0.,-0.707115241579678));
#5414=DIRECTION('ref_axis',(0.707115241579678,-1.57011124453028E-16,0.707098320692189));
#5415=DIRECTION('',(0.707115241579678,-1.57011124453028E-16,0.707098320692189));
#5416=DIRECTION('center_axis',(0.,-1.,0.));
#5417=DIRECTION('ref_axis',(-0.143471995979824,0.,0.989654377229528));
#5418=DIRECTION('center_axis',(2.22044604925031E-16,1.,0.));
#5419=DIRECTION('ref_axis',(-1.,2.22044604925031E-16,0.));
#5420=DIRECTION('center_axis',(0.,-1.,0.));
#5421=DIRECTION('ref_axis',(-0.18458299926637,0.,-0.982816929230379));
#5422=DIRECTION('',(0.,-1.,0.));
#5423=DIRECTION('',(0.,-1.,0.));
#5424=DIRECTION('center_axis',(0.,-1.,0.));
#5425=DIRECTION('ref_axis',(0.184582999266364,0.,0.98281692923038));
#5426=DIRECTION('',(0.,-1.,0.));
#5427=DIRECTION('center_axis',(0.707106781186546,0.,-0.707106781186549));
#5428=DIRECTION('ref_axis',(0.707106781186549,-1.57009245868378E-16,0.707106781186546));
#5429=DIRECTION('',(0.,-1.,0.));
#5430=DIRECTION('',(0.707106781186549,-1.57009245868378E-16,0.707106781186546));
#5431=DIRECTION('center_axis',(-0.999999999928421,0.,1.19648742873084E-5));
#5432=DIRECTION('ref_axis',(-1.19648742873084E-5,2.65673578417739E-21,-0.999999999928421));
#5433=DIRECTION('',(-1.19648742873084E-5,2.65673578417739E-21,-0.999999999928421));
#5434=DIRECTION('center_axis',(0.,-1.,0.));
#5435=DIRECTION('ref_axis',(0.801241342437653,0.,-0.598341299902245));
#5436=DIRECTION('center_axis',(2.22044604925031E-16,1.,0.));
#5437=DIRECTION('ref_axis',(-1.,2.22044604925031E-16,0.));
#5438=DIRECTION('center_axis',(-2.22044604925031E-16,-1.,0.));
#5439=DIRECTION('ref_axis',(0.,0.,-1.));
#5440=DIRECTION('',(2.22044604925031E-16,1.,0.));
#5441=DIRECTION('center_axis',(0.,-1.,0.));
#5442=DIRECTION('ref_axis',(0.,0.,-1.));
#5443=DIRECTION('center_axis',(0.,1.,0.));
#5444=DIRECTION('ref_axis',(0.,0.,-1.));
#5445=DIRECTION('',(8.65956056235494E-17,0.707106781186547,-0.707106781186548));
#5446=DIRECTION('center_axis',(0.,-1.,0.));
#5447=DIRECTION('ref_axis',(0.,0.,-1.));
#5448=DIRECTION('center_axis',(0.,-1.,0.));
#5449=DIRECTION('ref_axis',(0.,0.,-1.));
#5450=DIRECTION('center_axis',(0.,1.,0.));
#5451=DIRECTION('ref_axis',(0.,0.,-1.));
#5452=DIRECTION('center_axis',(-2.22044604925031E-16,-1.,0.));
#5453=DIRECTION('ref_axis',(0.,0.,-1.));
#5454=DIRECTION('center_axis',(-2.22044604925031E-16,-1.,0.));
#5455=DIRECTION('ref_axis',(0.,0.,-1.));
#5456=DIRECTION('center_axis',(-2.22044604925031E-16,-1.,0.));
#5457=DIRECTION('ref_axis',(0.,0.,-1.));
#5458=DIRECTION('',(2.22044604925031E-16,1.,0.));
#5459=DIRECTION('center_axis',(-2.22044604925031E-16,-1.,0.));
#5460=DIRECTION('ref_axis',(0.,0.,-1.));
#5461=DIRECTION('center_axis',(-2.22044604925031E-16,-1.,0.));
#5462=DIRECTION('ref_axis',(0.,0.,-1.));
#5463=DIRECTION('center_axis',(-2.22044604925031E-16,-1.,0.));
#5464=DIRECTION('ref_axis',(0.,0.,-1.));
#5465=DIRECTION('center_axis',(-2.22044604925031E-16,-1.,0.));
#5466=DIRECTION('ref_axis',(0.,0.,-1.));
#5467=DIRECTION('',(2.43604851491927E-16,0.707106781186547,-0.707106781186548));
#5468=DIRECTION('center_axis',(-2.22044604925031E-16,-1.,0.));
#5469=DIRECTION('ref_axis',(0.,0.,-1.));
#5470=DIRECTION('center_axis',(-2.22044604925031E-16,-1.,0.));
#5471=DIRECTION('ref_axis',(0.,0.,-1.));
#5472=DIRECTION('center_axis',(-2.22044604925031E-16,-1.,0.));
#5473=DIRECTION('ref_axis',(0.,0.,-1.));
#5474=DIRECTION('',(2.22044604925031E-16,1.,0.));
#5475=DIRECTION('',(0.,0.,1.));
#5476=DIRECTION('',(1.,0.,0.));
#5477=CARTESIAN_POINT('',(0.,0.,0.));
#5478=CARTESIAN_POINT('',(0.,0.,0.));
#5479=CARTESIAN_POINT('Origin',(7.70342136991332,-10.0298812209034,-2.15807766254204));
#5480=CARTESIAN_POINT('',(5.77756602743499,-7.55267451976346,-1.61855824690653));
#5481=CARTESIAN_POINT('',(9.62927672376117,-7.55267451976346,-2.69759703759319));
#5482=CARTESIAN_POINT('Origin',(7.70342136991332,-7.55267451976346,-2.15807766254204));
#5483=CARTESIAN_POINT('',(5.77756602743499,-10.0298812209034,-1.61855824690653));
#5484=CARTESIAN_POINT('',(5.77756602743499,-10.0298812209034,-1.61855824690653));
#5485=CARTESIAN_POINT('',(9.62927672376117,-10.0298812209034,-2.69759703759319));
#5486=CARTESIAN_POINT('Origin',(7.70342136991332,-10.0298812209034,-2.15807766254204));
#5487=CARTESIAN_POINT('',(9.62927672376117,-10.0298812209034,-2.69759703759319));
#5488=CARTESIAN_POINT('Origin',(4.44089209850063E-15,-10.0298812209034,
0.));
#5489=CARTESIAN_POINT('',(9.62927671239165,-7.55267451976346,2.69759707817755));
#5490=CARTESIAN_POINT('Origin',(4.44089209850063E-15,-7.55267451976346,
0.));
#5491=CARTESIAN_POINT('',(9.62927671239165,-10.0298812209034,2.69759707817755));
#5492=CARTESIAN_POINT('Origin',(4.44089209850063E-15,-10.0298812209034,
0.));
#5493=CARTESIAN_POINT('',(9.62927671239165,-10.0298812209034,2.69759707817755));
#5494=CARTESIAN_POINT('Origin',(7.70342136991332,-10.0298812209034,2.15807766254204));
#5495=CARTESIAN_POINT('',(5.77756602743499,-7.55267451976346,1.61855824690653));
#5496=CARTESIAN_POINT('Origin',(7.70342136991332,-7.55267451976346,2.15807766254204));
#5497=CARTESIAN_POINT('',(5.77756602743499,-10.0298812209034,1.61855824690653));
#5498=CARTESIAN_POINT('Origin',(7.70342136991332,-10.0298812209034,2.15807766254204));
#5499=CARTESIAN_POINT('',(5.77756602743499,-10.0298812209034,1.61855824690653));
#5500=CARTESIAN_POINT('Origin',(4.44089209850063E-15,-10.0298812209034,
0.));
#5501=CARTESIAN_POINT('Origin',(4.44089209850063E-15,-7.55267451976346,
0.));
#5502=CARTESIAN_POINT('Origin',(4.44089209850063E-15,-10.0298812209034,
0.));
#5503=CARTESIAN_POINT('Origin',(-2.15807766254204,-10.0298812209034,-7.70342136991332));
#5504=CARTESIAN_POINT('',(-1.61855824690652,-7.55267451976346,-5.77756602743499));
#5505=CARTESIAN_POINT('',(-2.69759703759318,-7.55267451976346,-9.62927672376118));
#5506=CARTESIAN_POINT('Origin',(-2.15807766254204,-7.55267451976346,-7.70342136991332));
#5507=CARTESIAN_POINT('',(-1.61855824690652,-10.0298812209034,-5.77756602743499));
#5508=CARTESIAN_POINT('',(-1.61855824690652,-10.0298812209034,-5.77756602743499));
#5509=CARTESIAN_POINT('',(-2.69759703759318,-10.0298812209034,-9.62927672376118));
#5510=CARTESIAN_POINT('Origin',(-2.15807766254204,-10.0298812209034,-7.70342136991332));
#5511=CARTESIAN_POINT('',(-2.69759703759318,-10.0298812209034,-9.62927672376118));
#5512=CARTESIAN_POINT('Origin',(4.44089209850063E-15,-10.0298812209034,
1.38777878078145E-15));
#5513=CARTESIAN_POINT('',(2.69759707817756,-7.55267451976346,-9.62927671239165));
#5514=CARTESIAN_POINT('Origin',(4.44089209850063E-15,-7.55267451976346,
1.38777878078145E-15));
#5515=CARTESIAN_POINT('',(2.69759707817756,-10.0298812209034,-9.62927671239165));
#5516=CARTESIAN_POINT('Origin',(4.44089209850063E-15,-10.0298812209034,
1.38777878078145E-15));
#5517=CARTESIAN_POINT('',(2.69759707817756,-10.0298812209034,-9.62927671239165));
#5518=CARTESIAN_POINT('Origin',(2.15807766254204,-10.0298812209034,-7.70342136991332));
#5519=CARTESIAN_POINT('',(1.61855824690653,-7.55267451976346,-5.77756602743499));
#5520=CARTESIAN_POINT('Origin',(2.15807766254204,-7.55267451976346,-7.70342136991332));
#5521=CARTESIAN_POINT('',(1.61855824690653,-10.0298812209034,-5.77756602743499));
#5522=CARTESIAN_POINT('Origin',(2.15807766254204,-10.0298812209034,-7.70342136991332));
#5523=CARTESIAN_POINT('',(1.61855824690653,-10.0298812209034,-5.77756602743499));
#5524=CARTESIAN_POINT('Origin',(4.44089209850063E-15,-10.0298812209034,
1.38777878078145E-15));
#5525=CARTESIAN_POINT('Origin',(4.44089209850063E-15,-7.55267451976346,
1.38777878078145E-15));
#5526=CARTESIAN_POINT('Origin',(4.44089209850063E-15,-10.0298812209034,
1.38777878078145E-15));
#5527=CARTESIAN_POINT('Origin',(2.15807766254205,-10.0298812209034,7.70342136991332));
#5528=CARTESIAN_POINT('',(1.61855824690653,-7.55267451976346,5.77756602743499));
#5529=CARTESIAN_POINT('',(2.69759707817756,-7.55267451976346,9.62927671239165));
#5530=CARTESIAN_POINT('Origin',(2.15807766254205,-7.55267451976346,7.70342136991332));
#5531=CARTESIAN_POINT('',(1.61855824690653,-10.0298812209034,5.77756602743499));
#5532=CARTESIAN_POINT('',(1.61855824690653,-10.0298812209034,5.77756602743499));
#5533=CARTESIAN_POINT('',(2.69759707817756,-10.0298812209034,9.62927671239165));
#5534=CARTESIAN_POINT('Origin',(2.15807766254205,-10.0298812209034,7.70342136991332));
#5535=CARTESIAN_POINT('',(2.69759707817756,-10.0298812209034,9.62927671239165));
#5536=CARTESIAN_POINT('Origin',(4.44089209850063E-15,-10.0298812209034,
1.38777878078145E-15));
#5537=CARTESIAN_POINT('',(-2.69759707817755,-7.55267451976346,9.62927671239165));
#5538=CARTESIAN_POINT('Origin',(4.44089209850063E-15,-7.55267451976346,
1.38777878078145E-15));
#5539=CARTESIAN_POINT('',(-2.69759707817755,-10.0298812209034,9.62927671239165));
#5540=CARTESIAN_POINT('Origin',(4.44089209850063E-15,-10.0298812209034,
1.38777878078145E-15));
#5541=CARTESIAN_POINT('',(-2.69759707817755,-10.0298812209034,9.62927671239165));
#5542=CARTESIAN_POINT('Origin',(-2.15807766254204,-10.0298812209034,7.70342136991332));
#5543=CARTESIAN_POINT('',(-1.61855824690652,-7.55267451976346,5.77756602743499));
#5544=CARTESIAN_POINT('Origin',(-2.15807766254204,-7.55267451976346,7.70342136991332));
#5545=CARTESIAN_POINT('',(-1.61855824690652,-10.0298812209034,5.77756602743499));
#5546=CARTESIAN_POINT('Origin',(-2.15807766254204,-10.0298812209034,7.70342136991332));
#5547=CARTESIAN_POINT('',(-1.61855824690652,-10.0298812209034,5.77756602743499));
#5548=CARTESIAN_POINT('Origin',(4.44089209850063E-15,-10.0298812209034,
1.38777878078145E-15));
#5549=CARTESIAN_POINT('Origin',(4.44089209850063E-15,-7.55267451976346,
1.38777878078145E-15));
#5550=CARTESIAN_POINT('Origin',(4.44089209850063E-15,-10.0298812209034,
1.38777878078145E-15));
#5551=CARTESIAN_POINT('Origin',(4.44089209850063E-15,-10.0298812209034,
0.));
#5552=CARTESIAN_POINT('',(-5.77756602743498,-7.55267451976346,-1.61855824690653));
#5553=CARTESIAN_POINT('',(-5.77756602743498,-7.55267451976346,1.61855824690653));
#5554=CARTESIAN_POINT('Origin',(4.44089209850063E-15,-7.55267451976346,
0.));
#5555=CARTESIAN_POINT('',(-5.77756602743498,-10.0298812209034,-1.61855824690653));
#5556=CARTESIAN_POINT('',(-5.77756602743498,-10.0298812209034,-1.61855824690653));
#5557=CARTESIAN_POINT('',(-5.77756602743498,-10.0298812209034,1.61855824690653));
#5558=CARTESIAN_POINT('Origin',(4.44089209850063E-15,-10.0298812209034,
0.));
#5559=CARTESIAN_POINT('',(-5.77756602743498,-10.0298812209034,1.61855824690653));
#5560=CARTESIAN_POINT('Origin',(-7.70342136991331,-10.0298812209034,2.15807766254204));
#5561=CARTESIAN_POINT('',(-9.62927671239164,-7.55267451976346,2.69759707817755));
#5562=CARTESIAN_POINT('Origin',(-7.70342136991331,-7.55267451976346,2.15807766254204));
#5563=CARTESIAN_POINT('',(-9.62927671239164,-10.0298812209034,2.69759707817755));
#5564=CARTESIAN_POINT('Origin',(-7.70342136991331,-10.0298812209034,2.15807766254204));
#5565=CARTESIAN_POINT('',(-9.62927671239164,-10.0298812209034,2.69759707817755));
#5566=CARTESIAN_POINT('Origin',(4.44089209850063E-15,-10.0298812209034,
0.));
#5567=CARTESIAN_POINT('',(-9.62927671239164,-7.55267451976346,-2.69759707817755));
#5568=CARTESIAN_POINT('Origin',(4.44089209850063E-15,-7.55267451976346,
0.));
#5569=CARTESIAN_POINT('',(-9.62927671239164,-10.0298812209034,-2.69759707817755));
#5570=CARTESIAN_POINT('Origin',(4.44089209850063E-15,-10.0298812209034,
0.));
#5571=CARTESIAN_POINT('',(-9.62927671239164,-10.0298812209034,-2.69759707817755));
#5572=CARTESIAN_POINT('Origin',(-7.70342136991331,-10.0298812209034,-2.15807766254204));
#5573=CARTESIAN_POINT('Origin',(-7.70342136991331,-7.55267451976346,-2.15807766254204));
#5574=CARTESIAN_POINT('Origin',(-7.70342136991331,-10.0298812209034,-2.15807766254204));
#5575=CARTESIAN_POINT('Origin',(-4.23867378224654,-10.0298812209034,-13.172169487359));
#5576=CARTESIAN_POINT('',(-4.23867378224654,-5.72988122090343,-13.1329221640767));
#5577=CARTESIAN_POINT('',(-4.23867378224654,-8.22988122090343,-13.1329221640767));
#5578=CARTESIAN_POINT('',(-4.23867378224654,-6.56988274240371,-13.1329221640767));
#5579=CARTESIAN_POINT('',(-4.23867378224654,-5.72988122090343,-11.9943181427714));
#5580=CARTESIAN_POINT('',(-4.23867378224654,-5.72988122090343,-11.9943181427714));
#5581=CARTESIAN_POINT('',(-4.23867378224654,-9.30863823358809,-11.9943181427714));
#5582=CARTESIAN_POINT('',(-4.23867378224654,-10.0298812209034,-11.9943181427714));
#5583=CARTESIAN_POINT('Ctrl Pts',(-4.23867378224654,-8.22988122090342,-13.1329221640767));
#5584=CARTESIAN_POINT('Ctrl Pts',(-4.23867378224654,-8.79370087274443,-12.5404636770623));
#5585=CARTESIAN_POINT('Ctrl Pts',(-4.23867378224654,-9.30863823358809,-11.9943181427714));
#5586=CARTESIAN_POINT('Origin',(4.44089209850063E-15,-10.0298812209034,
0.));
#5587=CARTESIAN_POINT('',(2.97799233431725,-7.55267451976346,-11.0288932711706));
#5588=CARTESIAN_POINT('',(-2.97799233431725,-7.55267451976346,-11.0288932711706));
#5589=CARTESIAN_POINT('Origin',(4.44089209850063E-15,-7.55267451976346,
0.));
#5590=CARTESIAN_POINT('',(2.97799233431725,-10.0298812209034,-11.0288932711706));
#5591=CARTESIAN_POINT('',(2.97799233431725,-10.0298812209034,-11.0288932711706));
#5592=CARTESIAN_POINT('',(-2.97799233431725,-10.0298812209034,-11.0288932711706));
#5593=CARTESIAN_POINT('Origin',(4.44089209850063E-15,-10.0298812209034,
0.));
#5594=CARTESIAN_POINT('',(-2.97799233431725,-10.0298812209034,-11.0288932711706));
#5595=CARTESIAN_POINT('Origin',(-3.23867378224655,-10.0298812209034,-11.9943181427714));
#5596=CARTESIAN_POINT('',(-3.97833925872602,-10.0298812209034,-11.3213434159767));
#5597=CARTESIAN_POINT('Ctrl Pts',(-4.23867378224655,-9.30863823358809,-11.9943181427714));
#5598=CARTESIAN_POINT('Ctrl Pts',(-4.23867378224655,-9.42155044638835,-11.8745627987685));
#5599=CARTESIAN_POINT('Ctrl Pts',(-4.21657113224879,-9.53792375642772,-11.7588064522279));
#5600=CARTESIAN_POINT('Ctrl Pts',(-4.13867727752,-9.76869105276811,-11.5415828520926));
#5601=CARTESIAN_POINT('Ctrl Pts',(-4.07175535414765,-9.9015250761806,-11.4245624035061));
#5602=CARTESIAN_POINT('Ctrl Pts',(-3.97953297803098,-10.0282459831312,-11.3226571870459));
#5603=CARTESIAN_POINT('Ctrl Pts',(-3.97893662272786,-10.0290637476705,-11.3219999778229));
#5604=CARTESIAN_POINT('Ctrl Pts',(-3.97833925872602,-10.0298812209034,-11.3213434159767));
#5605=CARTESIAN_POINT('',(-4.19282535458143,-5.72988122090343,-11.6949942763477));
#5606=CARTESIAN_POINT('Origin',(-3.23867378224655,-5.72988122090343,-11.9943181427714));
#5607=CARTESIAN_POINT('',(-4.19282535458144,-7.55267451976346,-11.6949942763477));
#5608=CARTESIAN_POINT('',(-4.19282535458143,-10.0298812209034,-11.6949942763477));
#5609=CARTESIAN_POINT('Origin',(-3.23867378224655,-7.55267451976346,-11.9943181427714));
#5610=CARTESIAN_POINT('Origin',(-3.23867378224655,-10.0298812209034,-11.9943181427714));
#5611=CARTESIAN_POINT('Origin',(4.23867378224656,-10.0298812209034,-11.9943181427714));
#5612=CARTESIAN_POINT('',(4.23867378224656,-8.22988122090343,-13.1329221640766));
#5613=CARTESIAN_POINT('',(4.23867378224656,-5.72988122090342,-13.1329221640766));
#5614=CARTESIAN_POINT('',(4.23867378224656,-6.56988274240371,-13.1329221640766));
#5615=CARTESIAN_POINT('',(4.23867378224655,-9.30863823358808,-11.9943181427714));
#5616=CARTESIAN_POINT('Ctrl Pts',(4.23867378224655,-9.30863823358808,-11.9943181427714));
#5617=CARTESIAN_POINT('Ctrl Pts',(4.23867378224656,-8.79370087274487,-12.5404636770618));
#5618=CARTESIAN_POINT('Ctrl Pts',(4.23867378224656,-8.22988122090342,-13.1329221640766));
#5619=CARTESIAN_POINT('',(4.23867378224656,-5.72988122090343,-11.9943181427714));
#5620=CARTESIAN_POINT('',(4.23867378224656,-10.0298812209034,-11.9943181427714));
#5621=CARTESIAN_POINT('',(4.23867378224656,-5.72988122090342,-11.9943181427714));
#5622=CARTESIAN_POINT('Origin',(3.23867378224656,-10.0298812209034,-11.9943181427714));
#5623=CARTESIAN_POINT('',(3.97833925872603,-10.0298812209034,-11.3213434159767));
#5624=CARTESIAN_POINT('Ctrl Pts',(3.97833925872603,-10.0298812209034,-11.3213434159767));
#5625=CARTESIAN_POINT('Ctrl Pts',(3.97893662272788,-10.0290637476705,-11.3219999778229));
#5626=CARTESIAN_POINT('Ctrl Pts',(3.97953297803098,-10.0282459831312,-11.3226571870459));
#5627=CARTESIAN_POINT('Ctrl Pts',(4.07175535414766,-9.9015250761806,-11.4245624035061));
#5628=CARTESIAN_POINT('Ctrl Pts',(4.13867727752001,-9.7686910527681,-11.5415828520926));
#5629=CARTESIAN_POINT('Ctrl Pts',(4.17998394005548,-9.64631648461579,-11.6567752761518));
#5630=CARTESIAN_POINT('Ctrl Pts',(4.21657113224879,-9.53792375642772,-11.7588064522279));
#5631=CARTESIAN_POINT('Ctrl Pts',(4.23867378224656,-9.42155044638834,-11.8745627987685));
#5632=CARTESIAN_POINT('Ctrl Pts',(4.23867378224656,-9.30863823358808,-11.9943181427714));
#5633=CARTESIAN_POINT('Origin',(3.23867378224656,-10.0298812209034,-11.9943181427714));
#5634=CARTESIAN_POINT('',(4.19282535458146,-7.55267451976346,-11.6949942763477));
#5635=CARTESIAN_POINT('Origin',(3.23867378224656,-7.55267451976346,-11.9943181427714));
#5636=CARTESIAN_POINT('',(4.19282535458145,-5.72988122090343,-11.6949942763477));
#5637=CARTESIAN_POINT('',(4.19282535458145,-10.0298812209034,-11.6949942763477));
#5638=CARTESIAN_POINT('Origin',(3.23867378224656,-5.72988122090343,-11.9943181427714));
#5639=CARTESIAN_POINT('Origin',(4.44089209850063E-15,-5.72988122090343,
-12.4158367708456));
#5640=CARTESIAN_POINT('Origin',(4.44089209850063E-15,-5.72988122090343,
0.));
#5641=CARTESIAN_POINT('Origin',(4.44089209850063E-15,-5.72988122090343,
0.));
#5642=CARTESIAN_POINT('Origin',(-9.28809650788384,-10.0298812209034,10.2568839174601));
#5643=CARTESIAN_POINT('',(-9.25410732889082,-5.72988122090343,10.2372602558189));
#5644=CARTESIAN_POINT('',(-9.25410732889082,-8.22988122090343,10.2372602558189));
#5645=CARTESIAN_POINT('',(-9.25410732889082,-6.56988274240371,10.2372602558189));
#5646=CARTESIAN_POINT('',(-8.26804732158935,-5.72988122090343,9.66795824516629));
#5647=CARTESIAN_POINT('',(-8.26804732158935,-5.72988122090343,9.66795824516628));
#5648=CARTESIAN_POINT('',(-8.26804732158935,-9.30863823358809,9.66795824516628));
#5649=CARTESIAN_POINT('',(-8.26804732158935,-10.0298812209034,9.66795824516629));
#5650=CARTESIAN_POINT('Ctrl Pts',(-9.25410732889082,-8.22988122090342,10.2372602558189));
#5651=CARTESIAN_POINT('Ctrl Pts',(-8.74102322844955,-8.79370087274352,9.94103101231222));
#5652=CARTESIAN_POINT('Ctrl Pts',(-8.26804732158935,-9.30863823358809,9.66795824516628));
#5653=CARTESIAN_POINT('Origin',(4.44089209850063E-15,-10.0298812209034,
1.38777878078145E-15));
#5654=CARTESIAN_POINT('',(-11.0402979156196,-7.55267451976346,2.93542962179122));
#5655=CARTESIAN_POINT('',(-8.06230558130235,-7.55267451976346,8.09346364937935));
#5656=CARTESIAN_POINT('Origin',(4.44089209850063E-15,-7.55267451976346,
1.38777878078145E-15));
#5657=CARTESIAN_POINT('',(-11.0402979156196,-10.0298812209034,2.93542962179122));
#5658=CARTESIAN_POINT('',(-11.0402979156196,-10.0298812209034,2.93542962179122));
#5659=CARTESIAN_POINT('',(-8.06230558130235,-10.0298812209034,8.09346364937935));
#5660=CARTESIAN_POINT('Origin',(4.44089209850063E-15,-10.0298812209034,
1.38777878078145E-15));
#5661=CARTESIAN_POINT('',(-8.06230558130235,-10.0298812209034,8.09346364937935));
#5662=CARTESIAN_POINT('Origin',(-8.76804732158935,-10.0298812209034,8.80193284138185));
#5663=CARTESIAN_POINT('',(-7.81540137384052,-10.0298812209034,9.10601457091805));
#5664=CARTESIAN_POINT('Ctrl Pts',(-8.26804732158935,-9.30863823358809,9.66795824516628));
#5665=CARTESIAN_POINT('Ctrl Pts',(-8.16433615144391,-9.42155044638835,9.60808057316485));
#5666=CARTESIAN_POINT('Ctrl Pts',(-8.07513953968934,-9.53792375642772,9.53106094350551));
#5667=CARTESIAN_POINT('Ctrl Pts',(-7.92596531103503,-9.7686910527681,9.35499108644404));
#5668=CARTESIAN_POINT('Ctrl Pts',(-7.85808359148305,-9.9015250761806,9.23852477644021));
#5669=CARTESIAN_POINT('Ctrl Pts',(-7.81594227330876,-10.0282459831312,9.10770524769574));
#5670=CARTESIAN_POINT('Ctrl Pts',(-7.81567129107754,-10.0290637476705,9.10686018424204));
#5671=CARTESIAN_POINT('Ctrl Pts',(-7.81540137384052,-10.0298812209034,9.10601457091805));
#5672=CARTESIAN_POINT('',(-8.03174946313996,-5.72988122090343,9.47859040887286));
#5673=CARTESIAN_POINT('Origin',(-8.76804732158935,-5.72988122090343,8.80193284138185));
#5674=CARTESIAN_POINT('',(-8.03174946313996,-7.55267451976346,9.47859040887286));
#5675=CARTESIAN_POINT('',(-8.03174946313996,-10.0298812209034,9.47859040887286));
#5676=CARTESIAN_POINT('Origin',(-8.76804732158935,-7.55267451976346,8.80193284138185));
#5677=CARTESIAN_POINT('Origin',(-8.76804732158935,-10.0298812209034,8.80193284138185));
#5678=CARTESIAN_POINT('Origin',(-12.5067211038359,-10.0298812209034,2.32635989760512));
#5679=CARTESIAN_POINT('',(-13.4927811111374,-8.22988122090343,2.89566190825774));
#5680=CARTESIAN_POINT('',(-13.4927811111374,-5.72988122090343,2.89566190825774));
#5681=CARTESIAN_POINT('',(-13.4927811111374,-6.56988274240371,2.89566190825774));
#5682=CARTESIAN_POINT('',(-12.5067211038359,-9.30863823358809,2.32635989760512));
#5683=CARTESIAN_POINT('Ctrl Pts',(-12.5067211038359,-9.30863823358809,2.32635989760512));
#5684=CARTESIAN_POINT('Ctrl Pts',(-12.9796970106951,-8.79370087274463,2.59943266475047));
#5685=CARTESIAN_POINT('Ctrl Pts',(-13.4927811111374,-8.22988122090342,2.89566190825774));
#5686=CARTESIAN_POINT('',(-12.5067211038359,-5.72988122090343,2.32635989760512));
#5687=CARTESIAN_POINT('',(-12.5067211038359,-10.0298812209034,2.32635989760512));
#5688=CARTESIAN_POINT('',(-12.5067211038359,-5.72988122090343,2.32635989760512));
#5689=CARTESIAN_POINT('Origin',(-12.0067211038359,-10.0298812209034,3.19238530138955));
#5690=CARTESIAN_POINT('',(-11.7937406325665,-10.0298812209034,2.21532884505866));
#5691=CARTESIAN_POINT('Ctrl Pts',(-11.7937406325665,-10.0298812209034,2.21532884505866));
#5692=CARTESIAN_POINT('Ctrl Pts',(-11.7946079138054,-10.0290637476705,2.21513979358085));
#5693=CARTESIAN_POINT('Ctrl Pts',(-11.7954752513397,-10.0282459831312,2.2149519393502));
#5694=CARTESIAN_POINT('Ctrl Pts',(-11.9298389456307,-9.90152507618059,2.18603762706587));
#5695=CARTESIAN_POINT('Ctrl Pts',(-12.064642588555,-9.7686910527681,2.18659176564855));
#5696=CARTESIAN_POINT('Ctrl Pts',(-12.1850554853816,-9.6463164846158,2.20841535857691));
#5697=CARTESIAN_POINT('Ctrl Pts',(-12.2917106719381,-9.53792375642772,2.22774550872238));
#5698=CARTESIAN_POINT('Ctrl Pts',(-12.4030099336905,-9.42155044638835,2.26648222560367));
#5699=CARTESIAN_POINT('Ctrl Pts',(-12.5067211038359,-9.30863823358809,2.32635989760511));
#5700=CARTESIAN_POINT('Origin',(-12.0067211038359,-10.0298812209034,3.19238530138955));
#5701=CARTESIAN_POINT('',(-12.2245748177214,-7.55267451976346,2.21640386747479));
#5702=CARTESIAN_POINT('Origin',(-12.0067211038359,-7.55267451976346,3.19238530138955));
#5703=CARTESIAN_POINT('',(-12.2245748177214,-5.72988122090343,2.2164038674748));
#5704=CARTESIAN_POINT('',(-12.2245748177214,-10.0298812209034,2.2164038674748));
#5705=CARTESIAN_POINT('Origin',(-12.0067211038359,-5.72988122090343,3.19238530138955));
#5706=CARTESIAN_POINT('Origin',(-10.6474088058599,-5.72988122090343,6.22463460942481));
#5707=CARTESIAN_POINT('Origin',(4.44089209850063E-15,-5.72988122090343,
0.));
#5708=CARTESIAN_POINT('Origin',(4.44089209850063E-15,-5.72988122090343,
0.));
#5709=CARTESIAN_POINT('Origin',(-13.5267702901304,-10.0298812209034,-2.9152855698989));
#5710=CARTESIAN_POINT('',(-13.4927811111374,-5.72988122090343,-2.89566190825774));
#5711=CARTESIAN_POINT('',(-13.4927811111374,-8.22988122090343,-2.89566190825774));
#5712=CARTESIAN_POINT('',(-13.4927811111374,-6.56988274240371,-2.89566190825774));
#5713=CARTESIAN_POINT('',(-12.5067211038359,-5.72988122090343,-2.32635989760512));
#5714=CARTESIAN_POINT('',(-12.5067211038359,-5.72988122090343,-2.32635989760512));
#5715=CARTESIAN_POINT('',(-12.5067211038359,-9.30863823358808,-2.32635989760512));
#5716=CARTESIAN_POINT('',(-12.5067211038359,-10.0298812209034,-2.32635989760512));
#5717=CARTESIAN_POINT('Ctrl Pts',(-13.4927811111374,-8.22988122090342,-2.89566190825774));
#5718=CARTESIAN_POINT('Ctrl Pts',(-12.9796970106952,-8.79370087274451,-2.59943266475053));
#5719=CARTESIAN_POINT('Ctrl Pts',(-12.5067211038359,-9.30863823358808,-2.32635989760512));
#5720=CARTESIAN_POINT('Origin',(4.44089209850063E-15,-10.0298812209034,
1.38777878078145E-15));
#5721=CARTESIAN_POINT('',(-8.06230558130236,-7.55267451976346,-8.09346364937935));
#5722=CARTESIAN_POINT('',(-11.0402979156196,-7.55267451976346,-2.93542962179122));
#5723=CARTESIAN_POINT('Origin',(4.44089209850063E-15,-7.55267451976346,
1.38777878078145E-15));
#5724=CARTESIAN_POINT('',(-8.06230558130236,-10.0298812209034,-8.09346364937935));
#5725=CARTESIAN_POINT('',(-8.06230558130236,-10.0298812209034,-8.09346364937935));
#5726=CARTESIAN_POINT('',(-11.0402979156196,-10.0298812209034,-2.93542962179122));
#5727=CARTESIAN_POINT('Origin',(4.44089209850063E-15,-10.0298812209034,
1.38777878078145E-15));
#5728=CARTESIAN_POINT('',(-11.0402979156196,-10.0298812209034,-2.93542962179122));
#5729=CARTESIAN_POINT('Origin',(-12.0067211038359,-10.0298812209034,-3.19238530138956));
#5730=CARTESIAN_POINT('',(-11.7937406325665,-10.0298812209034,-2.21532884505866));
#5731=CARTESIAN_POINT('Ctrl Pts',(-12.5067211038359,-9.30863823358808,-2.32635989760512));
#5732=CARTESIAN_POINT('Ctrl Pts',(-12.4030099336905,-9.42155044638834,-2.26648222560368));
#5733=CARTESIAN_POINT('Ctrl Pts',(-12.2917106719381,-9.53792375642771,-2.22774550872238));
#5734=CARTESIAN_POINT('Ctrl Pts',(-12.064642588555,-9.76869105276809,-2.18659176564855));
#5735=CARTESIAN_POINT('Ctrl Pts',(-11.9298389456307,-9.90152507618059,-2.18603762706587));
#5736=CARTESIAN_POINT('Ctrl Pts',(-11.7954752513397,-10.0282459831312,-2.2149519393502));
#5737=CARTESIAN_POINT('Ctrl Pts',(-11.7946079138054,-10.0290637476705,-2.21513979358085));
#5738=CARTESIAN_POINT('Ctrl Pts',(-11.7937406325665,-10.0298812209034,-2.21532884505867));
#5739=CARTESIAN_POINT('',(-12.2245748177214,-5.72988122090343,-2.2164038674748));
#5740=CARTESIAN_POINT('Origin',(-12.0067211038359,-5.72988122090343,-3.19238530138956));
#5741=CARTESIAN_POINT('',(-12.2245748177214,-7.55267451976346,-2.2164038674748));
#5742=CARTESIAN_POINT('',(-12.2245748177214,-10.0298812209034,-2.2164038674748));
#5743=CARTESIAN_POINT('Origin',(-12.0067211038359,-7.55267451976346,-3.19238530138956));
#5744=CARTESIAN_POINT('Origin',(-12.0067211038359,-10.0298812209034,-3.19238530138956));
#5745=CARTESIAN_POINT('Origin',(-8.26804732158935,-10.0298812209034,-9.66795824516629));
#5746=CARTESIAN_POINT('',(-9.25410732889081,-8.22988122090343,-10.2372602558189));
#5747=CARTESIAN_POINT('',(-9.25410732889081,-5.72988122090343,-10.2372602558189));
#5748=CARTESIAN_POINT('',(-9.25410732889081,-6.56988274240371,-10.2372602558189));
#5749=CARTESIAN_POINT('',(-8.26804732158935,-9.30863823358808,-9.66795824516629));
#5750=CARTESIAN_POINT('Ctrl Pts',(-8.26804732158935,-9.30863823358808,-9.66795824516629));
#5751=CARTESIAN_POINT('Ctrl Pts',(-8.74102322844849,-8.79370087274466,-9.94103101231162));
#5752=CARTESIAN_POINT('Ctrl Pts',(-9.25410732889081,-8.22988122090342,-10.2372602558189));
#5753=CARTESIAN_POINT('',(-8.26804732158935,-5.72988122090343,-9.66795824516629));
#5754=CARTESIAN_POINT('',(-8.26804732158935,-10.0298812209034,-9.66795824516629));
#5755=CARTESIAN_POINT('',(-8.26804732158935,-5.72988122090343,-9.66795824516629));
#5756=CARTESIAN_POINT('Origin',(-8.76804732158936,-10.0298812209034,-8.80193284138185));
#5757=CARTESIAN_POINT('',(-7.81540137384052,-10.0298812209034,-9.10601457091805));
#5758=CARTESIAN_POINT('Ctrl Pts',(-7.81540137384052,-10.0298812209034,-9.10601457091804));
#5759=CARTESIAN_POINT('Ctrl Pts',(-7.81567129107755,-10.0290637476705,-9.10686018424203));
#5760=CARTESIAN_POINT('Ctrl Pts',(-7.81594227330876,-10.0282459831312,-9.10770524769575));
#5761=CARTESIAN_POINT('Ctrl Pts',(-7.85808359148306,-9.90152507618059,-9.23852477644022));
#5762=CARTESIAN_POINT('Ctrl Pts',(-7.92596531103504,-9.7686910527681,-9.35499108644404));
#5763=CARTESIAN_POINT('Ctrl Pts',(-8.00507154532614,-9.64631648461579,-9.44835991757493));
#5764=CARTESIAN_POINT('Ctrl Pts',(-8.07513953968934,-9.53792375642772,-9.53106094350551));
#5765=CARTESIAN_POINT('Ctrl Pts',(-8.16433615144392,-9.42155044638834,-9.60808057316485));
#5766=CARTESIAN_POINT('Ctrl Pts',(-8.26804732158935,-9.30863823358809,-9.66795824516628));
#5767=CARTESIAN_POINT('Origin',(-8.76804732158936,-10.0298812209034,-8.80193284138185));
#5768=CARTESIAN_POINT('',(-8.03174946313996,-7.55267451976346,-9.47859040887286));
#5769=CARTESIAN_POINT('Origin',(-8.76804732158936,-7.55267451976346,-8.80193284138185));
#5770=CARTESIAN_POINT('',(-8.03174946313996,-5.72988122090343,-9.47859040887285));
#5771=CARTESIAN_POINT('',(-8.03174946313996,-10.0298812209034,-9.47859040887285));
#5772=CARTESIAN_POINT('Origin',(-8.76804732158936,-5.72988122090343,-8.80193284138185));
#5773=CARTESIAN_POINT('Origin',(-10.6474088058599,-5.72988122090343,-6.22463460942481));
#5774=CARTESIAN_POINT('Origin',(4.44089209850063E-15,-5.72988122090343,
0.));
#5775=CARTESIAN_POINT('Origin',(4.44089209850063E-15,-5.72988122090343,
0.));
#5776=CARTESIAN_POINT('Origin',(4.23867378224655,-10.0298812209034,13.172169487359));
#5777=CARTESIAN_POINT('',(4.23867378224655,-5.72988122090342,13.1329221640767));
#5778=CARTESIAN_POINT('',(4.23867378224655,-8.22988122090343,13.1329221640767));
#5779=CARTESIAN_POINT('',(4.23867378224655,-6.56988274240371,13.1329221640767));
#5780=CARTESIAN_POINT('',(4.23867378224655,-5.72988122090342,11.9943181427714));
#5781=CARTESIAN_POINT('',(4.23867378224655,-5.72988122090342,11.9943181427714));
#5782=CARTESIAN_POINT('',(4.23867378224655,-9.30863823358809,11.9943181427714));
#5783=CARTESIAN_POINT('',(4.23867378224655,-10.0298812209034,11.9943181427714));
#5784=CARTESIAN_POINT('Ctrl Pts',(4.23867378224655,-8.22988122090342,13.1329221640767));
#5785=CARTESIAN_POINT('Ctrl Pts',(4.23867378224656,-8.79370087274402,12.5404636770628));
#5786=CARTESIAN_POINT('Ctrl Pts',(4.23867378224655,-9.30863823358809,11.9943181427714));
#5787=CARTESIAN_POINT('Origin',(4.44089209850063E-15,-10.0298812209034,
0.));
#5788=CARTESIAN_POINT('',(-2.97799233431725,-7.55267451976346,11.0288932711706));
#5789=CARTESIAN_POINT('',(2.97799233431725,-7.55267451976346,11.0288932711706));
#5790=CARTESIAN_POINT('Origin',(4.44089209850063E-15,-7.55267451976346,
0.));
#5791=CARTESIAN_POINT('',(-2.97799233431725,-10.0298812209034,11.0288932711706));
#5792=CARTESIAN_POINT('',(-2.97799233431725,-10.0298812209034,11.0288932711706));
#5793=CARTESIAN_POINT('',(2.97799233431725,-10.0298812209034,11.0288932711706));
#5794=CARTESIAN_POINT('Origin',(4.44089209850063E-15,-10.0298812209034,
0.));
#5795=CARTESIAN_POINT('',(2.97799233431725,-10.0298812209034,11.0288932711706));
#5796=CARTESIAN_POINT('Origin',(3.23867378224655,-10.0298812209034,11.9943181427714));
#5797=CARTESIAN_POINT('',(3.97833925872602,-10.0298812209034,11.3213434159767));
#5798=CARTESIAN_POINT('Ctrl Pts',(4.23867378224656,-9.30863823358809,11.9943181427714));
#5799=CARTESIAN_POINT('Ctrl Pts',(4.23867378224656,-9.42155044638834,11.8745627987685));
#5800=CARTESIAN_POINT('Ctrl Pts',(4.21657113224879,-9.53792375642772,11.7588064522279));
#5801=CARTESIAN_POINT('Ctrl Pts',(4.13867727752001,-9.7686910527681,11.5415828520926));
#5802=CARTESIAN_POINT('Ctrl Pts',(4.07175535414766,-9.90152507618059,11.4245624035061));
#5803=CARTESIAN_POINT('Ctrl Pts',(3.97953297803098,-10.0282459831312,11.322657187046));
#5804=CARTESIAN_POINT('Ctrl Pts',(3.97893662272787,-10.0290637476705,11.3219999778229));
#5805=CARTESIAN_POINT('Ctrl Pts',(3.97833925872603,-10.0298812209034,11.3213434159767));
#5806=CARTESIAN_POINT('',(4.19282535458145,-5.72988122090343,11.6949942763477));
#5807=CARTESIAN_POINT('Origin',(3.23867378224655,-5.72988122090343,11.9943181427714));
#5808=CARTESIAN_POINT('',(4.19282535458145,-7.55267451976346,11.6949942763477));
#5809=CARTESIAN_POINT('',(4.19282535458145,-10.0298812209034,11.6949942763477));
#5810=CARTESIAN_POINT('Origin',(3.23867378224655,-7.55267451976346,11.9943181427714));
#5811=CARTESIAN_POINT('Origin',(3.23867378224655,-10.0298812209034,11.9943181427714));
#5812=CARTESIAN_POINT('Origin',(-4.23867378224655,-10.0298812209034,11.9943181427714));
#5813=CARTESIAN_POINT('',(-4.23867378224655,-8.22988122090343,13.1329221640766));
#5814=CARTESIAN_POINT('',(-4.23867378224655,-5.72988122090343,13.1329221640766));
#5815=CARTESIAN_POINT('',(-4.23867378224655,-6.56988274240371,13.1329221640766));
#5816=CARTESIAN_POINT('',(-4.23867378224655,-9.30863823358809,11.9943181427714));
#5817=CARTESIAN_POINT('Ctrl Pts',(-4.23867378224655,-9.30863823358809,11.9943181427714));
#5818=CARTESIAN_POINT('Ctrl Pts',(-4.23867378224654,-8.79370087274399,12.5404636770628));
#5819=CARTESIAN_POINT('Ctrl Pts',(-4.23867378224655,-8.22988122090342,13.1329221640767));
#5820=CARTESIAN_POINT('',(-4.23867378224655,-5.72988122090343,11.9943181427714));
#5821=CARTESIAN_POINT('',(-4.23867378224655,-10.0298812209034,11.9943181427714));
#5822=CARTESIAN_POINT('',(-4.23867378224655,-5.72988122090343,11.9943181427714));
#5823=CARTESIAN_POINT('Origin',(-3.23867378224655,-10.0298812209034,11.9943181427714));
#5824=CARTESIAN_POINT('',(-3.97833925872603,-10.0298812209034,11.3213434159767));
#5825=CARTESIAN_POINT('Ctrl Pts',(-3.97833925872603,-10.0298812209034,11.3213434159767));
#5826=CARTESIAN_POINT('Ctrl Pts',(-3.97893662272787,-10.0290637476705,11.3219999778229));
#5827=CARTESIAN_POINT('Ctrl Pts',(-3.97953297803098,-10.0282459831312,11.3226571870459));
#5828=CARTESIAN_POINT('Ctrl Pts',(-4.07175535414765,-9.90152507618059,11.4245624035061));
#5829=CARTESIAN_POINT('Ctrl Pts',(-4.13867727752001,-9.76869105276811,11.5415828520926));
#5830=CARTESIAN_POINT('Ctrl Pts',(-4.17998394005547,-9.6463164846158,11.6567752761518));
#5831=CARTESIAN_POINT('Ctrl Pts',(-4.21657113224879,-9.53792375642772,11.7588064522279));
#5832=CARTESIAN_POINT('Ctrl Pts',(-4.23867378224655,-9.42155044638834,11.8745627987685));
#5833=CARTESIAN_POINT('Ctrl Pts',(-4.23867378224655,-9.30863823358809,11.9943181427714));
#5834=CARTESIAN_POINT('Origin',(-3.23867378224655,-10.0298812209034,11.9943181427714));
#5835=CARTESIAN_POINT('',(-4.19282535458145,-7.55267451976346,11.6949942763477));
#5836=CARTESIAN_POINT('Origin',(-3.23867378224655,-7.55267451976346,11.9943181427714));
#5837=CARTESIAN_POINT('',(-4.19282535458144,-5.72988122090343,11.6949942763477));
#5838=CARTESIAN_POINT('',(-4.19282535458144,-10.0298812209034,11.6949942763477));
#5839=CARTESIAN_POINT('Origin',(-3.23867378224655,-5.72988122090343,11.9943181427714));
#5840=CARTESIAN_POINT('Origin',(4.44089209850063E-15,-5.72988122090343,
12.4158367708456));
#5841=CARTESIAN_POINT('',(2.66723222715775E-15,-5.72988122090343,13.8));
#5842=CARTESIAN_POINT('Origin',(4.44089209850063E-15,-5.72988122090343,
0.));
#5843=CARTESIAN_POINT('',(2.8635023596598E-15,-5.72988122090343,12.4238752238513));
#5844=CARTESIAN_POINT('Origin',(4.44089209850063E-15,-5.72988122090343,
0.));
#5845=CARTESIAN_POINT('Origin',(4.44089209850063E-15,-5.72988122090343,
0.));
#5846=CARTESIAN_POINT('Origin',(4.44089209850063E-15,-5.72988122090343,
0.));
#5847=CARTESIAN_POINT('Origin',(9.28809650788386,-10.0298812209034,-10.2568839174601));
#5848=CARTESIAN_POINT('',(9.25410732889082,-5.72988122090342,-10.2372602558189));
#5849=CARTESIAN_POINT('',(9.25410732889082,-8.22988122090343,-10.2372602558189));
#5850=CARTESIAN_POINT('',(9.25410732889082,-6.56988274240371,-10.2372602558189));
#5851=CARTESIAN_POINT('',(8.26804732158936,-5.72988122090342,-9.66795824516628));
#5852=CARTESIAN_POINT('',(8.26804732158936,-5.72988122090342,-9.66795824516628));
#5853=CARTESIAN_POINT('',(8.26804732158936,-9.30863823358809,-9.66795824516628));
#5854=CARTESIAN_POINT('',(8.26804732158936,-10.0298812209034,-9.66795824516628));
#5855=CARTESIAN_POINT('Ctrl Pts',(9.25410732889082,-8.22988122090342,-10.2372602558189));
#5856=CARTESIAN_POINT('Ctrl Pts',(8.74102322844911,-8.793700872744,-9.94103101231197));
#5857=CARTESIAN_POINT('Ctrl Pts',(8.26804732158936,-9.30863823358809,-9.66795824516628));
#5858=CARTESIAN_POINT('Origin',(4.44089209850063E-15,-10.0298812209034,
1.38777878078145E-15));
#5859=CARTESIAN_POINT('',(11.0402979156196,-7.55267451976346,-2.93542962179122));
#5860=CARTESIAN_POINT('',(8.06230558130236,-7.55267451976346,-8.09346364937934));
#5861=CARTESIAN_POINT('Origin',(4.44089209850063E-15,-7.55267451976346,
1.38777878078145E-15));
#5862=CARTESIAN_POINT('',(11.0402979156196,-10.0298812209034,-2.93542962179122));
#5863=CARTESIAN_POINT('',(11.0402979156196,-10.0298812209034,-2.93542962179122));
#5864=CARTESIAN_POINT('',(8.06230558130236,-10.0298812209034,-8.09346364937934));
#5865=CARTESIAN_POINT('Origin',(4.44089209850063E-15,-10.0298812209034,
1.38777878078145E-15));
#5866=CARTESIAN_POINT('',(8.06230558130236,-10.0298812209034,-8.09346364937934));
#5867=CARTESIAN_POINT('Origin',(8.76804732158936,-10.0298812209034,-8.80193284138184));
#5868=CARTESIAN_POINT('',(7.81540137384053,-10.0298812209034,-9.10601457091804));
#5869=CARTESIAN_POINT('Ctrl Pts',(8.26804732158936,-9.30863823358809,-9.66795824516628));
#5870=CARTESIAN_POINT('Ctrl Pts',(8.16433615144392,-9.42155044638834,-9.60808057316484));
#5871=CARTESIAN_POINT('Ctrl Pts',(8.07513953968935,-9.53792375642772,-9.53106094350551));
#5872=CARTESIAN_POINT('Ctrl Pts',(7.92596531103505,-9.7686910527681,-9.35499108644404));
#5873=CARTESIAN_POINT('Ctrl Pts',(7.85808359148306,-9.90152507618059,-9.23852477644021));
#5874=CARTESIAN_POINT('Ctrl Pts',(7.81594227330876,-10.0282459831312,-9.10770524769574));
#5875=CARTESIAN_POINT('Ctrl Pts',(7.81567129107755,-10.0290637476705,-9.10686018424203));
#5876=CARTESIAN_POINT('Ctrl Pts',(7.81540137384053,-10.0298812209034,-9.10601457091804));
#5877=CARTESIAN_POINT('',(8.03174946313998,-5.72988122090342,-9.47859040887285));
#5878=CARTESIAN_POINT('Origin',(8.76804732158936,-5.72988122090342,-8.80193284138184));
#5879=CARTESIAN_POINT('',(8.03174946313998,-7.55267451976346,-9.47859040887286));
#5880=CARTESIAN_POINT('',(8.03174946313998,-10.0298812209034,-9.47859040887285));
#5881=CARTESIAN_POINT('Origin',(8.76804732158936,-7.55267451976346,-8.80193284138184));
#5882=CARTESIAN_POINT('Origin',(8.76804732158936,-10.0298812209034,-8.80193284138184));
#5883=CARTESIAN_POINT('Origin',(12.5067211038359,-10.0298812209034,-2.32635989760512));
#5884=CARTESIAN_POINT('',(13.4927811111374,-8.22988122090342,-2.89566190825773));
#5885=CARTESIAN_POINT('',(13.4927811111374,-5.72988122090342,-2.89566190825773));
#5886=CARTESIAN_POINT('',(13.4927811111374,-6.56988274240371,-2.89566190825773));
#5887=CARTESIAN_POINT('',(12.5067211038359,-9.30863823358808,-2.32635989760512));
#5888=CARTESIAN_POINT('Ctrl Pts',(12.5067211038359,-9.30863823358808,-2.32635989760512));
#5889=CARTESIAN_POINT('Ctrl Pts',(12.9796970106942,-8.79370087274563,-2.59943266474993));
#5890=CARTESIAN_POINT('Ctrl Pts',(13.4927811111374,-8.22988122090342,-2.89566190825773));
#5891=CARTESIAN_POINT('',(12.5067211038359,-5.72988122090342,-2.32635989760512));
#5892=CARTESIAN_POINT('',(12.5067211038359,-10.0298812209034,-2.32635989760512));
#5893=CARTESIAN_POINT('',(12.5067211038359,-5.72988122090342,-2.32635989760512));
#5894=CARTESIAN_POINT('Origin',(12.0067211038359,-10.0298812209034,-3.19238530138955));
#5895=CARTESIAN_POINT('',(11.7937406325665,-10.0298812209034,-2.21532884505866));
#5896=CARTESIAN_POINT('Ctrl Pts',(11.7937406325665,-10.0298812209034,-2.21532884505867));
#5897=CARTESIAN_POINT('Ctrl Pts',(11.7946079138054,-10.0290637476705,-2.21513979358085));
#5898=CARTESIAN_POINT('Ctrl Pts',(11.7954752513398,-10.0282459831312,-2.21495193935021));
#5899=CARTESIAN_POINT('Ctrl Pts',(11.9298389456307,-9.90152507618059,-2.18603762706588));
#5900=CARTESIAN_POINT('Ctrl Pts',(12.064642588555,-9.7686910527681,-2.18659176564855));
#5901=CARTESIAN_POINT('Ctrl Pts',(12.1850554853816,-9.64631648461579,-2.20841535857691));
#5902=CARTESIAN_POINT('Ctrl Pts',(12.2917106719381,-9.53792375642771,-2.22774550872238));
#5903=CARTESIAN_POINT('Ctrl Pts',(12.4030099336905,-9.42155044638834,-2.26648222560368));
#5904=CARTESIAN_POINT('Ctrl Pts',(12.5067211038359,-9.30863823358808,-2.32635989760512));
#5905=CARTESIAN_POINT('Origin',(12.0067211038359,-10.0298812209034,-3.19238530138955));
#5906=CARTESIAN_POINT('',(12.2245748177214,-7.55267451976346,-2.21640386747479));
#5907=CARTESIAN_POINT('Origin',(12.0067211038359,-7.55267451976346,-3.19238530138955));
#5908=CARTESIAN_POINT('',(12.2245748177214,-5.72988122090342,-2.2164038674748));
#5909=CARTESIAN_POINT('',(12.2245748177214,-10.0298812209034,-2.2164038674748));
#5910=CARTESIAN_POINT('Origin',(12.0067211038359,-5.72988122090342,-3.19238530138955));
#5911=CARTESIAN_POINT('Origin',(10.6474088058599,-5.72988122090342,-6.22463460942481));
#5912=CARTESIAN_POINT('Origin',(4.44089209850063E-15,-5.72988122090343,
0.));
#5913=CARTESIAN_POINT('Origin',(4.44089209850063E-15,-5.72988122090343,
0.));
#5914=CARTESIAN_POINT('Origin',(13.5267702901304,-10.0298812209034,2.9152855698989));
#5915=CARTESIAN_POINT('',(13.4927811111374,-5.72988122090342,2.89566190825774));
#5916=CARTESIAN_POINT('',(13.4927811111374,-8.22988122090342,2.89566190825774));
#5917=CARTESIAN_POINT('',(13.4927811111374,-6.56988274240371,2.89566190825774));
#5918=CARTESIAN_POINT('',(12.5067211038359,-5.72988122090342,2.32635989760511));
#5919=CARTESIAN_POINT('',(12.5067211038359,-5.72988122090342,2.32635989760512));
#5920=CARTESIAN_POINT('',(12.5067211038359,-9.30863823358809,2.32635989760511));
#5921=CARTESIAN_POINT('',(12.5067211038359,-10.0298812209034,2.32635989760511));
#5922=CARTESIAN_POINT('Ctrl Pts',(13.4927811111374,-8.22988122090342,2.89566190825774));
#5923=CARTESIAN_POINT('Ctrl Pts',(12.9796970106953,-8.79370087274438,2.5994326647506));
#5924=CARTESIAN_POINT('Ctrl Pts',(12.5067211038359,-9.30863823358809,2.32635989760511));
#5925=CARTESIAN_POINT('Origin',(4.44089209850063E-15,-10.0298812209034,
1.38777878078145E-15));
#5926=CARTESIAN_POINT('',(8.06230558130234,-7.55267451976346,8.09346364937935));
#5927=CARTESIAN_POINT('',(11.0402979156196,-7.55267451976346,2.93542962179122));
#5928=CARTESIAN_POINT('Origin',(4.44089209850063E-15,-7.55267451976346,
1.38777878078145E-15));
#5929=CARTESIAN_POINT('',(8.06230558130234,-10.0298812209034,8.09346364937935));
#5930=CARTESIAN_POINT('',(8.06230558130234,-10.0298812209034,8.09346364937935));
#5931=CARTESIAN_POINT('',(11.0402979156196,-10.0298812209034,2.93542962179122));
#5932=CARTESIAN_POINT('Origin',(4.44089209850063E-15,-10.0298812209034,
1.38777878078145E-15));
#5933=CARTESIAN_POINT('',(11.0402979156196,-10.0298812209034,2.93542962179122));
#5934=CARTESIAN_POINT('Origin',(12.0067211038359,-10.0298812209034,3.19238530138955));
#5935=CARTESIAN_POINT('',(11.7937406325665,-10.0298812209034,2.21532884505866));
#5936=CARTESIAN_POINT('Ctrl Pts',(12.5067211038359,-9.30863823358809,2.32635989760511));
#5937=CARTESIAN_POINT('Ctrl Pts',(12.4030099336905,-9.42155044638835,2.26648222560367));
#5938=CARTESIAN_POINT('Ctrl Pts',(12.2917106719381,-9.53792375642772,2.22774550872238));
#5939=CARTESIAN_POINT('Ctrl Pts',(12.064642588555,-9.76869105276811,2.18659176564854));
#5940=CARTESIAN_POINT('Ctrl Pts',(11.9298389456307,-9.9015250761806,2.18603762706587));
#5941=CARTESIAN_POINT('Ctrl Pts',(11.7954752513398,-10.0282459831312,2.2149519393502));
#5942=CARTESIAN_POINT('Ctrl Pts',(11.7946079138054,-10.0290637476705,2.21513979358084));
#5943=CARTESIAN_POINT('Ctrl Pts',(11.7937406325665,-10.0298812209034,2.21532884505866));
#5944=CARTESIAN_POINT('',(12.2245748177214,-5.72988122090342,2.2164038674748));
#5945=CARTESIAN_POINT('Origin',(12.0067211038359,-5.72988122090342,3.19238530138955));
#5946=CARTESIAN_POINT('',(12.2245748177214,-7.55267451976346,2.2164038674748));
#5947=CARTESIAN_POINT('',(12.2245748177214,-10.0298812209034,2.2164038674748));
#5948=CARTESIAN_POINT('Origin',(12.0067211038359,-7.55267451976346,3.19238530138955));
#5949=CARTESIAN_POINT('Origin',(12.0067211038359,-10.0298812209034,3.19238530138955));
#5950=CARTESIAN_POINT('Origin',(8.26804732158936,-10.0298812209034,9.66795824516629));
#5951=CARTESIAN_POINT('',(9.25410732889082,-8.22988122090342,10.2372602558189));
#5952=CARTESIAN_POINT('',(9.25410732889082,-5.72988122090342,10.2372602558189));
#5953=CARTESIAN_POINT('',(9.25410732889082,-6.56988274240371,10.2372602558189));
#5954=CARTESIAN_POINT('',(8.26804732158936,-9.30863823358808,9.66795824516629));
#5955=CARTESIAN_POINT('Ctrl Pts',(8.26804732158936,-9.30863823358808,9.66795824516629));
#5956=CARTESIAN_POINT('Ctrl Pts',(8.741023228449,-8.79370087274411,9.94103101231191));
#5957=CARTESIAN_POINT('Ctrl Pts',(9.25410732889082,-8.22988122090342,10.2372602558189));
#5958=CARTESIAN_POINT('',(8.26804732158936,-5.72988122090342,9.66795824516629));
#5959=CARTESIAN_POINT('',(8.26804732158936,-10.0298812209034,9.66795824516629));
#5960=CARTESIAN_POINT('',(8.26804732158936,-5.72988122090342,9.66795824516629));
#5961=CARTESIAN_POINT('Origin',(8.76804732158936,-10.0298812209034,8.80193284138185));
#5962=CARTESIAN_POINT('',(7.81540137384052,-10.0298812209034,9.10601457091805));
#5963=CARTESIAN_POINT('Ctrl Pts',(7.81540137384052,-10.0298812209034,9.10601457091805));
#5964=CARTESIAN_POINT('Ctrl Pts',(7.81567129107755,-10.0290637476705,9.10686018424203));
#5965=CARTESIAN_POINT('Ctrl Pts',(7.81594227330876,-10.0282459831312,9.10770524769574));
#5966=CARTESIAN_POINT('Ctrl Pts',(7.85808359148306,-9.90152507618059,9.23852477644021));
#5967=CARTESIAN_POINT('Ctrl Pts',(7.92596531103504,-9.7686910527681,9.35499108644404));
#5968=CARTESIAN_POINT('Ctrl Pts',(8.00507154532614,-9.64631648461579,9.44835991757493));
#5969=CARTESIAN_POINT('Ctrl Pts',(8.07513953968935,-9.53792375642772,9.53106094350551));
#5970=CARTESIAN_POINT('Ctrl Pts',(8.16433615144392,-9.42155044638834,9.60808057316485));
#5971=CARTESIAN_POINT('Ctrl Pts',(8.26804732158936,-9.30863823358808,9.66795824516629));
#5972=CARTESIAN_POINT('Origin',(8.76804732158936,-10.0298812209034,8.80193284138185));
#5973=CARTESIAN_POINT('',(8.03174946313997,-7.55267451976346,9.47859040887287));
#5974=CARTESIAN_POINT('Origin',(8.76804732158936,-7.55267451976346,8.80193284138185));
#5975=CARTESIAN_POINT('',(8.03174946313998,-5.72988122090342,9.47859040887286));
#5976=CARTESIAN_POINT('',(8.03174946313998,-10.0298812209034,9.47859040887286));
#5977=CARTESIAN_POINT('Origin',(8.76804732158936,-5.72988122090342,8.80193284138185));
#5978=CARTESIAN_POINT('Origin',(10.6474088058599,-5.72988122090342,6.22463460942481));
#5979=CARTESIAN_POINT('Origin',(4.44089209850063E-15,-5.72988122090343,
0.));
#5980=CARTESIAN_POINT('Origin',(4.44089209850063E-15,-5.72988122090343,
0.));
#5981=CARTESIAN_POINT('Origin',(4.44089209850063E-15,-9.12988122090342,
0.));
#5982=CARTESIAN_POINT('Origin',(4.44089209850063E-15,-8.22988122090343,
0.));
#5983=CARTESIAN_POINT('Origin',(4.44089209850063E-15,-10.0298812209034,
0.));
#5984=CARTESIAN_POINT('Origin',(4.44089209850063E-15,-9.12988122090342,
0.));
#5985=CARTESIAN_POINT('Origin',(4.44089209850063E-15,-10.0298812209034,
0.));
#5986=CARTESIAN_POINT('Origin',(4.44089209850063E-15,-8.22988122090343,
0.));
#5987=CARTESIAN_POINT('Origin',(4.44089209850063E-15,-9.12988122090342,
0.));
#5988=CARTESIAN_POINT('Origin',(4.44089209850063E-15,-8.22988122090343,
0.));
#5989=CARTESIAN_POINT('Origin',(4.44089209850063E-15,-10.0298812209034,
0.));
#5990=CARTESIAN_POINT('Origin',(4.44089209850063E-15,-9.12988122090342,
0.));
#5991=CARTESIAN_POINT('Origin',(4.44089209850063E-15,-10.0298812209034,
0.));
#5992=CARTESIAN_POINT('Origin',(4.44089209850063E-15,-8.22988122090343,
0.));
#5993=CARTESIAN_POINT('Origin',(4.44089209850063E-15,-9.12988122090342,
0.));
#5994=CARTESIAN_POINT('Origin',(4.44089209850063E-15,-8.22988122090343,
0.));
#5995=CARTESIAN_POINT('Origin',(4.44089209850063E-15,-10.0298812209034,
0.));
#5996=CARTESIAN_POINT('Origin',(4.44089209850063E-15,-9.12988122090342,
0.));
#5997=CARTESIAN_POINT('Origin',(4.44089209850063E-15,-10.0298812209034,
0.));
#5998=CARTESIAN_POINT('Origin',(4.44089209850063E-15,-8.22988122090343,
0.));
#5999=CARTESIAN_POINT('Origin',(4.44089209850063E-15,-10.0298812209034,
-3.87280553570177));
#6000=CARTESIAN_POINT('',(-4.99999999999998,-10.0298812209034,-5.55111512312578E-16));
#6001=CARTESIAN_POINT('Origin',(1.33226762955019E-14,-10.0298812209034,
0.));
#6002=CARTESIAN_POINT('',(-7.96751442127218,-10.0298812209034,-6.7175144212722));
#6003=CARTESIAN_POINT('Origin',(-6.71751442127218,-10.0298812209034,-6.7175144212722));
#6004=CARTESIAN_POINT('',(4.40685424949239,-10.0298812209034,-5.65685424949238));
#6005=CARTESIAN_POINT('Origin',(5.65685424949239,-10.0298812209034,-5.65685424949238));
#6006=CARTESIAN_POINT('',(-6.90685424949236,-10.0298812209034,5.65685424949238));
#6007=CARTESIAN_POINT('Origin',(-5.65685424949236,-10.0298812209034,5.65685424949238));
#6008=CARTESIAN_POINT('',(5.46158963905782,-10.0298812209034,6.7234339824893));
#6009=CARTESIAN_POINT('Origin',(6.71158963905782,-10.0298812209034,6.7234339824893));
#6010=CARTESIAN_POINT('Origin',(4.44089209850063E-15,-7.55267451976346,
-12.4238752238513));
#6011=CARTESIAN_POINT('Origin',(4.44089209850063E-15,-7.55267451976346,
0.));
#6012=CARTESIAN_POINT('Origin',(4.44089209850063E-15,-7.55267451976346,
0.));
#6013=CARTESIAN_POINT('Origin',(4.44089209850063E-15,-7.55267451976346,
0.));
#6014=CARTESIAN_POINT('Origin',(4.44089209850063E-15,-7.55267451976346,
0.));
#6015=CARTESIAN_POINT('Origin',(4.44089209850063E-15,-7.55267451976346,
0.));
#6016=CARTESIAN_POINT('Origin',(4.44089209850063E-15,-7.55267451976346,
0.));
#6017=CARTESIAN_POINT('',(4.44089209850063E-15,-7.55267451976346,-5.38155199907261));
#6018=CARTESIAN_POINT('',(3.80265890303227E-15,-7.55267451976346,5.38155199907261));
#6019=CARTESIAN_POINT('Origin',(4.44089209850063E-15,-7.55267451976346,
0.));
#6020=CARTESIAN_POINT('Origin',(4.44089209850063E-15,-7.55267451976346,
0.));
#6021=CARTESIAN_POINT('',(5.46158963905782,-7.55267451976346,6.7234339824893));
#6022=CARTESIAN_POINT('Origin',(6.71158963905782,-7.55267451976346,6.7234339824893));
#6023=CARTESIAN_POINT('',(-6.90685424949236,-7.55267451976346,5.65685424949238));
#6024=CARTESIAN_POINT('Origin',(-5.65685424949236,-7.55267451976346,5.65685424949238));
#6025=CARTESIAN_POINT('',(4.40685424949239,-7.55267451976346,-5.65685424949238));
#6026=CARTESIAN_POINT('Origin',(5.65685424949239,-7.55267451976346,-5.65685424949238));
#6027=CARTESIAN_POINT('',(-7.96751442127218,-7.55267451976346,-6.7175144212722));
#6028=CARTESIAN_POINT('Origin',(-6.71751442127218,-7.55267451976346,-6.7175144212722));
#6029=CARTESIAN_POINT('Origin',(1.33226762955019E-14,-9.52988122090343,
0.));
#6030=CARTESIAN_POINT('',(-3.99999999999998,-9.02988122090342,5.55111512312578E-16));
#6031=CARTESIAN_POINT('',(-4.49999999999998,-9.52988122090343,-5.51091059616308E-16));
#6032=CARTESIAN_POINT('Origin',(1.33226762955019E-14,-9.02988122090342,
0.));
#6033=CARTESIAN_POINT('Origin',(1.33226762955019E-14,-10.0298812209034,
0.));
#6034=CARTESIAN_POINT('',(-3.99999999999998,-0.029881220903426,-5.55111512312578E-16));
#6035=CARTESIAN_POINT('',(-3.99999999999998,-10.0298812209034,4.89858719658941E-16));
#6036=CARTESIAN_POINT('Origin',(1.33226762955019E-14,-0.029881220903426,
0.));
#6037=CARTESIAN_POINT('Origin',(1.33226762955019E-14,-0.029881220903426,
2.77555756156289E-16));
#6038=CARTESIAN_POINT('',(4.44089209850063E-15,-0.029881220903426,3.87280553570177));
#6039=CARTESIAN_POINT('Origin',(4.44089209850063E-15,-0.029881220903426,
0.));
#6040=CARTESIAN_POINT('Origin',(-6.71751442127218,-10.0298812209034,-6.7175144212722));
#6041=CARTESIAN_POINT('',(-7.96751442127218,-10.0298812209034,-6.7175144212722));
#6042=CARTESIAN_POINT('Origin',(5.65685424949239,-10.0298812209034,-5.65685424949238));
#6043=CARTESIAN_POINT('',(4.40685424949239,-10.0298812209034,-5.65685424949238));
#6044=CARTESIAN_POINT('Origin',(-5.65685424949236,-10.0298812209034,5.65685424949238));
#6045=CARTESIAN_POINT('',(-6.90685424949236,-10.0298812209034,5.65685424949238));
#6046=CARTESIAN_POINT('Origin',(6.71158963905782,-10.0298812209034,6.7234339824893));
#6047=CARTESIAN_POINT('',(5.46158963905782,-10.0298812209034,6.7234339824893));
#6048=CARTESIAN_POINT('Origin',(4.44089209850063E-15,-6.56988274240371,
0.));
#6049=CARTESIAN_POINT('',(2.59752627965054E-15,-5.02988122090343,13.8));
#6050=CARTESIAN_POINT('',(2.75087951567728E-15,-6.56988274240371,13.8));
#6051=CARTESIAN_POINT('',(4.44089209850063E-15,-5.02988122090343,-13.8));
#6052=CARTESIAN_POINT('Origin',(4.44089209850063E-15,-5.02988122090343,
0.));
#6053=CARTESIAN_POINT('Origin',(4.44089209850063E-15,-5.02988122090343,
0.));
#6054=CARTESIAN_POINT('Origin',(4.44089209850063E-15,-6.29127787033344,
0.));
#6055=CARTESIAN_POINT('',(2.79379641215259E-15,-5.02988122090343,12.4238752238513));
#6056=CARTESIAN_POINT('',(2.91940619591107E-15,-6.29127787033344,12.4238752238513));
#6057=CARTESIAN_POINT('',(4.44089209850063E-15,-5.02988122090343,-12.4238752238513));
#6058=CARTESIAN_POINT('Origin',(4.44089209850063E-15,-5.02988122090343,
0.));
#6059=CARTESIAN_POINT('Origin',(4.44089209850063E-15,-5.02988122090343,
0.));
#6060=CARTESIAN_POINT('Origin',(4.44089209850063E-15,-5.02988122090343,
-13.8));
#6061=CARTESIAN_POINT('Origin',(4.44089209850063E-15,-1.26976851265457,
0.));
#6062=CARTESIAN_POINT('',(3.78238735104755E-15,0.580231445994707,3.87280553570177));
#6063=CARTESIAN_POINT('',(3.96661020819889E-15,-1.26976851265457,3.87280553570177));
#6064=CARTESIAN_POINT('',(4.44089209850063E-15,0.580231445994707,-3.87280553570177));
#6065=CARTESIAN_POINT('Origin',(4.44089209850063E-15,0.580231445994707,
0.));
#6066=CARTESIAN_POINT('Origin',(4.44089209850063E-15,0.580231445994707,
0.));
#6067=CARTESIAN_POINT('Origin',(4.44089209850063E-15,0.707706930985227,
0.));
#6068=CARTESIAN_POINT('',(3.92269372003021E-15,0.835182415975747,4.12775650568281));
#6069=CARTESIAN_POINT('',(3.95099896373255E-15,0.707706930985227,4.00028102069229));
#6070=CARTESIAN_POINT('',(4.44089209850063E-15,0.835182415975747,-4.12775650568281));
#6071=CARTESIAN_POINT('Origin',(4.44089209850063E-15,0.835182415975747,
0.));
#6072=CARTESIAN_POINT('Origin',(4.44089209850063E-15,0.835182415975747,
0.));
#6073=CARTESIAN_POINT('Origin',(4.44089209850063E-15,0.835182415975747,
-4.63359701992456));
#6074=CARTESIAN_POINT('',(4.44089209850063E-15,0.835182415975747,-4.63359701992456));
#6075=CARTESIAN_POINT('',(3.61564414554209E-15,0.835182415975747,4.63359701992456));
#6076=CARTESIAN_POINT('Origin',(4.44089209850063E-15,0.835182415975747,
0.));
#6077=CARTESIAN_POINT('Origin',(4.44089209850063E-15,0.835182415975747,
0.));
#6078=CARTESIAN_POINT('Origin',(4.44089209850063E-15,-1.75365240221629,
0.));
#6079=CARTESIAN_POINT('',(4.44089209850063E-15,-4.34248722040833,-4.63359701992456));
#6080=CARTESIAN_POINT('',(4.1312360996613E-15,-4.34248722040833,4.63359701992456));
#6081=CARTESIAN_POINT('Origin',(4.44089209850063E-15,-4.34248722040833,
0.));
#6082=CARTESIAN_POINT('Origin',(4.44089209850063E-15,-4.34248722040833,
0.));
#6083=CARTESIAN_POINT('',(3.87344012260169E-15,-1.75365240221629,4.63359701992456));
#6084=CARTESIAN_POINT('Origin',(4.44089209850063E-15,-5.73853424205902,
0.));
#6085=CARTESIAN_POINT('',(4.44089209850063E-15,-7.13458126370972,-5.38155199907261));
#6086=CARTESIAN_POINT('',(3.92086031321652E-15,-7.13458126370972,5.38155199907261));
#6087=CARTESIAN_POINT('Origin',(4.44089209850063E-15,-7.13458126370972,
0.));
#6088=CARTESIAN_POINT('Origin',(4.44089209850063E-15,-7.13458126370972,
0.));
#6089=CARTESIAN_POINT('',(3.82764108904569E-15,-5.73853424205902,5.00757450949858));
#6090=CARTESIAN_POINT('Origin',(4.44089209850063E-15,-7.34362789173659,
0.));
#6091=CARTESIAN_POINT('',(3.7818420554897E-15,-7.34362789173659,5.38155199907261));
#6092=CARTESIAN_POINT('Origin',(4.44089209850063E-15,19.1552774545279,0.));
#6093=CARTESIAN_POINT('',(-1.2250945673388E-13,15.3815322248943,1.99475));
#6094=CARTESIAN_POINT('',(-1.43159814207364E-13,14.7552774545279,1.99475));
#6095=CARTESIAN_POINT('',(-1.87933940855835E-13,19.1552774545279,1.99475));
#6096=CARTESIAN_POINT('',(-1.43470751363943E-13,15.5552774545279,1.99475));
#6097=CARTESIAN_POINT('',(-1.87933940855835E-13,19.1552774545279,1.99475));
#6098=CARTESIAN_POINT('Ctrl Pts',(0.000790484488682594,15.5552774545279,
1.99740876635934));
#6099=CARTESIAN_POINT('Ctrl Pts',(-0.603626162745327,15.5165531328161,1.9943092966045));
#6100=CARTESIAN_POINT('Ctrl Pts',(-1.86500313230275,15.4360866996952,1.38307584295703));
#6101=CARTESIAN_POINT('Ctrl Pts',(-2.22366511063297,15.3138781551652,-0.749628776275287));
#6102=CARTESIAN_POINT('Ctrl Pts',(-0.60808064396218,15.1886518209379,-2.2664659119947));
#6103=CARTESIAN_POINT('Ctrl Pts',(1.5498007083405,15.0634254867106,-1.76202939795193));
#6104=CARTESIAN_POINT('Ctrl Pts',(2.32554286620842,14.9381991524833,0.313815549789734));
#6105=CARTESIAN_POINT('Ctrl Pts',(1.26068929936313,14.8354831417557,1.78695438442965));
#6106=CARTESIAN_POINT('Ctrl Pts',(0.302759265369795,14.7745092424373,1.99231377939579));
#6107=CARTESIAN_POINT('Ctrl Pts',(0.000394818835405576,14.7552774545279,
1.99176371215603));
#6108=CARTESIAN_POINT('Origin',(4.44089209850063E-15,19.1552774545279,0.));
#6109=CARTESIAN_POINT('',(-1.98610270467343E-13,11.5552774545279,1.99475));
#6110=CARTESIAN_POINT('',(-1.7764897583728E-13,11.3815322248943,1.99475));
#6111=CARTESIAN_POINT('',(-1.87933940855835E-13,19.1552774545279,1.99475));
#6112=CARTESIAN_POINT('',(0.948975659803981,10.8184048397111,1.75455771053551));
#6113=CARTESIAN_POINT('Ctrl Pts',(0.000170128881165847,11.5552774545279,
1.99781462204069));
#6114=CARTESIAN_POINT('Ctrl Pts',(-0.641588612198974,11.5141389010583,1.99702667658739));
#6115=CARTESIAN_POINT('Ctrl Pts',(-1.93597728968062,11.4312582361795,1.3172335543871));
#6116=CARTESIAN_POINT('Ctrl Pts',(-2.17737743476252,11.3066354598917,-0.874761031454088));
#6117=CARTESIAN_POINT('Ctrl Pts',(-0.478380056821817,11.1814091256644,-2.29752183068602));
#6118=CARTESIAN_POINT('Ctrl Pts',(1.64773960980914,11.0561827914371,-1.67077784909997));
#6119=CARTESIAN_POINT('Ctrl Pts',(2.28129893810587,10.935181362786,0.373580750465975));
#6120=CARTESIAN_POINT('Ctrl Pts',(1.46303585695357,10.855922045544,1.47544648799047));
#6121=CARTESIAN_POINT('Ctrl Pts',(0.949433767498961,10.8184048397111,1.75741166720447));
#6122=CARTESIAN_POINT('',(1.91168677933115,10.8184048397111,-0.569632530874511));
#6123=CARTESIAN_POINT('Origin',(0.,10.8184048397111,0.));
#6124=CARTESIAN_POINT('Ctrl Pts',(-9.91501105316803E-5,11.3815322248943,
1.99164598686211));
#6125=CARTESIAN_POINT('Ctrl Pts',(-0.326256291306702,11.3607915421363,1.99167109855411));
#6126=CARTESIAN_POINT('Ctrl Pts',(-1.30871917574308,11.2983087479692,1.76309417345039));
#6127=CARTESIAN_POINT('Ctrl Pts',(-2.3345693204502,11.194083842393,0.231344935950547));
#6128=CARTESIAN_POINT('Ctrl Pts',(-1.48748045170993,11.0688575081657,-1.81675984425847));
#6129=CARTESIAN_POINT('Ctrl Pts',(0.690943490635011,10.9436311739384,-2.24190467494792));
#6130=CARTESIAN_POINT('Ctrl Pts',(1.7249374385309,10.8601469511202,-1.1963633204742));
#6131=CARTESIAN_POINT('Ctrl Pts',(1.91168677933115,10.8184048397111,-0.569632530874511));
#6132=CARTESIAN_POINT('Origin',(4.44089209850063E-15,19.1552774545279,0.));
#6133=CARTESIAN_POINT('',(-1.84747656402348E-13,12.3552774545279,1.99475));
#6134=CARTESIAN_POINT('',(-1.63786361772285E-13,12.1815322248943,1.99475));
#6135=CARTESIAN_POINT('',(-1.87933940855835E-13,19.1552774545279,1.99475));
#6136=CARTESIAN_POINT('Ctrl Pts',(-0.00116313366186366,12.3552774545279,
1.99246567622677));
#6137=CARTESIAN_POINT('Ctrl Pts',(-0.246374999382834,12.3396670142553,1.99381065259496));
#6138=CARTESIAN_POINT('Ctrl Pts',(-1.14564598766122,12.2823144625736,1.83934413120069));
#6139=CARTESIAN_POINT('Ctrl Pts',(-2.29033899767299,12.1832197994828,0.510861649035239));
#6140=CARTESIAN_POINT('Ctrl Pts',(-1.694325587507,12.0579934652555,-1.62353963723817));
#6141=CARTESIAN_POINT('Ctrl Pts',(0.412711829035008,11.9327671310282,-2.31004546399497));
#6142=CARTESIAN_POINT('Ctrl Pts',(2.15169527762158,11.8075407968009,-0.93640222562711));
#6143=CARTESIAN_POINT('Ctrl Pts',(1.9717409695366,11.6823144625736,1.27232073687451));
#6144=CARTESIAN_POINT('Ctrl Pts',(0.670164350933643,11.598226681816,1.99355346353284));
#6145=CARTESIAN_POINT('Ctrl Pts',(0.00958559322615259,11.5558810124674,
1.99782618226083));
#6146=CARTESIAN_POINT('Ctrl Pts',(0.000170128881165847,11.5552774545279,
1.99781462204069));
#6147=CARTESIAN_POINT('Ctrl Pts',(0.00117304316747708,12.1815322248943,
1.99685758901914));
#6148=CARTESIAN_POINT('Ctrl Pts',(-0.576045272356222,12.1445775439242,1.99278443986693));
#6149=CARTESIAN_POINT('Ctrl Pts',(-1.81221209763767,12.0658807515451,1.42897186205451));
#6150=CARTESIAN_POINT('Ctrl Pts',(-2.25296716517492,11.9454418477568,-0.65627817219287));
#6151=CARTESIAN_POINT('Ctrl Pts',(-0.702052281892156,11.8202155135295,-2.23916320068853));
#6152=CARTESIAN_POINT('Ctrl Pts',(1.47505246198469,11.6949891793022,-1.82507180626036));
#6153=CARTESIAN_POINT('Ctrl Pts',(2.33651118316365,11.5697628450749,0.216550466632894));
#6154=CARTESIAN_POINT('Ctrl Pts',(1.31694119768698,11.4652771936056,1.7590512808066));
#6155=CARTESIAN_POINT('Ctrl Pts',(0.33015834477552,11.4025336535454,1.99162055947315));
#6156=CARTESIAN_POINT('Ctrl Pts',(-9.91501105316803E-5,11.3815322248943,
1.99164598686211));
#6157=CARTESIAN_POINT('Origin',(4.44089209850063E-15,19.1552774545279,0.));
#6158=CARTESIAN_POINT('',(-1.70885042337353E-13,13.1552774545279,1.99475));
#6159=CARTESIAN_POINT('',(-1.4992374770729E-13,12.9815322248943,1.99475));
#6160=CARTESIAN_POINT('',(-1.87933940855835E-13,19.1552774545279,1.99475));
#6161=CARTESIAN_POINT('Ctrl Pts',(0.00169286532675192,13.1552774545279,
1.99466626533894));
#6162=CARTESIAN_POINT('Ctrl Pts',(-0.496810748341616,13.1234530160432,1.99031172623782));
#6163=CARTESIAN_POINT('Ctrl Pts',(-1.65601982399635,13.0498864661495,1.55115987001755));
#6164=CARTESIAN_POINT('Ctrl Pts',(-2.31567798556441,12.9345778048466,-0.37982280987253));
#6165=CARTESIAN_POINT('Ctrl Pts',(-0.966911301098569,12.8093514706193,-2.13815625709908));
#6166=CARTESIAN_POINT('Ctrl Pts',(1.24416358015574,12.684125136392,-1.98964491905294));
#6167=CARTESIAN_POINT('Ctrl Pts',(2.34567195620383,12.5588988021647,-0.0667334798177497));
#6168=CARTESIAN_POINT('Ctrl Pts',(1.47873044089956,12.44928290821,1.66856687635797));
#6169=CARTESIAN_POINT('Ctrl Pts',(0.409318295553564,12.3814091256644,1.99021420352477));
#6170=CARTESIAN_POINT('Ctrl Pts',(-0.00116313366186366,12.3552774545279,
1.99246567622677));
#6171=CARTESIAN_POINT('Ctrl Pts',(-0.00165891825258294,12.9815322248943,
1.9940000667773));
#6172=CARTESIAN_POINT('Ctrl Pts',(-0.18079969952347,12.9701056571212,1.99548673764228));
#6173=CARTESIAN_POINT('Ctrl Pts',(-1.01267031061604,12.9169369779391,1.89210811531201));
#6174=CARTESIAN_POINT('Ctrl Pts',(-2.22893914879449,12.8220261873478,0.733798479969064));
#6175=CARTESIAN_POINT('Ctrl Pts',(-1.845890437266,12.6967998531206,-1.44890186981164));
#6176=CARTESIAN_POINT('Ctrl Pts',(0.183354547463989,12.5715735188933,-2.33944688691666));
#6177=CARTESIAN_POINT('Ctrl Pts',(2.04908246271548,12.446347184666,-1.14363152655697));
#6178=CARTESIAN_POINT('Ctrl Pts',(2.08739976524397,12.3211208504387,1.07209235177886));
#6179=CARTESIAN_POINT('Ctrl Pts',(0.802192467093235,12.2328491971814,1.95999248453932));
#6180=CARTESIAN_POINT('Ctrl Pts',(0.0759509186940996,12.1863196553333,1.99738526014826));
#6181=CARTESIAN_POINT('Ctrl Pts',(0.00117304316747708,12.1815322248943,
1.99685758901914));
#6182=CARTESIAN_POINT('Origin',(4.44089209850063E-15,19.1552774545279,0.));
#6183=CARTESIAN_POINT('',(-1.57022428272358E-13,13.9552774545279,1.99475));
#6184=CARTESIAN_POINT('',(-1.36061133642295E-13,13.7815322248943,1.99475));
#6185=CARTESIAN_POINT('',(-1.87933940855835E-13,19.1552774545279,1.99475));
#6186=CARTESIAN_POINT('Ctrl Pts',(-0.00142405016198263,13.9552774545279,
1.99627131712372));
#6187=CARTESIAN_POINT('Ctrl Pts',(-0.0998457922715847,13.9489811292403,
1.99707028730243));
#6188=CARTESIAN_POINT('Ctrl Pts',(-0.849935860904828,13.9009426925435,1.94618780865565));
#6189=CARTESIAN_POINT('Ctrl Pts',(-2.12419010163612,13.8111621444376,0.997219250959913));
#6190=CARTESIAN_POINT('Ctrl Pts',(-2.00713632947304,13.6859358102103,-1.2157440435451));
#6191=CARTESIAN_POINT('Ctrl Pts',(-0.100083513566397,13.5607094759831,-2.34448568138274));
#6192=CARTESIAN_POINT('Ctrl Pts',(1.8962255163145,13.4354831417557,-1.38237426666606));
#6193=CARTESIAN_POINT('Ctrl Pts',(2.20144769676785,13.3102568075285,0.812562534956585));
#6194=CARTESIAN_POINT('Ctrl Pts',(0.96475404596965,13.2168549117858,1.90919197088473));
#6195=CARTESIAN_POINT('Ctrl Pts',(0.157045042062839,13.1651951274523,1.99602330089394));
#6196=CARTESIAN_POINT('Ctrl Pts',(0.00169286532675192,13.1552774545279,
1.99466626533894));
#6197=CARTESIAN_POINT('Ctrl Pts',(0.0014029640079957,13.7815322248943,1.99294671147797));
#6198=CARTESIAN_POINT('Ctrl Pts',(-0.432515849334385,13.7538916589092,1.99002677593428));
#6199=CARTESIAN_POINT('Ctrl Pts',(-1.52602823721484,13.6845089815149,1.63924710852453));
#6200=CARTESIAN_POINT('Ctrl Pts',(-2.3418174526902,13.5733841927116,-0.15006834087198));
#6201=CARTESIAN_POINT('Ctrl Pts',(-1.17265543197223,13.4481578584843,-2.03261129865477));
#6202=CARTESIAN_POINT('Ctrl Pts',(1.04230105495363,13.322931524257,-2.10243620381395));
#6203=CARTESIAN_POINT('Ctrl Pts',(2.32771538929094,13.1977051900297,-0.297271963309964));
#6204=CARTESIAN_POINT('Ctrl Pts',(1.60936207754437,13.0839054235755,1.58409735104808));
#6205=CARTESIAN_POINT('Ctrl Pts',(0.473615046728116,13.0118477685303,1.99005581716754));
#6206=CARTESIAN_POINT('Ctrl Pts',(-0.00165891825258294,12.9815322248943,
1.9940000667773));
#6207=CARTESIAN_POINT('Origin',(4.44089209850063E-15,19.1552774545279,0.));
#6208=CARTESIAN_POINT('',(-1.22198519577301E-13,14.5815322248943,1.99475));
#6209=CARTESIAN_POINT('',(-1.87933940855835E-13,19.1552774545279,1.99475));
#6210=CARTESIAN_POINT('Ctrl Pts',(0.000394818835405576,14.7552774545279,
1.99176371215603));
#6211=CARTESIAN_POINT('Ctrl Pts',(-0.353515152426088,14.7327671310282,1.99111987230234));
#6212=CARTESIAN_POINT('Ctrl Pts',(-1.36457382037498,14.6685146961194,1.73383862258177));
#6213=CARTESIAN_POINT('Ctrl Pts',(-2.34282537567002,14.5625201498014,0.133413198337192));
#6214=CARTESIAN_POINT('Ctrl Pts',(-1.40919979657484,14.4372938155741,-1.87637569685139));
#6215=CARTESIAN_POINT('Ctrl Pts',(0.781174639149659,14.3120674813468,-2.21278015312498));
#6216=CARTESIAN_POINT('Ctrl Pts',(2.27488396251943,14.1868411471195,-0.575788832493844));
#6217=CARTESIAN_POINT('Ctrl Pts',(1.76671542466999,14.0679111381799,1.46657528416831));
#6218=CARTESIAN_POINT('Ctrl Pts',(0.552650884205004,13.9907232406494,1.99177343545809));
#6219=CARTESIAN_POINT('Ctrl Pts',(-0.00142405016198263,13.9552774545279,
1.99627131712372));
#6220=CARTESIAN_POINT('Ctrl Pts',(-0.000566395561625971,14.5815322248943,
1.99761402981576));
#6221=CARTESIAN_POINT('Ctrl Pts',(-0.0335289249885578,14.5794197721062,
1.99774062678549));
#6222=CARTESIAN_POINT('Ctrl Pts',(-0.717710183444912,14.535565207909,1.98222611206097));
#6223=CARTESIAN_POINT('Ctrl Pts',(-2.01573000093473,14.4499685323027,1.20144165055566));
#6224=CARTESIAN_POINT('Ctrl Pts',(-2.11704566963571,14.3247421980754,-1.0122979350951));
#6225=CARTESIAN_POINT('Ctrl Pts',(-0.330343236708143,14.1995158638481,-2.32325263847211));
#6226=CARTESIAN_POINT('Ctrl Pts',(1.75096503247528,14.0742895296208,-1.56229028391897));
#6227=CARTESIAN_POINT('Ctrl Pts',(2.27073227191782,13.9490631953935,0.591949683324475));
#6228=CARTESIAN_POINT('Ctrl Pts',(1.09768065169652,13.8514774271513,1.85930739713184));
#6229=CARTESIAN_POINT('Ctrl Pts',(0.222777803436478,13.7956337703183,1.99443639167217));
#6230=CARTESIAN_POINT('Ctrl Pts',(0.0014029640079957,13.7815322248943,1.99294671147797));
#6231=CARTESIAN_POINT('Origin',(4.44089209850063E-15,19.1552774545279,0.));
#6232=CARTESIAN_POINT('Ctrl Pts',(-0.00060513955348309,15.3815322248943,
1.99187300115172));
#6233=CARTESIAN_POINT('Ctrl Pts',(-0.288696077693831,15.3632057738941,1.99267907605356));
#6234=CARTESIAN_POINT('Ctrl Pts',(-1.23194733508625,15.3031372114848,1.80065706734761));
#6235=CARTESIAN_POINT('Ctrl Pts',(-2.31832006646722,15.2013265376665,0.363347691722296));
#6236=CARTESIAN_POINT('Ctrl Pts',(-1.5870319426857,15.0761002034391,-1.72857140048979));
#6237=CARTESIAN_POINT('Ctrl Pts',(0.559598834367816,14.9508738692119,-2.27892049507901));
#6238=CARTESIAN_POINT('Ctrl Pts',(2.20716965069888,14.8256475349846,-0.796888705662563));
#6239=CARTESIAN_POINT('Ctrl Pts',(1.89176019525812,14.7025336535454,1.35883326043084));
#6240=CARTESIAN_POINT('Ctrl Pts',(0.617811347996369,14.6211618835153,1.99523906800773));
#6241=CARTESIAN_POINT('Ctrl Pts',(-0.000566395561625971,14.5815322248943,
1.99761402981576));
#6242=CARTESIAN_POINT('Origin',(4.44089209850063E-15,19.1552774545279,0.));
#6243=CARTESIAN_POINT('',(-1.43781688520523E-13,16.3552774545279,1.99475));
#6244=CARTESIAN_POINT('',(-1.2282039389046E-13,16.1815322248943,1.99475));
#6245=CARTESIAN_POINT('',(-1.87933940855835E-13,19.1552774545279,1.99475));
#6246=CARTESIAN_POINT('Ctrl Pts',(-0.00151577161043196,16.3552774545279,
1.99327885057833));
#6247=CARTESIAN_POINT('Ctrl Pts',(-0.208590657411017,16.3420812460131,1.99480290878022));
#6248=CARTESIAN_POINT('Ctrl Pts',(-1.06890293562037,16.2871429260892,1.87077362694351));
#6249=CARTESIAN_POINT('Ctrl Pts',(-2.25758978246349,16.1904624947563,0.640250515683613));
#6250=CARTESIAN_POINT('Ctrl Pts',(-1.7838900582934,16.065236160529,-1.52458756121743));
#6251=CARTESIAN_POINT('Ctrl Pts',(0.280713317129082,15.9400098263017,-2.32977005661338));
#6252=CARTESIAN_POINT('Ctrl Pts',(2.09497193391923,15.8147834920744,-1.05722413874278));
#6253=CARTESIAN_POINT('Ctrl Pts',(2.04089805868587,15.6895571578471,1.15817314428862));
#6254=CARTESIAN_POINT('Ctrl Pts',(0.746277973528193,15.6030551453316,1.97501566504298));
#6255=CARTESIAN_POINT('Ctrl Pts',(0.0478927254127433,15.5582952442252,1.99765030830196));
#6256=CARTESIAN_POINT('Ctrl Pts',(0.000790484488682594,15.5552774545279,
1.99740876635934));
#6257=CARTESIAN_POINT('Ctrl Pts',(0.00153719617783791,16.1815322248943,
1.99588573059953));
#6258=CARTESIAN_POINT('Ctrl Pts',(-0.538657413627263,16.146991775682,1.99128560844953));
#6259=CARTESIAN_POINT('Ctrl Pts',(-1.73923064402531,16.0707092150607,1.48846440285284));
#6260=CARTESIAN_POINT('Ctrl Pts',(-2.2866478469519,15.9526845430303,-0.527134893557965));
#6261=CARTESIAN_POINT('Ctrl Pts',(-0.828195224794039,15.827458208803,-2.19561425734651));
#6262=CARTESIAN_POINT('Ctrl Pts',(1.36885627910245,15.7022318745757,-1.9060068312768));
#6263=CARTESIAN_POINT('Ctrl Pts',(2.34513797901982,15.5770055403483,0.0834106685257386));
#6264=CARTESIAN_POINT('Ctrl Pts',(1.393183779723,15.4701056571212,1.71818281995914));
#6265=CARTESIAN_POINT('Ctrl Pts',(0.367487928456396,15.4049478853032,1.99084308127442));
#6266=CARTESIAN_POINT('Ctrl Pts',(-0.00060513955348309,15.3815322248943,
1.99187300115172));
#6267=CARTESIAN_POINT('Origin',(4.44089209850063E-15,19.1552774545279,0.));
#6268=CARTESIAN_POINT('',(-1.44092625677103E-13,17.1552774545279,1.99475));
#6269=CARTESIAN_POINT('',(-1.2313133104704E-13,16.9815322248943,1.99475));
#6270=CARTESIAN_POINT('',(-1.87933940855835E-13,19.1552774545279,1.99475));
#6271=CARTESIAN_POINT('Ctrl Pts',(0.00158367645390197,17.1552774545279,
1.99368048109426));
#6272=CARTESIAN_POINT('Ctrl Pts',(-0.459716708658333,17.1258672478011,1.99003443504229));
#6273=CARTESIAN_POINT('Ctrl Pts',(-1.58121785018733,17.0547149296651,1.60313503134992));
#6274=CARTESIAN_POINT('Ctrl Pts',(-2.3335402943769,16.9418205001201,-0.247501100107593));
#6275=CARTESIAN_POINT('Ctrl Pts',(-1.08690160343809,16.8165941658927,-2.07975345419922));
#6276=CARTESIAN_POINT('Ctrl Pts',(1.12902965811325,16.6913678316655,-2.05714718470282));
#6277=CARTESIAN_POINT('Ctrl Pts',(2.33808570496563,16.5661414974382,-0.19999233018746));
#6278=CARTESIAN_POINT('Ctrl Pts',(1.55431155870305,16.4541113717257,1.62104293721572));
#6279=CARTESIAN_POINT('Ctrl Pts',(0.446426497207869,16.3838233574222,1.98998202350957));
#6280=CARTESIAN_POINT('Ctrl Pts',(-0.00151577161043196,16.3552774545279,
1.99327885057833));
#6281=CARTESIAN_POINT('Ctrl Pts',(-0.0016721557864716,16.9815322248943,
1.99507551493846));
#6282=CARTESIAN_POINT('Ctrl Pts',(-0.142768512114032,16.9725198888791,1.99631778124252));
#6283=CARTESIAN_POINT('Ctrl Pts',(-0.93602321017076,16.9217654414547,1.91895527608509));
#6284=CARTESIAN_POINT('Ctrl Pts',(-2.18361461888481,16.8292688826213,0.859341940079924));
#6285=CARTESIAN_POINT('Ctrl Pts',(-1.92528008387918,16.704042548394,-1.34161744230763));
#6286=CARTESIAN_POINT('Ctrl Pts',(0.0500532233498564,16.5788162141667,-2.34608492291213));
#6287=CARTESIAN_POINT('Ctrl Pts',(1.98074791075578,16.4535898799394,-1.25828046221013));
#6288=CARTESIAN_POINT('Ctrl Pts',(2.14497735379656,16.3283635457121,0.951684180009137));
#6289=CARTESIAN_POINT('Ctrl Pts',(0.878612017100183,16.2376776606971,1.93745708062737));
#6290=CARTESIAN_POINT('Ctrl Pts',(0.114167436638049,16.1887338870911,1.99684485320922));
#6291=CARTESIAN_POINT('Ctrl Pts',(0.00153719617783791,16.1815322248943,
1.99588573059953));
#6292=CARTESIAN_POINT('Origin',(4.44089209850063E-15,19.1552774545279,0.));
#6293=CARTESIAN_POINT('',(-1.88230786207427E-13,17.8184048397111,1.99475));
#6294=CARTESIAN_POINT('',(-1.2344226820362E-13,17.7815322248943,1.99475));
#6295=CARTESIAN_POINT('',(-1.87933940855835E-13,19.1552774545279,1.99475));
#6296=CARTESIAN_POINT('',(-1.7545577105355,17.8184048397111,0.948975659803981));
#6297=CARTESIAN_POINT('Origin',(4.44089209850063E-15,17.8184048397111,0.));
#6298=CARTESIAN_POINT('Ctrl Pts',(-1.7545577105355,17.8184048397111,0.948975659803981));
#6299=CARTESIAN_POINT('Ctrl Pts',(-2.06567157657789,17.776662728302,0.373758343237678));
#6300=CARTESIAN_POINT('Ctrl Pts',(-2.07383585741155,17.6931785054838,-1.0966958234123));
#6301=CARTESIAN_POINT('Ctrl Pts',(-0.232836267328738,17.5679521712565,-2.33645040670246));
#6302=CARTESIAN_POINT('Ctrl Pts',(1.81437573676227,17.4427258370292,-1.48720453157549));
#6303=CARTESIAN_POINT('Ctrl Pts',(2.24418185190171,17.3174995028019,0.685705664532626));
#6304=CARTESIAN_POINT('Ctrl Pts',(1.04141913153699,17.2216833753015,1.88143333218863));
#6305=CARTESIAN_POINT('Ctrl Pts',(0.195010143391531,17.1676093592102,1.99520929361834));
#6306=CARTESIAN_POINT('Ctrl Pts',(0.00158367645390197,17.1552774545279,
1.99368048109426));
#6307=CARTESIAN_POINT('Ctrl Pts',(0.00100657034618604,17.7815322248943,
1.99261097976331));
#6308=CARTESIAN_POINT('Ctrl Pts',(-0.39538092067317,17.756305890667,1.99062102313344));
#6309=CARTESIAN_POINT('Ctrl Pts',(-1.45029126340989,17.6893374450306,1.68494097082299));
#6310=CARTESIAN_POINT('Ctrl Pts',(-2.34654623814896,17.5806268879851,-0.0162902815356648));
#6311=CARTESIAN_POINT('Ctrl Pts',(-1.28632738596399,17.4554005537578,-1.96285911823188));
#6312=CARTESIAN_POINT('Ctrl Pts',(0.921088833553642,17.3301742195305,-2.15818765966969));
#6313=CARTESIAN_POINT('Ctrl Pts',(2.30704734593931,17.2049478853032,-0.429184584075318));
#6314=CARTESIAN_POINT('Ctrl Pts',(1.68387525696636,17.0887338870911,1.53077473654063));
#6315=CARTESIAN_POINT('Ctrl Pts',(0.510742388422474,17.0142620002882,1.99056402124331));
#6316=CARTESIAN_POINT('Ctrl Pts',(-0.0016721557864716,16.9815322248943,
1.99507551493846));
#6317=CARTESIAN_POINT('Origin',(0.,12.3562553857427,0.));
#6318=CARTESIAN_POINT('',(4.70998187447709E-15,17.4184048397111,2.4505));
#6319=CARTESIAN_POINT('',(5.2252646653983E-14,17.5184048397111,2.4505));
#6320=CARTESIAN_POINT('',(-3.00099698131059E-16,12.3562553857427,2.4505));
#6321=CARTESIAN_POINT('',(-3.99680288865056E-14,17.8184048397111,-2.4505));
#6322=CARTESIAN_POINT('Ctrl Pts',(0.00194550653000086,17.4184048397111,
2.44918612303371));
#6323=CARTESIAN_POINT('Ctrl Pts',(0.23956503641121,17.4307367443933,2.45106423061121));
#6324=CARTESIAN_POINT('Ctrl Pts',(0.476695872720909,17.4430686490756,2.41918863705815));
#6325=CARTESIAN_POINT('Ctrl Pts',(0.703116581391625,17.4554005537578,2.35146714677888));
#6326=CARTESIAN_POINT('Ctrl Pts',(1.46952523359906,17.4971426651669,2.12223751316838));
#6327=CARTESIAN_POINT('Ctrl Pts',(2.11322298228021,17.538884776576,1.48230480268949));
#6328=CARTESIAN_POINT('Ctrl Pts',(2.34707086358496,17.5806268879851,0.717444230500311));
#6329=CARTESIAN_POINT('Ctrl Pts',(2.58091874488971,17.6223689993942,-0.0474163416888687));
#6330=CARTESIAN_POINT('Ctrl Pts',(2.40491675881805,17.6641111108033,-0.937204775588343));
#6331=CARTESIAN_POINT('Ctrl Pts',(1.89775772458867,17.7058532222124,-1.55597851102398));
#6332=CARTESIAN_POINT('Ctrl Pts',(1.44193052191744,17.7433704280453,-2.11212339236014));
#6333=CARTESIAN_POINT('Ctrl Pts',(0.718589544820578,17.7808876338782,-2.44933841756243));
#6334=CARTESIAN_POINT('Ctrl Pts',(-0.00117293027409017,17.8184048397111,
-2.45385157886299));
#6335=CARTESIAN_POINT('',(1.73276516729763,17.8184048397111,-1.73276516729764));
#6336=CARTESIAN_POINT('Origin',(4.44089209850063E-15,17.8184048397111,0.));
#6337=CARTESIAN_POINT('Ctrl Pts',(1.73276516729763,17.8184048397111,-1.73276516729764));
#6338=CARTESIAN_POINT('Ctrl Pts',(2.30083797777719,17.776662728302,-1.16469235681808));
#6339=CARTESIAN_POINT('Ctrl Pts',(2.56356977514722,17.7349206168929,-0.300527469954783));
#6340=CARTESIAN_POINT('Ctrl Pts',(2.40618098972095,17.6931785054838,0.482460204206188));
#6341=CARTESIAN_POINT('Ctrl Pts',(2.24879220429467,17.6514363940747,1.26544787836717));
#6342=CARTESIAN_POINT('Ctrl Pts',(1.67128283607207,17.6096942826656,1.96725833982583));
#6343=CARTESIAN_POINT('Ctrl Pts',(0.931170327883147,17.5679521712565,2.27122161117941));
#6344=CARTESIAN_POINT('Ctrl Pts',(0.638335757180326,17.5514363940747,2.39148839912232));
#6345=CARTESIAN_POINT('Ctrl Pts',(0.320045891604949,17.5349206168929,2.44947276410316));
#6346=CARTESIAN_POINT('Ctrl Pts',(0.00123654625083413,17.5184048397111,
2.4478722676576));
#6347=CARTESIAN_POINT('Origin',(0.,12.3562553857427,0.));
#6348=CARTESIAN_POINT('',(5.08745770284965E-15,16.6184048397111,2.4505));
#6349=CARTESIAN_POINT('',(5.29076782385118E-14,16.7184048397111,2.4505));
#6350=CARTESIAN_POINT('',(-3.00099698131059E-16,12.3562553857427,2.4505));
#6351=CARTESIAN_POINT('Ctrl Pts',(-0.00186208714420849,16.6184048397111,
2.44869273008757));
#6352=CARTESIAN_POINT('Ctrl Pts',(0.548423677858486,16.6469507426054,2.44464266129094));
#6353=CARTESIAN_POINT('Ctrl Pts',(1.10116692991761,16.6754966454997,2.26057249241024));
#6354=CARTESIAN_POINT('Ctrl Pts',(1.52906472311309,16.704042548394,1.91975560038872));
#6355=CARTESIAN_POINT('Ctrl Pts',(2.15477123593233,16.7457846598031,1.42138577374357));
#6356=CARTESIAN_POINT('Ctrl Pts',(2.51352523947719,16.7875267712122,0.587850123336392));
#6357=CARTESIAN_POINT('Ctrl Pts',(2.44535310453142,16.8292688826213,-0.209162341629062));
#6358=CARTESIAN_POINT('Ctrl Pts',(2.37718096958565,16.8710109940304,-1.00617480659452));
#6359=CARTESIAN_POINT('Ctrl Pts',(1.88208269614924,16.9127531054395,-1.76666408611824));
#6360=CARTESIAN_POINT('Ctrl Pts',(1.18083096040597,16.9544952168486,-2.15153726441048));
#6361=CARTESIAN_POINT('Ctrl Pts',(0.479579224662693,16.9962373282577,-2.53641044270272));
#6362=CARTESIAN_POINT('Ctrl Pts',(-0.42782597338745,17.0379794396668,-2.54566751976347));
#6363=CARTESIAN_POINT('Ctrl Pts',(-1.13677259732337,17.0797215510759,-2.17515010067999));
#6364=CARTESIAN_POINT('Ctrl Pts',(-1.84571922125929,17.121463662485,-1.8046326815965));
#6365=CARTESIAN_POINT('Ctrl Pts',(-2.35620727108098,17.1632057738941,-1.05434076636876));
#6366=CARTESIAN_POINT('Ctrl Pts',(-2.44059060622192,17.2049478853032,-0.258895017919121));
#6367=CARTESIAN_POINT('Ctrl Pts',(-2.52497394136286,17.2466899967123,0.536550730530514));
#6368=CARTESIAN_POINT('Ctrl Pts',(-2.18325256182304,17.2884321081214,1.37715031220205));
#6369=CARTESIAN_POINT('Ctrl Pts',(-1.56783209418628,17.3301742195305,1.88818682466676));
#6370=CARTESIAN_POINT('Ctrl Pts',(-1.1342257775399,17.3595844262574,2.24824741981165));
#6371=CARTESIAN_POINT('Ctrl Pts',(-0.56475036699683,17.3889946329842,2.4447070475354));
#6372=CARTESIAN_POINT('Ctrl Pts',(0.00194550653000086,17.4184048397111,
2.44918612303371));
#6373=CARTESIAN_POINT('Ctrl Pts',(0.00123654625083413,17.5184048397111,
2.4478722676576));
#6374=CARTESIAN_POINT('Ctrl Pts',(-0.485715476179583,17.4931785054838,2.4454276561918));
#6375=CARTESIAN_POINT('Ctrl Pts',(-0.973879432437467,17.4679521712565,2.30397299635992));
#6376=CARTESIAN_POINT('Ctrl Pts',(-1.37439887216547,17.4427258370292,2.03312079698823));
#6377=CARTESIAN_POINT('Ctrl Pts',(-2.03713991586993,17.4009837256201,1.58494063019496));
#6378=CARTESIAN_POINT('Ctrl Pts',(-2.4599063551236,17.359241614211,0.782464215359905));
#6379=CARTESIAN_POINT('Ctrl Pts',(-2.45421422718982,17.3174995028019,-0.017325768330679));
#6380=CARTESIAN_POINT('Ctrl Pts',(-2.44852209925604,17.2757573913928,-0.817115752021263));
#6381=CARTESIAN_POINT('Ctrl Pts',(-2.01437140413481,17.2340152799837,-1.61421930456738));
#6382=CARTESIAN_POINT('Ctrl Pts',(-1.34533687656601,17.1922731685746,-2.05276377756881));
#6383=CARTESIAN_POINT('Ctrl Pts',(-0.676302348997215,17.1505310571655,-2.49130825057023));
#6384=CARTESIAN_POINT('Ctrl Pts',(0.227616011019153,17.1087889457564,-2.57129364402697));
#6385=CARTESIAN_POINT('Ctrl Pts',(0.963344362987162,17.0670468343473,-2.25728023834117));
#6386=CARTESIAN_POINT('Ctrl Pts',(1.69907271495517,17.0253047229382,-1.94326683265537));
#6387=CARTESIAN_POINT('Ctrl Pts',(2.26661105887482,16.9835626115291,-1.23525462782704));
#6388=CARTESIAN_POINT('Ctrl Pts',(2.41289368498108,16.94182050012,-0.448835004696456));
#6389=CARTESIAN_POINT('Ctrl Pts',(2.55917631108734,16.9000783887109,0.337584618434131));
#6390=CARTESIAN_POINT('Ctrl Pts',(2.28420321938021,16.8583362773018,1.20241165986697));
#6391=CARTESIAN_POINT('Ctrl Pts',(1.71058493054456,16.8165941658927,1.75995134601982));
#6392=CARTESIAN_POINT('Ctrl Pts',(1.26081377327343,16.7838643904989,2.19711535342021));
#6393=CARTESIAN_POINT('Ctrl Pts',(0.62743412599556,16.751134615105,2.44535763080917));
#6394=CARTESIAN_POINT('Ctrl Pts',(-0.00205420115515091,16.7184048397111,
2.45089988688141));
#6395=CARTESIAN_POINT('Origin',(0.,12.3562553857427,0.));
#6396=CARTESIAN_POINT('',(1.30159718887786E-15,15.8184048397111,2.4505));
#6397=CARTESIAN_POINT('',(5.32851540668844E-14,15.9184048397111,2.4505));
#6398=CARTESIAN_POINT('',(-3.00099698131059E-16,12.3562553857427,2.4505));
#6399=CARTESIAN_POINT('Ctrl Pts',(0.000971090231868359,15.8184048397111,
2.45376622732851));
#6400=CARTESIAN_POINT('Ctrl Pts',(0.05883500369685,15.8214226294084,2.45406295550518));
#6401=CARTESIAN_POINT('Ctrl Pts',(0.116679380111954,15.8244404191057,2.45218822114011));
#6402=CARTESIAN_POINT('Ctrl Pts',(0.174364646634089,15.827458208803,2.44807958472482));
#6403=CARTESIAN_POINT('Ctrl Pts',(0.972268100277422,15.8692003202121,2.39124886549308));
#6404=CARTESIAN_POINT('Ctrl Pts',(1.7397299124798,15.9109424316212,1.90701766249442));
#6405=CARTESIAN_POINT('Ctrl Pts',(2.13453221693995,15.9526845430303,1.21130879182448));
#6406=CARTESIAN_POINT('Ctrl Pts',(2.5293345214001,15.9944266544394,0.51559992115454));
#6407=CARTESIAN_POINT('Ctrl Pts',(2.55147731811803,16.0361687658485,-0.391586617186679));
#6408=CARTESIAN_POINT('Ctrl Pts',(2.19108690084059,16.0779108772575,-1.1057283069398));
#6409=CARTESIAN_POINT('Ctrl Pts',(1.83069648356315,16.1196529886666,-1.81986999669293));
#6410=CARTESIAN_POINT('Ctrl Pts',(1.08777285229034,16.1613951000757,-2.34096683785795));
#6411=CARTESIAN_POINT('Ctrl Pts',(0.293592185379945,16.2031372114848,-2.43665753149324));
#6412=CARTESIAN_POINT('Ctrl Pts',(-0.500588481530455,16.2448793228939,-2.53234822512854));
#6413=CARTESIAN_POINT('Ctrl Pts',(-1.34602618407844,16.286621434303,-2.20263277123408));
#6414=CARTESIAN_POINT('Ctrl Pts',(-1.8657330600906,16.3283635457121,-1.5945335597695));
#6415=CARTESIAN_POINT('Ctrl Pts',(-2.38543993610275,16.3701056571212,-0.986434348304909));
#6416=CARTESIAN_POINT('Ctrl Pts',(-2.57941598557908,16.4118477685303,-0.0999513792701844));
#6417=CARTESIAN_POINT('Ctrl Pts',(-2.36116531012357,16.4535898799394,0.6696237457531));
#6418=CARTESIAN_POINT('Ctrl Pts',(-2.14291463466807,16.4953319913485,1.43919887077638));
#6419=CARTESIAN_POINT('Ctrl Pts',(-1.51243723428073,16.5370741027576,2.09186615178822));
#6420=CARTESIAN_POINT('Ctrl Pts',(-0.750869023040262,16.5788162141667,2.3365977908526));
#6421=CARTESIAN_POINT('Ctrl Pts',(-0.510109450164994,16.5920124226815,2.41396641525228));
#6422=CARTESIAN_POINT('Ctrl Pts',(-0.256248354924359,16.6052086311963,2.45056499710037));
#6423=CARTESIAN_POINT('Ctrl Pts',(-0.00186208714420849,16.6184048397111,
2.44869273008757));
#6424=CARTESIAN_POINT('Ctrl Pts',(-0.00205420115515091,16.7184048397111,
2.45089988688141));
#6425=CARTESIAN_POINT('Ctrl Pts',(-0.175387511685706,16.7093925036959,2.45242597966404));
#6426=CARTESIAN_POINT('Ctrl Pts',(-0.348425778981083,16.7003801676807,2.43555034832034));
#6427=CARTESIAN_POINT('Ctrl Pts',(-0.517254434659485,16.6913678316654,2.3991502247866));
#6428=CARTESIAN_POINT('Ctrl Pts',(-1.29921202506372,16.6496257202563,2.23055708652769));
#6429=CARTESIAN_POINT('Ctrl Pts',(-1.99086371990802,16.6078836088472,1.643118479137));
#6430=CARTESIAN_POINT('Ctrl Pts',(-2.28379665860884,16.5661414974382,0.898762005659246));
#6431=CARTESIAN_POINT('Ctrl Pts',(-2.57672959730966,16.5243993860291,0.154405532181497));
#6432=CARTESIAN_POINT('Ctrl Pts',(-2.47094377986701,16.48265727462,-0.746868807383313));
#6433=CARTESIAN_POINT('Ctrl Pts',(-2.01360969059969,16.4409151632109,-1.40316646605082));
#6434=CARTESIAN_POINT('Ctrl Pts',(-1.55627560133237,16.3991730518018,-2.05946412471834));
#6435=CARTESIAN_POINT('Ctrl Pts',(-0.747393240240389,16.3574309403927,-2.47078510248855));
#6436=CARTESIAN_POINT('Ctrl Pts',(0.0523495513252187,16.3156888289836,-2.45372220657605));
#6437=CARTESIAN_POINT('Ctrl Pts',(0.852092342890828,16.2739467175745,-2.43665931066355));
#6438=CARTESIAN_POINT('Ctrl Pts',(1.64269556493006,16.2322046061654,-1.99121254106834));
#6439=CARTESIAN_POINT('Ctrl Pts',(2.07162246317627,16.1904624947563,-1.31600819744061));
#6440=CARTESIAN_POINT('Ctrl Pts',(2.50054936142249,16.1487203833472,-0.640803853812879));
#6441=CARTESIAN_POINT('Ctrl Pts',(2.56779993587568,16.1069782719381,0.264158063847361));
#6442=CARTESIAN_POINT('Ctrl Pts',(2.24338652522792,16.065236160529,0.995345992546014));
#6443=CARTESIAN_POINT('Ctrl Pts',(1.91897311458017,16.0234940491199,1.72653392124466));
#6444=CARTESIAN_POINT('Ctrl Pts',(1.20289571883146,15.9817519377108,2.28394786098172));
#6445=CARTESIAN_POINT('Ctrl Pts',(0.414459491810237,15.9400098263017,2.41903270901663));
#6446=CARTESIAN_POINT('Ctrl Pts',(0.278432559317063,15.9328081641048,2.44233856036483));
#6447=CARTESIAN_POINT('Ctrl Pts',(0.140251812749403,15.925606501908,2.45307347426454));
#6448=CARTESIAN_POINT('Ctrl Pts',(0.00188840668466753,15.9184048397111,
2.45189521636002));
#6449=CARTESIAN_POINT('Origin',(0.,12.3562553857427,0.));
#6450=CARTESIAN_POINT('',(1.81785089532856E-15,15.0184048397111,2.4505));
#6451=CARTESIAN_POINT('',(5.36626298952569E-14,15.1184048397111,2.4505));
#6452=CARTESIAN_POINT('',(-3.00099698131059E-16,12.3562553857427,2.4505));
#6453=CARTESIAN_POINT('Ctrl Pts',(0.00048502496884123,15.0184048397111,
2.44683142079877));
#6454=CARTESIAN_POINT('Ctrl Pts',(0.37193211168768,15.0376366276205,2.4475071645115));
#6455=CARTESIAN_POINT('Ctrl Pts',(0.743104545486176,15.0568684155298,2.36793585582705));
#6456=CARTESIAN_POINT('Ctrl Pts',(1.07445805940693,15.0761002034392,2.20658936375214));
#6457=CARTESIAN_POINT('Ctrl Pts',(1.79365251803276,15.1178423148483,1.85639086533893));
#6458=CARTESIAN_POINT('Ctrl Pts',(2.32526160019792,15.1595844262574,1.12095267161159));
#6459=CARTESIAN_POINT('Ctrl Pts',(2.43223619952878,15.2013265376665,0.328213058856969));
#6460=CARTESIAN_POINT('Ctrl Pts',(2.53921079885964,15.2430686490756,-0.46452655389765));
#6461=CARTESIAN_POINT('Ctrl Pts',(2.22155091535621,15.2848107604847,-1.31456758567956));
#6462=CARTESIAN_POINT('Ctrl Pts',(1.62090384916804,15.3265528718938,-1.84286935466503));
#6463=CARTESIAN_POINT('Ctrl Pts',(1.02025678297986,15.3682949833029,-2.3711711236505));
#6464=CARTESIAN_POINT('Ctrl Pts',(0.136622534106948,15.410037094712,-2.57773362983953));
#6465=CARTESIAN_POINT('Ctrl Pts',(-0.635978709941548,15.4517792061211,-2.37044886371022));
#6466=CARTESIAN_POINT('Ctrl Pts',(-1.40857995399005,15.4935213175302,-2.1631640975809));
#6467=CARTESIAN_POINT('Ctrl Pts',(-2.07014819321413,15.5352634289393,-1.54203205913322));
#6468=CARTESIAN_POINT('Ctrl Pts',(-2.32568440694944,15.5770055403484,-0.784020907314088));
#6469=CARTESIAN_POINT('Ctrl Pts',(-2.58122062068474,15.6187476517575,-0.0260097554949604));
#6470=CARTESIAN_POINT('Ctrl Pts',(-2.43072480893127,15.6604897631666,0.868880509695617));
#6471=CARTESIAN_POINT('Ctrl Pts',(-1.9413043555124,15.7022318745757,1.5016105245585));
#6472=CARTESIAN_POINT('Ctrl Pts',(-1.48726706677083,15.7409561962875,2.08859665978624));
#6473=CARTESIAN_POINT('Ctrl Pts',(-0.741539497083374,15.7796805179993,2.44995860700814));
#6474=CARTESIAN_POINT('Ctrl Pts',(0.000971090231868359,15.8184048397111,
2.45376622732851));
#6475=CARTESIAN_POINT('Ctrl Pts',(0.00188840668466753,15.9184048397111,
2.45189521636002));
#6476=CARTESIAN_POINT('Ctrl Pts',(-0.661727029499075,15.8838643904989,2.44624408246933));
#6477=CARTESIAN_POINT('Ctrl Pts',(-1.32954424005332,15.8493239412866,2.16655047742558));
#6478=CARTESIAN_POINT('Ctrl Pts',(-1.7840897029274,15.8147834920744,1.6853843625009));
#6479=CARTESIAN_POINT('Ctrl Pts',(-2.33340761235004,15.7730413806653,1.10389541161754));
#6480=CARTESIAN_POINT('Ctrl Pts',(-2.57124837290159,15.7312992692562,0.228161753518082));
#6481=CARTESIAN_POINT('Ctrl Pts',(-2.39155671736688,15.6895571578471,-0.551319202695779));
#6482=CARTESIAN_POINT('Ctrl Pts',(-2.21186506183217,15.647815046438,-1.33080015890963));
#6483=CARTESIAN_POINT('Ctrl Pts',(-1.6146409902112,15.6060729350289,-2.0140284132379));
#6484=CARTESIAN_POINT('Ctrl Pts',(-0.866191906291243,15.5643308236198,-2.29634663886184));
#6485=CARTESIAN_POINT('Ctrl Pts',(-0.117742822371279,15.5225887122107,-2.57866486448578));
#6486=CARTESIAN_POINT('Ctrl Pts',(0.781931273847683,15.4808466008016,-2.46007306140541));
#6487=CARTESIAN_POINT('Ctrl Pts',(1.43165789087955,15.4391044893925,-1.99345230016968));
#6488=CARTESIAN_POINT('Ctrl Pts',(2.08138450791143,15.3973623779834,-1.52683153893395));
#6489=CARTESIAN_POINT('Ctrl Pts',(2.48116364575621,15.3556202665743,-0.712181819542867));
#6490=CARTESIAN_POINT('Ctrl Pts',(2.45273031385252,15.3138781551652,0.087237449821435));
#6491=CARTESIAN_POINT('Ctrl Pts',(2.42429698194882,15.2721360437561,0.886656719185732));
#6492=CARTESIAN_POINT('Ctrl Pts',(1.96765118029666,15.230393932347,1.67084553852324));
#6493=CARTESIAN_POINT('Ctrl Pts',(1.28641523830708,15.1886518209379,2.09012731452173));
#6494=CARTESIAN_POINT('Ctrl Pts',(0.904269033012194,15.165236160529,2.32532767576393));
#6495=CARTESIAN_POINT('Ctrl Pts',(0.451449639645463,15.14182050012,2.44570044901008));
#6496=CARTESIAN_POINT('Ctrl Pts',(-0.000743398659116255,15.1184048397111,
2.44696567957002));
#6497=CARTESIAN_POINT('Origin',(0.,12.3562553857427,0.));
#6498=CARTESIAN_POINT('',(2.05654884562297E-15,14.2184048397111,2.4505));
#6499=CARTESIAN_POINT('',(5.40401057236295E-14,14.3184048397111,2.4505));
#6500=CARTESIAN_POINT('',(-3.00099698131059E-16,12.3562553857427,2.4505));
#6501=CARTESIAN_POINT('Ctrl Pts',(-0.00174940966113035,14.2184048397111,
2.45236889966746));
#6502=CARTESIAN_POINT('Ctrl Pts',(0.678917654715957,14.2538506258325,2.44684336562975));
#6503=CARTESIAN_POINT('Ctrl Pts',(1.36381172921256,14.289296411954,2.15056166909224));
#6504=CARTESIAN_POINT('Ctrl Pts',(1.81963291398683,14.3247421980754,1.64694650823516));
#6505=CARTESIAN_POINT('Ctrl Pts',(2.35642277702703,14.3664843094845,1.05387290338436));
#6506=CARTESIAN_POINT('Ctrl Pts',(2.57553013776877,14.4082264208936,0.173265431758285));
#6507=CARTESIAN_POINT('Ctrl Pts',(2.37925312115023,14.4499685323027,-0.602205386914472));
#6508=CARTESIAN_POINT('Ctrl Pts',(2.18297610453169,14.4917106437118,-1.37767620558722));
#6509=CARTESIAN_POINT('Ctrl Pts',(1.57131471055288,14.5334527551209,-2.04801037130666));
#6510=CARTESIAN_POINT('Ctrl Pts',(0.817014067058667,14.57519486653,-2.314300057659));
#6511=CARTESIAN_POINT('Ctrl Pts',(0.0627134235644503,14.6169369779391,-2.58058974401134));
#6512=CARTESIAN_POINT('Ctrl Pts',(-0.834226469445173,14.6586790893482,-2.44283495099659));
#6513=CARTESIAN_POINT('Ctrl Pts',(-1.47385232367214,14.7004212007573,-1.96246173733087));
#6514=CARTESIAN_POINT('Ctrl Pts',(-2.11347817789912,14.7421633121664,-1.48208852366515));
#6515=CARTESIAN_POINT('Ctrl Pts',(-2.49578999334344,14.7839054235755,-0.659096889348452));
#6516=CARTESIAN_POINT('Ctrl Pts',(-2.45031161116628,14.8256475349846,0.139534048375784));
#6517=CARTESIAN_POINT('Ctrl Pts',(-2.40483322898912,14.8673896463937,0.938164986100015));
#6518=CARTESIAN_POINT('Ctrl Pts',(-1.93156464919049,14.9091317578028,1.71243522723179));
#6519=CARTESIAN_POINT('Ctrl Pts',(-1.24154044174794,14.9508738692119,2.11709094624812));
#6520=CARTESIAN_POINT('Ctrl Pts',(-0.869430176889619,14.9733841927116,2.33531016979925));
#6521=CARTESIAN_POINT('Ctrl Pts',(-0.434284437157443,14.9958945162114,2.44604047979795));
#6522=CARTESIAN_POINT('Ctrl Pts',(0.00048502496884123,15.0184048397111,
2.44683142079877));
#6523=CARTESIAN_POINT('Ctrl Pts',(-0.000743398659116255,15.1184048397111,
2.44696567957002));
#6524=CARTESIAN_POINT('Ctrl Pts',(-0.354655840776211,15.1000783887109,2.44795592223051));
#6525=CARTESIAN_POINT('Ctrl Pts',(-0.708184607002853,15.0817519377108,2.37598644082868));
#6526=CARTESIAN_POINT('Ctrl Pts',(-1.02714729166427,15.0634254867106,2.22900534076524));
#6527=CARTESIAN_POINT('Ctrl Pts',(-1.75364779731903,15.0216833753015,1.89422685835081));
#6528=CARTESIAN_POINT('Ctrl Pts',(-2.30082272630155,14.9799412638924,1.17029516086248));
#6529=CARTESIAN_POINT('Ctrl Pts',(-2.42468202541482,14.9381991524833,0.380017682802555));
#6530=CARTESIAN_POINT('Ctrl Pts',(-2.54854132452808,14.8964570410742,-0.41025979525738));
#6531=CARTESIAN_POINT('Ctrl Pts',(-2.2490849937721,14.8547149296651,-1.26688305388892));
#6532=CARTESIAN_POINT('Ctrl Pts',(-1.65984321188663,14.812972818256,-1.80787634392165));
#6533=CARTESIAN_POINT('Ctrl Pts',(-1.07060143000117,14.7712307068469,-2.34886963395438));
#6534=CARTESIAN_POINT('Ctrl Pts',(-0.191574196986241,14.7294885954378,-2.5742329553883));
#6535=CARTESIAN_POINT('Ctrl Pts',(0.585272609596786,14.6877464840287,-2.38347484504248));
#6536=CARTESIAN_POINT('Ctrl Pts',(1.36211941617981,14.6460043726196,-2.19271673469666));
#6537=CARTESIAN_POINT('Ctrl Pts',(2.03678579633093,14.6042622612105,-1.58583719257109));
#6538=CARTESIAN_POINT('Ctrl Pts',(2.30843215161893,14.5625201498014,-0.833449077721849));
#6539=CARTESIAN_POINT('Ctrl Pts',(2.58007850690692,14.5207780383923,-0.0810609628726058));
#6540=CARTESIAN_POINT('Ctrl Pts',(2.44870483733179,14.4790359269832,0.816835724700311));
#6541=CARTESIAN_POINT('Ctrl Pts',(1.97289180314494,14.4372938155741,1.45986105396237));
#6542=CARTESIAN_POINT('Ctrl Pts',(1.52115835038677,14.3976641569531,2.0703446500978));
#6543=CARTESIAN_POINT('Ctrl Pts',(0.758965638934937,14.3580344983321,2.45110080769659));
#6544=CARTESIAN_POINT('Ctrl Pts',(-0.000695802643569988,14.3184048397111,
2.45401838830105));
#6545=CARTESIAN_POINT('Origin',(0.,12.3562553857427,0.));
#6546=CARTESIAN_POINT('',(-1.49132100857725E-14,13.4184048397111,2.4505));
#6547=CARTESIAN_POINT('',(5.4417581552002E-14,13.5184048397111,2.4505));
#6548=CARTESIAN_POINT('',(-3.00099698131059E-16,12.3562553857427,2.4505));
#6549=CARTESIAN_POINT('Ctrl Pts',(0.00207964230291631,13.4184048397111,
2.45039713408351));
#6550=CARTESIAN_POINT('Ctrl Pts',(0.192925868191689,13.4283225126355,2.45206421799251));
#6551=CARTESIAN_POINT('Ctrl Pts',(0.383418573740177,13.4382401855599,2.43158563610246));
#6552=CARTESIAN_POINT('Ctrl Pts',(0.568310277080752,13.4481578584843,2.38757621112466));
#6553=CARTESIAN_POINT('Ctrl Pts',(1.34649384275038,13.4898999698934,2.20234663817185));
#6554=CARTESIAN_POINT('Ctrl Pts',(2.02545837166461,13.5316420813025,1.60027959604068));
#6555=CARTESIAN_POINT('Ctrl Pts',(2.30244767934343,13.5733841927116,0.849842003255486));
#6556=CARTESIAN_POINT('Ctrl Pts',(2.57943698702226,13.6151263041207,0.0994044104702818));
#6557=CARTESIAN_POINT('Ctrl Pts',(2.45445107346566,13.6568684155298,-0.799403732968965));
#6558=CARTESIAN_POINT('Ctrl Pts',(1.98322224521448,13.6986105269389,-1.44579606735836));
#6559=CARTESIAN_POINT('Ctrl Pts',(1.5119934169633,13.740352638348,-2.09218840174774));
#6560=CARTESIAN_POINT('Ctrl Pts',(0.694521674017542,13.7820947497571,-2.48616492708728));
#6561=CARTESIAN_POINT('Ctrl Pts',(-0.104675234793279,13.8238368611662,-2.45204809024406));
#6562=CARTESIAN_POINT('Ctrl Pts',(-0.903872143604106,13.8655789725753,-2.41793125340084));
#6563=CARTESIAN_POINT('Ctrl Pts',(-1.68479421827998,13.9073210839844,-1.95572105437487));
#6564=CARTESIAN_POINT('Ctrl Pts',(-2.09922152279306,13.9490631953935,-1.27152103459747));
#6565=CARTESIAN_POINT('Ctrl Pts',(-2.51364882730613,13.9908053068026,-0.587321014820071));
#6566=CARTESIAN_POINT('Ctrl Pts',(-2.5615813616564,14.0325474182117,0.318868825708745));
#6567=CARTESIAN_POINT('Ctrl Pts',(-2.22164559278552,14.0742895296208,1.04297056647306));
#6568=CARTESIAN_POINT('Ctrl Pts',(-1.88170982391464,14.1160316410299,1.76707230723737));
#6569=CARTESIAN_POINT('Ctrl Pts',(-1.15390575182263,14.157773752439,2.30908594823718));
#6570=CARTESIAN_POINT('Ctrl Pts',(-0.362767533107309,14.1995158638481,2.42732289969932));
#6571=CARTESIAN_POINT('Ctrl Pts',(-0.243433282769136,14.2058121891358,2.4451576062414));
#6572=CARTESIAN_POINT('Ctrl Pts',(-0.122658034320703,14.2121085144234,2.453350414355));
#6573=CARTESIAN_POINT('Ctrl Pts',(-0.00174940966113035,14.2184048397111,
2.45236889966746));
#6574=CARTESIAN_POINT('Ctrl Pts',(-0.000695802643569988,14.3184048397111,
2.45401838830105));
#6575=CARTESIAN_POINT('Ctrl Pts',(-0.0411894376157895,14.316292386923,2.45417390948131));
#6576=CARTESIAN_POINT('Ctrl Pts',(-0.081675880221487,14.3141799341349,2.45325583769524));
#6577=CARTESIAN_POINT('Ctrl Pts',(-0.122107724687243,14.3120674813468,2.45124173992193));
#6578=CARTESIAN_POINT('Ctrl Pts',(-0.921041819533972,14.2703253699377,2.41144312566823));
#6579=CARTESIAN_POINT('Ctrl Pts',(-1.69865761042885,14.2285832585286,1.94369192620966));
#6580=CARTESIAN_POINT('Ctrl Pts',(-2.1082094626087,14.1868411471195,1.25656246387126));
#6581=CARTESIAN_POINT('Ctrl Pts',(-2.51776131478854,14.1450990357104,0.569433001532859));
#6582=CARTESIAN_POINT('Ctrl Pts',(-2.55924922825336,14.1033569243013,-0.33707472368537));
#6583=CARTESIAN_POINT('Ctrl Pts',(-2.21417338201223,14.0616148128922,-1.05874104404821));
#6584=CARTESIAN_POINT('Ctrl Pts',(-1.86909753577109,14.0198727014831,-1.78040736441104));
#6585=CARTESIAN_POINT('Ctrl Pts',(-1.13745792982399,13.978130590074,-2.31723227991849));
#6586=CARTESIAN_POINT('Ctrl Pts',(-0.345499018889205,13.9363884786649,-2.42984089844154));
#6587=CARTESIAN_POINT('Ctrl Pts',(0.446459892045583,13.8946463672558,-2.54244951696458));
#6588=CARTESIAN_POINT('Ctrl Pts',(1.29873810796805,13.8529042558467,-2.23084183850323));
#6589=CARTESIAN_POINT('Ctrl Pts',(1.83129737052293,13.8111621444376,-1.63396643310051));
#6590=CARTESIAN_POINT('Ctrl Pts',(2.36385663307781,13.7694200330285,-1.03709102769779));
#6591=CARTESIAN_POINT('Ctrl Pts',(2.57669694226509,13.7276779216194,-0.154947895353711));
#6592=CARTESIAN_POINT('Ctrl Pts',(2.37491095530473,13.6859358102103,0.619107679542167));
#6593=CARTESIAN_POINT('Ctrl Pts',(2.17312496834437,13.6441936988012,1.39316325443805));
#6594=CARTESIAN_POINT('Ctrl Pts',(1.55671268523637,13.6024515873921,2.05913127188572));
#6595=CARTESIAN_POINT('Ctrl Pts',(0.800537697331276,13.560709475983,2.32005080938095));
#6596=CARTESIAN_POINT('Ctrl Pts',(0.545082580652751,13.5466079305591,2.40819605613026));
#6597=CARTESIAN_POINT('Ctrl Pts',(0.273676905537775,13.5325063851351,2.45011474008903));
#6598=CARTESIAN_POINT('Ctrl Pts',(0.00172350585393245,13.5184048397111,
2.44828470559056));
#6599=CARTESIAN_POINT('Origin',(0.,12.3562553857427,0.));
#6600=CARTESIAN_POINT('',(-3.20217468952462E-14,12.6184048397111,2.4505));
#6601=CARTESIAN_POINT('',(3.73090447425284E-14,12.7184048397111,2.4505));
#6602=CARTESIAN_POINT('',(-3.00099698131059E-16,12.3562553857427,2.4505));
#6603=CARTESIAN_POINT('Ctrl Pts',(-0.0014288803297946,12.6184048397111,
2.44769376593242));
#6604=CARTESIAN_POINT('Ctrl Pts',(0.502837189248978,12.6445365108476,2.44492788857618));
#6605=CARTESIAN_POINT('Ctrl Pts',(1.00863445406635,12.6706681819841,2.29279913351684));
#6606=CARTESIAN_POINT('Ctrl Pts',(1.41744735995822,12.6967998531206,2.00358161272417));
#6607=CARTESIAN_POINT('Ctrl Pts',(2.07047539532916,12.7385419645297,1.54159240769637));
#6608=CARTESIAN_POINT('Ctrl Pts',(2.47603707820788,12.7802840759388,0.729806006506795));
#6609=CARTESIAN_POINT('Ctrl Pts',(2.45328871586181,12.8220261873479,-0.0697952178040647));
#6610=CARTESIAN_POINT('Ctrl Pts',(2.43054035351574,12.8637682987569,-0.869396442114931));
#6611=CARTESIAN_POINT('Ctrl Pts',(1.97948194594487,12.905510410166,-1.65681248954708));
#6612=CARTESIAN_POINT('Ctrl Pts',(1.30124446655984,12.9472525215751,-2.08092758464903));
#6613=CARTESIAN_POINT('Ctrl Pts',(0.623006987174821,12.9889946329842,-2.50504267975099));
#6614=CARTESIAN_POINT('Ctrl Pts',(-0.282409564024354,13.0307367443934,-2.56585682252275));
#6615=CARTESIAN_POINT('Ctrl Pts',(-1.01127214135628,13.0724788558025,-2.23625252135329));
#6616=CARTESIAN_POINT('Ctrl Pts',(-1.7401347186882,13.1142209672115,-1.90664822018382));
#6617=CARTESIAN_POINT('Ctrl Pts',(-2.29244332215288,13.1559630786206,-1.18662547507312));
#6618=CARTESIAN_POINT('Ctrl Pts',(-2.42191871852211,13.1977051900297,-0.397248648919641));
#6619=CARTESIAN_POINT('Ctrl Pts',(-2.55139411489134,13.2394473014388,0.392128177233847));
#6620=CARTESIAN_POINT('Ctrl Pts',(-2.25803630416512,13.2811894128479,1.25085908443012));
#6621=CARTESIAN_POINT('Ctrl Pts',(-1.6726560975895,13.322931524257,1.79602848614103));
#6622=CARTESIAN_POINT('Ctrl Pts',(-1.22635868364841,13.3547559627417,2.21166893897885));
#6623=CARTESIAN_POINT('Ctrl Pts',(-0.610319457982575,13.3865804012264,2.44504769276647));
#6624=CARTESIAN_POINT('Ctrl Pts',(0.00207964230291631,13.4184048397111,
2.45039713408351));
#6625=CARTESIAN_POINT('Ctrl Pts',(0.00172350585393245,13.5184048397111,
2.44828470559056));
#6626=CARTESIAN_POINT('Ctrl Pts',(-0.531334798242147,13.490764273726,2.44469763851464));
#6627=CARTESIAN_POINT('Ctrl Pts',(-1.06649747506284,13.4631237077409,2.27302680253161));
#6628=CARTESIAN_POINT('Ctrl Pts',(-1.48776898377421,13.4354831417558,1.95193232836894));
#6629=CARTESIAN_POINT('Ctrl Pts',(-2.12396298427242,13.3937410303467,1.46702325231894));
#6630=CARTESIAN_POINT('Ctrl Pts',(-2.50041329256668,13.3519989189375,0.64133404267616));
#6631=CARTESIAN_POINT('Ctrl Pts',(-2.44925744393407,13.3102568075284,-0.156953309193461));
#6632=CARTESIAN_POINT('Ctrl Pts',(-2.39810159530146,13.2685146961193,-0.955240661063095));
#6633=CARTESIAN_POINT('Ctrl Pts',(-1.91933958974198,13.2267725847103,-1.72612615515957));
#6634=CARTESIAN_POINT('Ctrl Pts',(-1.22645556893893,13.1850304733012,-2.12586525764856));
#6635=CARTESIAN_POINT('Ctrl Pts',(-0.533571548135888,13.1432883618921,-2.52560436013754));
#6636=CARTESIAN_POINT('Ctrl Pts',(0.373434487910708,13.101546250483,-2.55419707101904));
#6637=CARTESIAN_POINT('Ctrl Pts',(1.09012068062537,13.0598041390739,-2.19889364609007));
#6638=CARTESIAN_POINT('Ctrl Pts',(1.80680687334002,13.0180620276648,-1.84359022116111));
#6639=CARTESIAN_POINT('Ctrl Pts',(2.33317322272275,12.9763199162557,-1.10439066042168));
#6640=CARTESIAN_POINT('Ctrl Pts',(2.43450838223256,12.9345778048466,-0.310910479734728));
#6641=CARTESIAN_POINT('Ctrl Pts',(2.53584354174237,12.8928356934375,0.482569700952237));
#6642=CARTESIAN_POINT('Ctrl Pts',(2.21214751137926,12.8510935820284,1.33033050158673));
#6643=CARTESIAN_POINT('Ctrl Pts',(1.60775920064571,12.8093514706193,1.8543480409771));
#6644=CARTESIAN_POINT('Ctrl Pts',(1.16881733621551,12.7790359269832,2.23491998727263));
#6645=CARTESIAN_POINT('Ctrl Pts',(0.581824124330174,12.7487203833472,2.44473331493618));
#6646=CARTESIAN_POINT('Ctrl Pts',(-0.00203793917907042,12.7184048397111,
2.44957872597457));
#6647=CARTESIAN_POINT('Origin',(0.,12.3562553857427,0.));
#6648=CARTESIAN_POINT('',(-4.88527279485636E-14,11.8184048397111,2.4505));
#6649=CARTESIAN_POINT('',(2.0478063689211E-14,11.9184048397111,2.4505));
#6650=CARTESIAN_POINT('',(-3.00099698131059E-16,12.3562553857427,2.4505));
#6651=CARTESIAN_POINT('Ctrl Pts',(0.000208999034382405,11.8184048397111,
2.45426481078367));
#6652=CARTESIAN_POINT('Ctrl Pts',(0.0117756592059471,11.8190083976506,2.45427901222217));
#6653=CARTESIAN_POINT('Ctrl Pts',(0.0233421283116719,11.81961195559,2.45420419863092));
#6654=CARTESIAN_POINT('Ctrl Pts',(0.0349073198177622,11.8202155135295,2.45403980765118));
#6655=CARTESIAN_POINT('Ctrl Pts',(0.834756813553072,11.8619576249386,2.44267051542167));
#6656=CARTESIAN_POINT('Ctrl Pts',(1.62849540034705,11.9036997363477,2.00284220487486));
#6657=CARTESIAN_POINT('Ctrl Pts',(2.062209580903,11.9454418477568,1.33070131946733));
#6658=CARTESIAN_POINT('Ctrl Pts',(2.49592376145894,11.9871839591659,0.658560434059805));
#6659=CARTESIAN_POINT('Ctrl Pts',(2.56961353577688,12.028926070575,-0.245893026208418));
#6660=CARTESIAN_POINT('Ctrl Pts',(2.25040888115857,12.0706681819841,-0.979367427781763));
#6661=CARTESIAN_POINT('Ctrl Pts',(1.93120422654025,12.1124102933932,-1.71284182935511));
#6662=CARTESIAN_POINT('Ctrl Pts',(1.21910514298567,12.1541524048023,-2.27533717223357));
#6663=CARTESIAN_POINT('Ctrl Pts',(0.431648558618569,12.1958945162114,-2.41602566512346));
#6664=CARTESIAN_POINT('Ctrl Pts',(-0.35580802574853,12.2376366276205,-2.55671415801336));
#6665=CARTESIAN_POINT('Ctrl Pts',(-1.21862211092815,12.2793787390296,-2.2755958009147));
#6666=CARTESIAN_POINT('Ctrl Pts',(-1.77206039064974,12.3211208504387,-1.69802694262163));
#6667=CARTESIAN_POINT('Ctrl Pts',(-2.32549867037132,12.3628629618478,-1.12045808432856));
#6668=CARTESIAN_POINT('Ctrl Pts',(-2.56956114463487,12.4046050732569,-0.246438724841072));
#6669=CARTESIAN_POINT('Ctrl Pts',(-2.39541668714008,12.446347184666,0.534299988375604));
#6670=CARTESIAN_POINT('Ctrl Pts',(-2.22127222964529,12.4880892960751,1.31503870159228));
#6671=CARTESIAN_POINT('Ctrl Pts',(-1.62892084039217,12.5298314074842,2.00249676853814));
#6672=CARTESIAN_POINT('Ctrl Pts',(-0.882497951834026,12.5715735188933,2.29012979757807));
#6673=CARTESIAN_POINT('Ctrl Pts',(-0.603355629449929,12.5871839591659,2.39769690591752));
#6674=CARTESIAN_POINT('Ctrl Pts',(-0.302665464838831,12.6027943994385,2.44934603543502));
#6675=CARTESIAN_POINT('Ctrl Pts',(-0.0014288803297946,12.6184048397111,
2.44769376593242));
#6676=CARTESIAN_POINT('Ctrl Pts',(-0.00203793917907042,12.7184048397111,
2.44957872597457));
#6677=CARTESIAN_POINT('Ctrl Pts',(-0.222107864986539,12.7069782719381,2.45140506358814));
#6678=CARTESIAN_POINT('Ctrl Pts',(-0.441732950082771,12.695551704165,2.42411171000208));
#6679=CARTESIAN_POINT('Ctrl Pts',(-0.652817523882863,12.684125136392,2.36586679171826));
#6680=CARTESIAN_POINT('Ctrl Pts',(-1.42392534657391,12.6423830249829,2.15309372492279));
#6681=CARTESIAN_POINT('Ctrl Pts',(-2.08106040085203,12.6006409135738,1.52727331318562));
#6682=CARTESIAN_POINT('Ctrl Pts',(-2.33120031654433,12.5588988021647,0.767464397609248));
#6683=CARTESIAN_POINT('Ctrl Pts',(-2.58134023223664,12.5171566907556,0.00765548203287503));
#6684=CARTESIAN_POINT('Ctrl Pts',(-2.42448500934313,12.4754145793465,-0.886141937382695));
#6685=CARTESIAN_POINT('Ctrl Pts',(-1.93057802829444,12.4336724679374,-1.51537599106975));
#6686=CARTESIAN_POINT('Ctrl Pts',(-1.43667104724575,12.3919303565283,-2.14461004475682));
#6687=CARTESIAN_POINT('Ctrl Pts',(-0.605712308041872,12.3501882451192,-2.50928073271536));
#6688=CARTESIAN_POINT('Ctrl Pts',(0.191766999423947,12.3084461337101,-2.44677791480623));
#6689=CARTESIAN_POINT('Ctrl Pts',(0.989246306889755,12.266704022301,-2.3842750968971));
#6690=CARTESIAN_POINT('Ctrl Pts',(1.75324618261752,12.2249619108919,-1.89459877312029));
#6691=CARTESIAN_POINT('Ctrl Pts',(2.14309142689792,12.1832197994828,-1.19610047304733));
#6692=CARTESIAN_POINT('Ctrl Pts',(2.53293667117832,12.1414776880737,-0.497602172974364));
#6693=CARTESIAN_POINT('Ctrl Pts',(2.54862728401137,12.0997355766646,0.409718103394748));
#6694=CARTESIAN_POINT('Ctrl Pts',(2.18316865124436,12.0579934652555,1.12127952928442));
#6695=CARTESIAN_POINT('Ctrl Pts',(1.81771001847735,12.0162513538464,1.83284095517409));
#6696=CARTESIAN_POINT('Ctrl Pts',(1.07110214011028,11.9745092424373,2.3486435305843));
#6697=CARTESIAN_POINT('Ctrl Pts',(0.276260161649439,11.9327671310282,2.43868416171754));
#6698=CARTESIAN_POINT('Ctrl Pts',(0.18509920803578,11.9279797005892,2.44901098141317));
#6699=CARTESIAN_POINT('Ctrl Pts',(0.0933037855672872,11.9231922701501,2.45373735054182));
#6700=CARTESIAN_POINT('Ctrl Pts',(0.00144105390777932,11.9184048397111,
2.4530891198854));
#6701=CARTESIAN_POINT('Origin',(0.,12.3562553857427,0.));
#6702=CARTESIAN_POINT('',(0.,6.32988122090342,2.4505));
#6703=CARTESIAN_POINT('Origin',(0.,6.32988122090342,0.));
#6704=CARTESIAN_POINT('',(-6.41571115058392E-16,10.8184048397111,2.4505));
#6705=CARTESIAN_POINT('',(-3.00099698131059E-16,12.3562553857427,2.4505));
#6706=CARTESIAN_POINT('',(-2.4505,10.8184048397111,6.24500451351651E-14));
#6707=CARTESIAN_POINT('Origin',(0.,10.8184048397111,0.));
#6708=CARTESIAN_POINT('',(-6.59612647580372E-14,11.0184048397111,2.4505));
#6709=CARTESIAN_POINT('Ctrl Pts',(-2.4505,10.8184048397111,6.27276008913213E-14));
#6710=CARTESIAN_POINT('Ctrl Pts',(-2.45049999999998,10.8601469511202,0.803376272995662));
#6711=CARTESIAN_POINT('Ctrl Pts',(-2.02522186993665,10.9018890625293,1.60021262965451));
#6712=CARTESIAN_POINT('Ctrl Pts',(-1.36027531372173,10.9436311739384,2.04257785745923));
#6713=CARTESIAN_POINT('Ctrl Pts',(-0.963230300323213,10.968555729196,2.30671774382927));
#6714=CARTESIAN_POINT('Ctrl Pts',(-0.480734349067015,10.9934802844535,2.44447514882527));
#6715=CARTESIAN_POINT('Ctrl Pts',(0.000776220637181274,11.0184048397111,
2.44694543341954));
#6716=CARTESIAN_POINT('',(3.64708263589364E-15,11.1184048397111,2.4505));
#6717=CARTESIAN_POINT('',(-3.00099698131059E-16,12.3562553857427,2.4505));
#6718=CARTESIAN_POINT('',(-1.73276516729764,10.8184048397111,-1.73276516729763));
#6719=CARTESIAN_POINT('Ctrl Pts',(-0.000121803406618975,11.1184048397111,
2.4466867982482));
#6720=CARTESIAN_POINT('Ctrl Pts',(-0.400797614661839,11.0976641569531,2.44671764732769));
#6721=CARTESIAN_POINT('Ctrl Pts',(-0.801429021295628,11.0769234741951,2.35350792258492));
#6722=CARTESIAN_POINT('Ctrl Pts',(-1.15232009280956,11.0561827914371,2.16693932976826));
#6723=CARTESIAN_POINT('Ctrl Pts',(-1.8585135373791,11.014440680028,1.79145665749269));
#6724=CARTESIAN_POINT('Ctrl Pts',(-2.363236495413,10.9726985686189,1.03782903448564));
#6725=CARTESIAN_POINT('Ctrl Pts',(-2.44216009392296,10.9309564572098,0.241674389636057));
#6726=CARTESIAN_POINT('Ctrl Pts',(-2.51309548244109,10.8934392513769,-0.47389788683328));
#6727=CARTESIAN_POINT('Ctrl Pts',(-2.24006357674653,10.855922045544,-1.22382414788928));
#6728=CARTESIAN_POINT('Ctrl Pts',(-1.73430591181684,10.8184048397111,-1.73596437311472));
#6729=CARTESIAN_POINT('Origin',(0.,10.8184048397111,0.));
#6730=CARTESIAN_POINT('Origin',(1.28803911440197E-16,0.579881220903424,
0.));
#6731=CARTESIAN_POINT('',(1.80657002627207E-15,0.529881220903424,13.7));
#6732=CARTESIAN_POINT('Origin',(1.28803911440197E-16,0.529881220903424,
0.));
#6733=CARTESIAN_POINT('',(-1.56120867138315E-15,0.629881220903424,13.8));
#6734=CARTESIAN_POINT('',(-1.55508543738741E-15,0.579881220903424,13.75));
#6735=CARTESIAN_POINT('Origin',(1.28803911440197E-16,0.629881220903424,
0.));
#6736=CARTESIAN_POINT('Origin',(0.,0.049799973337491,0.));
#6737=CARTESIAN_POINT('',(-6.95234712175528E-16,4.52988122090343,13.8));
#6738=CARTESIAN_POINT('',(-1.69001258282335E-15,0.049799973337491,13.8));
#6739=CARTESIAN_POINT('',(-1.21499599119636,4.52988122090342,13.7464098855438));
#6740=CARTESIAN_POINT('Origin',(0.,4.52988122090342,0.));
#6741=CARTESIAN_POINT('',(-1.21499599119636,1.52988122090342,13.7464098855438));
#6742=CARTESIAN_POINT('',(-1.21499599119636,0.049799973337491,13.7464098855438));
#6743=CARTESIAN_POINT('',(-8.86102976255234,1.52988122090342,10.5793266112339));
#6744=CARTESIAN_POINT('Origin',(0.,1.52988122090342,0.));
#6745=CARTESIAN_POINT('',(-8.86102976255234,4.52988122090343,10.5793266112339));
#6746=CARTESIAN_POINT('',(-8.86102976255234,0.0497999733374932,10.5793266112339));
#6747=CARTESIAN_POINT('',(-10.5793115515272,4.52988122090342,8.86104774254841));
#6748=CARTESIAN_POINT('Origin',(0.,4.52988122090342,0.));
#6749=CARTESIAN_POINT('',(-10.5793115515272,1.52988122090342,8.86104774254841));
#6750=CARTESIAN_POINT('',(-10.5793115515272,0.0497999733374932,8.86104774254841));
#6751=CARTESIAN_POINT('',(-13.7464078205874,1.52988122090342,1.2150193537942));
#6752=CARTESIAN_POINT('Origin',(0.,1.52988122090342,0.));
#6753=CARTESIAN_POINT('',(-13.7464078205874,4.52988122090342,1.2150193537942));
#6754=CARTESIAN_POINT('',(-13.7464078205874,0.0497999733374954,1.2150193537942));
#6755=CARTESIAN_POINT('',(-13.7464098855438,4.52988122090343,-1.21499599119636));
#6756=CARTESIAN_POINT('Origin',(0.,4.52988122090342,0.));
#6757=CARTESIAN_POINT('',(-13.7464098855438,1.52988122090342,-1.21499599119636));
#6758=CARTESIAN_POINT('',(-13.7464098855438,0.0497999733374943,-1.21499599119636));
#6759=CARTESIAN_POINT('',(-10.5793266112339,1.52988122090342,-8.86102976255234));
#6760=CARTESIAN_POINT('Origin',(0.,1.52988122090342,0.));
#6761=CARTESIAN_POINT('',(-10.5793266112339,4.52988122090342,-8.86102976255234));
#6762=CARTESIAN_POINT('',(-10.5793266112339,0.0497999733374932,-8.86102976255235));
#6763=CARTESIAN_POINT('',(-8.86104774254841,4.52988122090342,-10.5793115515272));
#6764=CARTESIAN_POINT('Origin',(0.,4.52988122090342,0.));
#6765=CARTESIAN_POINT('',(-8.86104774254841,1.52988122090342,-10.5793115515272));
#6766=CARTESIAN_POINT('',(-8.86104774254841,0.0497999733374921,-10.5793115515272));
#6767=CARTESIAN_POINT('',(-1.2150193537942,1.52988122090342,-13.7464078205874));
#6768=CARTESIAN_POINT('Origin',(0.,1.52988122090342,0.));
#6769=CARTESIAN_POINT('',(-1.2150193537942,4.52988122090342,-13.7464078205874));
#6770=CARTESIAN_POINT('',(-1.2150193537942,0.049799973337491,-13.7464078205874));
#6771=CARTESIAN_POINT('',(1.21499599119637,4.52988122090342,-13.7464098855438));
#6772=CARTESIAN_POINT('Origin',(0.,4.52988122090342,0.));
#6773=CARTESIAN_POINT('',(1.21499599119637,1.52988122090342,-13.7464098855438));
#6774=CARTESIAN_POINT('',(1.21499599119637,0.049799973337491,-13.7464098855438));
#6775=CARTESIAN_POINT('',(8.86102976255235,1.52988122090342,-10.5793266112339));
#6776=CARTESIAN_POINT('Origin',(0.,1.52988122090342,0.));
#6777=CARTESIAN_POINT('',(8.86102976255235,4.52988122090342,-10.5793266112339));
#6778=CARTESIAN_POINT('',(8.86102976255236,0.0497999733374888,-10.5793266112339));
#6779=CARTESIAN_POINT('',(10.5793115515272,4.52988122090342,-8.8610477425484));
#6780=CARTESIAN_POINT('Origin',(0.,4.52988122090342,0.));
#6781=CARTESIAN_POINT('',(10.5793115515272,1.52988122090342,-8.8610477425484));
#6782=CARTESIAN_POINT('',(10.5793115515272,0.0497999733374888,-8.8610477425484));
#6783=CARTESIAN_POINT('',(13.7464078205874,1.52988122090342,-1.21501935379419));
#6784=CARTESIAN_POINT('Origin',(0.,1.52988122090342,0.));
#6785=CARTESIAN_POINT('',(13.7464078205874,4.52988122090342,-1.21501935379419));
#6786=CARTESIAN_POINT('',(13.7464078205874,0.0497999733374865,-1.21501935379419));
#6787=CARTESIAN_POINT('',(13.7464098855438,4.52988122090343,1.21499599119637));
#6788=CARTESIAN_POINT('Origin',(0.,4.52988122090342,0.));
#6789=CARTESIAN_POINT('',(13.7464098855438,1.52988122090342,1.21499599119637));
#6790=CARTESIAN_POINT('',(13.7464098855438,0.0497999733374876,1.21499599119637));
#6791=CARTESIAN_POINT('',(10.5793266112339,1.52988122090342,8.86102976255234));
#6792=CARTESIAN_POINT('Origin',(0.,1.52988122090342,0.));
#6793=CARTESIAN_POINT('',(10.5793266112339,4.52988122090343,8.86102976255234));
#6794=CARTESIAN_POINT('',(10.5793266112339,0.0497999733374888,8.86102976255235));
#6795=CARTESIAN_POINT('',(8.86104774254841,4.52988122090342,10.5793115515272));
#6796=CARTESIAN_POINT('Origin',(0.,4.52988122090342,0.));
#6797=CARTESIAN_POINT('',(8.86104774254841,1.52988122090342,10.5793115515272));
#6798=CARTESIAN_POINT('',(8.86104774254841,0.0497999733374899,10.5793115515272));
#6799=CARTESIAN_POINT('',(1.2150193537942,1.52988122090342,13.7464078205874));
#6800=CARTESIAN_POINT('Origin',(0.,1.52988122090342,0.));
#6801=CARTESIAN_POINT('',(1.2150193537942,4.52988122090342,13.7464078205874));
#6802=CARTESIAN_POINT('',(1.2150193537942,0.049799973337491,13.7464078205874));
#6803=CARTESIAN_POINT('Origin',(0.,4.52988122090342,0.));
#6804=CARTESIAN_POINT('Origin',(0.,0.529881220903424,0.));
#6805=CARTESIAN_POINT('',(2.038757711055E-15,0.529881220903424,12.7728053367713));
#6806=CARTESIAN_POINT('Origin',(4.74540193874081E-16,0.529881220903424,
0.));
#6807=CARTESIAN_POINT('Origin',(0.,4.45436371808339,0.));
#6808=CARTESIAN_POINT('',(1.21499599126795,4.38852001270149,11.7938151156388));
#6809=CARTESIAN_POINT('',(1.21499730556896,4.27924626858837,11.9036617370964));
#6810=CARTESIAN_POINT('Ctrl Pts',(1.21499599126795,4.38852001270149,11.7938151156388));
#6811=CARTESIAN_POINT('Ctrl Pts',(1.21499664540401,4.33413640259044,11.8484864852456));
#6812=CARTESIAN_POINT('Ctrl Pts',(1.21499730556897,4.27924626858837,11.9036617370964));
#6813=CARTESIAN_POINT('',(-1.07827237805267E-15,4.27924626858837,11.9655079793443));
#6814=CARTESIAN_POINT('Origin',(0.,4.27924626858837,0.));
#6815=CARTESIAN_POINT('',(-1.21499599119636,4.27924626858837,11.9036618712533));
#6816=CARTESIAN_POINT('Origin',(0.,4.27924626858837,0.));
#6817=CARTESIAN_POINT('',(-1.21499599119636,4.38853191459196,11.7938031507646));
#6818=CARTESIAN_POINT('Ctrl Pts',(-1.21499599119636,4.27924626858837,11.9036618712533));
#6819=CARTESIAN_POINT('Ctrl Pts',(-1.21499599119636,4.3341424095315,11.8484805144914));
#6820=CARTESIAN_POINT('Ctrl Pts',(-1.21499599119636,4.38853191459196,11.7938031507646));
#6821=CARTESIAN_POINT('',(-1.24560227286864,4.62948116757841,11.548291809139));
#6822=CARTESIAN_POINT('Ctrl Pts',(-1.21499599119636,4.38853191459196,11.7938031507646));
#6823=CARTESIAN_POINT('Ctrl Pts',(-1.21499599119636,4.46802747452161,11.7138868573526));
#6824=CARTESIAN_POINT('Ctrl Pts',(-1.22473045703256,4.54978296517675,11.6307035096643));
#6825=CARTESIAN_POINT('Ctrl Pts',(-1.24560227286865,4.62948116757841,11.548291809139));
#6826=CARTESIAN_POINT('',(1.24560227286865,4.62948116757841,11.548291809139));
#6827=CARTESIAN_POINT('Origin',(0.,4.62948116757841,0.));
#6828=CARTESIAN_POINT('Ctrl Pts',(1.24560227286866,4.62948116757841,11.548291809139));
#6829=CARTESIAN_POINT('Ctrl Pts',(1.22473096692297,4.54978491217306,11.6307014963782));
#6830=CARTESIAN_POINT('Ctrl Pts',(1.21499503498245,4.46802374332138,11.7138907076607));
#6831=CARTESIAN_POINT('Ctrl Pts',(1.21499599126795,4.38852001270149,11.7938151156388));
#6832=CARTESIAN_POINT('Origin',(0.,0.792742043136579,-11.9655079793443));
#6833=CARTESIAN_POINT('',(0.,0.792742043136579,-12.7728053367713));
#6834=CARTESIAN_POINT('',(-1.03131049588381E-15,0.792742043136579,12.7728053367713));
#6835=CARTESIAN_POINT('Origin',(0.,0.792742043136579,0.));
#6836=CARTESIAN_POINT('Origin',(0.,0.792742043136579,0.));
#6837=CARTESIAN_POINT('',(0.,0.792742043136579,-11.9655079793443));
#6838=CARTESIAN_POINT('',(-1.85243183136256E-15,0.792742043136579,11.9655079793443));
#6839=CARTESIAN_POINT('Origin',(0.,0.792742043136579,0.));
#6840=CARTESIAN_POINT('Origin',(0.,0.792742043136579,0.));
#6841=CARTESIAN_POINT('Origin',(0.,4.62948116757841,0.));
#6842=CARTESIAN_POINT('',(0.,4.62948116757841,-1.41497296714185));
#6843=CARTESIAN_POINT('',(2.57680827714899E-16,4.62948116757841,1.41497296714185));
#6844=CARTESIAN_POINT('Origin',(0.,4.62948116757841,0.));
#6845=CARTESIAN_POINT('Origin',(0.,4.62948116757841,0.));
#6846=CARTESIAN_POINT('Origin',(0.,2.68858717751981,0.));
#6847=CARTESIAN_POINT('',(0.,0.747693187461206,-1.41497296714185));
#6848=CARTESIAN_POINT('',(-6.0424925073296E-16,0.747693187461206,1.41497296714185));
#6849=CARTESIAN_POINT('Origin',(0.,0.747693187461206,0.));
#6850=CARTESIAN_POINT('',(-1.7328421150903E-16,2.68858717751981,1.41497296714185));
#6851=CARTESIAN_POINT('Origin',(0.,0.747693187461206,0.));
#6852=CARTESIAN_POINT('Origin',(0.,0.747693187461206,-1.41497296714185));
#6853=CARTESIAN_POINT('',(0.,0.747693187461206,-2.36641096056558));
#6854=CARTESIAN_POINT('',(-4.72438887093889E-16,0.747693187461206,2.36641096056558));
#6855=CARTESIAN_POINT('Origin',(0.,0.747693187461206,0.));
#6856=CARTESIAN_POINT('Origin',(0.,0.747693187461206,0.));
#6857=CARTESIAN_POINT('Origin',(0.,1.57021768123653,0.));
#6858=CARTESIAN_POINT('',(-4.16901400793322E-16,2.39274217501186,4.89560359339727));
#6859=CARTESIAN_POINT('',(-4.44670143943605E-16,1.57021768123653,3.63100727698143));
#6860=CARTESIAN_POINT('',(0.,2.39274217501186,-4.89560359339727));
#6861=CARTESIAN_POINT('Origin',(0.,2.39274217501186,0.));
#6862=CARTESIAN_POINT('Origin',(0.,2.39274217501186,0.));
#6863=CARTESIAN_POINT('Origin',(0.,3.51111167129513,0.));
#6864=CARTESIAN_POINT('',(-3.51210614092399E-16,4.62948116757841,4.89560359339727));
#6865=CARTESIAN_POINT('',(-5.99538527054825E-16,3.51111167129513,4.89560359339727));
#6866=CARTESIAN_POINT('',(0.,4.62948116757841,-4.89560359339727));
#6867=CARTESIAN_POINT('Origin',(0.,4.62948116757841,0.));
#6868=CARTESIAN_POINT('Origin',(0.,4.62948116757841,0.));
#6869=CARTESIAN_POINT('Origin',(0.,4.62948116757841,-4.89560359339727));
#6870=CARTESIAN_POINT('',(2.03041299193,4.62948116757841,10.8109862215342));
#6871=CARTESIAN_POINT('Origin',(2.21499599119638,4.62948116757841,11.7938031507646));
#6872=CARTESIAN_POINT('',(-2.03041299193,4.62948116757841,10.8109862215342));
#6873=CARTESIAN_POINT('Origin',(-2.21499599119637,4.62948116757841,11.7938031507646));
#6874=CARTESIAN_POINT('',(-6.20880287335817,4.62948116757841,9.08024046376412));
#6875=CARTESIAN_POINT('Origin',(4.44089209850063E-15,4.62948116757841,1.66533453693773E-15));
#6876=CARTESIAN_POINT('',(-7.28510163555645,4.62948116757841,9.04664926317007));
#6877=CARTESIAN_POINT('Origin',(-6.77323949820892,4.62948116757841,9.90571686956087));
#6878=CARTESIAN_POINT('',(-9.04664926317005,4.62948116757841,7.28510163555647));
#6879=CARTESIAN_POINT('Origin',(0.,4.62948116757841,0.));
#6880=CARTESIAN_POINT('',(-9.08024046376411,4.62948116757841,6.20880287335817));
#6881=CARTESIAN_POINT('Origin',(-9.90571686956086,4.62948116757841,6.77323949820892));
#6882=CARTESIAN_POINT('',(-10.8109862215342,4.62948116757841,2.03041299193001));
#6883=CARTESIAN_POINT('Origin',(0.,4.62948116757841,1.66533453693773E-15));
#6884=CARTESIAN_POINT('',(-11.548291809139,4.62948116757841,1.24560227286864));
#6885=CARTESIAN_POINT('Origin',(-11.7938031507646,4.62948116757841,2.21499599119637));
#6886=CARTESIAN_POINT('',(-11.548291809139,4.62948116757841,-1.24560227286867));
#6887=CARTESIAN_POINT('Origin',(0.,4.62948116757841,0.));
#6888=CARTESIAN_POINT('',(-10.8109862215342,4.62948116757841,-2.03041299193001));
#6889=CARTESIAN_POINT('Origin',(-11.7938031507646,4.62948116757841,-2.21499599119637));
#6890=CARTESIAN_POINT('',(-9.08024046376412,4.62948116757841,-6.20880287335817));
#6891=CARTESIAN_POINT('Origin',(0.,4.62948116757841,0.));
#6892=CARTESIAN_POINT('',(-9.04664926317007,4.62948116757841,-7.28510163555645));
#6893=CARTESIAN_POINT('Origin',(-9.90571686956086,4.62948116757841,-6.77323949820892));
#6894=CARTESIAN_POINT('',(-7.28510163555647,4.62948116757841,-9.04664926317005));
#6895=CARTESIAN_POINT('Origin',(0.,4.62948116757841,0.));
#6896=CARTESIAN_POINT('',(-6.20880287335817,4.62948116757841,-9.08024046376411));
#6897=CARTESIAN_POINT('Origin',(-6.77323949820892,4.62948116757841,-9.90571686956086));
#6898=CARTESIAN_POINT('',(-2.03041299193,4.62948116757841,-10.8109862215342));
#6899=CARTESIAN_POINT('Origin',(0.,4.62948116757841,1.66533453693773E-15));
#6900=CARTESIAN_POINT('',(-1.24560227286864,4.62948116757841,-11.548291809139));
#6901=CARTESIAN_POINT('Origin',(-2.21499599119637,4.62948116757841,-11.7938031507646));
#6902=CARTESIAN_POINT('',(1.24560227286865,4.62948116757841,-11.548291809139));
#6903=CARTESIAN_POINT('Origin',(0.,4.62948116757841,0.));
#6904=CARTESIAN_POINT('',(2.03041299193001,4.62948116757841,-10.8109862215342));
#6905=CARTESIAN_POINT('Origin',(2.21499599119638,4.62948116757841,-11.7938031507646));
#6906=CARTESIAN_POINT('',(6.20880287335817,4.62948116757841,-9.08024046376412));
#6907=CARTESIAN_POINT('Origin',(0.,4.62948116757841,-2.77555756156289E-15));
#6908=CARTESIAN_POINT('',(7.28510163555646,4.62948116757841,-9.04664926317007));
#6909=CARTESIAN_POINT('Origin',(6.77323949820892,4.62948116757841,-9.90571686956086));
#6910=CARTESIAN_POINT('',(9.04664926317006,4.62948116757841,-7.28510163555647));
#6911=CARTESIAN_POINT('Origin',(0.,4.62948116757841,0.));
#6912=CARTESIAN_POINT('',(9.08024046376413,4.62948116757841,-6.20880287335817));
#6913=CARTESIAN_POINT('Origin',(9.90571686956086,4.62948116757841,-6.77323949820891));
#6914=CARTESIAN_POINT('',(10.8109862215342,4.62948116757841,-2.03041299193));
#6915=CARTESIAN_POINT('Origin',(4.44089209850063E-15,4.62948116757841,1.66533453693773E-15));
#6916=CARTESIAN_POINT('',(11.548291809139,4.62948116757841,-1.24560227286866));
#6917=CARTESIAN_POINT('Origin',(11.7938031507646,4.62948116757841,-2.21499599119637));
#6918=CARTESIAN_POINT('',(11.548291809139,4.62948116757841,1.24560227286867));
#6919=CARTESIAN_POINT('Origin',(0.,4.62948116757841,0.));
#6920=CARTESIAN_POINT('',(10.8109862215342,4.62948116757841,2.03041299193));
#6921=CARTESIAN_POINT('Origin',(11.7938031507646,4.62948116757841,2.21499599119637));
#6922=CARTESIAN_POINT('',(9.08024046376412,4.62948116757841,6.20880287335817));
#6923=CARTESIAN_POINT('Origin',(0.,4.62948116757841,-2.77555756156289E-16));
#6924=CARTESIAN_POINT('',(9.04664926317006,4.62948116757841,7.28510163555647));
#6925=CARTESIAN_POINT('Origin',(9.90571686956086,4.62948116757841,6.77323949820892));
#6926=CARTESIAN_POINT('',(7.28510163555648,4.62948116757841,9.04664926317005));
#6927=CARTESIAN_POINT('Origin',(0.,4.62948116757841,0.));
#6928=CARTESIAN_POINT('',(6.20880287335817,4.62948116757841,9.08024046376412));
#6929=CARTESIAN_POINT('Origin',(6.77323949820892,4.62948116757841,9.90571686956086));
#6930=CARTESIAN_POINT('Origin',(4.44089209850063E-15,4.62948116757841,1.66533453693773E-15));
#6931=CARTESIAN_POINT('Origin',(4.44089209850063E-15,18.382629550582,-2.38627528912908));
#6932=CARTESIAN_POINT('',(4.44089209850063E-15,18.382629550582,-1.88627528912908));
#6933=CARTESIAN_POINT('Origin',(4.44089209850063E-15,18.382629550582,0.));
#6934=CARTESIAN_POINT('Origin',(4.44089209850063E-15,18.132629550582,0.));
#6935=CARTESIAN_POINT('Origin',(4.44089209850063E-15,17.8184048397111,0.));
#6936=CARTESIAN_POINT('',(4.70251036799358E-15,18.132629550582,-2.13627528912908));
#6937=CARTESIAN_POINT('Origin',(0.,6.32988122090342,-12.099599946675));
#6938=CARTESIAN_POINT('',(7.48034627939548,6.32988122090342,9.1986100883743));
#6939=CARTESIAN_POINT('',(7.58254401742848,6.32988122090342,9.30080782640732));
#6940=CARTESIAN_POINT('',(0.285707200784273,6.32988122090342,2.00397100976313));
#6941=CARTESIAN_POINT('',(9.30080892469762,6.32988122090342,7.58254267025681));
#6942=CARTESIAN_POINT('Origin',(0.,6.32988122090342,0.));
#6943=CARTESIAN_POINT('',(9.19861854886867,6.32988122090342,7.48035473978859));
#6944=CARTESIAN_POINT('',(2.69427424246246,6.32988122090342,0.976166078844006));
#6945=CARTESIAN_POINT('',(9.08024046376412,6.32988122090342,6.20880287335817));
#6946=CARTESIAN_POINT('Origin',(9.90571686956086,6.32988122090342,6.77323949820892));
#6947=CARTESIAN_POINT('',(10.8109862215342,6.32988122090342,2.03041299193));
#6948=CARTESIAN_POINT('Origin',(0.,6.32988122090342,-2.77555756156289E-16));
#6949=CARTESIAN_POINT('',(11.7938031507646,6.32988122090342,1.21499599119637));
#6950=CARTESIAN_POINT('Origin',(11.7938031507646,6.32988122090342,2.21499599119637));
#6951=CARTESIAN_POINT('',(11.9383325779347,6.32988122090342,1.21499599119637));
#6952=CARTESIAN_POINT('',(5.89690157538228,6.32988122090342,1.21499599119636));
#6953=CARTESIAN_POINT('',(11.938332401949,6.32988122090342,-1.21499772039911));
#6954=CARTESIAN_POINT('Origin',(0.,6.32988122090342,0.));
#6955=CARTESIAN_POINT('',(11.7938151156388,6.32988122090342,-1.21499599126794));
#6956=CARTESIAN_POINT('',(6.87326902759687,6.32988122090342,-1.21493711755257));
#6957=CARTESIAN_POINT('',(10.8109862215342,6.32988122090342,-2.03041299193));
#6958=CARTESIAN_POINT('Origin',(11.7938031507646,6.32988122090342,-2.21499599119637));
#6959=CARTESIAN_POINT('',(9.08024046376413,6.32988122090342,-6.20880287335817));
#6960=CARTESIAN_POINT('Origin',(4.44089209850063E-15,6.32988122090342,1.66533453693773E-15));
#6961=CARTESIAN_POINT('',(9.19861008837431,6.32988122090342,-7.48034627939546));
#6962=CARTESIAN_POINT('Origin',(9.90571686956086,6.32988122090342,-6.77323949820891));
#6963=CARTESIAN_POINT('',(9.30080782640733,6.32988122090342,-7.58254401742848));
#6964=CARTESIAN_POINT('',(8.05377098310061,6.32988122090342,-6.33550717412177));
#6965=CARTESIAN_POINT('',(7.5825426702568,6.32988122090342,-9.30080892469761));
#6966=CARTESIAN_POINT('Origin',(0.,6.32988122090342,0.));
#6967=CARTESIAN_POINT('',(7.4803547397886,6.32988122090342,-9.19861854886866));
#6968=CARTESIAN_POINT('',(7.02589366621929,6.32988122090342,-8.74414660003));
#6969=CARTESIAN_POINT('',(6.20880287335817,6.32988122090342,-9.08024046376412));
#6970=CARTESIAN_POINT('Origin',(6.77323949820892,6.32988122090342,-9.90571686956086));
#6971=CARTESIAN_POINT('',(2.03041299193001,6.32988122090342,-10.8109862215342));
#6972=CARTESIAN_POINT('Origin',(0.,6.32988122090342,-2.77555756156289E-15));
#6973=CARTESIAN_POINT('',(1.21499599119636,6.32988122090342,-11.7938031507646));
#6974=CARTESIAN_POINT('Origin',(2.21499599119638,6.32988122090342,-11.7938031507646));
#6975=CARTESIAN_POINT('',(1.21499599119637,6.32988122090342,-11.9383325779347));
#6976=CARTESIAN_POINT('',(1.21499599119637,6.32988122090342,-11.9467015487198));
#6977=CARTESIAN_POINT('',(-1.21499772039911,6.32988122090342,-11.938332401949));
#6978=CARTESIAN_POINT('Origin',(0.,6.32988122090342,0.));
#6979=CARTESIAN_POINT('',(-1.21499599126794,6.32988122090342,-11.7938151156388));
#6980=CARTESIAN_POINT('',(-1.21500950178263,6.32988122090342,-12.9229966149721));
#6981=CARTESIAN_POINT('',(-2.03041299193,6.32988122090342,-10.8109862215342));
#6982=CARTESIAN_POINT('Origin',(-2.21499599119637,6.32988122090342,-11.7938031507646));
#6983=CARTESIAN_POINT('',(-6.20880287335817,6.32988122090342,-9.08024046376411));
#6984=CARTESIAN_POINT('Origin',(0.,6.32988122090342,1.66533453693773E-15));
#6985=CARTESIAN_POINT('',(-7.48034627939547,6.32988122090342,-9.1986100883743));
#6986=CARTESIAN_POINT('Origin',(-6.77323949820892,6.32988122090342,-9.90571686956086));
#6987=CARTESIAN_POINT('',(-7.58254401742848,6.32988122090342,-9.30080782640732));
#6988=CARTESIAN_POINT('',(-6.33550717412177,6.32988122090342,-8.05377098310061));
#6989=CARTESIAN_POINT('',(-9.30080892469761,6.32988122090342,-7.5825426702568));
#6990=CARTESIAN_POINT('Origin',(0.,6.32988122090342,0.));
#6991=CARTESIAN_POINT('',(-9.19861854886866,6.32988122090342,-7.48035473978859));
#6992=CARTESIAN_POINT('',(-8.74407421406779,6.32988122090342,-7.02582128198923));
#6993=CARTESIAN_POINT('',(-9.08024046376412,6.32988122090342,-6.20880287335817));
#6994=CARTESIAN_POINT('Origin',(-9.90571686956086,6.32988122090342,-6.77323949820892));
#6995=CARTESIAN_POINT('',(-10.8109862215342,6.32988122090342,-2.03041299193001));
#6996=CARTESIAN_POINT('Origin',(0.,6.32988122090342,0.));
#6997=CARTESIAN_POINT('',(-11.7938031507646,6.32988122090342,-1.21499599119636));
#6998=CARTESIAN_POINT('Origin',(-11.7938031507646,6.32988122090342,-2.21499599119637));
#6999=CARTESIAN_POINT('',(-11.9383325779347,6.32988122090342,-1.21499599119636));
#7000=CARTESIAN_POINT('',(-5.89690157538228,6.32988122090342,-1.21499599119636));
#7001=CARTESIAN_POINT('',(-11.938332401949,6.32988122090342,1.21499772039911));
#7002=CARTESIAN_POINT('Origin',(0.,6.32988122090342,0.));
#7003=CARTESIAN_POINT('',(-11.7938151156388,6.32988122090342,1.21499599126795));
#7004=CARTESIAN_POINT('',(-6.87312425740459,6.32988122090342,1.21493711582042));
#7005=CARTESIAN_POINT('',(-10.8109862215342,6.32988122090342,2.03041299193001));
#7006=CARTESIAN_POINT('Origin',(-11.7938031507646,6.32988122090342,2.21499599119637));
#7007=CARTESIAN_POINT('',(-9.08024046376411,6.32988122090342,6.20880287335817));
#7008=CARTESIAN_POINT('Origin',(0.,6.32988122090342,1.66533453693773E-15));
#7009=CARTESIAN_POINT('',(-9.1986100883743,6.32988122090342,7.48034627939547));
#7010=CARTESIAN_POINT('Origin',(-9.90571686956086,6.32988122090342,6.77323949820892));
#7011=CARTESIAN_POINT('',(-9.30080782640732,6.32988122090342,7.58254401742848));
#7012=CARTESIAN_POINT('',(-2.00397100976311,6.32988122090342,0.285707200784279));
#7013=CARTESIAN_POINT('',(-7.5825426702568,6.32988122090342,9.30080892469762));
#7014=CARTESIAN_POINT('Origin',(0.,6.32988122090342,0.));
#7015=CARTESIAN_POINT('',(-7.48035473978859,6.32988122090342,9.19861854886867));
#7016=CARTESIAN_POINT('',(-0.976093694613951,6.32988122090342,2.69420185650024));
#7017=CARTESIAN_POINT('',(-6.20880287335817,6.32988122090342,9.08024046376412));
#7018=CARTESIAN_POINT('Origin',(-6.77323949820892,6.32988122090342,9.90571686956087));
#7019=CARTESIAN_POINT('',(-2.03041299193,6.32988122090342,10.8109862215342));
#7020=CARTESIAN_POINT('Origin',(4.44089209850063E-15,6.32988122090342,1.66533453693773E-15));
#7021=CARTESIAN_POINT('',(-1.21499599119636,6.32988122090342,11.7938031507646));
#7022=CARTESIAN_POINT('Origin',(-2.21499599119637,6.32988122090342,11.7938031507646));
#7023=CARTESIAN_POINT('',(-1.21499599119636,6.32988122090342,11.9383325779347));
#7024=CARTESIAN_POINT('',(-1.21499599119636,6.32988122090342,-0.152898397955212));
#7025=CARTESIAN_POINT('',(1.21499772039911,6.32988122090342,11.938332401949));
#7026=CARTESIAN_POINT('Origin',(0.,6.32988122090342,0.));
#7027=CARTESIAN_POINT('',(1.21499599126795,6.32988122090342,11.7938151156388));
#7028=CARTESIAN_POINT('',(1.21486473159036,6.32988122090342,0.823396670029311));
#7029=CARTESIAN_POINT('',(2.03041299193,6.32988122090342,10.8109862215342));
#7030=CARTESIAN_POINT('Origin',(2.21499599119638,6.32988122090342,11.7938031507646));
#7031=CARTESIAN_POINT('',(6.20880287335817,6.32988122090342,9.08024046376412));
#7032=CARTESIAN_POINT('Origin',(4.44089209850063E-15,6.32988122090342,1.66533453693773E-15));
#7033=CARTESIAN_POINT('Origin',(6.77323949820892,6.32988122090342,9.90571686956086));
#7034=CARTESIAN_POINT('Origin',(0.,5.42988122090342,0.));
#7035=CARTESIAN_POINT('Ctrl Pts',(7.58254401742848,6.32988122090342,9.30080782640732));
#7036=CARTESIAN_POINT('Ctrl Pts',(8.17719691291455,5.49323671594942,9.89546072189339));
#7037=CARTESIAN_POINT('Ctrl Pts',(8.86104774254841,4.52988122090342,10.5793115515272));
#7038=CARTESIAN_POINT('Ctrl Pts',(10.5793266112339,4.52988122090342,8.86102976255235));
#7039=CARTESIAN_POINT('Ctrl Pts',(9.89546831369402,5.49323658382022,8.1771878293738));
#7040=CARTESIAN_POINT('Ctrl Pts',(9.30080892469762,6.32988122090342,7.58254267025681));
#7041=CARTESIAN_POINT('Origin',(0.,12.3562553857427,0.));
#7042=CARTESIAN_POINT('Ctrl Pts',(0.000776220637181274,11.0184048397111,
2.44694543341954));
#7043=CARTESIAN_POINT('Ctrl Pts',(0.325669923247913,11.0352223958626,2.44861222945442));
#7044=CARTESIAN_POINT('Ctrl Pts',(0.650115009232699,11.0520399520142,2.38868658815813));
#7045=CARTESIAN_POINT('Ctrl Pts',(0.947559146461684,11.0688575081657,2.26443309767403));
#7046=CARTESIAN_POINT('Ctrl Pts',(1.68583206806356,11.1105996195748,1.95602901113353));
#7047=CARTESIAN_POINT('Ctrl Pts',(2.25776292890076,11.1523417309839,1.25132673910198));
#7048=CARTESIAN_POINT('Ctrl Pts',(2.40948047752611,11.194083842393,0.46578679288373));
#7049=CARTESIAN_POINT('Ctrl Pts',(2.56119802615146,11.2358259538021,-0.319753153334519));
#7050=CARTESIAN_POINT('Ctrl Pts',(2.29270226256495,11.2775680652112,-1.18613077373947));
#7051=CARTESIAN_POINT('Ctrl Pts',(1.72314032779268,11.3193101766203,-1.74764277622807));
#7052=CARTESIAN_POINT('Ctrl Pts',(1.15357839302042,11.3610522880294,-2.30915477871666));
#7053=CARTESIAN_POINT('Ctrl Pts',(0.282950287062417,11.4027943994385,-2.56580116328892));
#7054=CARTESIAN_POINT('Ctrl Pts',(-0.500226328029099,11.4445365108476,-2.40282007028299));
#7055=CARTESIAN_POINT('Ctrl Pts',(-1.28340294312062,11.4862786222567,-2.23983897727707));
#7056=CARTESIAN_POINT('Ctrl Pts',(-1.97912806734564,11.5280207336658,-1.65723040669296));
#7057=CARTESIAN_POINT('Ctrl Pts',(-2.27732559340818,11.5697628450749,-0.914950874098584));
#7058=CARTESIAN_POINT('Ctrl Pts',(-2.57552311947073,11.611504956484,-0.172671341504207));
#7059=CARTESIAN_POINT('Ctrl Pts',(-2.47619304737079,11.6532470678931,0.729279153100445));
#7060=CARTESIAN_POINT('Ctrl Pts',(-2.02354781098249,11.6949891793022,1.38879926344667));
#7061=CARTESIAN_POINT('Ctrl Pts',(-1.57744746695726,11.7361277327718,2.03878323425912));
#7062=CARTESIAN_POINT('Ctrl Pts',(-0.788175407541396,11.7772662862415,2.45329683969299));
#7063=CARTESIAN_POINT('Ctrl Pts',(0.000208999034382405,11.8184048397111,
2.45426481078367));
#7064=CARTESIAN_POINT('Ctrl Pts',(0.00144105390777932,11.9184048397111,
2.4530891198854));
#7065=CARTESIAN_POINT('Ctrl Pts',(-0.707657069762358,11.881450158741,2.44808535901446));
#7066=CARTESIAN_POINT('Ctrl Pts',(-1.42076578403672,11.844495477771,2.12283826919395));
#7067=CARTESIAN_POINT('Ctrl Pts',(-1.87702581673242,11.8075407968009,1.58122560187013));
#7068=CARTESIAN_POINT('Ctrl Pts',(-2.39239373809879,11.7657986853918,0.969447724033217));
#7069=CARTESIAN_POINT('Ctrl Pts',(-2.58005350227691,11.7240565739827,0.0816132815031297));
#7070=CARTESIAN_POINT('Ctrl Pts',(-2.3563400897606,11.6823144625736,-0.686392987038405));
#7071=CARTESIAN_POINT('Ctrl Pts',(-2.13262667724429,11.6405723511645,-1.45439925557994));
#7072=CARTESIAN_POINT('Ctrl Pts',(-1.49754008803356,11.5988302397554,-2.10257735013292));
#7073=CARTESIAN_POINT('Ctrl Pts',(-0.734243760477515,11.5570881283463,-2.34188292729652));
#7074=CARTESIAN_POINT('Ctrl Pts',(0.0290525670785412,11.5153460169372,-2.58118850446013));
#7075=CARTESIAN_POINT('Ctrl Pts',(0.920558632979898,11.4736039055281,-2.41162156423435));
#7076=CARTESIAN_POINT('Ctrl Pts',(1.54269171324221,11.431861794119,-1.90882452686366));
#7077=CARTESIAN_POINT('Ctrl Pts',(2.1648247935045,11.3901196827099,-1.40602748949298));
#7078=CARTESIAN_POINT('Ctrl Pts',(2.51758488812775,11.3483775713008,-0.570000354977389));
#7079=CARTESIAN_POINT('Ctrl Pts',(2.44377430730926,11.3066354598917,0.226524989879373));
#7080=CARTESIAN_POINT('Ctrl Pts',(2.36996372649077,11.2648933484826,1.02305033473614));
#7081=CARTESIAN_POINT('Ctrl Pts',(1.86958247023056,11.2231512370735,1.7800738899341));
#7082=CARTESIAN_POINT('Ctrl Pts',(1.16555987654786,11.1814091256644,2.15991680676102));
#7083=CARTESIAN_POINT('Ctrl Pts',(0.811349709144364,11.1604076970133,2.35102462682757));
#7084=CARTESIAN_POINT('Ctrl Pts',(0.405591188807006,11.1394062683622,2.44665556134296));
#7085=CARTESIAN_POINT('Ctrl Pts',(-0.000121803406618975,11.1184048397111,
2.4466867982482));
#7086=CARTESIAN_POINT('Ctrl Pts',(-2.15542983815877,18.0815322248943,1.16579263283606));
#7087=CARTESIAN_POINT('Ctrl Pts',(-2.53762536578725,18.0397901134852,0.459152685852372));
#7088=CARTESIAN_POINT('Ctrl Pts',(-2.54765497861238,17.956305890667,-1.34726312333463));
#7089=CARTESIAN_POINT('Ctrl Pts',(-0.286033474414926,17.8310795564397,-2.87027032040324));
#7090=CARTESIAN_POINT('Ctrl Pts',(2.22891477274639,17.7058532222124,-1.82699320948782));
#7091=CARTESIAN_POINT('Ctrl Pts',(2.75692073096137,17.5806268879851,0.842372092210606));
#7092=CARTESIAN_POINT('Ctrl Pts',(0.825827484917903,17.4554005537578,2.76217022364727));
#7093=CARTESIAN_POINT('Ctrl Pts',(-1.84153118228322,17.3301742195305,2.21774989387359));
#7094=CARTESIAN_POINT('Ctrl Pts',(-2.86669532090267,17.2049478853032,-0.304048851141024));
#7095=CARTESIAN_POINT('Ctrl Pts',(-1.33523117143759,17.0797215510759,-2.55492459682423));
#7096=CARTESIAN_POINT('Ctrl Pts',(1.38698442271283,16.9544952168486,-2.52715336564196));
#7097=CARTESIAN_POINT('Ctrl Pts',(2.87227924302206,16.8292688826213,-0.245685527070797));
#7098=CARTESIAN_POINT('Ctrl Pts',(1.79601723238746,16.704042548394,2.25492142415078));
#7099=CARTESIAN_POINT('Ctrl Pts',(-0.881959833893398,16.5788162141667,2.74453343280007));
#7100=CARTESIAN_POINT('Ctrl Pts',(-2.7733920350554,16.4535898799394,0.786531589764529));
#7101=CARTESIAN_POINT('Ctrl Pts',(-2.19146388662642,16.3283635457121,-1.87291731733964));
#7102=CARTESIAN_POINT('Ctrl Pts',(0.344849221017523,16.2031372114849,-2.86206367902298));
#7103=CARTESIAN_POINT('Ctrl Pts',(2.57362011483596,16.0779108772575,-1.2987731555279));
#7104=CARTESIAN_POINT('Ctrl Pts',(2.50719172468218,15.9526845430303,1.42278645949577));
#7105=CARTESIAN_POINT('Ctrl Pts',(0.204806288075049,15.827458208803,2.87548006849174));
#7106=CARTESIAN_POINT('Ctrl Pts',(-2.2802289971778,15.7022318745757,1.7637707748862));
#7107=CARTESIAN_POINT('Ctrl Pts',(-2.73171643243821,15.5770055403484,-0.920900020685547));
#7108=CARTESIAN_POINT('Ctrl Pts',(-0.747011714765973,15.4517792061211,-2.78429613602857));
#7109=CARTESIAN_POINT('Ctrl Pts',(1.90389103185278,15.3265528718938,-2.16460861746146));
#7110=CARTESIAN_POINT('Ctrl Pts',(2.85687068236308,15.2013265376665,0.385514477884265));
#7111=CARTESIAN_POINT('Ctrl Pts',(1.2620434358676,15.0761002034392,2.59182905906626));
#7112=CARTESIAN_POINT('Ctrl Pts',(-1.45829606939186,14.9508738692119,2.48670546836356));
#7113=CARTESIAN_POINT('Ctrl Pts',(-2.87810180878776,14.8256475349846,0.163894744968239));
#7114=CARTESIAN_POINT('Ctrl Pts',(-1.7311663624548,14.7004212007573,-2.30508015798184));
#7115=CARTESIAN_POINT('Ctrl Pts',(0.959653316574074,14.57519486653,-2.71834453702609));
#7116=CARTESIAN_POINT('Ctrl Pts',(2.79463749851051,14.4499685323027,-0.707342039867785));
#7117=CARTESIAN_POINT('Ctrl Pts',(2.13731541628529,14.3247421980754,1.93448037501043));
#7118=CARTESIAN_POINT('Ctrl Pts',(-0.42610167973062,14.1995158638481,2.85109958923699));
#7119=CARTESIAN_POINT('Ctrl Pts',(-2.60951389600666,14.0742895296208,1.22505866623755));
#7120=CARTESIAN_POINT('Ctrl Pts',(-2.46571629295587,13.9490631953935,-1.49351085534888));
#7121=CARTESIAN_POINT('Ctrl Pts',(-0.122950068928217,13.8238368611662,-2.88014145242682));
#7122=CARTESIAN_POINT('Ctrl Pts',(2.32946515990907,13.6986105269389,-1.6982118764082));
#7123=CARTESIAN_POINT('Ctrl Pts',(2.70442290057885,13.5733841927116,0.998212553909519));
#7124=CARTESIAN_POINT('Ctrl Pts',(0.667529313836141,13.4481578584843,2.80441368030301));
#7125=CARTESIAN_POINT('Ctrl Pts',(-1.9646784934389,13.322931524257,2.10958999162639));
#7126=CARTESIAN_POINT('Ctrl Pts',(-2.84475192561756,13.1977051900297,-0.466602729962421));
#7127=CARTESIAN_POINT('Ctrl Pts',(-1.18782611522353,13.0724788558025,-2.62667096529452));
#7128=CARTESIAN_POINT('Ctrl Pts',(1.528423538374,12.9472525215751,-2.44422853697922));
#7129=CARTESIAN_POINT('Ctrl Pts',(2.8815987610866,12.8220261873479,-0.0819803946827887));
#7130=CARTESIAN_POINT('Ctrl Pts',(1.66491371245044,12.6967998531206,2.35337880888595));
#7131=CARTESIAN_POINT('Ctrl Pts',(-1.03656945113903,12.5715735188933,2.68995483548401));
#7132=CARTESIAN_POINT('Ctrl Pts',(-2.81362361889842,12.446347184666,0.627580634646424));
#7133=CARTESIAN_POINT('Ctrl Pts',(-2.08143619610777,12.3211208504387,-1.99447744381605));
#7134=CARTESIAN_POINT('Ctrl Pts',(0.507006059431099,12.1958945162114,-2.83783251511202));
#7135=CARTESIAN_POINT('Ctrl Pts',(2.64330331009483,12.0706681819841,-1.15034648647666));
#7136=CARTESIAN_POINT('Ctrl Pts',(2.42223398714099,11.9454418477568,1.56301389432806));
#7137=CARTESIAN_POINT('Ctrl Pts',(0.0410182267591244,11.8202155135295,2.88249882596847));
#7138=CARTESIAN_POINT('Ctrl Pts',(-2.37686297527084,11.6949891793022,1.6312296477051));
#7139=CARTESIAN_POINT('Ctrl Pts',(-2.67485319157067,11.5697628450749,-1.07462183610886));
#7140=CARTESIAN_POINT('Ctrl Pts',(-0.587677818895585,11.4445365108476,-2.82244754786117));
#7141=CARTESIAN_POINT('Ctrl Pts',(2.02420649897844,11.3193101766203,-2.05250839414441));
#7142=CARTESIAN_POINT('Ctrl Pts',(2.82969378973797,11.194083842393,0.546624467070433));
#7143=CARTESIAN_POINT('Ctrl Pts',(1.11390120722634,11.0688575081657,2.66073128316509));
#7144=CARTESIAN_POINT('Ctrl Pts',(-1.5999437398733,10.9436311739384,2.39704898631341));
#7145=CARTESIAN_POINT('Ctrl Pts',(-2.45049999999998,10.8601469511202,0.803376272995672));
#7146=CARTESIAN_POINT('Ctrl Pts',(-2.4505,10.8184048397111,6.24404557679097E-14));
#7147=CARTESIAN_POINT('Ctrl Pts',(-2.02180579561768,17.9938230964999,1.09352030849203));
#7148=CARTESIAN_POINT('Ctrl Pts',(-2.38030743605079,17.9520809850908,0.430687904980808));
#7149=CARTESIAN_POINT('Ctrl Pts',(-2.38971527154544,17.8685967622726,-1.26374069002719));
#7150=CARTESIAN_POINT('Ctrl Pts',(-0.268301072052862,17.7433704280453,-2.69233034916965));
#7151=CARTESIAN_POINT('Ctrl Pts',(2.09073509408501,17.618144093818,-1.71373031685038));
#7152=CARTESIAN_POINT('Ctrl Pts',(2.58600777127482,17.4929177595907,0.79014994965128));
#7153=CARTESIAN_POINT('Ctrl Pts',(0.774631011238868,17.3676914253634,2.59093182611925));
#7154=CARTESIAN_POINT('Ctrl Pts',(-1.72736702036722,17.2424650911361,2.0802623723973));
#7155=CARTESIAN_POINT('Ctrl Pts',(-2.68897697872741,17.1172387569088,-0.285199600796547));
#7156=CARTESIAN_POINT('Ctrl Pts',(-1.25245464877109,16.9920124226816,-2.39653421594923));
#7157=CARTESIAN_POINT('Ctrl Pts',(1.30099950117963,16.8667860884542,-2.37048463866225));
#7158=CARTESIAN_POINT('Ctrl Pts',(2.69421473033659,16.741559754227,-0.230454461443017));
#7159=CARTESIAN_POINT('Ctrl Pts',(1.68467466914721,16.6163334199996,2.11512948521904));
#7160=CARTESIAN_POINT('Ctrl Pts',(-0.827283482904236,16.4911070857723,2.5743884131444));
#7161=CARTESIAN_POINT('Ctrl Pts',(-2.6014579508581,16.3658807515451,0.737771231737555));
#7162=CARTESIAN_POINT('Ctrl Pts',(-2.05560594384875,16.2406544173177,-1.75680739863223));
#7163=CARTESIAN_POINT('Ctrl Pts',(0.323470586388045,16.1154280830905,-2.68463247155311));
#7164=CARTESIAN_POINT('Ctrl Pts',(2.41407072119705,15.9902017488631,-1.21825681659953));
#7165=CARTESIAN_POINT('Ctrl Pts',(2.35176050268341,15.8649754146359,1.33458202109338));
#7166=CARTESIAN_POINT('Ctrl Pts',(0.19210949615635,15.7397490804085,2.69721712334924));
#7167=CARTESIAN_POINT('Ctrl Pts',(-2.13886813674609,15.6145227461813,1.65442730339678));
#7168=CARTESIAN_POINT('Ctrl Pts',(-2.56236599183646,15.489296411954,-0.863809605882125));
#7169=CARTESIAN_POINT('Ctrl Pts',(-0.700701357831373,15.3640700777267,-2.61168606135061));
#7170=CARTESIAN_POINT('Ctrl Pts',(1.78586092401535,15.2388437434994,-2.03041554429162));
#7171=CARTESIAN_POINT('Ctrl Pts',(2.67976141031153,15.1136174092721,0.361614835186089));
#7172=CARTESIAN_POINT('Ctrl Pts',(1.18380412472066,14.9883910750448,2.43115081739185));
#7173=CARTESIAN_POINT('Ctrl Pts',(-1.36789024287683,14.8631647408175,2.33254427442943));
#7174=CARTESIAN_POINT('Ctrl Pts',(-2.69967633108184,14.7379384065902,0.153734229424554));
#7175=CARTESIAN_POINT('Ctrl Pts',(-1.62384417382815,14.6127120723629,-2.16217867093835));
#7176=CARTESIAN_POINT('Ctrl Pts',(0.90016042409927,14.4874857381356,-2.54982307572572));
#7177=CARTESIAN_POINT('Ctrl Pts',(2.62138631984681,14.3622594039083,-0.663490970743138));
#7178=CARTESIAN_POINT('Ctrl Pts',(2.00481436194643,14.237033069681,1.81455390681878));
#7179=CARTESIAN_POINT('Ctrl Pts',(-0.399685867918455,14.1118067354537,2.67434809120328));
#7180=CARTESIAN_POINT('Ctrl Pts',(-2.44773929788315,13.9865804012264,1.14911219447834));
#7181=CARTESIAN_POINT('Ctrl Pts',(-2.31285630512826,13.8613540669991,-1.40092191808095));
#7182=CARTESIAN_POINT('Ctrl Pts',(-0.115327883807611,13.7361277327718,-2.70158952874546));
#7183=CARTESIAN_POINT('Ctrl Pts',(2.18505194537755,13.6109013985445,-1.59293267316082));
#7184=CARTESIAN_POINT('Ctrl Pts',(2.53676449930852,13.4856750643172,0.93632921425854));
#7185=CARTESIAN_POINT('Ctrl Pts',(0.626146400854995,13.3604487300899,2.6305564355505));
#7186=CARTESIAN_POINT('Ctrl Pts',(-1.84287991853791,13.2352223958626,1.97880775144632));
#7187=CARTESIAN_POINT('Ctrl Pts',(-2.66839394559984,13.1099960616354,-0.437676089932456));
#7188=CARTESIAN_POINT('Ctrl Pts',(-1.11418784384855,12.9847697274081,-2.46383272922938));
#7189=CARTESIAN_POINT('Ctrl Pts',(1.43367021896792,12.8595433931808,-2.29270066433713));
#7190=CARTESIAN_POINT('Ctrl Pts',(2.70295649279235,12.7343170589535,-0.0768980897277761));
#7191=CARTESIAN_POINT('Ctrl Pts',(1.5616988006026,12.6090907247262,2.2074830879923));
#7192=CARTESIAN_POINT('Ctrl Pts',(-0.972308208214928,12.4838643904989,2.52319336962373));
#7193=CARTESIAN_POINT('Ctrl Pts',(-2.63919541182328,12.3586380562716,0.588674306109363));
#7194=CARTESIAN_POINT('Ctrl Pts',(-1.95239932657419,12.2334117220443,-1.87083150829009));
#7195=CARTESIAN_POINT('Ctrl Pts',(0.475574649299069,12.108185387817,-2.661903498073));
#7196=CARTESIAN_POINT('Ctrl Pts',(2.47943396593708,11.9829590535897,-1.07903173286015));
#7197=CARTESIAN_POINT('Ctrl Pts',(2.27206964793953,11.8577327193624,1.46611617517688));
#7198=CARTESIAN_POINT('Ctrl Pts',(0.0384753366216574,11.7325063851351,2.70380075891615));
#7199=CARTESIAN_POINT('Ctrl Pts',(-2.22951137342365,11.6072800509078,1.53010295084845));
#7200=CARTESIAN_POINT('Ctrl Pts',(-2.50902793930128,11.4820537166805,-1.0080015678906));
#7201=CARTESIAN_POINT('Ctrl Pts',(-0.551245231537662,11.3568273824532,-2.64747230880279));
#7202=CARTESIAN_POINT('Ctrl Pts',(1.89871753592201,11.2316010482259,-1.92526487912959));
#7203=CARTESIAN_POINT('Ctrl Pts',(2.65426932606755,11.1063747139986,0.512736947398632));
#7204=CARTESIAN_POINT('Ctrl Pts',(1.04484584774957,10.9811483797713,2.49578150661575));
#7205=CARTESIAN_POINT('Ctrl Pts',(-1.50075658630638,10.855922045544,2.2484459698525));
#7206=CARTESIAN_POINT('Ctrl Pts',(-2.29858333333332,10.7724378227258,0.753571643135387));
#7207=CARTESIAN_POINT('Ctrl Pts',(-2.29858333333333,10.7306957113167,4.66585426482566E-14));
#7208=CARTESIAN_POINT('Ctrl Pts',(-1.88818175307659,17.9061139681055,1.02124798414801));
#7209=CARTESIAN_POINT('Ctrl Pts',(-2.22298950631434,17.8643718566964,0.402223124109242));
#7210=CARTESIAN_POINT('Ctrl Pts',(-2.23177556447849,17.7808876338782,-1.18021825671975));
#7211=CARTESIAN_POINT('Ctrl Pts',(-0.250568669690798,17.6556612996509,-2.51439037793605));
#7212=CARTESIAN_POINT('Ctrl Pts',(1.95255541542364,17.5304349654236,-1.60046742421294));
#7213=CARTESIAN_POINT('Ctrl Pts',(2.41509481158827,17.4052086311963,0.737927807091954));
#7214=CARTESIAN_POINT('Ctrl Pts',(0.723434537559832,17.279982296969,2.41969342859124));
#7215=CARTESIAN_POINT('Ctrl Pts',(-1.61320285845122,17.1547559627417,1.942774850921));
#7216=CARTESIAN_POINT('Ctrl Pts',(-2.51125863655216,17.0295296285144,-0.26635035045207));
#7217=CARTESIAN_POINT('Ctrl Pts',(-1.16967812610459,16.9043032942871,-2.23814383507422));
#7218=CARTESIAN_POINT('Ctrl Pts',(1.21501457964644,16.7790769600598,-2.21381591168253));
#7219=CARTESIAN_POINT('Ctrl Pts',(2.51615021765111,16.6538506258326,-0.215223395815239));
#7220=CARTESIAN_POINT('Ctrl Pts',(1.57333210590697,16.5286242916053,1.9753375462873));
#7221=CARTESIAN_POINT('Ctrl Pts',(-0.772607131915076,16.403397957378,2.40424339348873));
#7222=CARTESIAN_POINT('Ctrl Pts',(-2.4295238666608,16.2781716231507,0.689010873710584));
#7223=CARTESIAN_POINT('Ctrl Pts',(-1.91974800107108,16.1529452889234,-1.64069747992483));
#7224=CARTESIAN_POINT('Ctrl Pts',(0.302091951758563,16.0277189546961,-2.50720126408325));
#7225=CARTESIAN_POINT('Ctrl Pts',(2.25452132755814,15.9024926204688,-1.13774047767115));
#7226=CARTESIAN_POINT('Ctrl Pts',(2.19632928068464,15.7772662862415,1.246377582691));
#7227=CARTESIAN_POINT('Ctrl Pts',(0.179412704237652,15.6520399520142,2.51895417820673));
#7228=CARTESIAN_POINT('Ctrl Pts',(-1.99750727631438,15.5268136177869,1.54508383190736));
#7229=CARTESIAN_POINT('Ctrl Pts',(-2.39301555123472,15.4015872835596,-0.806719191078707));
#7230=CARTESIAN_POINT('Ctrl Pts',(-0.654391000896777,15.2763609493323,-2.43907598667266));
#7231=CARTESIAN_POINT('Ctrl Pts',(1.66783081617793,15.151134615105,-1.89622247112177));
#7232=CARTESIAN_POINT('Ctrl Pts',(2.50265213825997,15.0259082808777,0.337715192487909));
#7233=CARTESIAN_POINT('Ctrl Pts',(1.10556481357372,14.9006819466504,2.27047257571744));
#7234=CARTESIAN_POINT('Ctrl Pts',(-1.2774844163618,14.7754556124231,2.1783830804953));
#7235=CARTESIAN_POINT('Ctrl Pts',(-2.52125085337593,14.6502292781958,0.143573713880875));
#7236=CARTESIAN_POINT('Ctrl Pts',(-1.51652198520149,14.5250029439685,-2.01927718389487));
#7237=CARTESIAN_POINT('Ctrl Pts',(0.840667531624465,14.3997766097412,-2.38130161442535));
#7238=CARTESIAN_POINT('Ctrl Pts',(2.44813514118312,14.2745502755139,-0.619639901618491));
#7239=CARTESIAN_POINT('Ctrl Pts',(1.87231330760758,14.1493239412866,1.69462743862713));
#7240=CARTESIAN_POINT('Ctrl Pts',(-0.373270056106292,14.0240976070593,2.49759659316958));
#7241=CARTESIAN_POINT('Ctrl Pts',(-2.28596469975963,13.898871272832,1.07316572271913));
#7242=CARTESIAN_POINT('Ctrl Pts',(-2.15999631730065,13.7736449386047,-1.30833298081303));
#7243=CARTESIAN_POINT('Ctrl Pts',(-0.107705698687002,13.6484186043774,-2.5230376050641));
#7244=CARTESIAN_POINT('Ctrl Pts',(2.04063873084602,13.5231922701502,-1.48765346991344));
#7245=CARTESIAN_POINT('Ctrl Pts',(2.36910609803819,13.3979659359228,0.874445874607561));
#7246=CARTESIAN_POINT('Ctrl Pts',(0.584763487873843,13.2727396016956,2.45669919079799));
#7247=CARTESIAN_POINT('Ctrl Pts',(-1.7210813436369,13.1475132674683,1.84802551126624));
#7248=CARTESIAN_POINT('Ctrl Pts',(-2.49203596558213,13.022286933241,-0.408749449902492));
#7249=CARTESIAN_POINT('Ctrl Pts',(-1.04054957247356,12.8970605990137,-2.30099449316423));
#7250=CARTESIAN_POINT('Ctrl Pts',(1.33891689956183,12.7718342647864,-2.14117279169503));
#7251=CARTESIAN_POINT('Ctrl Pts',(2.52431422449809,12.6466079305591,-0.0718157847727614));
#7252=CARTESIAN_POINT('Ctrl Pts',(1.45848388875476,12.5213815963318,2.06158736709864));
#7253=CARTESIAN_POINT('Ctrl Pts',(-0.908046965290829,12.3961552621045,2.35643190376345));
#7254=CARTESIAN_POINT('Ctrl Pts',(-2.46476720474813,12.2709289278772,0.5497679775723));
#7255=CARTESIAN_POINT('Ctrl Pts',(-1.8233624570406,12.1457025936499,-1.74718557276413));
#7256=CARTESIAN_POINT('Ctrl Pts',(0.444143239167039,12.0204762594226,-2.48597448103398));
#7257=CARTESIAN_POINT('Ctrl Pts',(2.31556462177933,11.8952499251953,-1.00771697924363));
#7258=CARTESIAN_POINT('Ctrl Pts',(2.12190530873806,11.770023590968,1.36921845602569));
#7259=CARTESIAN_POINT('Ctrl Pts',(0.035932446484193,11.6447972567407,2.52510269186383));
#7260=CARTESIAN_POINT('Ctrl Pts',(-2.08215977157646,11.5195709225134,1.4289762539918));
#7261=CARTESIAN_POINT('Ctrl Pts',(-2.3432026870319,11.3943445882861,-0.941381299672343));
#7262=CARTESIAN_POINT('Ctrl Pts',(-0.51481264417974,11.2691182540588,-2.47249706974441));
#7263=CARTESIAN_POINT('Ctrl Pts',(1.77322857286558,11.1438919198315,-1.79802136411478));
#7264=CARTESIAN_POINT('Ctrl Pts',(2.47884486239713,11.0186655856042,0.478849427726829));
#7265=CARTESIAN_POINT('Ctrl Pts',(0.975790488272795,10.8934392513769,2.33083173006642));
#7266=CARTESIAN_POINT('Ctrl Pts',(-1.40156943273947,10.7682129171496,2.09984295339158));
#7267=CARTESIAN_POINT('Ctrl Pts',(-2.14666666666665,10.6847286943314,0.703767013275109));
#7268=CARTESIAN_POINT('Ctrl Pts',(-2.14666666666666,10.6429865829223,3.08766295286034E-14));
#7269=CARTESIAN_POINT('Ctrl Pts',(-1.7545577105355,17.8184048397111,0.948975659803981));
#7270=CARTESIAN_POINT('Ctrl Pts',(-2.06567157657789,17.776662728302,0.373758343237678));
#7271=CARTESIAN_POINT('Ctrl Pts',(-2.07383585741155,17.6931785054838,-1.0966958234123));
#7272=CARTESIAN_POINT('Ctrl Pts',(-0.232836267328738,17.5679521712565,-2.33645040670246));
#7273=CARTESIAN_POINT('Ctrl Pts',(1.81437573676227,17.4427258370292,-1.48720453157549));
#7274=CARTESIAN_POINT('Ctrl Pts',(2.24418185190171,17.3174995028019,0.685705664532626));
#7275=CARTESIAN_POINT('Ctrl Pts',(0.672238063880797,17.1922731685747,2.24845503106322));
#7276=CARTESIAN_POINT('Ctrl Pts',(-1.49903869653521,17.0670468343473,1.80528732944471));
#7277=CARTESIAN_POINT('Ctrl Pts',(-2.3335402943769,16.9418205001201,-0.247501100107593));
#7278=CARTESIAN_POINT('Ctrl Pts',(-1.08690160343809,16.8165941658927,-2.07975345419922));
#7279=CARTESIAN_POINT('Ctrl Pts',(1.12902965811325,16.6913678316655,-2.05714718470282));
#7280=CARTESIAN_POINT('Ctrl Pts',(2.33808570496563,16.5661414974382,-0.19999233018746));
#7281=CARTESIAN_POINT('Ctrl Pts',(1.46198954266672,16.4409151632109,1.83554560735557));
#7282=CARTESIAN_POINT('Ctrl Pts',(-0.717930780925916,16.3156888289835,2.23409837383306));
#7283=CARTESIAN_POINT('Ctrl Pts',(-2.25758978246349,16.1904624947563,0.640250515683613));
#7284=CARTESIAN_POINT('Ctrl Pts',(-1.7838900582934,16.065236160529,-1.52458756121743));
#7285=CARTESIAN_POINT('Ctrl Pts',(0.280713317129082,15.9400098263017,-2.32977005661338));
#7286=CARTESIAN_POINT('Ctrl Pts',(2.09497193391923,15.8147834920744,-1.05722413874278));
#7287=CARTESIAN_POINT('Ctrl Pts',(2.04089805868587,15.6895571578471,1.15817314428862));
#7288=CARTESIAN_POINT('Ctrl Pts',(0.166715912318954,15.5643308236198,2.34069123306423));
#7289=CARTESIAN_POINT('Ctrl Pts',(-1.85614641588267,15.4391044893925,1.43574036041794));
#7290=CARTESIAN_POINT('Ctrl Pts',(-2.22366511063297,15.3138781551652,-0.749628776275287));
#7291=CARTESIAN_POINT('Ctrl Pts',(-0.60808064396218,15.1886518209379,-2.2664659119947));
#7292=CARTESIAN_POINT('Ctrl Pts',(1.5498007083405,15.0634254867106,-1.76202939795193));
#7293=CARTESIAN_POINT('Ctrl Pts',(2.32554286620842,14.9381991524833,0.313815549789734));
#7294=CARTESIAN_POINT('Ctrl Pts',(1.02732550242677,14.812972818256,2.10979433404304));
#7295=CARTESIAN_POINT('Ctrl Pts',(-1.18707858984677,14.6877464840287,2.02422188656117));
#7296=CARTESIAN_POINT('Ctrl Pts',(-2.34282537567002,14.5625201498014,0.133413198337192));
#7297=CARTESIAN_POINT('Ctrl Pts',(-1.40919979657484,14.4372938155741,-1.87637569685139));
#7298=CARTESIAN_POINT('Ctrl Pts',(0.781174639149659,14.3120674813468,-2.21278015312498));
#7299=CARTESIAN_POINT('Ctrl Pts',(2.27488396251943,14.1868411471195,-0.575788832493844));
#7300=CARTESIAN_POINT('Ctrl Pts',(1.73981225326873,14.0616148128922,1.57470097043548));
#7301=CARTESIAN_POINT('Ctrl Pts',(-0.346854244294127,13.9363884786649,2.32084509513587));
#7302=CARTESIAN_POINT('Ctrl Pts',(-2.12419010163612,13.8111621444376,0.997219250959913));
#7303=CARTESIAN_POINT('Ctrl Pts',(-2.00713632947304,13.6859358102103,-1.2157440435451));
#7304=CARTESIAN_POINT('Ctrl Pts',(-0.100083513566397,13.5607094759831,-2.34448568138274));
#7305=CARTESIAN_POINT('Ctrl Pts',(1.8962255163145,13.4354831417557,-1.38237426666606));
#7306=CARTESIAN_POINT('Ctrl Pts',(2.20144769676785,13.3102568075285,0.812562534956585));
#7307=CARTESIAN_POINT('Ctrl Pts',(0.543380574892695,13.1850304733011,2.28284194604548));
#7308=CARTESIAN_POINT('Ctrl Pts',(-1.5992827687359,13.0598041390739,1.71724327108617));
#7309=CARTESIAN_POINT('Ctrl Pts',(-2.31567798556441,12.9345778048466,-0.37982280987253));
#7310=CARTESIAN_POINT('Ctrl Pts',(-0.966911301098569,12.8093514706193,-2.13815625709908));
#7311=CARTESIAN_POINT('Ctrl Pts',(1.24416358015574,12.684125136392,-1.98964491905294));
#7312=CARTESIAN_POINT('Ctrl Pts',(2.34567195620383,12.5588988021647,-0.0667334798177497));
#7313=CARTESIAN_POINT('Ctrl Pts',(1.35526897690693,12.4336724679374,1.91569164620498));
#7314=CARTESIAN_POINT('Ctrl Pts',(-0.843785722366728,12.3084461337101,2.18967043790316));
#7315=CARTESIAN_POINT('Ctrl Pts',(-2.29033899767299,12.1832197994828,0.510861649035239));
#7316=CARTESIAN_POINT('Ctrl Pts',(-1.694325587507,12.0579934652555,-1.62353963723817));
#7317=CARTESIAN_POINT('Ctrl Pts',(0.412711829035008,11.9327671310282,-2.31004546399497));
#7318=CARTESIAN_POINT('Ctrl Pts',(2.15169527762158,11.8075407968009,-0.93640222562711));
#7319=CARTESIAN_POINT('Ctrl Pts',(1.9717409695366,11.6823144625736,1.27232073687451));
#7320=CARTESIAN_POINT('Ctrl Pts',(0.0333895563467278,11.5570881283463,2.34640462481151));
#7321=CARTESIAN_POINT('Ctrl Pts',(-1.93480816972927,11.431861794119,1.32784955713515));
#7322=CARTESIAN_POINT('Ctrl Pts',(-2.17737743476252,11.3066354598917,-0.874761031454088));
#7323=CARTESIAN_POINT('Ctrl Pts',(-0.478380056821817,11.1814091256644,-2.29752183068602));
#7324=CARTESIAN_POINT('Ctrl Pts',(1.64773960980914,11.0561827914371,-1.67077784909997));
#7325=CARTESIAN_POINT('Ctrl Pts',(2.30342039872671,10.9309564572098,0.444961908055028));
#7326=CARTESIAN_POINT('Ctrl Pts',(0.90673512879602,10.8057301229825,2.16588195351708));
#7327=CARTESIAN_POINT('Ctrl Pts',(-1.30238227917255,10.6805037887552,1.95123993693067));
#7328=CARTESIAN_POINT('Ctrl Pts',(-1.99474999999999,10.597019565937,0.653962383414825));
#7329=CARTESIAN_POINT('Ctrl Pts',(-1.99475,10.5552774545279,1.50947164089503E-14));
#7330=CARTESIAN_POINT('Ctrl Pts',(0.949433767498961,10.8184048397111,1.75741166720447));
#7331=CARTESIAN_POINT('Ctrl Pts',(0.894719762230436,10.8184048397111,1.79586384146767));
#7332=CARTESIAN_POINT('Ctrl Pts',(0.838124841734726,10.8184048397111,1.83132256934949));
#7333=CARTESIAN_POINT('Ctrl Pts',(0.779818654726153,10.8184048397111,1.86357461541006));
#7334=CARTESIAN_POINT('Ctrl Pts',(0.716795307962644,10.8184048397111,1.89843595666719));
#7335=CARTESIAN_POINT('Ctrl Pts',(0.651772824677646,10.8184048397111,1.92955238284949));
#7336=CARTESIAN_POINT('Ctrl Pts',(0.58509080349775,10.8184048397111,1.9570010017788));
#7337=CARTESIAN_POINT('Ctrl Pts',(0.558961788484817,10.8184048397111,1.96775660521429));
#7338=CARTESIAN_POINT('Ctrl Pts',(0.532577593649585,10.8184048397111,1.97794860902766));
#7339=CARTESIAN_POINT('Ctrl Pts',(0.505957377576104,10.8184048397111,1.98757994184743));
#7340=CARTESIAN_POINT('Ctrl Pts',(0.48710233451664,10.8184048397111,1.99440179462786));
#7341=CARTESIAN_POINT('Ctrl Pts',(0.468124462931545,10.8184048397111,2.00094362606903));
#7342=CARTESIAN_POINT('Ctrl Pts',(0.449058563450716,10.8184048397111,2.00719743512552));
#7343=CARTESIAN_POINT('Ctrl Pts',(0.377867928228615,10.8184048397111,2.03054868795974));
#7344=CARTESIAN_POINT('Ctrl Pts',(0.305385873053694,10.8184048397111,2.04991382880588));
#7345=CARTESIAN_POINT('Ctrl Pts',(0.23198555457103,10.8184048397111,2.06538399852956));
#7346=CARTESIAN_POINT('Ctrl Pts',(0.170213807006237,10.8184048397111,2.0784032801718));
#7347=CARTESIAN_POINT('Ctrl Pts',(0.107790724891752,10.8184048397111,2.08866327661403));
#7348=CARTESIAN_POINT('Ctrl Pts',(0.0449232833705078,10.8184048397111,2.09619417209636));
#7349=CARTESIAN_POINT('Ctrl Pts',(0.0223939080154443,10.8184048397111,2.09889296764101));
#7350=CARTESIAN_POINT('Ctrl Pts',(-0.000192634945086548,10.8184048397111,
2.10124107067324));
#7351=CARTESIAN_POINT('Ctrl Pts',(-0.0228271069303527,10.8184048397111,
2.10323915927532));
#7352=CARTESIAN_POINT('Ctrl Pts',(-0.0364766168010532,10.8184048397111,
2.10444408820472));
#7353=CARTESIAN_POINT('Ctrl Pts',(-0.0501463438710595,10.8184048397111,
2.10552191128308));
#7354=CARTESIAN_POINT('Ctrl Pts',(-0.0638249033916947,10.8184048397111,
2.1064720778695));
#7355=CARTESIAN_POINT('Ctrl Pts',(-0.141114283767638,10.8184048397111,2.11184090246013));
#7356=CARTESIAN_POINT('Ctrl Pts',(-0.218553715857491,10.8184048397111,2.11313051040756));
#7357=CARTESIAN_POINT('Ctrl Pts',(-0.295764240335327,10.8184048397111,2.11043426267185));
#7358=CARTESIAN_POINT('Ctrl Pts',(-0.378034052694244,10.8184048397111,2.10756134091941));
#7359=CARTESIAN_POINT('Ctrl Pts',(-0.460044909392448,10.8184048397111,2.1001638042418));
#7360=CARTESIAN_POINT('Ctrl Pts',(-0.541364185553842,10.8184048397111,2.08829738661808));
#7361=CARTESIAN_POINT('Ctrl Pts',(-0.602353642674887,10.8184048397111,2.07939757340028));
#7362=CARTESIAN_POINT('Ctrl Pts',(-0.662954768133553,10.8184048397111,2.0679828194956));
#7363=CARTESIAN_POINT('Ctrl Pts',(-0.722988211055837,10.8184048397111,2.05405415989715));
#7364=CARTESIAN_POINT('Ctrl Pts',(-0.769309799736763,10.8184048397111,2.04330685623791));
#7365=CARTESIAN_POINT('Ctrl Pts',(-0.815293502399672,10.8184048397111,2.0310624886574));
#7366=CARTESIAN_POINT('Ctrl Pts',(-0.860855995938055,10.8184048397111,2.01731347168161));
#7367=CARTESIAN_POINT('Ctrl Pts',(-0.876548612723953,10.8184048397111,2.01257804045676));
#7368=CARTESIAN_POINT('Ctrl Pts',(-0.892194902209584,10.8184048397111,2.00766274077164));
#7369=CARTESIAN_POINT('Ctrl Pts',(-0.907765658442624,10.8184048397111,2.00257584982476));
#7370=CARTESIAN_POINT('Ctrl Pts',(-0.98482599850431,10.8184048397111,1.97740060847121));
#7371=CARTESIAN_POINT('Ctrl Pts',(-1.06015496214423,10.8184048397111,1.94799296255726));
#7372=CARTESIAN_POINT('Ctrl Pts',(-1.13335937104191,10.8184048397111,1.91441158599997));
#7373=CARTESIAN_POINT('Ctrl Pts',(-1.16939477458903,10.8184048397111,1.89788090876165));
#7374=CARTESIAN_POINT('Ctrl Pts',(-1.20491549941359,10.8184048397111,1.88033807465681));
#7375=CARTESIAN_POINT('Ctrl Pts',(-1.23987478206553,10.8184048397111,1.86178544175746));
#7376=CARTESIAN_POINT('Ctrl Pts',(-1.30862271585466,10.8184048397111,1.82530142145081));
#7377=CARTESIAN_POINT('Ctrl Pts',(-1.3752007427913,10.8184048397111,1.78491554506793));
#7378=CARTESIAN_POINT('Ctrl Pts',(-1.4394855098772,10.8184048397111,1.74094419364858));
#7379=CARTESIAN_POINT('Ctrl Pts',(-1.47495122608367,10.8184048397111,1.71668532889187));
#7380=CARTESIAN_POINT('Ctrl Pts',(-1.50971865636611,10.8184048397111,1.69133425110347));
#7381=CARTESIAN_POINT('Ctrl Pts',(-1.54376440940743,10.8184048397111,1.66493802430149));
#7382=CARTESIAN_POINT('Ctrl Pts',(-1.57052111210027,10.8184048397111,1.64419311694414));
#7383=CARTESIAN_POINT('Ctrl Pts',(-1.59683203931738,10.8184048397111,1.62280259026811));
#7384=CARTESIAN_POINT('Ctrl Pts',(-1.62268480064642,10.8184048397111,1.60078764965376));
#7385=CARTESIAN_POINT('Ctrl Pts',(-1.63236398900114,10.8184048397111,1.59254532868417));
#7386=CARTESIAN_POINT('Ctrl Pts',(-1.64197849378078,10.8184048397111,1.58421575175954));
#7387=CARTESIAN_POINT('Ctrl Pts',(-1.65151760704964,10.8184048397111,1.57580915724492));
#7388=CARTESIAN_POINT('Ctrl Pts',(-1.71218863274969,10.8184048397111,1.52234121976778));
#7389=CARTESIAN_POINT('Ctrl Pts',(-1.76991901614001,10.8184048397111,1.46567112476691));
#7390=CARTESIAN_POINT('Ctrl Pts',(-1.82459054378244,10.8184048397111,1.40616602733255));
#7391=CARTESIAN_POINT('Ctrl Pts',(-1.88035894164535,10.8184048397111,1.34546708417708));
#7392=CARTESIAN_POINT('Ctrl Pts',(-1.93294516638246,10.8184048397111,1.28181771101272));
#7393=CARTESIAN_POINT('Ctrl Pts',(-1.98220096257248,10.8184048397111,1.21555708348331));
#7394=CARTESIAN_POINT('Ctrl Pts',(-2.0318549850344,10.8184048397111,1.14876074798213));
#7395=CARTESIAN_POINT('Ctrl Pts',(-2.07812518374248,10.8184048397111,1.0793100727831));
#7396=CARTESIAN_POINT('Ctrl Pts',(-2.12082673011382,10.8184048397111,1.00751111935261));
#7397=CARTESIAN_POINT('Ctrl Pts',(-2.13872161325686,10.8184048397111,0.977422422557929));
#7398=CARTESIAN_POINT('Ctrl Pts',(-2.15598932041006,10.8184048397111,0.946920888059131));
#7399=CARTESIAN_POINT('Ctrl Pts',(-2.17261410304498,10.8184048397111,0.916027361729942));
#7400=CARTESIAN_POINT('Ctrl Pts',(-2.18149103116138,10.8184048397111,0.899531530265035));
#7401=CARTESIAN_POINT('Ctrl Pts',(-2.19018716687123,10.8184048397111,0.882918679470668));
#7402=CARTESIAN_POINT('Ctrl Pts',(-2.19868528861149,10.8184048397111,0.866221472498275));
#7403=CARTESIAN_POINT('Ctrl Pts',(-2.23761054920431,10.8184048397111,0.789740674453986));
#7404=CARTESIAN_POINT('Ctrl Pts',(-2.27243714051487,10.8184048397111,0.711400361569526));
#7405=CARTESIAN_POINT('Ctrl Pts',(-2.30301488816061,10.8184048397111,0.631562239241239));
#7406=CARTESIAN_POINT('Ctrl Pts',(-2.3336515789055,10.8184048397111,0.551570217207378));
#7407=CARTESIAN_POINT('Ctrl Pts',(-2.36002367530289,10.8184048397111,0.47007380556299));
#7408=CARTESIAN_POINT('Ctrl Pts',(-2.38194286561708,10.8184048397111,0.387400189532072));
#7409=CARTESIAN_POINT('Ctrl Pts',(-2.40341049131987,10.8184048397111,0.306429760469329));
#7410=CARTESIAN_POINT('Ctrl Pts',(-2.42060725149822,10.8184048397111,0.224329283219153));
#7411=CARTESIAN_POINT('Ctrl Pts',(-2.43331260452883,10.8184048397111,0.141383410199007));
#7412=CARTESIAN_POINT('Ctrl Pts',(-2.44049259783056,10.8184048397111,0.0945094027427553));
#7413=CARTESIAN_POINT('Ctrl Pts',(-2.4462374036597,10.8184048397111,0.0473650683767745));
#7414=CARTESIAN_POINT('Ctrl Pts',(-2.4505,10.8184048397111,6.30606677987089E-14));
#7415=CARTESIAN_POINT('Ctrl Pts',(-0.00117293027415097,17.8184048397111,
-2.45385157886299));
#7416=CARTESIAN_POINT('Ctrl Pts',(-0.0819689803050357,17.8184048397111,
-2.44705348632314));
#7417=CARTESIAN_POINT('Ctrl Pts',(-0.162215880790591,17.8184048397111,-2.43604363743158));
#7418=CARTESIAN_POINT('Ctrl Pts',(-0.241628112962145,17.8184048397111,-2.42067418109646));
#7419=CARTESIAN_POINT('Ctrl Pts',(-0.325531020869317,17.8184048397111,-2.40443559864881));
#7420=CARTESIAN_POINT('Ctrl Pts',(-0.408503106710444,17.8184048397111,-2.38333006107613));
#7421=CARTESIAN_POINT('Ctrl Pts',(-0.490230938601474,17.8184048397111,-2.35760693051808));
#7422=CARTESIAN_POINT('Ctrl Pts',(-0.525623291659121,17.8184048397111,-2.34646749249075));
#7423=CARTESIAN_POINT('Ctrl Pts',(-0.560781964523922,17.8184048397111,-2.33446152928956));
#7424=CARTESIAN_POINT('Ctrl Pts',(-0.595679691879528,17.8184048397111,-2.32160690742524));
#7425=CARTESIAN_POINT('Ctrl Pts',(-0.614293380424256,17.8184048397111,-2.31475053178494));
#7426=CARTESIAN_POINT('Ctrl Pts',(-0.632835414833999,17.8184048397111,-2.30765152112285));
#7427=CARTESIAN_POINT('Ctrl Pts',(-0.651279224128472,17.8184048397111,-2.30032172125255));
#7428=CARTESIAN_POINT('Ctrl Pts',(-0.730112297331549,17.8184048397111,-2.2689924746466));
#7429=CARTESIAN_POINT('Ctrl Pts',(-0.807238813097426,17.8184048397111,-2.23342045641247));
#7430=CARTESIAN_POINT('Ctrl Pts',(-0.882357357886687,17.8184048397111,-2.19386241052808));
#7431=CARTESIAN_POINT('Ctrl Pts',(-0.94191795695994,17.8184048397111,-2.16249730730821));
#7432=CARTESIAN_POINT('Ctrl Pts',(-1.00021587239407,17.8184048397111,-2.12862520296929));
#7433=CARTESIAN_POINT('Ctrl Pts',(-1.05708525909461,17.8184048397111,-2.09235679117034));
#7434=CARTESIAN_POINT('Ctrl Pts',(-1.08417666807256,17.8184048397111,-2.07507926394465));
#7435=CARTESIAN_POINT('Ctrl Pts',(-1.11094366193702,17.8184048397111,-2.05725772792498));
#7436=CARTESIAN_POINT('Ctrl Pts',(-1.13736694482283,17.8184048397111,-2.03890319158117));
#7437=CARTESIAN_POINT('Ctrl Pts',(-1.14840458177115,17.8184048397111,-2.03123606295854));
#7438=CARTESIAN_POINT('Ctrl Pts',(-1.15938284930171,17.8184048397111,-2.02347547841767));
#7439=CARTESIAN_POINT('Ctrl Pts',(-1.17029839744633,17.8184048397111,-2.01562357601785));
#7440=CARTESIAN_POINT('Ctrl Pts',(-1.23781907623899,17.8184048397111,-1.96705379529544));
#7441=CARTESIAN_POINT('Ctrl Pts',(-1.30268738658064,17.8184048397111,-1.91517737175227));
#7442=CARTESIAN_POINT('Ctrl Pts',(-1.3646245250119,17.8184048397111,-1.86023482791986));
#7443=CARTESIAN_POINT('Ctrl Pts',(-1.42869979181163,17.8184048397111,-1.80339561571399));
#7444=CARTESIAN_POINT('Ctrl Pts',(-1.4896390828811,17.8184048397111,-1.74327429273227));
#7445=CARTESIAN_POINT('Ctrl Pts',(-1.54708749445884,17.8184048397111,-1.6801005996118));
#7446=CARTESIAN_POINT('Ctrl Pts',(-1.59017380314214,17.8184048397111,-1.63272032977145));
#7447=CARTESIAN_POINT('Ctrl Pts',(-1.63129560533534,17.8184048397111,-1.58362226103696));
#7448=CARTESIAN_POINT('Ctrl Pts',(-1.67028157474179,17.8184048397111,-1.53289403515694));
#7449=CARTESIAN_POINT('Ctrl Pts',(-1.69952105179664,17.8184048397111,-1.49484786574692));
#7450=CARTESIAN_POINT('Ctrl Pts',(-1.72755875500507,17.8184048397111,-1.4558845579406));
#7451=CARTESIAN_POINT('Ctrl Pts',(-1.75431445626163,17.8184048397111,-1.41603930144604));
#7452=CARTESIAN_POINT('Ctrl Pts',(-1.76265432172053,17.8184048397111,-1.40361936615249));
#7453=CARTESIAN_POINT('Ctrl Pts',(-1.77086957538391,17.8184048397111,-1.39111373332546));
#7454=CARTESIAN_POINT('Ctrl Pts',(-1.77895763984351,17.8184048397111,-1.37852345100216));
#7455=CARTESIAN_POINT('Ctrl Pts',(-1.78585369864955,17.8184048397111,-1.36778870380526));
#7456=CARTESIAN_POINT('Ctrl Pts',(-1.79265259132945,17.8184048397111,-1.35699970759697));
#7457=CARTESIAN_POINT('Ctrl Pts',(-1.79935157125903,17.8184048397111,-1.34615986629105));
#7458=CARTESIAN_POINT('Ctrl Pts',(-1.84043194568623,17.8184048397111,-1.27968635177702));
#7459=CARTESIAN_POINT('Ctrl Pts',(-1.87777901314885,17.8184048397111,-1.21127100489343));
#7460=CARTESIAN_POINT('Ctrl Pts',(-1.91111429957651,17.8184048397111,-1.14109352254017));
#7461=CARTESIAN_POINT('Ctrl Pts',(-1.92732957422754,17.8184048397111,-1.106957108169));
#7462=CARTESIAN_POINT('Ctrl Pts',(-1.94259490307085,17.8184048397111,-1.07240345154521));
#7463=CARTESIAN_POINT('Ctrl Pts',(-1.95687393384398,17.8184048397111,-1.03745189975191));
#7464=CARTESIAN_POINT('Ctrl Pts',(-1.9868563815375,17.8184048397111,-0.964062249564828));
#7465=CARTESIAN_POINT('Ctrl Pts',(-2.01249354330356,17.8184048397111,-0.888918118046942));
#7466=CARTESIAN_POINT('Ctrl Pts',(-2.03380996783336,17.8184048397111,-0.812389093576936));
#7467=CARTESIAN_POINT('Ctrl Pts',(-2.05430003908834,17.8184048397111,-0.738826796003401));
#7468=CARTESIAN_POINT('Ctrl Pts',(-2.0707974025324,17.8184048397111,-0.663984022349524));
#7469=CARTESIAN_POINT('Ctrl Pts',(-2.08327966471708,17.8184048397111,-0.588196608934572));
#7470=CARTESIAN_POINT('Ctrl Pts',(-2.08524038892948,17.8184048397111,-0.57629185847511));
#7471=CARTESIAN_POINT('Ctrl Pts',(-2.08710034230767,17.8184048397111,-0.564373650977089));
#7472=CARTESIAN_POINT('Ctrl Pts',(-2.08885985086515,17.8184048397111,-0.552443323823485));
#7473=CARTESIAN_POINT('Ctrl Pts',(-2.10020577388944,17.8184048397111,-0.47551242572476));
#7474=CARTESIAN_POINT('Ctrl Pts',(-2.10737947272322,17.8184048397111,-0.398077380348542));
#7475=CARTESIAN_POINT('Ctrl Pts',(-2.11043806477642,17.8184048397111,-0.320489220684799));
#7476=CARTESIAN_POINT('Ctrl Pts',(-2.11349335504962,17.8184048397111,-0.242984818197376));
#7477=CARTESIAN_POINT('Ctrl Pts',(-2.11244216728261,17.8184048397111,-0.165326597927489));
#7478=CARTESIAN_POINT('Ctrl Pts',(-2.10729038828407,17.8184048397111,-0.0878726178078065));
#7479=CARTESIAN_POINT('Ctrl Pts',(-2.1022256563902,17.8184048397111,-0.011727339927903));
#7480=CARTESIAN_POINT('Ctrl Pts',(-2.09319738997878,17.8184048397111,0.0642214247559515));
#7481=CARTESIAN_POINT('Ctrl Pts',(-2.08016641795309,17.8184048397111,0.139611460592154));
#7482=CARTESIAN_POINT('Ctrl Pts',(-2.07553990001365,17.8184048397111,0.16637794835407));
#7483=CARTESIAN_POINT('Ctrl Pts',(-2.07040843478862,17.8184048397111,0.193073739380761));
#7484=CARTESIAN_POINT('Ctrl Pts',(-2.0647690002958,17.8184048397111,0.21968162319932));
#7485=CARTESIAN_POINT('Ctrl Pts',(-2.06227825020899,17.8184048397111,0.231433437856472));
#7486=CARTESIAN_POINT('Ctrl Pts',(-2.05968866991728,17.8184048397111,0.243166514665389));
#7487=CARTESIAN_POINT('Ctrl Pts',(-2.05700287722027,17.8184048397111,0.254867868271504));
#7488=CARTESIAN_POINT('Ctrl Pts',(-2.04022496647956,17.8184048397111,0.327965195018944));
#7489=CARTESIAN_POINT('Ctrl Pts',(-2.0196702767395,17.8184048397111,0.399951153247148));
#7490=CARTESIAN_POINT('Ctrl Pts',(-1.99535372600199,17.8184048397111,0.470502118611323));
#7491=CARTESIAN_POINT('Ctrl Pts',(-1.97142717886469,17.8184048397111,0.539921544770466));
#7492=CARTESIAN_POINT('Ctrl Pts',(-1.94385811884522,17.8184048397111,0.607952428415165));
#7493=CARTESIAN_POINT('Ctrl Pts',(-1.91261835471224,17.8184048397111,0.674260422912011));
#7494=CARTESIAN_POINT('Ctrl Pts',(-1.88237348694526,17.8184048397111,0.738456699071896));
#7495=CARTESIAN_POINT('Ctrl Pts',(-1.84868760421297,17.8184048397111,0.801038617571487));
#7496=CARTESIAN_POINT('Ctrl Pts',(-1.81150061520448,17.8184048397111,0.861668683497134));
#7497=CARTESIAN_POINT('Ctrl Pts',(-1.79335682495153,17.8184048397111,0.891250513822952));
#7498=CARTESIAN_POINT('Ctrl Pts',(-1.77437909040075,17.8184048397111,0.920367125919141));
#7499=CARTESIAN_POINT('Ctrl Pts',(-1.75455771053553,17.8184048397111,0.948975659803934));
#7500=CARTESIAN_POINT('Origin',(4.44089209850063E-15,19.1552774545279,0.));
#7501=CARTESIAN_POINT('',(0.569632530874506,17.8184048397111,1.91168677933115));
#7502=CARTESIAN_POINT('Ctrl Pts',(0.571326496264168,17.8184048397111,1.91402887018086));
#7503=CARTESIAN_POINT('Ctrl Pts',(0.387031256072231,17.8061139681055,1.96768816947031));
#7504=CARTESIAN_POINT('Ctrl Pts',(0.194136008586911,17.7938230964999,1.9935805340877));
#7505=CARTESIAN_POINT('Ctrl Pts',(0.00100657034618607,17.7815322248943,
1.99261097976331));
#7506=CARTESIAN_POINT('Origin',(4.44089209850063E-15,17.8184048397111,0.));
#7507=CARTESIAN_POINT('Origin',(4.44089209850063E-15,17.8184048397111,-2.77555756156289E-16));
#7508=CARTESIAN_POINT('Ctrl Pts',(0.571326496264175,17.8184048397111,1.91402887018086));
#7509=CARTESIAN_POINT('Ctrl Pts',(0.637204935022498,17.8184048397111,1.90253001807387));
#7510=CARTESIAN_POINT('Ctrl Pts',(0.702296698290013,17.8184048397111,1.88758446860207));
#7511=CARTESIAN_POINT('Ctrl Pts',(0.766331046586663,17.8184048397111,1.86916140066681));
#7512=CARTESIAN_POINT('Ctrl Pts',(0.835545962679614,17.8184048397111,1.84924785215365));
#7513=CARTESIAN_POINT('Ctrl Pts',(0.903526431481364,17.8184048397111,1.82527264351885));
#7514=CARTESIAN_POINT('Ctrl Pts',(0.970086843228827,17.8184048397111,1.79753043151954));
#7515=CARTESIAN_POINT('Ctrl Pts',(0.996168222362185,17.8184048397111,1.78665977837668));
#7516=CARTESIAN_POINT('Ctrl Pts',(1.02203151608162,17.8184048397111,1.77521015979073));
#7517=CARTESIAN_POINT('Ctrl Pts',(1.04766524801239,17.8184048397111,1.76319719385626));
#7518=CARTESIAN_POINT('Ctrl Pts',(1.06582156625238,17.8184048397111,1.75468843543195));
#7519=CARTESIAN_POINT('Ctrl Pts',(1.08386673252828,17.8184048397111,1.74589481869994));
#7520=CARTESIAN_POINT('Ctrl Pts',(1.10177048143612,17.8184048397111,1.73683529387277));
#7521=CARTESIAN_POINT('Ctrl Pts',(1.16862169859756,17.8184048397111,1.70300772710347));
#7522=CARTESIAN_POINT('Ctrl Pts',(1.23356748401245,17.8184048397111,1.66544838018392));
#7523=CARTESIAN_POINT('Ctrl Pts',(1.29640842156406,17.8184048397111,1.62448556197422));
#7524=CARTESIAN_POINT('Ctrl Pts',(1.3492936878972,17.8184048397111,1.59001234061278));
#7525=CARTESIAN_POINT('Ctrl Pts',(1.40068840908465,17.8184048397111,1.55312744541408));
#7526=CARTESIAN_POINT('Ctrl Pts',(1.45046757452119,17.8184048397111,1.51399857404896));
#7527=CARTESIAN_POINT('Ctrl Pts',(1.46830657490264,17.8184048397111,1.49997624271642));
#7528=CARTESIAN_POINT('Ctrl Pts',(1.48593802233591,17.8184048397111,1.48566551123489));
#7529=CARTESIAN_POINT('Ctrl Pts',(1.5033558636285,17.8184048397111,1.47107339175187));
#7530=CARTESIAN_POINT('Ctrl Pts',(1.51385949181033,17.8184048397111,1.46227378249721));
#7531=CARTESIAN_POINT('Ctrl Pts',(1.52428753901337,17.8184048397111,1.45337000115438));
#7532=CARTESIAN_POINT('Ctrl Pts',(1.53463156593295,17.8184048397111,1.44436970833636));
#7533=CARTESIAN_POINT('Ctrl Pts',(1.59307976646346,17.8184048397111,1.39351418335065));
#7534=CARTESIAN_POINT('Ctrl Pts',(1.64874962942489,17.8184048397111,1.33966811440912));
#7535=CARTESIAN_POINT('Ctrl Pts',(1.70143920543639,17.8184048397111,1.2831654834075));
#7536=CARTESIAN_POINT('Ctrl Pts',(1.7575813436295,17.8184048397111,1.22296043417205));
#7537=CARTESIAN_POINT('Ctrl Pts',(1.8103409837355,17.8184048397111,1.1597391065893));
#7538=CARTESIAN_POINT('Ctrl Pts',(1.85945162225115,17.8184048397111,1.09384682429627));
#7539=CARTESIAN_POINT('Ctrl Pts',(1.89628460113788,17.8184048397111,1.0444276125765));
#7540=CARTESIAN_POINT('Ctrl Pts',(1.93106465405133,17.8184048397111,0.99350466120439));
#7541=CARTESIAN_POINT('Ctrl Pts',(1.96366569202083,17.8184048397111,0.941205522969633));
#7542=CARTESIAN_POINT('Ctrl Pts',(1.9888205034339,17.8184048397111,0.900851747712779));
#7543=CARTESIAN_POINT('Ctrl Pts',(2.01267781083566,17.8184048397111,0.859678312434799));
#7544=CARTESIAN_POINT('Ctrl Pts',(2.03517333211517,17.8184048397111,0.817738771852702));
#7545=CARTESIAN_POINT('Ctrl Pts',(2.04292128768718,17.8184048397111,0.803293865548769));
#7546=CARTESIAN_POINT('Ctrl Pts',(2.05050929657829,17.8184048397111,0.78875453025203));
#7547=CARTESIAN_POINT('Ctrl Pts',(2.05792255968796,17.8184048397111,0.774147270945048));
#7548=CARTESIAN_POINT('Ctrl Pts',(2.09461088251027,17.8184048397111,0.701855779725198));
#7549=CARTESIAN_POINT('Ctrl Pts',(2.12708217158608,17.8184048397111,0.62779579882583));
#7550=CARTESIAN_POINT('Ctrl Pts',(2.15509989555151,17.8184048397111,0.552286837239347));
#7551=CARTESIAN_POINT('Ctrl Pts',(2.16889182592175,17.8184048397111,0.515116996398047));
#7552=CARTESIAN_POINT('Ctrl Pts',(2.18160411907087,17.8184048397111,0.47759538663337));
#7553=CARTESIAN_POINT('Ctrl Pts',(2.19320537551915,17.8184048397111,0.439756742264773));
#7554=CARTESIAN_POINT('Ctrl Pts',(2.21601940790403,17.8184048397111,0.365346521106966));
#7555=CARTESIAN_POINT('Ctrl Pts',(2.23454005171949,17.8184048397111,0.289711632956232));
#7556=CARTESIAN_POINT('Ctrl Pts',(2.24890379935053,17.8184048397111,0.213163015431923));
#7557=CARTESIAN_POINT('Ctrl Pts',(2.25682823759958,17.8184048397111,0.17093136334483));
#7558=CARTESIAN_POINT('Ctrl Pts',(2.26348660066995,17.8184048397111,0.128421164098529));
#7559=CARTESIAN_POINT('Ctrl Pts',(2.26889562785092,17.8184048397111,0.0856822369495794));
#7560=CARTESIAN_POINT('Ctrl Pts',(2.27314660664064,17.8184048397111,0.0520935218763427));
#7561=CARTESIAN_POINT('Ctrl Pts',(2.27662585166632,17.8184048397111,0.0183634965144468));
#7562=CARTESIAN_POINT('Ctrl Pts',(2.27933959613384,17.8184048397111,-0.0154840833928391));
#7563=CARTESIAN_POINT('Ctrl Pts',(2.28035561282408,17.8184048397111,-0.0281565020827955));
#7564=CARTESIAN_POINT('Ctrl Pts',(2.28126419195478,17.8184048397111,-0.0408448817635494));
#7565=CARTESIAN_POINT('Ctrl Pts',(2.28206500149608,17.8184048397111,-0.053534411172999));
#7566=CARTESIAN_POINT('Ctrl Pts',(2.2871583394639,17.8184048397111,-0.134242817606761));
#7567=CARTESIAN_POINT('Ctrl Pts',(2.28790806024536,17.8184048397111,-0.215136139787406));
#7568=CARTESIAN_POINT('Ctrl Pts',(2.28449019318254,17.8184048397111,-0.295871171757577));
#7569=CARTESIAN_POINT('Ctrl Pts',(2.28100375372501,17.8184048397111,-0.378225984244991));
#7570=CARTESIAN_POINT('Ctrl Pts',(2.27318090817091,17.8184048397111,-0.460416927503039));
#7571=CARTESIAN_POINT('Ctrl Pts',(2.26115665854986,17.8184048397111,-0.542099337146408));
#7572=CARTESIAN_POINT('Ctrl Pts',(2.24903519329612,17.8184048397111,-0.624442146181271));
#7573=CARTESIAN_POINT('Ctrl Pts',(2.23264410105724,17.8184048397111,-0.706269131299577));
#7574=CARTESIAN_POINT('Ctrl Pts',(2.21206910752157,17.8184048397111,-0.787233182142286));
#7575=CARTESIAN_POINT('Ctrl Pts',(2.20344677655627,17.8184048397111,-0.821162662676345));
#7576=CARTESIAN_POINT('Ctrl Pts',(2.19408904588754,17.8184048397111,-0.854940583445156));
#7577=CARTESIAN_POINT('Ctrl Pts',(2.18399951995714,17.8184048397111,-0.888541068447135));
#7578=CARTESIAN_POINT('Ctrl Pts',(2.1786121247461,17.8184048397111,-0.906482356594569));
#7579=CARTESIAN_POINT('Ctrl Pts',(2.17301414383986,17.8184048397111,-0.924378550224679));
#7580=CARTESIAN_POINT('Ctrl Pts',(2.16721649616283,17.8184048397111,-0.942194375365708));
#7581=CARTESIAN_POINT('Ctrl Pts',(2.14066070087799,17.8184048397111,-1.02379874866186));
#7582=CARTESIAN_POINT('Ctrl Pts',(2.10989183495626,17.8184048397111,-1.10381980235327));
#7583=CARTESIAN_POINT('Ctrl Pts',(2.0750594745124,17.8184048397111,-1.18189558421108));
#7584=CARTESIAN_POINT('Ctrl Pts',(2.04015996481709,17.8184048397111,-1.26012187927673));
#7585=CARTESIAN_POINT('Ctrl Pts',(2.00118116920148,17.8184048397111,-1.33639641745121));
#7586=CARTESIAN_POINT('Ctrl Pts',(1.95822128719786,17.8184048397111,-1.41035468861849));
#7587=CARTESIAN_POINT('Ctrl Pts',(1.91614642458492,17.8184048397111,-1.48278934051515));
#7588=CARTESIAN_POINT('Ctrl Pts',(1.87025253994373,17.8184048397111,-1.55300310166757));
#7589=CARTESIAN_POINT('Ctrl Pts',(1.82058496757052,17.8184048397111,-1.62063874687116));
#7590=CARTESIAN_POINT('Ctrl Pts',(1.79251707279702,17.8184048397111,-1.65886067079059));
#7591=CARTESIAN_POINT('Ctrl Pts',(1.76324320001063,17.8184048397111,-1.69625891650045));
#7592=CARTESIAN_POINT('Ctrl Pts',(1.7327651672976,17.8184048397111,-1.73276516729767));
#7593=CARTESIAN_POINT('Ctrl Pts',(1.41050125177186,18.0815322248943,-1.41050125177187));
#7594=CARTESIAN_POINT('Ctrl Pts',(1.8729224877254,18.0397901134852,-0.948080015818344));
#7595=CARTESIAN_POINT('Ctrl Pts',(2.30065907438433,17.956305890667,0.458810747756937));
#7596=CARTESIAN_POINT('Ctrl Pts',(0.890350795752963,17.8310795564397,2.17266883956835));
#7597=CARTESIAN_POINT('Ctrl Pts',(-1.31412833808626,17.7058532222124,1.94339936771008));
#7598=CARTESIAN_POINT('Ctrl Pts',(-2.34654623814896,17.5806268879851,-0.0162902815356648));
#7599=CARTESIAN_POINT('Ctrl Pts',(-1.28632738596399,17.4554005537578,-1.96285911823188));
#7600=CARTESIAN_POINT('Ctrl Pts',(0.921088833553642,17.3301742195305,-2.15818765966969));
#7601=CARTESIAN_POINT('Ctrl Pts',(2.30704734593931,17.2049478853032,-0.429184584075318));
#7602=CARTESIAN_POINT('Ctrl Pts',(1.63554858076956,17.0797215510759,1.6827685776037));
#7603=CARTESIAN_POINT('Ctrl Pts',(-0.494564769926668,16.9544952168486,2.29389794345793));
#7604=CARTESIAN_POINT('Ctrl Pts',(-2.18361461888481,16.8292688826213,0.859341940079924));
#7605=CARTESIAN_POINT('Ctrl Pts',(-1.92528008387918,16.704042548394,-1.34161744230763));
#7606=CARTESIAN_POINT('Ctrl Pts',(0.0500532233498564,16.5788162141667,-2.34608492291213));
#7607=CARTESIAN_POINT('Ctrl Pts',(1.98074791075578,16.4535898799394,-1.25828046221013));
#7608=CARTESIAN_POINT('Ctrl Pts',(2.14497735379656,16.3283635457121,0.951684180009137));
#7609=CARTESIAN_POINT('Ctrl Pts',(0.396278657404285,16.2031372114848,2.31291836440883));
#7610=CARTESIAN_POINT('Ctrl Pts',(-1.70582818919613,16.0779108772576,1.61145280017054));
#7611=CARTESIAN_POINT('Ctrl Pts',(-2.2866478469519,15.9526845430303,-0.527134893557965));
#7612=CARTESIAN_POINT('Ctrl Pts',(-0.828195224794039,15.827458208803,-2.19561425734651));
#7613=CARTESIAN_POINT('Ctrl Pts',(1.36885627910245,15.7022318745757,-1.9060068312768));
#7614=CARTESIAN_POINT('Ctrl Pts',(2.34513797901982,15.5770055403483,0.0834106685257386));
#7615=CARTESIAN_POINT('Ctrl Pts',(1.22998489249175,15.4517792061211,1.99844104686505));
#7616=CARTESIAN_POINT('Ctrl Pts',(-0.982090085335385,15.3265528718937,2.13122700643137));
#7617=CARTESIAN_POINT('Ctrl Pts',(-2.31832006646722,15.2013265376665,0.363347691722296));
#7618=CARTESIAN_POINT('Ctrl Pts',(-1.5870319426857,15.0761002034391,-1.72857140048979));
#7619=CARTESIAN_POINT('Ctrl Pts',(0.559598834367816,14.9508738692119,-2.27892049507901));
#7620=CARTESIAN_POINT('Ctrl Pts',(2.20716965069888,14.8256475349846,-0.796888705662563));
#7621=CARTESIAN_POINT('Ctrl Pts',(1.8863482337819,14.7004212007573,1.39582227275337));
#7622=CARTESIAN_POINT('Ctrl Pts',(-0.116751304071794,14.57519486653,2.34371470314087));
#7623=CARTESIAN_POINT('Ctrl Pts',(-2.01573000093473,14.4499685323027,1.20144165055566));
#7624=CARTESIAN_POINT('Ctrl Pts',(-2.11704566963571,14.3247421980754,-1.0122979350951));
#7625=CARTESIAN_POINT('Ctrl Pts',(-0.330343236708143,14.1995158638481,-2.32325263847211));
#7626=CARTESIAN_POINT('Ctrl Pts',(1.75096503247528,14.0742895296208,-1.56229028391897));
#7627=CARTESIAN_POINT('Ctrl Pts',(2.27073227191782,13.9490631953935,0.591949683324475));
#7628=CARTESIAN_POINT('Ctrl Pts',(0.765421027196673,13.8238368611662,2.21827864003177));
#7629=CARTESIAN_POINT('Ctrl Pts',(-1.42250598261887,13.6986105269389,1.86630817526956));
#7630=CARTESIAN_POINT('Ctrl Pts',(-2.3418174526902,13.5733841927116,-0.15006834087198));
#7631=CARTESIAN_POINT('Ctrl Pts',(-1.17265543197223,13.4481578584843,-2.03261129865477));
#7632=CARTESIAN_POINT('Ctrl Pts',(1.04230105495363,13.322931524257,-2.10243620381395));
#7633=CARTESIAN_POINT('Ctrl Pts',(2.32771538929094,13.1977051900297,-0.297271963309964));
#7634=CARTESIAN_POINT('Ctrl Pts',(1.53723264303484,13.0724788558024,1.77300453993301));
#7635=CARTESIAN_POINT('Ctrl Pts',(-0.624180753134924,12.9472525215752,2.26208487006833));
#7636=CARTESIAN_POINT('Ctrl Pts',(-2.22893914879449,12.8220261873478,0.733798479969064));
#7637=CARTESIAN_POINT('Ctrl Pts',(-1.845890437266,12.6967998531206,-1.44890186981164));
#7638=CARTESIAN_POINT('Ctrl Pts',(0.183354547463989,12.5715735188933,-2.33944688691666));
#7639=CARTESIAN_POINT('Ctrl Pts',(2.04908246271548,12.446347184666,-1.14363152655697));
#7640=CARTESIAN_POINT('Ctrl Pts',(2.08739976524397,12.3211208504387,1.07209235177886));
#7641=CARTESIAN_POINT('Ctrl Pts',(0.264144023102294,12.1958945162114,2.33170939397371));
#7642=CARTESIAN_POINT('Ctrl Pts',(-1.79469214220703,12.0706681819841,1.51186027412858));
#7643=CARTESIAN_POINT('Ctrl Pts',(-2.25296716517492,11.9454418477568,-0.65627817219287));
#7644=CARTESIAN_POINT('Ctrl Pts',(-0.702052281892156,11.8202155135295,-2.23916320068853));
#7645=CARTESIAN_POINT('Ctrl Pts',(1.47505246198469,11.6949891793022,-1.82507180626036));
#7646=CARTESIAN_POINT('Ctrl Pts',(2.33651118316365,11.5697628450749,0.216550466632894));
#7647=CARTESIAN_POINT('Ctrl Pts',(1.11455381414701,11.4445365108476,2.06524183990092));
#7648=CARTESIAN_POINT('Ctrl Pts',(-1.10200928714504,11.3193101766203,2.07174326403868));
#7649=CARTESIAN_POINT('Ctrl Pts',(-2.3345693204502,11.194083842393,0.231344935950547));
#7650=CARTESIAN_POINT('Ctrl Pts',(-1.48748045170993,11.0688575081657,-1.81675984425847));
#7651=CARTESIAN_POINT('Ctrl Pts',(0.690943490635011,10.9436311739384,-2.24190467494792));
#7652=CARTESIAN_POINT('Ctrl Pts',(1.7249374385309,10.8601469511202,-1.1963633204742));
#7653=CARTESIAN_POINT('Ctrl Pts',(1.91168677933115,10.8184048397111,-0.569632530874511));
#7654=CARTESIAN_POINT('Ctrl Pts',(1.51792255694711,17.9938230964999,-1.51792255694714));
#7655=CARTESIAN_POINT('Ctrl Pts',(2.01556098440932,17.9520809850908,-1.02028412948494));
#7656=CARTESIAN_POINT('Ctrl Pts',(2.47587324042865,17.8685967622726,0.493752970807466));
#7657=CARTESIAN_POINT('Ctrl Pts',(0.958158353118464,17.7433704280453,2.33813549347373));
#7658=CARTESIAN_POINT('Ctrl Pts',(-1.41421005092959,17.618144093818,2.09140526015006));
#7659=CARTESIAN_POINT('Ctrl Pts',(-2.52525509022506,17.4929177595907,-0.0175309208488256));
#7660=CARTESIAN_POINT('Ctrl Pts',(-1.38429182698052,17.3676914253634,-2.11234703119242));
#7661=CARTESIAN_POINT('Ctrl Pts',(0.991237346047598,17.2424650911361,-2.32255145227436));
#7662=CARTESIAN_POINT('Ctrl Pts',(2.4827480315577,17.1172387569088,-0.461870530383115));
#7663=CARTESIAN_POINT('Ctrl Pts',(1.76010909640407,16.9920124226815,1.8109252855024));
#7664=CARTESIAN_POINT('Ctrl Pts',(-0.53222995669092,16.8667860884542,2.46859719361141));
#7665=CARTESIAN_POINT('Ctrl Pts',(-2.34991488417398,16.7415597542269,0.92478791730205));
#7666=CARTESIAN_POINT('Ctrl Pts',(-2.07190604339424,16.6163334199996,-1.4437926771878));
#7667=CARTESIAN_POINT('Ctrl Pts',(0.0538651891837688,16.4911070857723,-2.52475864202768));
#7668=CARTESIAN_POINT('Ctrl Pts',(2.13159820282695,16.365880751545,-1.35410889863113));
#7669=CARTESIAN_POINT('Ctrl Pts',(2.30833507264067,16.2406544173178,1.02416278050863));
#7670=CARTESIAN_POINT('Ctrl Pts',(0.42645854596377,16.1154280830904,2.48906617651215));
#7671=CARTESIAN_POINT('Ctrl Pts',(-1.83574107673025,15.9902017488632,1.73417822335269));
#7672=CARTESIAN_POINT('Ctrl Pts',(-2.46079494245231,15.8649754146358,-0.5672805638991));
#7673=CARTESIAN_POINT('Ctrl Pts',(-0.891269122726106,15.7397490804086,-2.3628283940864));
#7674=CARTESIAN_POINT('Ctrl Pts',(1.47310597609051,15.6145227461813,-2.0511649736262));
#7675=CARTESIAN_POINT('Ctrl Pts',(2.52373958054688,15.489296411954,0.089763078966561));
#7676=CARTESIAN_POINT('Ctrl Pts',(1.323658387876,15.3640700777267,2.15063881719696));
#7677=CARTESIAN_POINT('Ctrl Pts',(-1.05688434633576,15.2388437434994,2.29353752290062));
#7678=CARTESIAN_POINT('Ctrl Pts',(-2.4948792627395,15.1136174092721,0.391019615606248));
#7679=CARTESIAN_POINT('Ctrl Pts',(-1.70789751612917,14.9883910750448,-1.86021637116668));
#7680=CARTESIAN_POINT('Ctrl Pts',(0.602216901588108,14.8631647408175,-2.45247908899342));
#7681=CARTESIAN_POINT('Ctrl Pts',(2.37526382595994,14.7379384065902,-0.857578353923549));
#7682=CARTESIAN_POINT('Ctrl Pts',(2.03000921177349,14.6127120723629,1.50212565259332));
#7683=CARTESIAN_POINT('Ctrl Pts',(-0.125642878927561,14.4874857381356,2.52220791046951));
#7684=CARTESIAN_POINT('Ctrl Pts',(-2.16924446773106,14.3622594039083,1.2929413426208));
#7685=CARTESIAN_POINT('Ctrl Pts',(-2.27827616032987,14.237033069681,-1.08939277303127));
#7686=CARTESIAN_POINT('Ctrl Pts',(-0.355501599097722,14.1118067354537,-2.50018749079005));
#7687=CARTESIAN_POINT('Ctrl Pts',(1.88431546294703,13.9865804012264,-1.68127157595994));
#7688=CARTESIAN_POINT('Ctrl Pts',(2.44366726509601,13.8613540669991,0.637031534546442));
#7689=CARTESIAN_POINT('Ctrl Pts',(0.823714152173902,13.7361277327718,2.38721885646564));
#7690=CARTESIAN_POINT('Ctrl Pts',(-1.53084154707197,13.6109013985445,2.00844293750028));
#7691=CARTESIAN_POINT('Ctrl Pts',(-2.52016616874711,13.4856750643172,-0.161497282903533));
#7692=CARTESIAN_POINT('Ctrl Pts',(-1.26196281604232,13.36044873009,-2.18741141552185));
#7693=CARTESIAN_POINT('Ctrl Pts',(1.12168087795485,13.2352223958626,-2.26255406317615));
#7694=CARTESIAN_POINT('Ctrl Pts',(2.50499011689579,13.1099960616354,-0.319911675434059));
#7695=CARTESIAN_POINT('Ctrl Pts',(1.65430558902861,12.984769727408,1.90803346069574));
#7696=CARTESIAN_POINT('Ctrl Pts',(-0.671717266188546,12.8595433931808,2.43436129226554));
#7697=CARTESIAN_POINT('Ctrl Pts',(-2.39869125090637,12.7343170589534,0.789683287128858));
#7698=CARTESIAN_POINT('Ctrl Pts',(-1.98647022032721,12.6090907247262,-1.55924769880719));
#7699=CARTESIAN_POINT('Ctrl Pts',(0.19731850869666,12.4838643904989,-2.51761506483574));
#7700=CARTESIAN_POINT('Ctrl Pts',(2.20513699459207,12.3586380562716,-1.23072850081914));
#7701=CARTESIAN_POINT('Ctrl Pts',(2.24637247577745,12.2334117220443,1.15374102777386));
#7702=CARTESIAN_POINT('Ctrl Pts',(0.284260769315934,12.108185387817,2.50928829798064));
#7703=CARTESIAN_POINT('Ctrl Pts',(-1.93137275277824,11.9829590535897,1.62700090494016));
#7704=CARTESIAN_POINT('Ctrl Pts',(-2.42454919893495,11.8577327193624,-0.7062591684709));
#7705=CARTESIAN_POINT('Ctrl Pts',(-0.755519354202379,11.7325063851351,-2.40969394868766));
#7706=CARTESIAN_POINT('Ctrl Pts',(1.58738987428354,11.6072800509078,-1.9640660788431));
#7707=CARTESIAN_POINT('Ctrl Pts',(2.5144557830261,11.4820537166805,0.233042570934658));
#7708=CARTESIAN_POINT('Ctrl Pts',(1.19943628075479,11.3568273824532,2.22252704164463));
#7709=CARTESIAN_POINT('Ctrl Pts',(-1.1859363845451,11.2316010482259,2.22952360285903));
#7710=CARTESIAN_POINT('Ctrl Pts',(-2.5123660314491,11.1063747139986,0.248963761126561));
#7711=CARTESIAN_POINT('Ctrl Pts',(-1.6007643579416,10.9811483797713,-1.95512109237155));
#7712=CARTESIAN_POINT('Ctrl Pts',(0.74356453685748,10.855922045544,-2.41264420882561));
#7713=CARTESIAN_POINT('Ctrl Pts',(1.85630565302902,10.7724378227258,-1.28747625581383));
#7714=CARTESIAN_POINT('Ctrl Pts',(2.05727749657728,10.7306957113167,-0.613014746849134));
#7715=CARTESIAN_POINT('Ctrl Pts',(1.62534386212235,17.9061139681055,-1.62534386212241));
#7716=CARTESIAN_POINT('Ctrl Pts',(2.15819948109325,17.8643718566964,-1.09248824315152));
#7717=CARTESIAN_POINT('Ctrl Pts',(2.65108740647296,17.7808876338782,0.528695193857993));
#7718=CARTESIAN_POINT('Ctrl Pts',(1.02596591048397,17.6556612996509,2.5036021473791));
#7719=CARTESIAN_POINT('Ctrl Pts',(-1.51429176377292,17.5304349654236,2.23941115259003));
#7720=CARTESIAN_POINT('Ctrl Pts',(-2.70396394230116,17.4052086311964,-0.0187715601619851));
#7721=CARTESIAN_POINT('Ctrl Pts',(-1.48225626799705,17.279982296969,-2.26183494415296));
#7722=CARTESIAN_POINT('Ctrl Pts',(1.06138585854156,17.1547559627418,-2.48691524487903));
#7723=CARTESIAN_POINT('Ctrl Pts',(2.65844871717609,17.0295296285144,-0.49455647669091));
#7724=CARTESIAN_POINT('Ctrl Pts',(1.88466961203858,16.9043032942872,1.9390819934011));
#7725=CARTESIAN_POINT('Ctrl Pts',(-0.569895143455171,16.7790769600598,2.64329644376489));
#7726=CARTESIAN_POINT('Ctrl Pts',(-2.51621514946315,16.6538506258326,0.99023389452418));
#7727=CARTESIAN_POINT('Ctrl Pts',(-2.21853200290929,16.5286242916052,-1.54596791206796));
#7728=CARTESIAN_POINT('Ctrl Pts',(0.0576771550176802,16.403397957378,-2.70343236114322));
#7729=CARTESIAN_POINT('Ctrl Pts',(2.28244849489812,16.2781716231506,-1.44993733505213));
#7730=CARTESIAN_POINT('Ctrl Pts',(2.47169279148477,16.1529452889234,1.09664138100811));
#7731=CARTESIAN_POINT('Ctrl Pts',(0.456638434523256,16.0277189546961,2.66521398861547));
#7732=CARTESIAN_POINT('Ctrl Pts',(-1.96565396426437,15.9024926204688,1.85690364653484));
#7733=CARTESIAN_POINT('Ctrl Pts',(-2.63494203795273,15.7772662862415,-0.607426234240236));
#7734=CARTESIAN_POINT('Ctrl Pts',(-0.954343020658172,15.6520399520142,-2.53004253082628));
#7735=CARTESIAN_POINT('Ctrl Pts',(1.57735567307858,15.5268136177869,-2.19632311597562));
#7736=CARTESIAN_POINT('Ctrl Pts',(2.70234118207393,15.4015872835596,0.0961154894073862));
#7737=CARTESIAN_POINT('Ctrl Pts',(1.41733188326025,15.2763609493323,2.30283658752886));
#7738=CARTESIAN_POINT('Ctrl Pts',(-1.13167860733614,15.151134615105,2.45584803936988));
#7739=CARTESIAN_POINT('Ctrl Pts',(-2.67143845901179,15.0259082808777,0.4186915394902));
#7740=CARTESIAN_POINT('Ctrl Pts',(-1.82876308957264,14.9006819466504,-1.99186134184356));
#7741=CARTESIAN_POINT('Ctrl Pts',(0.644834968808398,14.7754556124231,-2.62603768290782));
#7742=CARTESIAN_POINT('Ctrl Pts',(2.543358001221,14.6502292781958,-0.918268002184537));
#7743=CARTESIAN_POINT('Ctrl Pts',(2.17367018976507,14.5250029439685,1.60842903243328));
#7744=CARTESIAN_POINT('Ctrl Pts',(-0.134534453783324,14.3997766097412,2.70070111779816));
#7745=CARTESIAN_POINT('Ctrl Pts',(-2.32275893452739,14.2745502755139,1.38444103468594));
#7746=CARTESIAN_POINT('Ctrl Pts',(-2.43950665102402,14.1493239412866,-1.16648761096743));
#7747=CARTESIAN_POINT('Ctrl Pts',(-0.380659961487304,14.0240976070593,-2.677122343108));
#7748=CARTESIAN_POINT('Ctrl Pts',(2.01766589341878,13.898871272832,-1.8002528680009));
#7749=CARTESIAN_POINT('Ctrl Pts',(2.61660225827419,13.7736449386047,0.682113385768402));
#7750=CARTESIAN_POINT('Ctrl Pts',(0.882007277151133,13.6484186043774,2.55615907289952));
#7751=CARTESIAN_POINT('Ctrl Pts',(-1.63917711152507,13.5231922701501,2.150577699731));
#7752=CARTESIAN_POINT('Ctrl Pts',(-2.69851488480402,13.3979659359228,-0.17292622493508));
#7753=CARTESIAN_POINT('Ctrl Pts',(-1.35127020011241,13.2727396016956,-2.34221153238894));
#7754=CARTESIAN_POINT('Ctrl Pts',(1.20106070095607,13.1475132674682,-2.42267192253835));
#7755=CARTESIAN_POINT('Ctrl Pts',(2.68226484450064,13.022286933241,-0.342551387558155));
#7756=CARTESIAN_POINT('Ctrl Pts',(1.77137853502238,12.8970605990137,2.04306238145848));
#7757=CARTESIAN_POINT('Ctrl Pts',(-0.719253779242173,12.7718342647864,2.60663771446276));
#7758=CARTESIAN_POINT('Ctrl Pts',(-2.56844335301826,12.6466079305591,0.845568094288652));
#7759=CARTESIAN_POINT('Ctrl Pts',(-2.12705000338842,12.5213815963318,-1.66959352780273));
#7760=CARTESIAN_POINT('Ctrl Pts',(0.211282469929333,12.3961552621045,-2.69578324275482));
#7761=CARTESIAN_POINT('Ctrl Pts',(2.36119152646867,12.2709289278772,-1.31782547508132));
#7762=CARTESIAN_POINT('Ctrl Pts',(2.40534518631093,12.1457025936499,1.23538970376887));
#7763=CARTESIAN_POINT('Ctrl Pts',(0.304377515529573,12.0204762594226,2.68686720198758));
#7764=CARTESIAN_POINT('Ctrl Pts',(-2.06805336334945,11.8952499251953,1.74214153575174));
#7765=CARTESIAN_POINT('Ctrl Pts',(-2.59613123269499,11.770023590968,-0.756240164748929));
#7766=CARTESIAN_POINT('Ctrl Pts',(-0.8089864265126,11.6447972567407,-2.58022469668678));
#7767=CARTESIAN_POINT('Ctrl Pts',(1.6997272865824,11.5195709225134,-2.10306035142583));
#7768=CARTESIAN_POINT('Ctrl Pts',(2.69240038288854,11.3943445882861,0.249534675236422));
#7769=CARTESIAN_POINT('Ctrl Pts',(1.28431874736256,11.2691182540588,2.37981224338834));
#7770=CARTESIAN_POINT('Ctrl Pts',(-1.26986348194515,11.1438919198315,2.38730394167938));
#7771=CARTESIAN_POINT('Ctrl Pts',(-2.690162742448,11.0186655856042,0.266582586302576));
#7772=CARTESIAN_POINT('Ctrl Pts',(-1.71404826417327,10.8934392513769,-2.09348234048464));
#7773=CARTESIAN_POINT('Ctrl Pts',(0.796185583079949,10.7682129171496,-2.58338374270329));
#7774=CARTESIAN_POINT('Ctrl Pts',(1.98767386752715,10.6847286943314,-1.37858919115346));
#7775=CARTESIAN_POINT('Ctrl Pts',(2.20286821382341,10.6429865829223,-0.656396962823758));
#7776=CARTESIAN_POINT('Ctrl Pts',(1.7327651672976,17.8184048397111,-1.73276516729767));
#7777=CARTESIAN_POINT('Ctrl Pts',(2.30083797777718,17.776662728302,-1.16469235681811));
#7778=CARTESIAN_POINT('Ctrl Pts',(2.82630157251727,17.6931785054838,0.56363741690852));
#7779=CARTESIAN_POINT('Ctrl Pts',(1.09377346784947,17.5679521712565,2.66906880128448));
#7780=CARTESIAN_POINT('Ctrl Pts',(-1.61437347661626,17.4427258370292,2.38741704503001));
#7781=CARTESIAN_POINT('Ctrl Pts',(-2.88267279437726,17.3174995028019,-0.0200121994751458));
#7782=CARTESIAN_POINT('Ctrl Pts',(-1.58022070901358,17.1922731685746,-2.4113228571135));
#7783=CARTESIAN_POINT('Ctrl Pts',(1.13153437103552,17.0670468343473,-2.6512790374837));
#7784=CARTESIAN_POINT('Ctrl Pts',(2.83414940279447,16.94182050012,-0.527242422998704));
#7785=CARTESIAN_POINT('Ctrl Pts',(2.00923012767308,16.8165941658928,2.06723870129981));
#7786=CARTESIAN_POINT('Ctrl Pts',(-0.607560330219426,16.6913678316654,2.81799569391838));
#7787=CARTESIAN_POINT('Ctrl Pts',(-2.68251541475232,16.5661414974382,1.05567987174631));
#7788=CARTESIAN_POINT('Ctrl Pts',(-2.36515796242435,16.4409151632109,-1.64814314694813));
#7789=CARTESIAN_POINT('Ctrl Pts',(0.0614891208515946,16.3156888289836,-2.88210608025876));
#7790=CARTESIAN_POINT('Ctrl Pts',(2.43329878696929,16.1904624947563,-1.54576577147312));
#7791=CARTESIAN_POINT('Ctrl Pts',(2.63505051032888,16.065236160529,1.1691199815076));
#7792=CARTESIAN_POINT('Ctrl Pts',(0.486818323082741,15.9400098263017,2.84136180071879));
#7793=CARTESIAN_POINT('Ctrl Pts',(-2.09556685179849,15.8147834920744,1.979629069717));
#7794=CARTESIAN_POINT('Ctrl Pts',(-2.80908913345314,15.6895571578471,-0.647571904581373));
#7795=CARTESIAN_POINT('Ctrl Pts',(-1.01741691859024,15.5643308236198,-2.69725666756616));
#7796=CARTESIAN_POINT('Ctrl Pts',(1.68160537006665,15.4391044893925,-2.34148125832503));
#7797=CARTESIAN_POINT('Ctrl Pts',(2.88094278360099,15.3138781551652,0.102467899848212));
#7798=CARTESIAN_POINT('Ctrl Pts',(1.5110053786445,15.1886518209379,2.45503435786076));
#7799=CARTESIAN_POINT('Ctrl Pts',(-1.20647286833652,15.0634254867106,2.61815855583913));
#7800=CARTESIAN_POINT('Ctrl Pts',(-2.84799765528407,14.9381991524833,0.446363463374152));
#7801=CARTESIAN_POINT('Ctrl Pts',(-1.94962866301611,14.812972818256,-2.12350631252045));
#7802=CARTESIAN_POINT('Ctrl Pts',(0.687453036028691,14.6877464840287,-2.79959627682223));
#7803=CARTESIAN_POINT('Ctrl Pts',(2.71145217648206,14.5625201498014,-0.978957650445522));
#7804=CARTESIAN_POINT('Ctrl Pts',(2.31733116775666,14.4372938155741,1.71473241227323));
#7805=CARTESIAN_POINT('Ctrl Pts',(-0.143426028639091,14.3120674813468,2.87919432512681));
#7806=CARTESIAN_POINT('Ctrl Pts',(-2.47627340132372,14.1868411471195,1.47594072675109));
#7807=CARTESIAN_POINT('Ctrl Pts',(-2.60073714171819,14.0616148128922,-1.2435824489036));
#7808=CARTESIAN_POINT('Ctrl Pts',(-0.405818323876882,13.9363884786649,-2.85405719542594));
#7809=CARTESIAN_POINT('Ctrl Pts',(2.15101632389052,13.8111621444376,-1.91923416004187));
#7810=CARTESIAN_POINT('Ctrl Pts',(2.78953725145238,13.6859358102104,0.727195236990366));
#7811=CARTESIAN_POINT('Ctrl Pts',(0.940300402128361,13.560709475983,2.7250992893334));
#7812=CARTESIAN_POINT('Ctrl Pts',(-1.74751267597818,13.4354831417558,2.29271246196171));
#7813=CARTESIAN_POINT('Ctrl Pts',(-2.87686360086093,13.3102568075284,-0.184355166966631));
#7814=CARTESIAN_POINT('Ctrl Pts',(-1.4405775841825,13.1850304733012,-2.49701164925603));
#7815=CARTESIAN_POINT('Ctrl Pts',(1.28044052395728,13.0598041390739,-2.58278978190055));
#7816=CARTESIAN_POINT('Ctrl Pts',(2.85953957210549,12.9345778048466,-0.36519109968225));
#7817=CARTESIAN_POINT('Ctrl Pts',(1.88845148101615,12.8093514706193,2.17809130222122));
#7818=CARTESIAN_POINT('Ctrl Pts',(-0.766790292295793,12.684125136392,2.77891413665997));
#7819=CARTESIAN_POINT('Ctrl Pts',(-2.73819545513015,12.5588988021647,0.901452901448445));
#7820=CARTESIAN_POINT('Ctrl Pts',(-2.26762978644963,12.4336724679374,-1.77993935679827));
#7821=CARTESIAN_POINT('Ctrl Pts',(0.225246431162002,12.3084461337101,-2.87395142067391));
#7822=CARTESIAN_POINT('Ctrl Pts',(2.51724605834527,12.1832197994828,-1.40492244934349));
#7823=CARTESIAN_POINT('Ctrl Pts',(2.56431789684442,12.0579934652555,1.31703837976388));
#7824=CARTESIAN_POINT('Ctrl Pts',(0.324494261743212,11.9327671310282,2.86444610599452));
#7825=CARTESIAN_POINT('Ctrl Pts',(-2.20473397392067,11.8075407968009,1.85728216656331));
#7826=CARTESIAN_POINT('Ctrl Pts',(-2.76771326645503,11.6823144625736,-0.806221161026958));
#7827=CARTESIAN_POINT('Ctrl Pts',(-0.862453498822823,11.5570881283463,-2.75075544468591));
#7828=CARTESIAN_POINT('Ctrl Pts',(1.81206469888126,11.431861794119,-2.24205462400856));
#7829=CARTESIAN_POINT('Ctrl Pts',(2.87034498275099,11.3066354598917,0.266026779538186));
#7830=CARTESIAN_POINT('Ctrl Pts',(1.36920121397034,11.1814091256644,2.53709744513205));
#7831=CARTESIAN_POINT('Ctrl Pts',(-1.3537905793452,11.0561827914371,2.54508428049973));
#7832=CARTESIAN_POINT('Ctrl Pts',(-2.8679594534469,10.9309564572098,0.28420141147859));
#7833=CARTESIAN_POINT('Ctrl Pts',(-1.82733217040494,10.8057301229826,-2.23184358859772));
#7834=CARTESIAN_POINT('Ctrl Pts',(0.848806629302416,10.6805037887552,-2.75412327658098));
#7835=CARTESIAN_POINT('Ctrl Pts',(2.11904208202527,10.597019565937,-1.4697021264931));
#7836=CARTESIAN_POINT('Ctrl Pts',(2.34845893106954,10.5552774545279,-0.699779178798382));
#7837=CARTESIAN_POINT('Ctrl Pts',(-1.7343059118168,10.8184048397111,-1.73596437311476));
#7838=CARTESIAN_POINT('Ctrl Pts',(-1.67236749619964,10.8184048397111,-1.78828883223051));
#7839=CARTESIAN_POINT('Ctrl Pts',(-1.6078392214756,10.8184048397111,-1.83724682364402));
#7840=CARTESIAN_POINT('Ctrl Pts',(-1.54081843243222,10.8184048397111,-1.88253190876071));
#7841=CARTESIAN_POINT('Ctrl Pts',(-1.47000769032563,10.8184048397111,-1.93037781641479));
#7842=CARTESIAN_POINT('Ctrl Pts',(-1.39641367518645,10.8184048397111,-1.97412407796741));
#7843=CARTESIAN_POINT('Ctrl Pts',(-1.3204343440655,10.8184048397111,-2.01372538892684));
#7844=CARTESIAN_POINT('Ctrl Pts',(-1.28753140105801,10.8184048397111,-2.03087478545741));
#7845=CARTESIAN_POINT('Ctrl Pts',(-1.2541809684928,10.8184048397111,-2.0472462201699));
#7846=CARTESIAN_POINT('Ctrl Pts',(-1.22041495947877,10.8184048397111,-2.06283304708625));
#7847=CARTESIAN_POINT('Ctrl Pts',(-1.20240488728118,10.8184048397111,-2.07114672958211));
#7848=CARTESIAN_POINT('Ctrl Pts',(-1.18427391295284,10.8184048397111,-2.07923817589275));
#7849=CARTESIAN_POINT('Ctrl Pts',(-1.16604920133733,10.8184048397111,-2.08709697373083));
#7850=CARTESIAN_POINT('Ctrl Pts',(-1.08815264564201,10.8184048397111,-2.12068726017309));
#7851=CARTESIAN_POINT('Ctrl Pts',(-1.00846271186829,10.8184048397111,-2.15007073653853));
#7852=CARTESIAN_POINT('Ctrl Pts',(-0.92737407855755,10.8184048397111,-2.17521581633995));
#7853=CARTESIAN_POINT('Ctrl Pts',(-0.863079866925599,10.8184048397111,-2.1951530506507));
#7854=CARTESIAN_POINT('Ctrl Pts',(-0.797905788536037,10.8184048397111,-2.2124247155858));
#7855=CARTESIAN_POINT('Ctrl Pts',(-0.73204738660754,10.8184048397111,-2.22699181302193));
#7856=CARTESIAN_POINT('Ctrl Pts',(-0.700673801115533,10.8184048397111,-2.23393127804689));
#7857=CARTESIAN_POINT('Ctrl Pts',(-0.66914493935658,10.8184048397111,-2.24025667489404));
#7858=CARTESIAN_POINT('Ctrl Pts',(-0.637482229805957,10.8184048397111,-2.24596214347477));
#7859=CARTESIAN_POINT('Ctrl Pts',(-0.624255947494753,10.8184048397111,-2.24834545618672));
#7860=CARTESIAN_POINT('Ctrl Pts',(-0.611005562344252,10.8184048397111,-2.25062070491984));
#7861=CARTESIAN_POINT('Ctrl Pts',(-0.597734954987548,10.8184048397111,-2.25278703272237));
#7862=CARTESIAN_POINT('Ctrl Pts',(-0.515646564049729,10.8184048397111,-2.26618735109316));
#7863=CARTESIAN_POINT('Ctrl Pts',(-0.43309553134588,10.8184048397111,-2.27537401228232));
#7864=CARTESIAN_POINT('Ctrl Pts',(-0.350449077287378,10.8184048397111,-2.28031994726522));
#7865=CARTESIAN_POINT('Ctrl Pts',(-0.26494958857526,10.8184048397111,-2.285436620655));
#7866=CARTESIAN_POINT('Ctrl Pts',(-0.179346768443436,10.8184048397111,-2.28601502118884));
#7867=CARTESIAN_POINT('Ctrl Pts',(-0.0940540246002947,10.8184048397111,
-2.28196664480905));
#7868=CARTESIAN_POINT('Ctrl Pts',(-0.0300844667179385,10.8184048397111,
-2.2789303625242));
#7869=CARTESIAN_POINT('Ctrl Pts',(0.0337106406647768,10.8184048397111,-2.27329029672166));
#7870=CARTESIAN_POINT('Ctrl Pts',(0.0971481787431799,10.8184048397111,-2.2649872733297));
#7871=CARTESIAN_POINT('Ctrl Pts',(0.144726332301982,10.8184048397111,-2.25876000578573));
#7872=CARTESIAN_POINT('Ctrl Pts',(0.192103216724369,10.8184048397111,-2.25103444070522));
#7873=CARTESIAN_POINT('Ctrl Pts',(0.239197218963322,10.8184048397111,-2.24177873106111));
#7874=CARTESIAN_POINT('Ctrl Pts',(0.253876645019532,10.8184048397111,-2.2388936820345));
#7875=CARTESIAN_POINT('Ctrl Pts',(0.268528554263926,10.8184048397111,-2.23585992129038));
#7876=CARTESIAN_POINT('Ctrl Pts',(0.283150383095573,10.8184048397111,-2.23267636739212));
#7877=CARTESIAN_POINT('Ctrl Pts',(0.295617225964956,10.8184048397111,-2.22996201020241));
#7878=CARTESIAN_POINT('Ctrl Pts',(0.308053721746165,10.8184048397111,-2.22714058671936));
#7879=CARTESIAN_POINT('Ctrl Pts',(0.320455521474662,10.8184048397111,-2.22421256169018));
#7880=CARTESIAN_POINT('Ctrl Pts',(0.396507604994219,10.8184048397111,-2.20625690937021));
#7881=CARTESIAN_POINT('Ctrl Pts',(0.471292919891861,10.8184048397111,-2.18428832834557));
#7882=CARTESIAN_POINT('Ctrl Pts',(0.544487489259553,10.8184048397111,-2.15823697237391));
#7883=CARTESIAN_POINT('Ctrl Pts',(0.580091528354029,10.8184048397111,-2.14556480960977));
#7884=CARTESIAN_POINT('Ctrl Pts',(0.615318887251638,10.8184048397111,-2.1319258977354));
#7885=CARTESIAN_POINT('Ctrl Pts',(0.65013018035515,10.8184048397111,-2.11730821222336));
#7886=CARTESIAN_POINT('Ctrl Pts',(0.723225280555472,10.8184048397111,-2.08661469032451));
#7887=CARTESIAN_POINT('Ctrl Pts',(0.794488398012256,10.8184048397111,-2.05160798116538));
#7888=CARTESIAN_POINT('Ctrl Pts',(0.863675554598987,10.8184048397111,-2.01256678197069));
#7889=CARTESIAN_POINT('Ctrl Pts',(0.93018060976867,10.8184048397111,-1.97503904944885));
#7890=CARTESIAN_POINT('Ctrl Pts',(0.994767821836676,10.8184048397111,-1.93378261145673));
#7891=CARTESIAN_POINT('Ctrl Pts',(1.05718388557605,10.8184048397111,-1.88901910589071));
#7892=CARTESIAN_POINT('Ctrl Pts',(1.06698826009423,10.8184048397111,-1.88198761196074));
#7893=CARTESIAN_POINT('Ctrl Pts',(1.07673089427402,10.8184048397111,-1.8748753465696));
#7894=CARTESIAN_POINT('Ctrl Pts',(1.08641107293515,10.8184048397111,-1.86768348594782));
#7895=CARTESIAN_POINT('Ctrl Pts',(1.14883218097866,10.8184048397111,-1.82130790501888));
#7896=CARTESIAN_POINT('Ctrl Pts',(1.20865956354531,10.8184048397111,-1.77162562979853));
#7897=CARTESIAN_POINT('Ctrl Pts',(1.26568539262955,10.8184048397111,-1.718925266469));
#7898=CARTESIAN_POINT('Ctrl Pts',(1.32264967448414,10.8184048397111,-1.66628178195065));
#7899=CARTESIAN_POINT('Ctrl Pts',(1.37681900049753,10.8184048397111,-1.61062581197415));
#7900=CARTESIAN_POINT('Ctrl Pts',(1.42794434960164,10.8184048397111,-1.55221470477559));
#7901=CARTESIAN_POINT('Ctrl Pts',(1.47820586880337,10.8184048397111,-1.49479052992884));
#7902=CARTESIAN_POINT('Ctrl Pts',(1.52552578745554,10.8184048397111,-1.43470266675345));
#7903=CARTESIAN_POINT('Ctrl Pts',(1.56962028354812,10.8184048397111,-1.37217954280243));
#7904=CARTESIAN_POINT('Ctrl Pts',(1.58527558917052,10.8184048397111,-1.3499813389299));
#7905=CARTESIAN_POINT('Ctrl Pts',(1.60052385334491,10.8184048397111,-1.32747607374979));
#7906=CARTESIAN_POINT('Ctrl Pts',(1.61535076964969,10.8184048397111,-1.30467378004662));
#7907=CARTESIAN_POINT('Ctrl Pts',(1.62189932603167,10.8184048397111,-1.29460276440962));
#7908=CARTESIAN_POINT('Ctrl Pts',(1.62836474925339,10.8184048397111,-1.28447511496694));
#7909=CARTESIAN_POINT('Ctrl Pts',(1.63473970838734,10.8184048397111,-1.27430186477276));
#7910=CARTESIAN_POINT('Ctrl Pts',(1.6745635260015,10.8184048397111,-1.21075045185168));
#7911=CARTESIAN_POINT('Ctrl Pts',(1.71093090151313,10.8184048397111,-1.14531430856251));
#7912=CARTESIAN_POINT('Ctrl Pts',(1.74362354789885,10.8184048397111,-1.07823282097653));
#7913=CARTESIAN_POINT('Ctrl Pts',(1.77579185429882,10.8184048397111,-1.01222721772952));
#7914=CARTESIAN_POINT('Ctrl Pts',(1.80440266774341,10.8184048397111,-0.944627816242721));
#7915=CARTESIAN_POINT('Ctrl Pts',(1.82919963640455,10.8184048397111,-0.875651101632894));
#7916=CARTESIAN_POINT('Ctrl Pts',(1.85320689610304,10.8184048397111,-0.80887108817977));
#7917=CARTESIAN_POINT('Ctrl Pts',(1.87363946814328,10.8184048397111,-0.740799432684391));
#7918=CARTESIAN_POINT('Ctrl Pts',(1.8902162175578,10.8184048397111,-0.671632289718868));
#7919=CARTESIAN_POINT('Ctrl Pts',(1.89830409972984,10.8184048397111,-0.63788528127394));
#7920=CARTESIAN_POINT('Ctrl Pts',(1.90547334222843,10.8184048397111,-0.603877546075793));
#7921=CARTESIAN_POINT('Ctrl Pts',(1.91168677933115,10.8184048397111,-0.569632530874511));
#7922=CARTESIAN_POINT('Origin',(0.,10.8184048397111,-2.77555756156289E-16));
#7923=CARTESIAN_POINT('Origin',(0.,4.45436371808339,0.));
#7924=CARTESIAN_POINT('',(-9.19861854886866,4.38852001270149,-7.48035473978859));
#7925=CARTESIAN_POINT('',(-9.2762927691429,4.27924626858837,-7.5580271013605));
#7926=CARTESIAN_POINT('Ctrl Pts',(-9.19861854886866,4.38852001270149,-7.48035473978859));
#7927=CARTESIAN_POINT('Ctrl Pts',(-9.23727750749652,4.33413640273378,-7.51901277332837));
#7928=CARTESIAN_POINT('Ctrl Pts',(-9.27629276914289,4.27924626858837,-7.5580271013605));
#7929=CARTESIAN_POINT('',(-7.55802812562553,4.27924626858837,-9.27629193460437));
#7930=CARTESIAN_POINT('Origin',(0.,4.27924626858837,0.));
#7931=CARTESIAN_POINT('',(-7.48034627939547,4.38853191459198,-9.1986100883743));
#7932=CARTESIAN_POINT('Ctrl Pts',(-7.55802812562553,4.27924626858837,-9.27629193460437));
#7933=CARTESIAN_POINT('Ctrl Pts',(-7.51900901414195,4.33414240942204,-9.23727282312078));
#7934=CARTESIAN_POINT('Ctrl Pts',(-7.48034627939547,4.38853191459198,-9.1986100883743));
#7935=CARTESIAN_POINT('Ctrl Pts',(-7.48034627939547,4.38853191459198,-9.1986100883743));
#7936=CARTESIAN_POINT('Ctrl Pts',(-7.42383692639659,4.46802747452161,-9.14210073537542));
#7937=CARTESIAN_POINT('Ctrl Pts',(-7.35813411036035,4.54978296517676,-9.0901645329472));
#7938=CARTESIAN_POINT('Ctrl Pts',(-7.28510163555647,4.62948116757841,-9.04664926317006));
#7939=CARTESIAN_POINT('Ctrl Pts',(-9.04664926317006,4.62948116757841,-7.28510163555646));
#7940=CARTESIAN_POINT('Ctrl Pts',(-9.09016346988596,4.54978491217306,-7.35813232620519));
#7941=CARTESIAN_POINT('Ctrl Pts',(-9.14210278180904,4.46802374332138,-7.42384032512088));
#7942=CARTESIAN_POINT('Ctrl Pts',(-9.19861854886866,4.38852001270149,-7.48035473978859));
#7943=CARTESIAN_POINT('Origin',(0.,4.45436371808339,0.));
#7944=CARTESIAN_POINT('',(7.55802812562552,4.27924626858837,9.27629193460437));
#7945=CARTESIAN_POINT('',(7.48034627939547,4.38853191459196,9.19861008837431));
#7946=CARTESIAN_POINT('Ctrl Pts',(7.55802812562553,4.27924626858837,9.27629193460436));
#7947=CARTESIAN_POINT('Ctrl Pts',(7.51900901418806,4.33414240935716,9.2372728231669));
#7948=CARTESIAN_POINT('Ctrl Pts',(7.48034627939547,4.38853191459196,9.19861008837431));
#7949=CARTESIAN_POINT('Ctrl Pts',(7.48034627939547,4.38853191459196,9.19861008837431));
#7950=CARTESIAN_POINT('Ctrl Pts',(7.42383692639659,4.46802747452161,9.14210073537542));
#7951=CARTESIAN_POINT('Ctrl Pts',(7.35813411036035,4.54978296517675,9.0901645329472));
#7952=CARTESIAN_POINT('Ctrl Pts',(7.28510163555647,4.6294811675784,9.04664926317006));
#7953=CARTESIAN_POINT('',(9.19861854886867,4.38852001270148,7.4803547397886));
#7954=CARTESIAN_POINT('Ctrl Pts',(9.04664926317006,4.6294811675784,7.28510163555646));
#7955=CARTESIAN_POINT('Ctrl Pts',(9.09016346988597,4.54978491217305,7.3581323262052));
#7956=CARTESIAN_POINT('Ctrl Pts',(9.14210278180904,4.46802374332137,7.42384032512089));
#7957=CARTESIAN_POINT('Ctrl Pts',(9.19861854886867,4.38852001270148,7.4803547397886));
#7958=CARTESIAN_POINT('',(9.2762927691429,4.27924626858837,7.5580271013605));
#7959=CARTESIAN_POINT('Ctrl Pts',(9.19861854886867,4.38852001270148,7.4803547397886));
#7960=CARTESIAN_POINT('Ctrl Pts',(9.2372775077139,4.33413640242803,7.51901277354573));
#7961=CARTESIAN_POINT('Ctrl Pts',(9.2762927691429,4.27924626858837,7.5580271013605));
#7962=CARTESIAN_POINT('Origin',(0.,4.27924626858837,0.));
#7963=CARTESIAN_POINT('Origin',(0.,4.45436371808339,0.));
#7964=CARTESIAN_POINT('',(-7.48035473978859,4.38852001270149,9.19861854886867));
#7965=CARTESIAN_POINT('',(-7.5580271013605,4.27924626858837,9.2762927691429));
#7966=CARTESIAN_POINT('Ctrl Pts',(-7.48035473978859,4.38852001270148,9.19861854886867));
#7967=CARTESIAN_POINT('Ctrl Pts',(-7.51901277351795,4.3341364024671,9.23727750768613));
#7968=CARTESIAN_POINT('Ctrl Pts',(-7.5580271013605,4.27924626858837,9.2762927691429));
#7969=CARTESIAN_POINT('',(-9.27629193460437,4.27924626858837,7.55802812562553));
#7970=CARTESIAN_POINT('Origin',(0.,4.27924626858837,0.));
#7971=CARTESIAN_POINT('',(-9.1986100883743,4.38853191459197,7.48034627939547));
#7972=CARTESIAN_POINT('Ctrl Pts',(-9.27629193460437,4.27924626858837,7.55802812562553));
#7973=CARTESIAN_POINT('Ctrl Pts',(-9.23727282318461,4.33414240933226,7.51900901420578));
#7974=CARTESIAN_POINT('Ctrl Pts',(-9.19861008837431,4.38853191459197,7.48034627939547));
#7975=CARTESIAN_POINT('Ctrl Pts',(-9.1986100883743,4.38853191459197,7.48034627939547));
#7976=CARTESIAN_POINT('Ctrl Pts',(-9.14210073537542,4.46802747452161,7.42383692639659));
#7977=CARTESIAN_POINT('Ctrl Pts',(-9.0901645329472,4.54978296517676,7.35813411036034));
#7978=CARTESIAN_POINT('Ctrl Pts',(-9.04664926317006,4.62948116757841,7.28510163555646));
#7979=CARTESIAN_POINT('Ctrl Pts',(-7.28510163555645,4.62948116757841,9.04664926317006));
#7980=CARTESIAN_POINT('Ctrl Pts',(-7.35813232620519,4.54978491217306,9.09016346988597));
#7981=CARTESIAN_POINT('Ctrl Pts',(-7.42384032512088,4.46802374332138,9.14210278180905));
#7982=CARTESIAN_POINT('Ctrl Pts',(-7.48035473978859,4.38852001270149,9.19861854886867));
#7983=CARTESIAN_POINT('Origin',(0.,4.45436371808339,0.));
#7984=CARTESIAN_POINT('',(11.9036618712533,4.27924626858837,1.21499599119637));
#7985=CARTESIAN_POINT('',(11.7938031507646,4.38853191459196,1.21499599119637));
#7986=CARTESIAN_POINT('Ctrl Pts',(11.9036618712533,4.27924626858837,1.21499599119637));
#7987=CARTESIAN_POINT('Ctrl Pts',(11.8484805147415,4.33414240928276,1.21499599119637));
#7988=CARTESIAN_POINT('Ctrl Pts',(11.7938031507646,4.38853191459196,1.21499599119637));
#7989=CARTESIAN_POINT('Ctrl Pts',(11.7938031507646,4.38853191459196,1.21499599119637));
#7990=CARTESIAN_POINT('Ctrl Pts',(11.7138868573526,4.46802747452161,1.21499599119637));
#7991=CARTESIAN_POINT('Ctrl Pts',(11.6307035096643,4.54978296517675,1.22473045703257));
#7992=CARTESIAN_POINT('Ctrl Pts',(11.548291809139,4.62948116757841,1.24560227286866));
#7993=CARTESIAN_POINT('',(11.7938151156388,4.38852001270149,-1.21499599126794));
#7994=CARTESIAN_POINT('Ctrl Pts',(11.548291809139,4.62948116757841,-1.24560227286865));
#7995=CARTESIAN_POINT('Ctrl Pts',(11.6307014963782,4.54978491217306,-1.22473096692297));
#7996=CARTESIAN_POINT('Ctrl Pts',(11.7138907076607,4.46802374332138,-1.21499503498245));
#7997=CARTESIAN_POINT('Ctrl Pts',(11.7938151156388,4.38852001270149,-1.21499599126794));
#7998=CARTESIAN_POINT('',(11.9036617370964,4.27924626858837,-1.21499730556896));
#7999=CARTESIAN_POINT('Ctrl Pts',(11.7938151156388,4.38852001270149,-1.21499599126794));
#8000=CARTESIAN_POINT('Ctrl Pts',(11.8484864853788,4.33413640245803,-1.21499664540401));
#8001=CARTESIAN_POINT('Ctrl Pts',(11.9036617370964,4.27924626858837,-1.21499730556896));
#8002=CARTESIAN_POINT('Origin',(0.,4.27924626858837,0.));
#8003=CARTESIAN_POINT('Origin',(0.,4.45436371808339,0.));
#8004=CARTESIAN_POINT('',(-1.21499599126794,4.38852001270149,-11.7938151156388));
#8005=CARTESIAN_POINT('',(-1.21499730556896,4.27924626858837,-11.9036617370964));
#8006=CARTESIAN_POINT('Ctrl Pts',(-1.21499599126794,4.38852001270149,-11.7938151156388));
#8007=CARTESIAN_POINT('Ctrl Pts',(-1.21499664540401,4.33413640269866,-11.8484864851368));
#8008=CARTESIAN_POINT('Ctrl Pts',(-1.21499730556896,4.27924626858837,-11.9036617370964));
#8009=CARTESIAN_POINT('',(1.21499599119637,4.27924626858837,-11.9036618712533));
#8010=CARTESIAN_POINT('Origin',(0.,4.27924626858837,0.));
#8011=CARTESIAN_POINT('',(1.21499599119637,4.38853191459197,-11.7938031507646));
#8012=CARTESIAN_POINT('Ctrl Pts',(1.21499599119637,4.27924626858837,-11.9036618712533));
#8013=CARTESIAN_POINT('Ctrl Pts',(1.21499599119637,4.33414240930076,-11.8484805147234));
#8014=CARTESIAN_POINT('Ctrl Pts',(1.21499599119637,4.38853191459197,-11.7938031507646));
#8015=CARTESIAN_POINT('Ctrl Pts',(1.21499599119637,4.38853191459197,-11.7938031507646));
#8016=CARTESIAN_POINT('Ctrl Pts',(1.21499599119637,4.46802747452161,-11.7138868573526));
#8017=CARTESIAN_POINT('Ctrl Pts',(1.22473045703257,4.54978296517676,-11.6307035096642));
#8018=CARTESIAN_POINT('Ctrl Pts',(1.24560227286866,4.62948116757841,-11.548291809139));
#8019=CARTESIAN_POINT('Ctrl Pts',(-1.24560227286865,4.62948116757841,-11.548291809139));
#8020=CARTESIAN_POINT('Ctrl Pts',(-1.22473096692297,4.54978491217306,-11.6307014963782));
#8021=CARTESIAN_POINT('Ctrl Pts',(-1.21499503498245,4.46802374332138,-11.7138907076607));
#8022=CARTESIAN_POINT('Ctrl Pts',(-1.21499599126794,4.38852001270149,-11.7938151156388));
#8023=CARTESIAN_POINT('Origin',(0.,4.45436371808339,0.));
#8024=CARTESIAN_POINT('',(9.27629193460437,4.27924626858837,-7.55802812562552));
#8025=CARTESIAN_POINT('',(9.19861008837431,4.38853191459197,-7.48034627939546));
#8026=CARTESIAN_POINT('Ctrl Pts',(9.27629193460437,4.27924626858837,-7.55802812562553));
#8027=CARTESIAN_POINT('Ctrl Pts',(9.23727282321033,4.33414240929608,-7.51900901423149));
#8028=CARTESIAN_POINT('Ctrl Pts',(9.19861008837431,4.38853191459197,-7.48034627939546));
#8029=CARTESIAN_POINT('Ctrl Pts',(9.19861008837431,4.38853191459197,-7.48034627939546));
#8030=CARTESIAN_POINT('Ctrl Pts',(9.14210073537543,4.46802747452161,-7.42383692639659));
#8031=CARTESIAN_POINT('Ctrl Pts',(9.0901645329472,4.54978296517675,-7.35813411036034));
#8032=CARTESIAN_POINT('Ctrl Pts',(9.04664926317006,4.6294811675784,-7.28510163555646));
#8033=CARTESIAN_POINT('',(7.4803547397886,4.38852001270148,-9.19861854886867));
#8034=CARTESIAN_POINT('Ctrl Pts',(7.28510163555646,4.6294811675784,-9.04664926317006));
#8035=CARTESIAN_POINT('Ctrl Pts',(7.35813232620519,4.54978491217306,-9.09016346988597));
#8036=CARTESIAN_POINT('Ctrl Pts',(7.42384032512089,4.46802374332138,-9.14210278180904));
#8037=CARTESIAN_POINT('Ctrl Pts',(7.4803547397886,4.38852001270148,-9.19861854886867));
#8038=CARTESIAN_POINT('',(7.55802710136051,4.27924626858837,-9.27629276914289));
#8039=CARTESIAN_POINT('Ctrl Pts',(7.4803547397886,4.38852001270148,-9.19861854886867));
#8040=CARTESIAN_POINT('Ctrl Pts',(7.51901277351573,4.33413640247023,-9.23727750768389));
#8041=CARTESIAN_POINT('Ctrl Pts',(7.55802710136051,4.27924626858837,-9.27629276914289));
#8042=CARTESIAN_POINT('Origin',(0.,4.27924626858837,0.));
#8043=CARTESIAN_POINT('Origin',(0.,4.45436371808339,0.));
#8044=CARTESIAN_POINT('',(-11.9036618712533,4.27924626858837,-1.21499599119636));
#8045=CARTESIAN_POINT('',(-11.7938031507646,4.38853191459197,-1.21499599119636));
#8046=CARTESIAN_POINT('Ctrl Pts',(-11.9036618712533,4.27924626858837,-1.21499599119636));
#8047=CARTESIAN_POINT('Ctrl Pts',(-11.8484805147051,4.33414240931898,-1.21499599119636));
#8048=CARTESIAN_POINT('Ctrl Pts',(-11.7938031507646,4.38853191459197,-1.21499599119636));
#8049=CARTESIAN_POINT('Ctrl Pts',(-11.7938031507646,4.38853191459197,-1.21499599119636));
#8050=CARTESIAN_POINT('Ctrl Pts',(-11.7138868573526,4.46802747452161,-1.21499599119636));
#8051=CARTESIAN_POINT('Ctrl Pts',(-11.6307035096642,4.54978296517676,-1.22473045703257));
#8052=CARTESIAN_POINT('Ctrl Pts',(-11.548291809139,4.62948116757841,-1.24560227286865));
#8053=CARTESIAN_POINT('',(-11.7938151156388,4.38852001270149,1.21499599126795));
#8054=CARTESIAN_POINT('Ctrl Pts',(-11.548291809139,4.62948116757841,1.24560227286865));
#8055=CARTESIAN_POINT('Ctrl Pts',(-11.6307014963782,4.54978491217306,1.22473096692297));
#8056=CARTESIAN_POINT('Ctrl Pts',(-11.7138907076607,4.46802374332139,1.21499503498245));
#8057=CARTESIAN_POINT('Ctrl Pts',(-11.7938151156388,4.38852001270149,1.21499599126795));
#8058=CARTESIAN_POINT('',(-11.9036617370964,4.27924626858837,1.21499730556896));
#8059=CARTESIAN_POINT('Ctrl Pts',(-11.7938151156388,4.38852001270149,1.21499599126795));
#8060=CARTESIAN_POINT('Ctrl Pts',(-11.8484864852521,4.33413640258406,1.21499664540401));
#8061=CARTESIAN_POINT('Ctrl Pts',(-11.9036617370964,4.27924626858837,1.21499730556896));
#8062=CARTESIAN_POINT('Origin',(0.,4.27924626858837,0.));
#8063=CARTESIAN_POINT('Origin',(0.,2.53599415586247,0.));
#8064=CARTESIAN_POINT('',(-1.46535210470761E-15,2.53599415586247,11.9655079793443));
#8065=CARTESIAN_POINT('',(1.21499730556895,1.52988122090342,11.9036617370964));
#8066=CARTESIAN_POINT('',(1.21499730556896,2.53599415586247,11.9036617370964));
#8067=CARTESIAN_POINT('',(7.55802812562553,1.52988122090342,9.27629193460437));
#8068=CARTESIAN_POINT('Origin',(0.,1.52988122090342,0.));
#8069=CARTESIAN_POINT('',(7.55802812562552,2.53599415586247,9.27629193460437));
#8070=CARTESIAN_POINT('',(9.2762927691429,1.52988122090342,7.5580271013605));
#8071=CARTESIAN_POINT('',(9.2762927691429,2.53599415586247,7.5580271013605));
#8072=CARTESIAN_POINT('',(11.9036618712533,1.52988122090342,1.21499599119637));
#8073=CARTESIAN_POINT('Origin',(0.,1.52988122090342,0.));
#8074=CARTESIAN_POINT('',(11.9036618712533,2.53599415586247,1.21499599119637));
#8075=CARTESIAN_POINT('',(11.9036617370964,1.52988122090342,-1.21499730556896));
#8076=CARTESIAN_POINT('',(11.9036617370964,2.53599415586247,-1.21499730556896));
#8077=CARTESIAN_POINT('',(9.27629193460437,1.52988122090342,-7.55802812562552));
#8078=CARTESIAN_POINT('Origin',(0.,1.52988122090342,0.));
#8079=CARTESIAN_POINT('',(9.27629193460437,2.53599415586247,-7.55802812562552));
#8080=CARTESIAN_POINT('',(7.55802710136051,1.52988122090342,-9.27629276914289));
#8081=CARTESIAN_POINT('',(7.55802710136051,2.53599415586247,-9.27629276914289));
#8082=CARTESIAN_POINT('',(1.21499599119637,1.52988122090342,-11.9036618712533));
#8083=CARTESIAN_POINT('Origin',(0.,1.52988122090342,0.));
#8084=CARTESIAN_POINT('',(1.21499599119637,2.53599415586247,-11.9036618712533));
#8085=CARTESIAN_POINT('',(-1.21499730556896,1.52988122090342,-11.9036617370964));
#8086=CARTESIAN_POINT('',(-1.21499730556896,2.53599415586247,-11.9036617370964));
#8087=CARTESIAN_POINT('',(-7.55802812562553,1.52988122090342,-9.27629193460437));
#8088=CARTESIAN_POINT('Origin',(0.,1.52988122090342,0.));
#8089=CARTESIAN_POINT('',(-7.55802812562553,2.53599415586247,-9.27629193460437));
#8090=CARTESIAN_POINT('',(-9.2762927691429,1.52988122090342,-7.5580271013605));
#8091=CARTESIAN_POINT('',(-9.2762927691429,2.53599415586247,-7.5580271013605));
#8092=CARTESIAN_POINT('',(-11.9036618712533,1.52988122090342,-1.21499599119636));
#8093=CARTESIAN_POINT('Origin',(0.,1.52988122090342,0.));
#8094=CARTESIAN_POINT('',(-11.9036618712533,2.53599415586248,-1.21499599119636));
#8095=CARTESIAN_POINT('',(-11.9036617370964,1.52988122090342,1.21499730556896));
#8096=CARTESIAN_POINT('',(-11.9036617370964,2.53599415586247,1.21499730556896));
#8097=CARTESIAN_POINT('',(-9.27629193460437,1.52988122090342,7.55802812562553));
#8098=CARTESIAN_POINT('Origin',(0.,1.52988122090342,0.));
#8099=CARTESIAN_POINT('',(-9.27629193460437,2.53599415586247,7.55802812562553));
#8100=CARTESIAN_POINT('',(-7.5580271013605,1.52988122090342,9.2762927691429));
#8101=CARTESIAN_POINT('',(-7.5580271013605,2.53599415586247,9.2762927691429));
#8102=CARTESIAN_POINT('',(-1.21499599119636,1.52988122090342,11.9036618712533));
#8103=CARTESIAN_POINT('Origin',(0.,1.52988122090342,0.));
#8104=CARTESIAN_POINT('',(-1.21499599119636,2.53599415586247,11.9036618712533));
#8105=CARTESIAN_POINT('Origin',(0.,5.42988122090342,0.));
#8106=CARTESIAN_POINT('Ctrl Pts',(1.2150193537942,4.52988122090342,13.7464078205874));
#8107=CARTESIAN_POINT('Ctrl Pts',(1.21500778244334,5.49323658381288,12.7792977128234));
#8108=CARTESIAN_POINT('Ctrl Pts',(1.21499772039912,6.32988122090342,11.938332401949));
#8109=CARTESIAN_POINT('Ctrl Pts',(-1.21499599119636,6.32988122090342,11.9383325779347));
#8110=CARTESIAN_POINT('Ctrl Pts',(-1.21499599119636,5.49323671582874,12.7792987677568));
#8111=CARTESIAN_POINT('Ctrl Pts',(-1.21499599119636,4.52988122090342,13.7464098855438));
#8112=CARTESIAN_POINT('Origin',(0.,5.42988122090342,0.));
#8113=CARTESIAN_POINT('Ctrl Pts',(-11.9383325779347,6.32988122090342,-1.21499599119636));
#8114=CARTESIAN_POINT('Ctrl Pts',(-12.7792987677211,5.49323671586419,-1.21499599119636));
#8115=CARTESIAN_POINT('Ctrl Pts',(-13.7464098855438,4.52988122090342,-1.21499599119636));
#8116=CARTESIAN_POINT('Ctrl Pts',(-13.7464078205874,4.52988122090342,1.2150193537942));
#8117=CARTESIAN_POINT('Ctrl Pts',(-12.7792977131782,5.49323658345963,1.21500778244334));
#8118=CARTESIAN_POINT('Ctrl Pts',(-11.938332401949,6.32988122090342,1.21499772039911));
#8119=CARTESIAN_POINT('Origin',(0.,5.42988122090342,0.));
#8120=CARTESIAN_POINT('Ctrl Pts',(-10.5793266112339,4.52988122090342,-8.86102976255235));
#8121=CARTESIAN_POINT('Ctrl Pts',(-9.89546831387275,5.49323658356862,-8.17718782955252));
#8122=CARTESIAN_POINT('Ctrl Pts',(-9.30080892469762,6.32988122090342,-7.5825426702568));
#8123=CARTESIAN_POINT('Ctrl Pts',(-7.58254401742848,6.32988122090342,-9.30080782640732));
#8124=CARTESIAN_POINT('Ctrl Pts',(-8.17719691243659,5.49323671662232,-9.89546072141543));
#8125=CARTESIAN_POINT('Ctrl Pts',(-8.86104774254841,4.52988122090342,-10.5793115515272));
#8126=CARTESIAN_POINT('Origin',(0.,5.42988122090342,0.));
#8127=CARTESIAN_POINT('Ctrl Pts',(11.9383325779347,6.32988122090342,1.21499599119637));
#8128=CARTESIAN_POINT('Ctrl Pts',(12.7792987677216,5.49323671586371,1.21499599119637));
#8129=CARTESIAN_POINT('Ctrl Pts',(13.7464098855438,4.52988122090342,1.21499599119637));
#8130=CARTESIAN_POINT('Ctrl Pts',(13.7464078205874,4.52988122090342,-1.21501935379419));
#8131=CARTESIAN_POINT('Ctrl Pts',(12.7792977127821,5.49323658385396,-1.21500778244333));
#8132=CARTESIAN_POINT('Ctrl Pts',(11.938332401949,6.32988122090342,-1.21499772039911));
#8133=CARTESIAN_POINT('Origin',(0.,5.42988122090342,0.));
#8134=CARTESIAN_POINT('Ctrl Pts',(-8.86102976255234,4.52988122090342,10.5793266112339));
#8135=CARTESIAN_POINT('Ctrl Pts',(-8.1771878292431,5.49323658400422,9.89546831356334));
#8136=CARTESIAN_POINT('Ctrl Pts',(-7.5825426702568,6.32988122090342,9.30080892469762));
#8137=CARTESIAN_POINT('Ctrl Pts',(-9.30080782640731,6.32988122090342,7.58254401742848));
#8138=CARTESIAN_POINT('Ctrl Pts',(-9.89546072202694,5.49323671576141,8.1771969130481));
#8139=CARTESIAN_POINT('Ctrl Pts',(-10.5793115515272,4.52988122090342,8.86104774254841));
#8140=CARTESIAN_POINT('Origin',(0.,5.42988122090342,0.));
#8141=CARTESIAN_POINT('Ctrl Pts',(9.30080782640733,6.32988122090342,-7.58254401742848));
#8142=CARTESIAN_POINT('Ctrl Pts',(9.8954607216182,5.49323671633684,-8.17719691263937));
#8143=CARTESIAN_POINT('Ctrl Pts',(10.5793115515272,4.52988122090342,-8.86104774254841));
#8144=CARTESIAN_POINT('Ctrl Pts',(8.86102976255236,4.52988122090342,-10.5793266112339));
#8145=CARTESIAN_POINT('Ctrl Pts',(8.17718782967911,5.4932365833904,-9.89546831399933));
#8146=CARTESIAN_POINT('Ctrl Pts',(7.5825426702568,6.32988122090342,-9.30080892469761));
#8147=CARTESIAN_POINT('Origin',(0.,5.42988122090342,0.));
#8148=CARTESIAN_POINT('Ctrl Pts',(-1.2150193537942,4.52988122090342,-13.7464078205874));
#8149=CARTESIAN_POINT('Ctrl Pts',(-1.21500778244333,5.49323658416958,-12.779297712465));
#8150=CARTESIAN_POINT('Ctrl Pts',(-1.21499772039911,6.32988122090342,-11.938332401949));
#8151=CARTESIAN_POINT('Ctrl Pts',(1.21499599119637,6.32988122090342,-11.9383325779347));
#8152=CARTESIAN_POINT('Ctrl Pts',(1.21499599119637,5.4932367161843,-12.7792987673996));
#8153=CARTESIAN_POINT('Ctrl Pts',(1.21499599119637,4.52988122090342,-13.7464098855438));
#8154=CARTESIAN_POINT('Origin',(-11.7938031507646,6.32988122090342,2.21499599119637));
#8155=CARTESIAN_POINT('',(-10.8109862215342,6.32988122090342,2.03041299193001));
#8156=CARTESIAN_POINT('',(-11.7938151156388,6.32988122090342,1.21499599126795));
#8157=CARTESIAN_POINT('Origin',(0.,6.32988122090342,1.66533453693773E-15));
#8158=CARTESIAN_POINT('',(-9.08024046376411,6.32988122090342,6.20880287335817));
#8159=CARTESIAN_POINT('Origin',(-9.1986100883743,6.32988122090342,7.48034627939547));
#8160=CARTESIAN_POINT('',(-9.1986100883743,6.32988122090342,7.48034627939547));
#8161=CARTESIAN_POINT('',(-9.1986100883743,1.52988122090342,7.48034627939547));
#8162=CARTESIAN_POINT('Origin',(-13.7464078205874,6.32988122090342,1.2150193537942));
#8163=CARTESIAN_POINT('',(-11.7938151156388,1.52988122090342,1.21499599126795));
#8164=CARTESIAN_POINT('Origin',(-9.90571686956086,6.32988122090342,6.77323949820892));
#8165=CARTESIAN_POINT('Origin',(-11.3260623450741,1.52988122090342,5.03802186687239));
#8166=CARTESIAN_POINT('Origin',(6.77323949820892,6.32988122090342,-9.90571686956086));
#8167=CARTESIAN_POINT('',(6.20880287335817,6.32988122090342,-9.08024046376412));
#8168=CARTESIAN_POINT('',(7.4803547397886,6.32988122090342,-9.19861854886866));
#8169=CARTESIAN_POINT('Origin',(0.,6.32988122090342,-2.77555756156289E-15));
#8170=CARTESIAN_POINT('',(2.03041299193001,6.32988122090342,-10.8109862215342));
#8171=CARTESIAN_POINT('Origin',(1.21499599119637,6.32988122090342,-11.7938031507646));
#8172=CARTESIAN_POINT('',(1.21499599119636,6.32988122090342,-11.7938031507646));
#8173=CARTESIAN_POINT('',(1.21499599119637,1.52988122090342,-11.7938031507646));
#8174=CARTESIAN_POINT('Origin',(8.86102976255235,6.32988122090342,-10.5793266112339));
#8175=CARTESIAN_POINT('',(7.4803547397886,1.52988122090342,-9.19861854886866));
#8176=CARTESIAN_POINT('Origin',(2.21499599119638,6.32988122090342,-11.7938031507646));
#8177=CARTESIAN_POINT('Origin',(5.03801287687435,1.52988122090342,-11.3260633775523));
#8178=CARTESIAN_POINT('Origin',(-2.21499599119637,6.32988122090342,-11.7938031507646));
#8179=CARTESIAN_POINT('',(-2.03041299193,6.32988122090342,-10.8109862215342));
#8180=CARTESIAN_POINT('',(-1.21499599126794,6.32988122090342,-11.7938151156388));
#8181=CARTESIAN_POINT('Origin',(0.,6.32988122090342,1.66533453693773E-15));
#8182=CARTESIAN_POINT('',(-6.20880287335817,6.32988122090342,-9.08024046376411));
#8183=CARTESIAN_POINT('Origin',(-7.48034627939547,6.32988122090342,-9.1986100883743));
#8184=CARTESIAN_POINT('',(-7.48034627939547,6.32988122090342,-9.1986100883743));
#8185=CARTESIAN_POINT('',(-7.48034627939547,1.52988122090342,-9.1986100883743));
#8186=CARTESIAN_POINT('Origin',(-1.2150193537942,6.32988122090342,-13.7464078205874));
#8187=CARTESIAN_POINT('',(-1.21499599126794,1.52988122090342,-11.7938151156388));
#8188=CARTESIAN_POINT('Origin',(-6.77323949820892,6.32988122090342,-9.90571686956086));
#8189=CARTESIAN_POINT('Origin',(-5.03802186687239,1.52988122090342,-11.3260623450741));
#8190=CARTESIAN_POINT('Origin',(11.7938031507646,6.32988122090342,-2.21499599119637));
#8191=CARTESIAN_POINT('',(10.8109862215342,6.32988122090342,-2.03041299193));
#8192=CARTESIAN_POINT('',(11.7938151156388,6.32988122090342,-1.21499599126794));
#8193=CARTESIAN_POINT('Origin',(4.44089209850063E-15,6.32988122090342,1.66533453693773E-15));
#8194=CARTESIAN_POINT('',(9.08024046376413,6.32988122090342,-6.20880287335817));
#8195=CARTESIAN_POINT('Origin',(9.19861008837431,6.32988122090342,-7.48034627939546));
#8196=CARTESIAN_POINT('',(9.19861008837431,6.32988122090342,-7.48034627939546));
#8197=CARTESIAN_POINT('',(9.19861008837431,1.52988122090342,-7.48034627939546));
#8198=CARTESIAN_POINT('Origin',(13.7464078205874,6.32988122090342,-1.21501935379419));
#8199=CARTESIAN_POINT('',(11.7938151156388,1.52988122090342,-1.21499599126794));
#8200=CARTESIAN_POINT('Origin',(9.90571686956086,6.32988122090342,-6.77323949820891));
#8201=CARTESIAN_POINT('Origin',(11.3260623450741,1.52988122090342,-5.03802186687238));
#8202=CARTESIAN_POINT('Origin',(-6.77323949820892,6.32988122090342,9.90571686956087));
#8203=CARTESIAN_POINT('',(-6.20880287335817,6.32988122090342,9.08024046376412));
#8204=CARTESIAN_POINT('',(-7.48035473978859,6.32988122090342,9.19861854886867));
#8205=CARTESIAN_POINT('Origin',(4.44089209850063E-15,6.32988122090342,1.66533453693773E-15));
#8206=CARTESIAN_POINT('',(-2.03041299193,6.32988122090342,10.8109862215342));
#8207=CARTESIAN_POINT('Origin',(-1.21499599119636,6.32988122090342,11.7938031507646));
#8208=CARTESIAN_POINT('',(-1.21499599119636,6.32988122090342,11.7938031507646));
#8209=CARTESIAN_POINT('',(-1.21499599119636,1.52988122090342,11.7938031507646));
#8210=CARTESIAN_POINT('Origin',(-8.86102976255234,6.32988122090342,10.5793266112339));
#8211=CARTESIAN_POINT('',(-7.48035473978859,1.52988122090342,9.19861854886867));
#8212=CARTESIAN_POINT('Origin',(-2.21499599119637,6.32988122090342,11.7938031507646));
#8213=CARTESIAN_POINT('Origin',(-5.03801287687434,1.52988122090342,11.3260633775523));
#8214=CARTESIAN_POINT('Origin',(9.90571686956086,6.32988122090342,6.77323949820892));
#8215=CARTESIAN_POINT('',(9.08024046376412,6.32988122090342,6.20880287335817));
#8216=CARTESIAN_POINT('',(9.19861854886867,6.32988122090342,7.48035473978859));
#8217=CARTESIAN_POINT('Origin',(0.,6.32988122090342,-2.77555756156289E-16));
#8218=CARTESIAN_POINT('',(10.8109862215342,6.32988122090342,2.03041299193));
#8219=CARTESIAN_POINT('Origin',(11.7938031507646,6.32988122090342,1.21499599119637));
#8220=CARTESIAN_POINT('',(11.7938031507646,6.32988122090342,1.21499599119637));
#8221=CARTESIAN_POINT('',(11.7938031507646,1.52988122090342,1.21499599119637));
#8222=CARTESIAN_POINT('Origin',(10.5793266112339,6.32988122090342,8.86102976255234));
#8223=CARTESIAN_POINT('',(9.19861854886867,1.52988122090342,7.48035473978859));
#8224=CARTESIAN_POINT('Origin',(11.7938031507646,6.32988122090342,2.21499599119637));
#8225=CARTESIAN_POINT('Origin',(11.3260633775523,1.52988122090342,5.03801287687435));
#8226=CARTESIAN_POINT('Origin',(-9.90571686956086,6.32988122090342,-6.77323949820892));
#8227=CARTESIAN_POINT('',(-9.08024046376412,6.32988122090342,-6.20880287335817));
#8228=CARTESIAN_POINT('',(-9.19861854886866,6.32988122090342,-7.48035473978859));
#8229=CARTESIAN_POINT('Origin',(0.,6.32988122090342,0.));
#8230=CARTESIAN_POINT('',(-10.8109862215342,6.32988122090342,-2.03041299193001));
#8231=CARTESIAN_POINT('Origin',(-11.7938031507646,6.32988122090342,-1.21499599119636));
#8232=CARTESIAN_POINT('',(-11.7938031507646,6.32988122090342,-1.21499599119636));
#8233=CARTESIAN_POINT('',(-11.7938031507646,1.52988122090342,-1.21499599119636));
#8234=CARTESIAN_POINT('Origin',(-10.5793266112339,6.32988122090342,-8.86102976255234));
#8235=CARTESIAN_POINT('',(-9.19861854886866,1.52988122090342,-7.48035473978859));
#8236=CARTESIAN_POINT('Origin',(-11.7938031507646,6.32988122090342,-2.21499599119637));
#8237=CARTESIAN_POINT('Origin',(-11.3260633775523,1.52988122090342,-5.03801287687435));
#8238=CARTESIAN_POINT('Origin',(2.21499599119638,6.32988122090342,11.7938031507646));
#8239=CARTESIAN_POINT('',(2.03041299193,6.32988122090342,10.8109862215342));
#8240=CARTESIAN_POINT('',(1.21499599126795,6.32988122090342,11.7938151156388));
#8241=CARTESIAN_POINT('Origin',(4.44089209850063E-15,6.32988122090342,1.66533453693773E-15));
#8242=CARTESIAN_POINT('',(6.20880287335817,6.32988122090342,9.08024046376412));
#8243=CARTESIAN_POINT('Origin',(7.48034627939547,6.32988122090342,9.19861008837431));
#8244=CARTESIAN_POINT('',(7.48034627939548,6.32988122090342,9.1986100883743));
#8245=CARTESIAN_POINT('',(7.48034627939547,1.52988122090342,9.19861008837431));
#8246=CARTESIAN_POINT('Origin',(1.2150193537942,6.32988122090342,13.7464078205874));
#8247=CARTESIAN_POINT('',(1.21499599126795,1.52988122090342,11.7938151156388));
#8248=CARTESIAN_POINT('Origin',(6.77323949820892,6.32988122090342,9.90571686956086));
#8249=CARTESIAN_POINT('Origin',(5.03802186687239,1.52988122090342,11.3260623450741));
#8250=CARTESIAN_POINT('Origin',(0.,-1.60725781940021,0.));
#8251=CARTESIAN_POINT('',(-1.56421751718092E-15,-1.60725781940021,12.7728053367713));
#8252=CARTESIAN_POINT('Origin',(8.43949904551907E-17,0.479881220903424,
0.));
#8253=CARTESIAN_POINT('',(1.77440757327854E-15,0.429881220903424,13.8));
#8254=CARTESIAN_POINT('Origin',(8.43949904551907E-17,0.429881220903424,
0.));
#8255=CARTESIAN_POINT('',(-1.59337112437668E-15,0.529881220903424,13.7));
#8256=CARTESIAN_POINT('',(-1.59949435837242E-15,0.479881220903424,13.75));
#8257=CARTESIAN_POINT('Origin',(8.43949904551907E-17,0.529881220903424,
0.));
#8258=CARTESIAN_POINT('Origin',(0.,0.529881220903424,0.));
#8259=CARTESIAN_POINT('',(2.038757711055E-15,0.529881220903424,12.7728053367713));
#8260=CARTESIAN_POINT('Origin',(4.74540193874081E-16,0.529881220903424,
0.));
#8261=CARTESIAN_POINT('Origin',(0.,0.049799973337491,0.));
#8262=CARTESIAN_POINT('',(-4.44089209850063E-15,-4.52988122090343,-13.8));
#8263=CARTESIAN_POINT('',(-2.70690608428117E-15,-4.52988122090343,13.8));
#8264=CARTESIAN_POINT('Origin',(-4.44089209850063E-15,-4.52988122090343,
0.));
#8265=CARTESIAN_POINT('Origin',(-4.44089209850063E-15,-4.52988122090343,
0.));
#8266=CARTESIAN_POINT('',(-1.69001258282335E-15,0.049799973337491,13.8));
#8267=CARTESIAN_POINT('Origin',(-4.44089209850063E-15,-4.52988122090343,
-13.2954288757377));
#8268=CARTESIAN_POINT('',(-4.44089209850063E-15,-4.52988122090343,-13.2954288757377));
#8269=CARTESIAN_POINT('',(-1.68624331021351E-15,-4.52988122090343,13.2954288757377));
#8270=CARTESIAN_POINT('Origin',(-4.44089209850063E-15,-4.52988122090343,
0.));
#8271=CARTESIAN_POINT('Origin',(-4.44089209850063E-15,-4.52988122090343,
0.));
#8272=CARTESIAN_POINT('Origin',(0.,-4.26856945142021,0.));
#8273=CARTESIAN_POINT('',(-1.50619464856376E-15,-4.00725768193699,12.7728053367713));
#8274=CARTESIAN_POINT('',(-1.59621897938863E-15,-4.26856945142021,13.0341171062545));
#8275=CARTESIAN_POINT('',(0.,-4.007257681937,-12.7728053367713));
#8276=CARTESIAN_POINT('Origin',(0.,-4.007257681937,0.));
#8277=CARTESIAN_POINT('Origin',(0.,-4.007257681937,0.));
#8278=CARTESIAN_POINT('Origin',(0.,-1.60725781940021,0.));
#8279=CARTESIAN_POINT('',(-1.56421751718092E-15,-1.60725781940021,12.7728053367713));
#8280=CARTESIAN_POINT('',(0.,0.,0.));
#8281=UNCERTAINTY_MEASURE_WITH_UNIT(LENGTH_MEASURE(0.01),#8287,
'DISTANCE_ACCURACY_VALUE',
'Maximum model space distance between geometric entities at asserted c
onnectivities');
#8282=UNCERTAINTY_MEASURE_WITH_UNIT(LENGTH_MEASURE(0.01),#8287,
'DISTANCE_ACCURACY_VALUE',
'Maximum model space distance between geometric entities at asserted c
onnectivities');
#8283=UNCERTAINTY_MEASURE_WITH_UNIT(LENGTH_MEASURE(0.01),#8287,
'DISTANCE_ACCURACY_VALUE',
'Maximum model space distance between geometric entities at asserted c
onnectivities');
#8284=(
GEOMETRIC_REPRESENTATION_CONTEXT(3)
GLOBAL_UNCERTAINTY_ASSIGNED_CONTEXT((#8281))
GLOBAL_UNIT_ASSIGNED_CONTEXT((#8287,#8289,#8290))
REPRESENTATION_CONTEXT('','3D')
);
#8285=(
GEOMETRIC_REPRESENTATION_CONTEXT(3)
GLOBAL_UNCERTAINTY_ASSIGNED_CONTEXT((#8282))
GLOBAL_UNIT_ASSIGNED_CONTEXT((#8287,#8289,#8290))
REPRESENTATION_CONTEXT('','3D')
);
#8286=(
GEOMETRIC_REPRESENTATION_CONTEXT(3)
GLOBAL_UNCERTAINTY_ASSIGNED_CONTEXT((#8283))
GLOBAL_UNIT_ASSIGNED_CONTEXT((#8287,#8289,#8290))
REPRESENTATION_CONTEXT('','3D')
);
#8287=(
LENGTH_UNIT()
NAMED_UNIT(*)
SI_UNIT(.MILLI.,.METRE.)
);
#8288=(
LENGTH_UNIT()
NAMED_UNIT(*)
SI_UNIT($,.METRE.)
);
#8289=(
NAMED_UNIT(*)
PLANE_ANGLE_UNIT()
SI_UNIT($,.RADIAN.)
);
#8290=(
NAMED_UNIT(*)
SI_UNIT($,.STERADIAN.)
SOLID_ANGLE_UNIT()
);
#8291=SHAPE_DEFINITION_REPRESENTATION(#8293,#8296);
#8292=SHAPE_DEFINITION_REPRESENTATION(#8294,#8297);
#8293=PRODUCT_DEFINITION_SHAPE('',$,#8299);
#8294=PRODUCT_DEFINITION_SHAPE('',$,#8300);
#8295=PRODUCT_DEFINITION_SHAPE($,$,#14);
#8296=SHAPE_REPRESENTATION('',(#3880,#4339),#8284);
#8297=SHAPE_REPRESENTATION('',(#3881),#8285);
#8298=PRODUCT_DEFINITION_CONTEXT('part definition',#8306,'design');
#8299=PRODUCT_DEFINITION('RS2205 Readytosky','RS2205 Readytosky v3',#8301,
#8298);
#8300=PRODUCT_DEFINITION('Component1','Component1',#8302,#8298);
#8301=PRODUCT_DEFINITION_FORMATION('',$,#8308);
#8302=PRODUCT_DEFINITION_FORMATION('',$,#8309);
#8303=PRODUCT_RELATED_PRODUCT_CATEGORY('RS2205 Readytosky v3',
'RS2205 Readytosky v3',(#8308));
#8304=PRODUCT_RELATED_PRODUCT_CATEGORY('Component1','Component1',(#8309));
#8305=APPLICATION_PROTOCOL_DEFINITION('international standard',
'automotive_design',2009,#8306);
#8306=APPLICATION_CONTEXT(
'Core Data for Automotive Mechanical Design Process');
#8307=PRODUCT_CONTEXT('part definition',#8306,'mechanical');
#8308=PRODUCT('RS2205 Readytosky','RS2205 Readytosky v3',$,(#8307));
#8309=PRODUCT('Component1','Component1',$,(#8307));
#8310=PRESENTATION_STYLE_ASSIGNMENT((#8313));
#8311=PRESENTATION_STYLE_ASSIGNMENT((#8314));
#8312=PRESENTATION_STYLE_ASSIGNMENT((#8315));
#8313=SURFACE_STYLE_USAGE(.BOTH.,#8316);
#8314=SURFACE_STYLE_USAGE(.BOTH.,#8317);
#8315=SURFACE_STYLE_USAGE(.BOTH.,#8318);
#8316=SURFACE_SIDE_STYLE('',(#8319));
#8317=SURFACE_SIDE_STYLE('',(#8320));
#8318=SURFACE_SIDE_STYLE('',(#8321));
#8319=SURFACE_STYLE_FILL_AREA(#8322);
#8320=SURFACE_STYLE_FILL_AREA(#8323);
#8321=SURFACE_STYLE_FILL_AREA(#8324);
#8322=FILL_AREA_STYLE('Steel - Satin',(#8325));
#8323=FILL_AREA_STYLE('Aluminum - Anodized Glossy (Red)',(#8326));
#8324=FILL_AREA_STYLE('Aluminum - Anodized Glossy (Grey)',(#8327));
#8325=FILL_AREA_STYLE_COLOUR('Steel - Satin',#8328);
#8326=FILL_AREA_STYLE_COLOUR('Aluminum - Anodized Glossy (Red)',#8329);
#8327=FILL_AREA_STYLE_COLOUR('Aluminum - Anodized Glossy (Grey)',#8330);
#8328=COLOUR_RGB('Steel - Satin',0.627450980392157,0.627450980392157,0.627450980392157);
#8329=COLOUR_RGB('Aluminum - Anodized Glossy (Red)',0.854901960784314,0.349019607843137,
0.349019607843137);
#8330=COLOUR_RGB('Aluminum - Anodized Glossy (Grey)',0.376470588235294,
0.376470588235294,0.376470588235294);
ENDSEC;
END-ISO-10303-21;
