solid A9E5
facet normal -0.05233578011393547 1.81413562719598e-17 -0.9986295700073242
  outer loop
    vertex 90.41448211669922 23.20000076293945 0
    vertex 87.71674346923828 22.20000076293945 0.1413822174072266
    vertex 87.71674346923828 23.20000076293945 0.1413822174072266
  endloop
endfacet
facet normal -0.05233578011393547 0 -0.9986295700073242
  outer loop
    vertex 90.41448211669922 22.20000076293945 0
    vertex 87.71674346923828 22.20000076293945 0.1413822174072266
    vertex 90.41448211669922 23.20000076293945 0
  endloop
endfacet
facet normal 0.05233581736683846 -1.814138274173941e-17 -0.9986295700073242
  outer loop
    vertex 93.11222076416016 23.20000076293945 0.1413822174072266
    vertex 90.41448211669922 22.20000076293945 0
    vertex 90.41448211669922 23.20000076293945 0
  endloop
endfacet
facet normal 0.05233581736683846 -1.814138274173941e-17 -0.9986295700073242
  outer loop
    vertex 93.11222076416016 22.20000076293945 0.1413822174072266
    vertex 90.41448211669922 22.20000076293945 0
    vertex 93.11222076416016 23.20000076293945 0.1413822174072266
  endloop
endfacet
facet normal -0.00363231566734612 -0.9363231062889099 -0.3511208891868591
  outer loop
    vertex 89.91356658935547 21.60000038146973 1.605182886123657
    vertex 90.41448211669922 22.20000076293945 0
    vertex 90.41448211669922 21.60000038146973 1.600000977516174
  endloop
endfacet
facet normal -0.005250009708106518 -0.9361501932144165 -0.3515610992908478
  outer loop
    vertex 89.91356658935547 21.60000038146973 1.605182886123657
    vertex 89.72463226318359 21.97500038146973 0.6094407439231873
    vertex 90.41448211669922 22.20000076293945 0
  endloop
endfacet
facet normal -0.01914324425160885 -0.9307023882865906 -0.3652760982513428
  outer loop
    vertex 89.72463226318359 21.97500038146973 0.6094407439231873
    vertex 87.71674346923828 22.20000076293945 0.1413822174072266
    vertex 90.41448211669922 22.20000076293945 0
  endloop
endfacet
facet normal 0.004804725293070078 -0.9363184571266174 -0.3511191606521606
  outer loop
    vertex 90.41448211669922 21.60000038146973 1.600000977516174
    vertex 90.41448211669922 22.20000076293945 0
    vertex 91.10433197021484 21.97500038146973 0.6094407439231873
  endloop
endfacet
facet normal 0.01415965240448713 -0.9327009320259094 -0.3603727519512177
  outer loop
    vertex 91.70387268066406 21.97500038146973 0.6329976320266724
    vertex 91.10433197021484 21.97500038146973 0.6094407439231873
    vertex 90.41448211669922 22.20000076293945 0
  endloop
endfacet
facet normal 0.01937322318553925 -0.9289634823799133 -0.3696640729904175
  outer loop
    vertex 91.70387268066406 21.97500038146973 0.6329976320266724
    vertex 90.41448211669922 22.20000076293945 0
    vertex 93.11222076416016 22.20000076293945 0.1413822174072266
  endloop
endfacet
facet normal 0.00363231310620904 0.9363231658935547 -0.35112065076828
  outer loop
    vertex 90.91539764404297 11.60000038146973 1.605182886123657
    vertex 90.41448211669922 11.00000095367432 0
    vertex 90.41448211669922 11.60000038146973 1.600000977516174
  endloop
endfacet
facet normal 0.005251030437648296 0.9361501932144165 -0.3515611290931702
  outer loop
    vertex 90.91539764404297 11.60000038146973 1.605182886123657
    vertex 91.10433197021484 11.22500038146973 0.6094407439231873
    vertex 90.41448211669922 11.00000095367432 0
  endloop
endfacet
facet normal 0.01914320327341557 0.930702805519104 -0.3652750551700592
  outer loop
    vertex 91.10433197021484 11.22500038146973 0.6094407439231873
    vertex 93.11222076416016 11.00000095367432 0.1413822174072266
    vertex 90.41448211669922 11.00000095367432 0
  endloop
endfacet
facet normal -0.004805436823517084 0.936318576335907 -0.3511188924312592
  outer loop
    vertex 90.41448211669922 11.60000038146973 1.600000977516174
    vertex 90.41448211669922 11.00000095367432 0
    vertex 89.72463226318359 11.22500038146973 0.6094407439231873
  endloop
endfacet
facet normal -0.01415966171771288 0.9327012300491333 -0.360371857881546
  outer loop
    vertex 89.12509918212891 11.22500038146973 0.6329976320266724
    vertex 89.72463226318359 11.22500038146973 0.6094407439231873
    vertex 90.41448211669922 11.00000095367432 0
  endloop
endfacet
facet normal -0.01937315426766872 0.9289638996124268 -0.3696630597114563
  outer loop
    vertex 89.12509918212891 11.22500038146973 0.6329976320266724
    vertex 90.41448211669922 11.00000095367432 0
    vertex 87.71674346923828 11.00000095367432 0.1413822174072266
  endloop
endfacet
facet normal 0.05233581736683846 1.814135296323735e-17 -0.9986295700073242
  outer loop
    vertex 93.11222076416016 11.00000095367432 0.1413822174072266
    vertex 90.41448211669922 10 0
    vertex 90.41448211669922 11.00000095367432 0
  endloop
endfacet
facet normal -0.05233578011393547 0 -0.9986295700073242
  outer loop
    vertex 90.41448211669922 10 0
    vertex 87.71674346923828 10 0.1413822174072266
    vertex 90.41448211669922 11.00000095367432 0
  endloop
endfacet
facet normal -0.05233578011393547 1.814132649345775e-17 -0.9986295700073242
  outer loop
    vertex 90.41448211669922 11.00000095367432 0
    vertex 87.71674346923828 10 0.1413822174072266
    vertex 87.71674346923828 11.00000095367432 0.1413822174072266
  endloop
endfacet
facet normal 0.05233581736683846 1.814135296323735e-17 -0.9986295700073242
  outer loop
    vertex 93.11222076416016 10 0.1413822174072266
    vertex 90.41448211669922 10 0
    vertex 93.11222076416016 11.00000095367432 0.1413822174072266
  endloop
endfacet
facet normal -0.15643510222435 -3.668466607333873e-17 -0.9876882433891296
  outer loop
    vertex 87.71674346923828 23.20000076293945 0.1413822174072266
    vertex 85.04855346679688 22.20000076293945 0.5639828443527222
    vertex 85.04855346679688 23.20000076293945 0.5639828443527222
  endloop
endfacet
facet normal -0.15643510222435 0 -0.9876882433891296
  outer loop
    vertex 87.71674346923828 22.20000076293945 0.1413822174072266
    vertex 85.04855346679688 22.20000076293945 0.5639828443527222
    vertex 87.71674346923828 23.20000076293945 0.1413822174072266
  endloop
endfacet
facet normal 0.15643510222435 0 -0.9876882433891296
  outer loop
    vertex 95.78041076660156 23.20000076293945 0.5639828443527222
    vertex 93.11222076416016 22.20000076293945 0.1413822174072266
    vertex 93.11222076416016 23.20000076293945 0.1413822174072266
  endloop
endfacet
facet normal -0.03617433086037636 -0.9363412261009216 -0.349222719669342
  outer loop
    vertex 87.79712677001953 21.9081859588623 0.9154733419418335
    vertex 87.74964904785156 21.97500038146973 0.7412470579147339
    vertex 87.71674346923828 22.20000076293945 0.1413822174072266
  endloop
endfacet
facet normal -0.04129539057612419 -0.9362472295761108 -0.3489065170288086
  outer loop
    vertex 87.15380859375 21.97500038146973 0.8117687106132507
    vertex 87.71674346923828 22.20000076293945 0.1413822174072266
    vertex 87.74964904785156 21.97500038146973 0.7412470579147339
  endloop
endfacet
facet normal -0.05708513781428337 -0.9310423135757446 -0.360418438911438
  outer loop
    vertex 85.79109954833984 21.97500038146973 1.027602672576904
    vertex 87.71674346923828 22.20000076293945 0.1413822174072266
    vertex 87.15380859375 21.97500038146973 0.8117687106132507
  endloop
endfacet
facet normal -0.05708480626344681 -0.9310426115989685 -0.3604177832603455
  outer loop
    vertex 85.79109954833984 21.97500038146973 1.027602672576904
    vertex 85.04855346679688 22.20000076293945 0.5639828443527222
    vertex 87.71674346923828 22.20000076293945 0.1413822174072266
  endloop
endfacet
facet normal -0.01494643650949001 -0.9247030019760132 -0.3803957402706146
  outer loop
    vertex 89.12509918212891 21.97500038146973 0.6329976320266724
    vertex 87.71674346923828 22.20000076293945 0.1413822174072266
    vertex 89.72463226318359 21.97500038146973 0.6094407439231873
  endloop
endfacet
facet normal -0.02736702002584934 -0.9363037943840027 -0.350123256444931
  outer loop
    vertex 87.79712677001953 21.9081859588623 0.9154733419418335
    vertex 87.71674346923828 22.20000076293945 0.1413822174072266
    vertex 89.12509918212891 21.97500038146973 0.6329976320266724
  endloop
endfacet
facet normal 0.15643510222435 3.668466607333873e-17 -0.9876882433891296
  outer loop
    vertex 95.78041076660156 22.20000076293945 0.5639828443527222
    vertex 93.11222076416016 22.20000076293945 0.1413822174072266
    vertex 95.78041076660156 23.20000076293945 0.5639828443527222
  endloop
endfacet
facet normal 0.02736705914139748 -0.9363037943840027 -0.3501232266426086
  outer loop
    vertex 93.03183746337891 21.9081859588623 0.9154733419418335
    vertex 91.70387268066406 21.97500038146973 0.6329976320266724
    vertex 93.11222076416016 22.20000076293945 0.1413822174072266
  endloop
endfacet
facet normal 0.05708488076925278 -0.9310424327850342 -0.3604182600975037
  outer loop
    vertex 93.67515563964844 21.97500038146973 0.8117687106132507
    vertex 93.11222076416016 22.20000076293945 0.1413822174072266
    vertex 95.78041076660156 22.20000076293945 0.5639828443527222
  endloop
endfacet
facet normal 0.04129539057612419 -0.9362472295761108 -0.3489065170288086
  outer loop
    vertex 93.67515563964844 21.97500038146973 0.8117687106132507
    vertex 93.07931518554688 21.97500038146973 0.7412470579147339
    vertex 93.11222076416016 22.20000076293945 0.1413822174072266
  endloop
endfacet
facet normal 0.03617433086037636 -0.9363412261009216 -0.349222719669342
  outer loop
    vertex 93.03183746337891 21.9081859588623 0.9154733419418335
    vertex 93.11222076416016 22.20000076293945 0.1413822174072266
    vertex 93.07931518554688 21.97500038146973 0.7412470579147339
  endloop
endfacet
facet normal -0.15643510222435 3.668460651633462e-17 -0.9876882433891296
  outer loop
    vertex 87.71674346923828 10 0.1413822174072266
    vertex 85.04855346679688 10 0.5639828443527222
    vertex 87.71674346923828 11.00000095367432 0.1413822174072266
  endloop
endfacet
facet normal -0.15643510222435 0 -0.9876882433891296
  outer loop
    vertex 87.71674346923828 11.00000095367432 0.1413822174072266
    vertex 85.04855346679688 10 0.5639828443527222
    vertex 85.04855346679688 11.00000095367432 0.5639828443527222
  endloop
endfacet
facet normal -0.02736652828752995 0.9363037943840027 -0.3501232862472534
  outer loop
    vertex 87.79712677001953 11.29181575775146 0.9154733419418335
    vertex 89.12509918212891 11.22500038146973 0.6329976320266724
    vertex 87.71674346923828 11.00000095367432 0.1413822174072266
  endloop
endfacet
facet normal -0.05708464980125427 0.9310430288314819 -0.3604167997837067
  outer loop
    vertex 85.79109954833984 11.22500038146973 1.027602672576904
    vertex 87.71674346923828 11.00000095367432 0.1413822174072266
    vertex 85.04855346679688 11.00000095367432 0.5639828443527222
  endloop
endfacet
facet normal -0.05708497762680054 0.9310427308082581 -0.3604174554347992
  outer loop
    vertex 85.79109954833984 11.22500038146973 1.027602672576904
    vertex 87.15380859375 11.22500038146973 0.8117687106132507
    vertex 87.71674346923828 11.00000095367432 0.1413822174072266
  endloop
endfacet
facet normal -0.04129527881741524 0.9362476468086243 -0.3489055633544922
  outer loop
    vertex 87.15380859375 11.22500038146973 0.8117687106132507
    vertex 87.74964904785156 11.22500038146973 0.7412470579147339
    vertex 87.71674346923828 11.00000095367432 0.1413822174072266
  endloop
endfacet
facet normal -0.03619712218642235 0.9363412261009216 -0.3492203652858734
  outer loop
    vertex 87.79712677001953 11.29181575775146 0.9154733419418335
    vertex 87.71674346923828 11.00000095367432 0.1413822174072266
    vertex 87.74964904785156 11.22500038146973 0.7412470579147339
  endloop
endfacet
facet normal 0.15643510222435 3.668460651633462e-17 -0.9876882433891296
  outer loop
    vertex 95.78041076660156 11.00000095367432 0.5639828443527222
    vertex 93.11222076416016 10 0.1413822174072266
    vertex 93.11222076416016 11.00000095367432 0.1413822174072266
  endloop
endfacet
facet normal 0.03619712218642235 0.9363412261009216 -0.3492203652858734
  outer loop
    vertex 93.03183746337891 11.29181575775146 0.9154733419418335
    vertex 93.07931518554688 11.22500038146973 0.7412470579147339
    vertex 93.11222076416016 11.00000095367432 0.1413822174072266
  endloop
endfacet
facet normal 0.04129527881741524 0.9362476468086243 -0.3489055633544922
  outer loop
    vertex 93.67515563964844 11.22500038146973 0.8117687106132507
    vertex 93.11222076416016 11.00000095367432 0.1413822174072266
    vertex 93.07931518554688 11.22500038146973 0.7412470579147339
  endloop
endfacet
facet normal 0.05708472430706024 0.9310427904129028 -0.3604172766208649
  outer loop
    vertex 93.67515563964844 11.22500038146973 0.8117687106132507
    vertex 95.78041076660156 11.00000095367432 0.5639828443527222
    vertex 93.11222076416016 11.00000095367432 0.1413822174072266
  endloop
endfacet
facet normal 0.01494635362178087 0.9247033596038818 -0.3803948760032654
  outer loop
    vertex 91.70387268066406 11.22500038146973 0.6329976320266724
    vertex 93.11222076416016 11.00000095367432 0.1413822174072266
    vertex 91.10433197021484 11.22500038146973 0.6094407439231873
  endloop
endfacet
facet normal 0.02736656554043293 0.9363037943840027 -0.3501232862472534
  outer loop
    vertex 93.03183746337891 11.29181575775146 0.9154733419418335
    vertex 93.11222076416016 11.00000095367432 0.1413822174072266
    vertex 91.70387268066406 11.22500038146973 0.6329976320266724
  endloop
endfacet
facet normal 0 -1 0
  outer loop
    vertex 93.11222076416016 10 0.1413822174072266
    vertex 87.71674346923828 10 0.1413822174072266
    vertex 90.41448211669922 10 0
  endloop
endfacet
facet normal 0 -1 0
  outer loop
    vertex 87.71674346923828 10 0.1413822174072266
    vertex 93.11222076416016 10 0.1413822174072266
    vertex 95.78041076660156 10 0.5639828443527222
  endloop
endfacet
facet normal 0 -1 0
  outer loop
    vertex 87.71674346923828 10 0.1413822174072266
    vertex 95.78041076660156 10 0.5639828443527222
    vertex 85.04855346679688 10 0.5639828443527222
  endloop
endfacet
facet normal 0 -1 0
  outer loop
    vertex 85.04855346679688 10 0.5639828443527222
    vertex 95.78041076660156 10 0.5639828443527222
    vertex 98.38980102539062 10 1.26316773891449
  endloop
endfacet
facet normal 0 -1 0
  outer loop
    vertex 85.04855346679688 10 0.5639828443527222
    vertex 98.38980102539062 10 1.26316773891449
    vertex 82.43916320800781 10 1.26316773891449
  endloop
endfacet
facet normal 0 -1 0
  outer loop
    vertex 82.43916320800781 10 1.26316773891449
    vertex 98.38980102539062 10 1.26316773891449
    vertex 100.9118118286133 10 2.231277465820312
  endloop
endfacet
facet normal 0 -1 0
  outer loop
    vertex 82.43916320800781 10 1.26316773891449
    vertex 100.9118118286133 10 2.231277465820312
    vertex 79.91715240478516 10 2.231277465820312
  endloop
endfacet
facet normal 0 -1 0
  outer loop
    vertex 79.91715240478516 10 2.231277465820312
    vertex 100.9118118286133 10 2.231277465820312
    vertex 103.3188171386719 10 3.457706451416016
  endloop
endfacet
facet normal 0 -1 0
  outer loop
    vertex 79.91715240478516 10 2.231277465820312
    vertex 103.3188171386719 10 3.457706451416016
    vertex 77.51014709472656 10 3.457706451416016
  endloop
endfacet
facet normal 0 -1 0
  outer loop
    vertex 77.51014709472656 10 3.457706451416016
    vertex 103.3188171386719 10 3.457706451416016
    vertex 105.5844421386719 10 4.929018974304199
  endloop
endfacet
facet normal 0 -1 0
  outer loop
    vertex 77.51014709472656 10 3.457706451416016
    vertex 105.5844421386719 10 4.929018974304199
    vertex 75.24452209472656 10 4.929018974304199
  endloop
endfacet
facet normal 0 -1 0
  outer loop
    vertex 75.24452209472656 10 4.929018974304199
    vertex 105.5844421386719 10 4.929018974304199
    vertex 107.6838531494141 10 6.629092693328857
  endloop
endfacet
facet normal 0 -1 0
  outer loop
    vertex 75.24452209472656 10 4.929018974304199
    vertex 107.6838531494141 10 6.629092693328857
    vertex 73.14511108398438 10 6.629092693328857
  endloop
endfacet
facet normal 0 -1 0
  outer loop
    vertex 73.14511108398438 10 6.629092693328857
    vertex 107.6838531494141 10 6.629092693328857
    vertex 109.5940628051758 10 8.539299964904785
  endloop
endfacet
facet normal 0 -1 0
  outer loop
    vertex 73.14511108398438 10 6.629092693328857
    vertex 109.5940628051758 10 8.539299964904785
    vertex 71.23490142822266 10 8.539299964904785
  endloop
endfacet
facet normal 0 -1 0
  outer loop
    vertex 71.23490142822266 10 8.539299964904785
    vertex 109.5940628051758 10 8.539299964904785
    vertex 111.2941360473633 10 10.63871669769287
  endloop
endfacet
facet normal 0 -1 0
  outer loop
    vertex 71.23490142822266 10 8.539299964904785
    vertex 111.2941360473633 10 10.63871669769287
    vertex 69.53482818603516 10 10.63871669769287
  endloop
endfacet
facet normal 0 -1 0
  outer loop
    vertex 69.53482818603516 10 10.63871669769287
    vertex 111.2941360473633 10 10.63871669769287
    vertex 112.7654495239258 10 12.90433788299561
  endloop
endfacet
facet normal 0 -1 0
  outer loop
    vertex 69.53482818603516 10 10.63871669769287
    vertex 112.7654495239258 10 12.90433788299561
    vertex 68.06351470947266 10 12.90433788299561
  endloop
endfacet
facet normal 0 -1 0
  outer loop
    vertex 68.06351470947266 10 12.90433788299561
    vertex 112.7654495239258 10 12.90433788299561
    vertex 113.9918823242188 10 15.31134128570557
  endloop
endfacet
facet normal 0 -1 0
  outer loop
    vertex 68.06351470947266 10 12.90433788299561
    vertex 113.9918823242188 10 15.31134128570557
    vertex 66.83708190917969 10 15.31134128570557
  endloop
endfacet
facet normal 0 -1 0
  outer loop
    vertex 66.83708190917969 10 15.31134128570557
    vertex 113.9918823242188 10 15.31134128570557
    vertex 90.38753509521484 10 15.53073024749756
  endloop
endfacet
facet normal 0 -1 0
  outer loop
    vertex 90.38753509521484 10 15.53073024749756
    vertex 113.9918823242188 10 15.31134128570557
    vertex 91.36293029785156 10 15.57455730438232
  endloop
endfacet
facet normal 0 -1 0
  outer loop
    vertex 91.36293029785156 10 15.57455730438232
    vertex 113.9918823242188 10 15.31134128570557
    vertex 114.9599914550781 10 17.83335494995117
  endloop
endfacet
facet normal 0 -1 0
  outer loop
    vertex 91.36293029785156 10 15.57455730438232
    vertex 114.9599914550781 10 17.83335494995117
    vertex 92.32974243164062 10 15.71090412139893
  endloop
endfacet
facet normal 0 -1 0
  outer loop
    vertex 92.32974243164062 10 15.71090412139893
    vertex 114.9599914550781 10 17.83335494995117
    vertex 93.27922058105469 10 15.93853378295898
  endloop
endfacet
facet normal 0 -1 0
  outer loop
    vertex 93.27922058105469 10 15.93853378295898
    vertex 114.9599914550781 10 17.83335494995117
    vertex 94.2027587890625 10 16.25538635253906
  endloop
endfacet
facet normal 0 -1 0
  outer loop
    vertex 94.2027587890625 10 16.25538635253906
    vertex 114.9599914550781 10 17.83335494995117
    vertex 95.09199523925781 10 16.65859222412109
  endloop
endfacet
facet normal 0 -1 0
  outer loop
    vertex 95.09199523925781 10 16.65859222412109
    vertex 114.9599914550781 10 17.83335494995117
    vertex 95.93888092041016 10 17.14450073242188
  endloop
endfacet
facet normal 0 -1 0
  outer loop
    vertex 95.93888092041016 10 17.14450073242188
    vertex 114.9599914550781 10 17.83335494995117
    vertex 96.73574066162109 10 17.70870971679688
  endloop
endfacet
facet normal 0 -1 0
  outer loop
    vertex 96.73574066162109 10 17.70870971679688
    vertex 114.9599914550781 10 17.83335494995117
    vertex 97.47536468505859 10 18.34611129760742
  endloop
endfacet
facet normal 0 -1 0
  outer loop
    vertex 97.47536468505859 10 18.34611129760742
    vertex 114.9599914550781 10 17.83335494995117
    vertex 115.6591720581055 10 20.4427490234375
  endloop
endfacet
facet normal 0 -1 0
  outer loop
    vertex 97.47536468505859 10 18.34611129760742
    vertex 115.6591720581055 10 20.4427490234375
    vertex 98.15104675292969 10 19.05093002319336
  endloop
endfacet
facet normal 0 -1 0
  outer loop
    vertex 98.15104675292969 10 19.05093002319336
    vertex 115.6591720581055 10 20.4427490234375
    vertex 98.75667572021484 10 19.81678581237793
  endloop
endfacet
facet normal 0 -1 0
  outer loop
    vertex 98.75667572021484 10 19.81678581237793
    vertex 115.6591720581055 10 20.4427490234375
    vertex 99.28675842285156 10 20.63674354553223
  endloop
endfacet
facet normal 0 -1 0
  outer loop
    vertex 99.28675842285156 10 20.63674354553223
    vertex 115.6591720581055 10 20.4427490234375
    vertex 116.0817718505859 10 23.11093330383301
  endloop
endfacet
facet normal 0 -1 0
  outer loop
    vertex 99.28675842285156 10 20.63674354553223
    vertex 116.0817718505859 10 23.11093330383301
    vertex 99.73650360107422 10 21.50337600708008
  endloop
endfacet
facet normal 0 -1 0
  outer loop
    vertex 99.73650360107422 10 21.50337600708008
    vertex 116.0817718505859 10 23.11093330383301
    vertex 100.1018295288086 10 22.40883445739746
  endloop
endfacet
facet normal 0 -1 0
  outer loop
    vertex 100.1018295288086 10 22.40883445739746
    vertex 116.0817718505859 10 23.11093330383301
    vertex 100.3794326782227 10 23.34491920471191
  endloop
endfacet
facet normal 0 -1 0
  outer loop
    vertex 100.3794326782227 10 23.34491920471191
    vertex 116.0817718505859 10 23.11093330383301
    vertex 116.2231597900391 10 25.80867576599121
  endloop
endfacet
facet normal 0 -1 0
  outer loop
    vertex 100.3794326782227 10 23.34491920471191
    vertex 116.2231597900391 10 25.80867576599121
    vertex 100.4128265380859 10 23.51569366455078
  endloop
endfacet
facet normal 0 -1 0
  outer loop
    vertex 100.4128265380859 10 23.51569366455078
    vertex 116.2231597900391 10 25.80867576599121
    vertex 97.40727996826172 10 23.51569366455078
  endloop
endfacet
facet normal 0 -1 0
  outer loop
    vertex 97.40727996826172 10 23.51569366455078
    vertex 116.2231597900391 10 25.80867576599121
    vertex 97.40727996826172 10 25.45762062072754
  endloop
endfacet
facet normal 0 -1 0
  outer loop
    vertex 97.40727996826172 10 25.45762062072754
    vertex 116.2231597900391 10 25.80867576599121
    vertex 97.40727996826172 10 25.79069328308105
  endloop
endfacet
facet normal 0 -1 0
  outer loop
    vertex 97.40727996826172 10 25.79069328308105
    vertex 116.2231597900391 10 25.80867576599121
    vertex 97.40727996826172 10 26.12376594543457
  endloop
endfacet
facet normal 0 -1 0
  outer loop
    vertex 97.40727996826172 10 26.12376594543457
    vertex 116.2231597900391 10 25.80867576599121
    vertex 116.0817718505859 10 28.50641632080078
  endloop
endfacet
facet normal 0 -1 0
  outer loop
    vertex 97.40727996826172 10 26.12376594543457
    vertex 116.0817718505859 10 28.50641632080078
    vertex 100.4147033691406 10 28.06569290161133
  endloop
endfacet
facet normal 0 -1 0
  outer loop
    vertex 100.4147033691406 10 28.06569290161133
    vertex 116.0817718505859 10 28.50641632080078
    vertex 100.3924865722656 10 28.18267440795898
  endloop
endfacet
facet normal 0 -1 0
  outer loop
    vertex 100.3924865722656 10 28.18267440795898
    vertex 116.0817718505859 10 28.50641632080078
    vertex 100.1199340820312 10 29.1202449798584
  endloop
endfacet
facet normal 0 -1 0
  outer loop
    vertex 100.1199340820312 10 29.1202449798584
    vertex 116.0817718505859 10 28.50641632080078
    vertex 115.6591720581055 10 31.17460060119629
  endloop
endfacet
facet normal 0 -1 0
  outer loop
    vertex 100.1199340820312 10 29.1202449798584
    vertex 115.6591720581055 10 31.17460060119629
    vertex 99.75949859619141 10 30.02766036987305
  endloop
endfacet
facet normal 0 -1 0
  outer loop
    vertex 99.75949859619141 10 30.02766036987305
    vertex 115.6591720581055 10 31.17460060119629
    vertex 99.31443023681641 10 30.89670562744141
  endloop
endfacet
facet normal 0 -1 0
  outer loop
    vertex 99.31443023681641 10 30.89670562744141
    vertex 115.6591720581055 10 31.17460060119629
    vertex 98.78878021240234 10 31.71951103210449
  endloop
endfacet
facet normal 0 -1 0
  outer loop
    vertex 98.78878021240234 10 31.71951103210449
    vertex 115.6591720581055 10 31.17460060119629
    vertex 114.9599914550781 10 33.78399276733398
  endloop
endfacet
facet normal 0 -1 0
  outer loop
    vertex 98.78878021240234 10 31.71951103210449
    vertex 114.9599914550781 10 33.78399276733398
    vertex 98.18729400634766 10 32.48862457275391
  endloop
endfacet
facet normal 0 -1 0
  outer loop
    vertex 98.18729400634766 10 32.48862457275391
    vertex 114.9599914550781 10 33.78399276733398
    vertex 97.51541900634766 10 33.19707870483398
  endloop
endfacet
facet normal 0 -1 0
  outer loop
    vertex 97.51541900634766 10 33.19707870483398
    vertex 114.9599914550781 10 33.78399276733398
    vertex 96.77925109863281 10 33.83845901489258
  endloop
endfacet
facet normal 0 -1 0
  outer loop
    vertex 96.77925109863281 10 33.83845901489258
    vertex 114.9599914550781 10 33.78399276733398
    vertex 113.9918823242188 10 36.30600738525391
  endloop
endfacet
facet normal 0 -1 0
  outer loop
    vertex 96.77925109863281 10 33.83845901489258
    vertex 113.9918823242188 10 36.30600738525391
    vertex 95.98544311523438 10 34.40695953369141
  endloop
endfacet
facet normal 0 -1 0
  outer loop
    vertex 95.98544311523438 10 34.40695953369141
    vertex 113.9918823242188 10 36.30600738525391
    vertex 95.14119720458984 10 34.89743041992188
  endloop
endfacet
facet normal 0 -1 0
  outer loop
    vertex 95.14119720458984 10 34.89743041992188
    vertex 113.9918823242188 10 36.30600738525391
    vertex 94.25414276123047 10 35.30542755126953
  endloop
endfacet
facet normal 0 -1 0
  outer loop
    vertex 94.25414276123047 10 35.30542755126953
    vertex 113.9918823242188 10 36.30600738525391
    vertex 93.33232879638672 10 35.62725830078125
  endloop
endfacet
facet normal 0 -1 0
  outer loop
    vertex 93.33232879638672 10 35.62725830078125
    vertex 113.9918823242188 10 36.30600738525391
    vertex 92.38409423828125 10 35.86000823974609
  endloop
endfacet
facet normal 0 -1 0
  outer loop
    vertex 92.38409423828125 10 35.86000823974609
    vertex 113.9918823242188 10 36.30600738525391
    vertex 91.41802978515625 10 36.00156784057617
  endloop
endfacet
facet normal 0 -1 0
  outer loop
    vertex 91.41802978515625 10 36.00156784057617
    vertex 113.9918823242188 10 36.30600738525391
    vertex 90.44288635253906 10 36.05065536499023
  endloop
endfacet
facet normal 0 -1 0
  outer loop
    vertex 66.83708190917969 10 15.31134128570557
    vertex 89.41238403320312 10 15.57981967926025
    vertex 65.86897277832031 10 17.83335494995117
  endloop
endfacet
facet normal 0 -1 0
  outer loop
    vertex 89.41238403320312 10 15.57981967926025
    vertex 66.83708190917969 10 15.31134128570557
    vertex 90.38753509521484 10 15.53073024749756
  endloop
endfacet
facet normal 0 -1 0
  outer loop
    vertex 65.86897277832031 10 17.83335494995117
    vertex 89.41238403320312 10 15.57981967926025
    vertex 88.44631958007812 10 15.72137928009033
  endloop
endfacet
facet normal 0 -1 0
  outer loop
    vertex 65.86897277832031 10 17.83335494995117
    vertex 88.44631958007812 10 15.72137928009033
    vertex 87.49808502197266 10 15.95412826538086
  endloop
endfacet
facet normal 0 -1 0
  outer loop
    vertex 65.86897277832031 10 17.83335494995117
    vertex 87.49808502197266 10 15.95412826538086
    vertex 86.57627105712891 10 16.27595901489258
  endloop
endfacet
facet normal 0 -1 0
  outer loop
    vertex 65.86897277832031 10 17.83335494995117
    vertex 86.57627105712891 10 16.27595901489258
    vertex 85.68922424316406 10 16.68395614624023
  endloop
endfacet
facet normal 0 -1 0
  outer loop
    vertex 65.86897277832031 10 17.83335494995117
    vertex 85.68922424316406 10 16.68395614624023
    vertex 84.844970703125 10 17.1744270324707
  endloop
endfacet
facet normal 0 -1 0
  outer loop
    vertex 65.86897277832031 10 17.83335494995117
    vertex 84.844970703125 10 17.1744270324707
    vertex 84.05116271972656 10 17.7429256439209
  endloop
endfacet
facet normal 0 -1 0
  outer loop
    vertex 65.86897277832031 10 17.83335494995117
    vertex 84.05116271972656 10 17.7429256439209
    vertex 83.31499481201172 10 18.38430786132812
  endloop
endfacet
facet normal 0 -1 0
  outer loop
    vertex 65.86897277832031 10 17.83335494995117
    vertex 83.31499481201172 10 18.38430786132812
    vertex 65.16979217529297 10 20.4427490234375
  endloop
endfacet
facet normal 0 -1 0
  outer loop
    vertex 65.16979217529297 10 20.4427490234375
    vertex 83.31499481201172 10 18.38430786132812
    vertex 82.64311981201172 10 19.0927619934082
  endloop
endfacet
facet normal 0 -1 0
  outer loop
    vertex 65.16979217529297 10 20.4427490234375
    vertex 82.64311981201172 10 19.0927619934082
    vertex 82.04163360595703 10 19.86187553405762
  endloop
endfacet
facet normal 0 -1 0
  outer loop
    vertex 65.16979217529297 10 20.4427490234375
    vertex 82.04163360595703 10 19.86187553405762
    vertex 81.51598358154297 10 20.6846809387207
  endloop
endfacet
facet normal 0 -1 0
  outer loop
    vertex 65.16979217529297 10 20.4427490234375
    vertex 81.51598358154297 10 20.6846809387207
    vertex 64.7471923828125 10 23.11093330383301
  endloop
endfacet
facet normal 0 -1 0
  outer loop
    vertex 64.7471923828125 10 23.11093330383301
    vertex 81.51598358154297 10 20.6846809387207
    vertex 81.0709228515625 10 21.55372619628906
  endloop
endfacet
facet normal 0 -1 0
  outer loop
    vertex 64.7471923828125 10 23.11093330383301
    vertex 81.0709228515625 10 21.55372619628906
    vertex 80.71047973632812 10 22.46114158630371
  endloop
endfacet
facet normal 0 -1 0
  outer loop
    vertex 64.7471923828125 10 23.11093330383301
    vertex 80.71047973632812 10 22.46114158630371
    vertex 80.43793487548828 10 23.39871215820312
  endloop
endfacet
facet normal 0 -1 0
  outer loop
    vertex 64.7471923828125 10 23.11093330383301
    vertex 80.43793487548828 10 23.39871215820312
    vertex 64.60580444335938 10 25.80867576599121
  endloop
endfacet
facet normal 0 -1 0
  outer loop
    vertex 64.60580444335938 10 25.80867576599121
    vertex 80.43793487548828 10 23.39871215820312
    vertex 80.41571044921875 10 23.51569366455078
  endloop
endfacet
facet normal 0 -1 0
  outer loop
    vertex 64.60580444335938 10 25.80867576599121
    vertex 80.41571044921875 10 23.51569366455078
    vertex 83.42313385009766 10 25.45762062072754
  endloop
endfacet
facet normal 0 -1 0
  outer loop
    vertex 64.60580444335938 10 25.80867576599121
    vertex 83.42313385009766 10 25.45762062072754
    vertex 83.42313385009766 10 25.79069328308105
  endloop
endfacet
facet normal 0 -1 0
  outer loop
    vertex 64.60580444335938 10 25.80867576599121
    vertex 83.42313385009766 10 25.79069328308105
    vertex 83.42313385009766 10 26.12376594543457
  endloop
endfacet
facet normal 0 -1 0
  outer loop
    vertex 64.60580444335938 10 25.80867576599121
    vertex 83.42313385009766 10 26.12376594543457
    vertex 64.7471923828125 10 28.50641632080078
  endloop
endfacet
facet normal 0 -1 0
  outer loop
    vertex 64.7471923828125 10 28.50641632080078
    vertex 83.42313385009766 10 26.12376594543457
    vertex 80.41758728027344 10 28.06569290161133
  endloop
endfacet
facet normal 0 -1 0
  outer loop
    vertex 80.41758728027344 10 28.06569290161133
    vertex 83.42313385009766 10 26.12376594543457
    vertex 83.42313385009766 10 28.06569290161133
  endloop
endfacet
facet normal 0 -1 0
  outer loop
    vertex 64.7471923828125 10 28.50641632080078
    vertex 80.41758728027344 10 28.06569290161133
    vertex 80.45098114013672 10 28.2364673614502
  endloop
endfacet
facet normal 0 -1 0
  outer loop
    vertex 64.7471923828125 10 28.50641632080078
    vertex 80.45098114013672 10 28.2364673614502
    vertex 80.72858428955078 10 29.17255210876465
  endloop
endfacet
facet normal 0 -1 0
  outer loop
    vertex 64.7471923828125 10 28.50641632080078
    vertex 80.72858428955078 10 29.17255210876465
    vertex 65.16979217529297 10 31.17460060119629
  endloop
endfacet
facet normal 0 -1 0
  outer loop
    vertex 65.16979217529297 10 31.17460060119629
    vertex 80.72858428955078 10 29.17255210876465
    vertex 81.09391784667969 10 30.07801055908203
  endloop
endfacet
facet normal 0 -1 0
  outer loop
    vertex 65.16979217529297 10 31.17460060119629
    vertex 81.09391784667969 10 30.07801055908203
    vertex 81.54365539550781 10 30.94464302062988
  endloop
endfacet
facet normal 0 -1 0
  outer loop
    vertex 65.16979217529297 10 31.17460060119629
    vertex 81.54365539550781 10 30.94464302062988
    vertex 82.07374572753906 10 31.76460075378418
  endloop
endfacet
facet normal 0 -1 0
  outer loop
    vertex 65.16979217529297 10 31.17460060119629
    vertex 82.07374572753906 10 31.76460075378418
    vertex 65.86897277832031 10 33.78399276733398
  endloop
endfacet
facet normal 0 -1 0
  outer loop
    vertex 65.86897277832031 10 33.78399276733398
    vertex 82.07374572753906 10 31.76460075378418
    vertex 82.67936706542969 10 32.53045654296875
  endloop
endfacet
facet normal 0 -1 0
  outer loop
    vertex 65.86897277832031 10 33.78399276733398
    vertex 82.67936706542969 10 32.53045654296875
    vertex 83.35504913330078 10 33.23527526855469
  endloop
endfacet
facet normal 0 -1 0
  outer loop
    vertex 65.86897277832031 10 33.78399276733398
    vertex 83.35504913330078 10 33.23527526855469
    vertex 84.09467315673828 10 33.87267684936523
  endloop
endfacet
facet normal 0 -1 0
  outer loop
    vertex 65.86897277832031 10 33.78399276733398
    vertex 84.09467315673828 10 33.87267684936523
    vertex 66.83708190917969 10 36.30600738525391
  endloop
endfacet
facet normal 0 -1 0
  outer loop
    vertex 66.83708190917969 10 36.30600738525391
    vertex 84.09467315673828 10 33.87267684936523
    vertex 84.89153289794922 10 34.43688583374023
  endloop
endfacet
facet normal 0 -1 0
  outer loop
    vertex 66.83708190917969 10 36.30600738525391
    vertex 84.89153289794922 10 34.43688583374023
    vertex 85.73841857910156 10 34.92279434204102
  endloop
endfacet
facet normal 0 -1 0
  outer loop
    vertex 66.83708190917969 10 36.30600738525391
    vertex 85.73841857910156 10 34.92279434204102
    vertex 86.62765502929688 10 35.32600021362305
  endloop
endfacet
facet normal 0 -1 0
  outer loop
    vertex 66.83708190917969 10 36.30600738525391
    vertex 86.62765502929688 10 35.32600021362305
    vertex 87.55120086669922 10 35.64285278320312
  endloop
endfacet
facet normal 0 -1 0
  outer loop
    vertex 66.83708190917969 10 36.30600738525391
    vertex 87.55120086669922 10 35.64285278320312
    vertex 88.50067138671875 10 35.8704833984375
  endloop
endfacet
facet normal 0 -1 0
  outer loop
    vertex 66.83708190917969 10 36.30600738525391
    vertex 88.50067138671875 10 35.8704833984375
    vertex 89.46748352050781 10 36.00682830810547
  endloop
endfacet
facet normal 0 -1 0
  outer loop
    vertex 66.83708190917969 10 36.30600738525391
    vertex 89.46748352050781 10 36.00682830810547
    vertex 90.44288635253906 10 36.05065536499023
  endloop
endfacet
facet normal 0 -1 0
  outer loop
    vertex 66.83708190917969 10 36.30600738525391
    vertex 90.44288635253906 10 36.05065536499023
    vertex 113.9918823242188 10 36.30600738525391
  endloop
endfacet
facet normal 0 -1 0
  outer loop
    vertex 66.83708190917969 10 36.30600738525391
    vertex 113.9918823242188 10 36.30600738525391
    vertex 112.7654495239258 10 38.7130126953125
  endloop
endfacet
facet normal 0 -1 0
  outer loop
    vertex 66.83708190917969 10 36.30600738525391
    vertex 112.7654495239258 10 38.7130126953125
    vertex 68.06351470947266 10 38.7130126953125
  endloop
endfacet
facet normal 0 -1 0
  outer loop
    vertex 68.06351470947266 10 38.7130126953125
    vertex 112.7654495239258 10 38.7130126953125
    vertex 111.2941360473633 10 40.97863388061523
  endloop
endfacet
facet normal 0 -1 0
  outer loop
    vertex 68.06351470947266 10 38.7130126953125
    vertex 111.2941360473633 10 40.97863388061523
    vertex 69.53482818603516 10 40.97863388061523
  endloop
endfacet
facet normal 0 -1 0
  outer loop
    vertex 69.53482818603516 10 40.97863388061523
    vertex 111.2941360473633 10 40.97863388061523
    vertex 109.5940628051758 10 43.07804870605469
  endloop
endfacet
facet normal 0 -1 0
  outer loop
    vertex 69.53482818603516 10 40.97863388061523
    vertex 109.5940628051758 10 43.07804870605469
    vertex 71.23490142822266 10 43.07804870605469
  endloop
endfacet
facet normal 0 -1 0
  outer loop
    vertex 71.23490142822266 10 43.07804870605469
    vertex 109.5940628051758 10 43.07804870605469
    vertex 107.6838531494141 10 44.98825836181641
  endloop
endfacet
facet normal 0 -1 0
  outer loop
    vertex 71.23490142822266 10 43.07804870605469
    vertex 107.6838531494141 10 44.98825836181641
    vertex 73.14511108398438 10 44.98825836181641
  endloop
endfacet
facet normal 0 -1 0
  outer loop
    vertex 73.14511108398438 10 44.98825836181641
    vertex 107.6838531494141 10 44.98825836181641
    vertex 105.5844421386719 10 46.68833160400391
  endloop
endfacet
facet normal 0 -1 0
  outer loop
    vertex 73.14511108398438 10 44.98825836181641
    vertex 105.5844421386719 10 46.68833160400391
    vertex 75.24452209472656 10 46.68833160400391
  endloop
endfacet
facet normal 0 -1 0
  outer loop
    vertex 75.24452209472656 10 46.68833160400391
    vertex 105.5844421386719 10 46.68833160400391
    vertex 103.3188171386719 10 48.15964508056641
  endloop
endfacet
facet normal 0 -1 0
  outer loop
    vertex 75.24452209472656 10 46.68833160400391
    vertex 103.3188171386719 10 48.15964508056641
    vertex 77.51014709472656 10 48.15964508056641
  endloop
endfacet
facet normal 0 -1 0
  outer loop
    vertex 77.51014709472656 10 48.15964508056641
    vertex 103.3188171386719 10 48.15964508056641
    vertex 100.9118118286133 10 49.38607406616211
  endloop
endfacet
facet normal 0 -1 0
  outer loop
    vertex 77.51014709472656 10 48.15964508056641
    vertex 100.9118118286133 10 49.38607406616211
    vertex 79.91715240478516 10 49.38607406616211
  endloop
endfacet
facet normal 0 -1 0
  outer loop
    vertex 79.91715240478516 10 49.38607406616211
    vertex 100.9118118286133 10 49.38607406616211
    vertex 98.38980102539062 10 50.35418319702148
  endloop
endfacet
facet normal 0 -1 0
  outer loop
    vertex 79.91715240478516 10 49.38607406616211
    vertex 98.38980102539062 10 50.35418319702148
    vertex 82.43916320800781 10 50.35418319702148
  endloop
endfacet
facet normal 0 -1 0
  outer loop
    vertex 82.43916320800781 10 50.35418319702148
    vertex 98.38980102539062 10 50.35418319702148
    vertex 95.78041076660156 10 51.05336761474609
  endloop
endfacet
facet normal 0 -1 0
  outer loop
    vertex 82.43916320800781 10 50.35418319702148
    vertex 95.78041076660156 10 51.05336761474609
    vertex 85.04855346679688 10 51.05336761474609
  endloop
endfacet
facet normal 0 -1 0
  outer loop
    vertex 85.04855346679688 10 51.05336761474609
    vertex 95.78041076660156 10 51.05336761474609
    vertex 93.11222076416016 10 51.47596740722656
  endloop
endfacet
facet normal 0 -1 0
  outer loop
    vertex 85.04855346679688 10 51.05336761474609
    vertex 93.11222076416016 10 51.47596740722656
    vertex 87.71674346923828 10 51.47596740722656
  endloop
endfacet
facet normal 0 -1 0
  outer loop
    vertex 87.71674346923828 10 51.47596740722656
    vertex 93.11222076416016 10 51.47596740722656
    vertex 90.41448211669922 10 51.61735153198242
  endloop
endfacet
facet normal 0 -1 0
  outer loop
    vertex 100.4147033691406 10 28.06569290161133
    vertex 97.40727996826172 10 28.06569290161133
    vertex 97.40727996826172 10 26.12376594543457
  endloop
endfacet
facet normal 0 -1 0
  outer loop
    vertex 97.40727996826172 10 28.06569290161133
    vertex 100.4147033691406 10 28.06569290161133
    vertex 98.40727996826172 10 28.06569290161133
  endloop
endfacet
facet normal 0 -1 0
  outer loop
    vertex 83.42313385009766 10 25.45762062072754
    vertex 80.41571044921875 10 23.51569366455078
    vertex 83.42313385009766 10 23.51569366455078
  endloop
endfacet
facet normal 0.15643510222435 3.668460651633462e-17 -0.9876882433891296
  outer loop
    vertex 95.78041076660156 10 0.5639828443527222
    vertex 93.11222076416016 10 0.1413822174072266
    vertex 95.78041076660156 11.00000095367432 0.5639828443527222
  endloop
endfacet
facet normal -0.2588189840316772 0 -0.9659258127212524
  outer loop
    vertex 85.04855346679688 23.20000076293945 0.5639828443527222
    vertex 82.43916320800781 22.20000076293945 1.26316773891449
    vertex 82.43916320800781 23.20000076293945 1.26316773891449
  endloop
endfacet
facet normal -0.2588189840316772 -7.502236988280342e-17 -0.9659258127212524
  outer loop
    vertex 85.04855346679688 22.20000076293945 0.5639828443527222
    vertex 82.43916320800781 22.20000076293945 1.26316773891449
    vertex 85.04855346679688 23.20000076293945 0.5639828443527222
  endloop
endfacet
facet normal 0.2588191628456116 -7.502247576192183e-17 -0.9659258127212524
  outer loop
    vertex 98.38980102539062 23.20000076293945 1.26316773891449
    vertex 95.78041076660156 22.20000076293945 0.5639828443527222
    vertex 95.78041076660156 23.20000076293945 0.5639828443527222
  endloop
endfacet
facet normal -0.09580770879983902 -0.9289630055427551 -0.3575593233108521
  outer loop
    vertex 83.86104583740234 21.97500038146973 1.466739892959595
    vertex 82.43916320800781 22.20000076293945 1.26316773891449
    vertex 85.04855346679688 22.20000076293945 0.5639828443527222
  endloop
endfacet
facet normal -0.08216645568609238 -0.936303436756134 -0.3414447903633118
  outer loop
    vertex 83.86104583740234 21.97500038146973 1.466739892959595
    vertex 85.04855346679688 22.20000076293945 0.5639828443527222
    vertex 85.21131134033203 21.9081859588623 1.325026154518127
  endloop
endfacet
facet normal -0.06854335963726044 -0.9362471103668213 -0.344591349363327
  outer loop
    vertex 85.20262908935547 21.97500038146973 1.144656896591187
    vertex 85.04855346679688 22.20000076293945 0.5639828443527222
    vertex 85.79109954833984 21.97500038146973 1.027602672576904
  endloop
endfacet
facet normal -0.07350046932697296 -0.936340868473053 -0.3433124423027039
  outer loop
    vertex 85.21131134033203 21.9081859588623 1.325026154518127
    vertex 85.04855346679688 22.20000076293945 0.5639828443527222
    vertex 85.20262908935547 21.97500038146973 1.144656896591187
  endloop
endfacet
facet normal 0.2588191628456116 0 -0.9659258127212524
  outer loop
    vertex 98.38980102539062 22.20000076293945 1.26316773891449
    vertex 95.78041076660156 22.20000076293945 0.5639828443527222
    vertex 98.38980102539062 23.20000076293945 1.26316773891449
  endloop
endfacet
facet normal 0.07350046932697296 -0.936340868473053 -0.3433124423027039
  outer loop
    vertex 95.61765289306641 21.9081859588623 1.325026154518127
    vertex 95.62633514404297 21.97500038146973 1.144656896591187
    vertex 95.78041076660156 22.20000076293945 0.5639828443527222
  endloop
endfacet
facet normal 0.06854357570409775 -0.9362471103668213 -0.3445912897586823
  outer loop
    vertex 95.62633514404297 21.97500038146973 1.144656896591187
    vertex 95.03786468505859 21.97500038146973 1.027602672576904
    vertex 95.78041076660156 22.20000076293945 0.5639828443527222
  endloop
endfacet
facet normal 0.05708495527505875 -0.9310426115989685 -0.3604177832603455
  outer loop
    vertex 95.03786468505859 21.97500038146973 1.027602672576904
    vertex 93.67515563964844 21.97500038146973 0.8117687106132507
    vertex 95.78041076660156 22.20000076293945 0.5639828443527222
  endloop
endfacet
facet normal 0.09467048197984695 -0.9307019710540771 -0.3533148765563965
  outer loop
    vertex 97.54538726806641 21.97500038146973 1.629603981971741
    vertex 95.78041076660156 22.20000076293945 0.5639828443527222
    vertex 98.38980102539062 22.20000076293945 1.26316773891449
  endloop
endfacet
facet normal 0.1033341065049171 -0.9247025847434998 -0.3663976490497589
  outer loop
    vertex 97.54538726806641 21.97500038146973 1.629603981971741
    vertex 96.96791076660156 21.97500038146973 1.466739892959595
    vertex 95.78041076660156 22.20000076293945 0.5639828443527222
  endloop
endfacet
facet normal 0.08216656744480133 -0.936303436756134 -0.3414447605609894
  outer loop
    vertex 96.96791076660156 21.97500038146973 1.466739892959595
    vertex 95.61765289306641 21.9081859588623 1.325026154518127
    vertex 95.78041076660156 22.20000076293945 0.5639828443527222
  endloop
endfacet
facet normal -0.2588189840316772 0 -0.9659258127212524
  outer loop
    vertex 85.04855346679688 10 0.5639828443527222
    vertex 82.43916320800781 10 1.26316773891449
    vertex 85.04855346679688 11.00000095367432 0.5639828443527222
  endloop
endfacet
facet normal -0.2588189840316772 7.502224415135032e-17 -0.9659258127212524
  outer loop
    vertex 85.04855346679688 11.00000095367432 0.5639828443527222
    vertex 82.43916320800781 10 1.26316773891449
    vertex 82.43916320800781 11.00000095367432 1.26316773891449
  endloop
endfacet
facet normal -0.07347806543111801 0.936340868473053 -0.3433172404766083
  outer loop
    vertex 85.21131134033203 11.29181575775146 1.325026154518127
    vertex 85.20262908935547 11.22500038146973 1.144656896591187
    vertex 85.04855346679688 11.00000095367432 0.5639828443527222
  endloop
endfacet
facet normal -0.06854317337274551 0.9362474679946899 -0.3445903956890106
  outer loop
    vertex 85.20262908935547 11.22500038146973 1.144656896591187
    vertex 85.79109954833984 11.22500038146973 1.027602672576904
    vertex 85.04855346679688 11.00000095367432 0.5639828443527222
  endloop
endfacet
facet normal -0.09467003494501114 0.9307025074958801 -0.3533134460449219
  outer loop
    vertex 83.28357696533203 11.22500038146973 1.629603981971741
    vertex 85.04855346679688 11.00000095367432 0.5639828443527222
    vertex 82.43916320800781 11.00000095367432 1.26316773891449
  endloop
endfacet
facet normal -0.1033349260687828 0.9247022867202759 -0.3663981258869171
  outer loop
    vertex 83.28357696533203 11.22500038146973 1.629603981971741
    vertex 83.86104583740234 11.22500038146973 1.466739892959595
    vertex 85.04855346679688 11.00000095367432 0.5639828443527222
  endloop
endfacet
facet normal -0.08216693997383118 0.936303436756134 -0.3414447009563446
  outer loop
    vertex 83.86104583740234 11.22500038146973 1.466739892959595
    vertex 85.21131134033203 11.29181575775146 1.325026154518127
    vertex 85.04855346679688 11.00000095367432 0.5639828443527222
  endloop
endfacet
facet normal 0.2588191628456116 0 -0.9659258127212524
  outer loop
    vertex 98.38980102539062 11.00000095367432 1.26316773891449
    vertex 95.78041076660156 10 0.5639828443527222
    vertex 95.78041076660156 11.00000095367432 0.5639828443527222
  endloop
endfacet
facet normal 0.09580747783184052 0.9289634227752686 -0.3575581908226013
  outer loop
    vertex 96.96791076660156 11.22500038146973 1.466739892959595
    vertex 98.38980102539062 11.00000095367432 1.26316773891449
    vertex 95.78041076660156 11.00000095367432 0.5639828443527222
  endloop
endfacet
facet normal 0.08216705173254013 0.936303436756134 -0.3414446711540222
  outer loop
    vertex 96.96791076660156 11.22500038146973 1.466739892959595
    vertex 95.78041076660156 11.00000095367432 0.5639828443527222
    vertex 95.61765289306641 11.29181575775146 1.325026154518127
  endloop
endfacet
facet normal 0.05708479508757591 0.9310429692268372 -0.3604167997837067
  outer loop
    vertex 95.03786468505859 11.22500038146973 1.027602672576904
    vertex 95.78041076660156 11.00000095367432 0.5639828443527222
    vertex 93.67515563964844 11.22500038146973 0.8117687106132507
  endloop
endfacet
facet normal 0.06854338198900223 0.9362474679946899 -0.3445903360843658
  outer loop
    vertex 95.62633514404297 11.22500038146973 1.144656896591187
    vertex 95.78041076660156 11.00000095367432 0.5639828443527222
    vertex 95.03786468505859 11.22500038146973 1.027602672576904
  endloop
endfacet
facet normal 0.07347806543111801 0.936340868473053 -0.3433172404766083
  outer loop
    vertex 95.61765289306641 11.29181575775146 1.325026154518127
    vertex 95.78041076660156 11.00000095367432 0.5639828443527222
    vertex 95.62633514404297 11.22500038146973 1.144656896591187
  endloop
endfacet
facet normal 0.2588191628456116 1.500447000609374e-16 -0.9659258127212524
  outer loop
    vertex 98.38980102539062 10 1.26316773891449
    vertex 95.78041076660156 10 0.5639828443527222
    vertex 98.38980102539062 11.00000095367432 1.26316773891449
  endloop
endfacet
facet normal -0.03926151245832443 8.348568486375198e-18 -0.9992289543151855
  outer loop
    vertex 89.72463226318359 11.22500038146973 0.6094407439231873
    vertex 89.12509918212891 11.22500038146973 0.6329976320266724
    vertex 89.72463226318359 21.97500038146973 0.6094407439231873
  endloop
endfacet
facet normal -0.03926151245832443 4.949508317977191e-17 -0.9992289543151855
  outer loop
    vertex 89.72463226318359 21.97500038146973 0.6094407439231873
    vertex 89.12509918212891 11.22500038146973 0.6329976320266724
    vertex 89.12509918212891 21.97500038146973 0.6329976320266724
  endloop
endfacet
facet normal 0.9824705123901367 0 -0.1864180266857147
  outer loop
    vertex 89.72463226318359 21.97500038146973 0.6094407439231873
    vertex 89.91356658935547 21.60000038146973 1.605182886123657
    vertex 89.72463226318359 11.22500038146973 0.6094407439231873
  endloop
endfacet
facet normal 0.03926138579845428 8.547289529554325e-18 -0.9992289543151855
  outer loop
    vertex 91.70387268066406 21.97500038146973 0.6329976320266724
    vertex 91.10433197021484 11.22500038146973 0.6094407439231873
    vertex 91.10433197021484 21.97500038146973 0.6094407439231873
  endloop
endfacet
facet normal -0.9824708700180054 2.267281172697382e-18 -0.1864162087440491
  outer loop
    vertex 91.10433197021484 21.97500038146973 0.6094407439231873
    vertex 91.10433197021484 11.22500038146973 0.6094407439231873
    vertex 90.91539764404297 21.60000038146973 1.605182886123657
  endloop
endfacet
facet normal 0.003639664733782411 -0.93605637550354 -0.3518312871456146
  outer loop
    vertex 90.91539764404297 21.60000038146973 1.605182886123657
    vertex 90.41448211669922 21.60000038146973 1.600000977516174
    vertex 91.10433197021484 21.97500038146973 0.6094407439231873
  endloop
endfacet
facet normal 0.9824705123901367 -2.620125816329839e-18 -0.1864180266857147
  outer loop
    vertex 89.91356658935547 21.60000038146973 1.605182886123657
    vertex 89.91356658935547 11.60000038146973 1.605182886123657
    vertex 89.72463226318359 11.22500038146973 0.6094407439231873
  endloop
endfacet
facet normal -0.00363966659642756 0.9360562562942505 -0.3518314957618713
  outer loop
    vertex 89.91356658935547 11.60000038146973 1.605182886123657
    vertex 90.41448211669922 11.60000038146973 1.600000977516174
    vertex 89.72463226318359 11.22500038146973 0.6094407439231873
  endloop
endfacet
facet normal 0.03926138579845428 8.149740736897052e-18 -0.9992289543151855
  outer loop
    vertex 91.70387268066406 11.22500038146973 0.6329976320266724
    vertex 91.10433197021484 11.22500038146973 0.6094407439231873
    vertex 91.70387268066406 21.97500038146973 0.6329976320266724
  endloop
endfacet
facet normal -0.9824708700180054 0 -0.1864162087440491
  outer loop
    vertex 90.91539764404297 21.60000038146973 1.605182886123657
    vertex 91.10433197021484 11.22500038146973 0.6094407439231873
    vertex 90.91539764404297 11.60000038146973 1.605182886123657
  endloop
endfacet
facet normal -0.9940682053565979 1.044228252484851e-15 -0.1087585464119911
  outer loop
    vertex 89.12509918212891 21.97500038146973 0.6329976320266724
    vertex 89.12509918212891 11.22500038146973 0.6329976320266724
    vertex 89.01486968994141 21.60000038146973 1.640493035316467
  endloop
endfacet
facet normal -0.02765205875039101 -0.9358348846435547 -0.351352334022522
  outer loop
    vertex 89.01486968994141 21.60000038146973 1.640493035316467
    vertex 87.79712677001953 21.9081859588623 0.9154733419418335
    vertex 89.12509918212891 21.97500038146973 0.6329976320266724
  endloop
endfacet
facet normal 0.9940682053565979 0 -0.1087585464119911
  outer loop
    vertex 91.70387268066406 21.97500038146973 0.6329976320266724
    vertex 91.81409454345703 21.60000038146973 1.640493035316467
    vertex 91.70387268066406 11.22500038146973 0.6329976320266724
  endloop
endfacet
facet normal 0.02765209972858429 -0.9358348846435547 -0.351352334022522
  outer loop
    vertex 91.81409454345703 21.60000038146973 1.640493035316467
    vertex 91.70387268066406 21.97500038146973 0.6329976320266724
    vertex 93.03183746337891 21.9081859588623 0.9154733419418335
  endloop
endfacet
facet normal -0.9940682053565979 0 -0.1087585464119911
  outer loop
    vertex 89.01486968994141 21.60000038146973 1.640493035316467
    vertex 89.12509918212891 11.22500038146973 0.6329976320266724
    vertex 89.01486968994141 11.60000038146973 1.640493035316467
  endloop
endfacet
facet normal -0.0276515893638134 0.9358348250389099 -0.3513524830341339
  outer loop
    vertex 89.01486968994141 11.60000038146973 1.640493035316467
    vertex 89.12509918212891 11.22500038146973 0.6329976320266724
    vertex 87.79712677001953 11.29181575775146 0.9154733419418335
  endloop
endfacet
facet normal 0.9940682053565979 -1.121280616235088e-15 -0.1087585464119911
  outer loop
    vertex 91.81409454345703 21.60000038146973 1.640493035316467
    vertex 91.81409454345703 11.60000038146973 1.640493035316467
    vertex 91.70387268066406 11.22500038146973 0.6329976320266724
  endloop
endfacet
facet normal 0.02765163034200668 0.9358348250389099 -0.3513525128364563
  outer loop
    vertex 91.81409454345703 11.60000038146973 1.640493035316467
    vertex 93.03183746337891 11.29181575775146 0.9154733419418335
    vertex 91.70387268066406 11.22500038146973 0.6329976320266724
  endloop
endfacet
facet normal -0.117536224424839 7.200311928795424e-18 -0.9930685758590698
  outer loop
    vertex 87.74964904785156 11.22500038146973 0.7412470579147339
    vertex 87.15380859375 11.22500038146973 0.8117687106132507
    vertex 87.74964904785156 21.97500038146973 0.7412470579147339
  endloop
endfacet
facet normal -0.117536224424839 -1.680072645522164e-17 -0.9930685758590698
  outer loop
    vertex 87.74964904785156 21.97500038146973 0.7412470579147339
    vertex 87.15380859375 11.22500038146973 0.8117687106132507
    vertex 87.15380859375 21.97500038146973 0.8117687106132507
  endloop
endfacet
facet normal 0.9648153185844421 1.704541619978702e-18 -0.2629286050796509
  outer loop
    vertex 87.74964904785156 21.97500038146973 0.7412470579147339
    vertex 87.79712677001953 21.9081859588623 0.9154733419418335
    vertex 87.74964904785156 11.22500038146973 0.7412470579147339
  endloop
endfacet
facet normal 0.117536224424839 7.200311928795424e-18 -0.9930685758590698
  outer loop
    vertex 93.67515563964844 21.97500038146973 0.8117687106132507
    vertex 93.07931518554688 11.22500038146973 0.7412470579147339
    vertex 93.07931518554688 21.97500038146973 0.7412470579147339
  endloop
endfacet
facet normal -0.9648153185844421 2.84090280336208e-18 -0.2629286050796509
  outer loop
    vertex 93.07931518554688 21.97500038146973 0.7412470579147339
    vertex 93.07931518554688 11.22500038146973 0.7412470579147339
    vertex 93.03183746337891 21.9081859588623 0.9154733419418335
  endloop
endfacet
facet normal 0.9648162126541138 -6.002646557590197e-08 -0.2629251778125763
  outer loop
    vertex 87.79712677001953 21.9081859588623 0.9154733419418335
    vertex 88.01612854003906 21.60000038146973 1.719096660614014
    vertex 87.74964904785156 11.22500038146973 0.7412470579147339
  endloop
endfacet
facet normal 0.9648152589797974 2.976389623654541e-07 -0.262928694486618
  outer loop
    vertex 88.01612854003906 21.60000038146973 1.719096660614014
    vertex 87.79712677001953 11.29181575775146 0.9154733419418335
    vertex 87.74964904785156 11.22500038146973 0.7412470579147339
  endloop
endfacet
facet normal 0.117536224424839 -1.680072645522164e-17 -0.9930685758590698
  outer loop
    vertex 93.67515563964844 11.22500038146973 0.8117687106132507
    vertex 93.07931518554688 11.22500038146973 0.7412470579147339
    vertex 93.67515563964844 21.97500038146973 0.8117687106132507
  endloop
endfacet
facet normal -0.9648162126541138 -6.002646557590197e-08 -0.2629251778125763
  outer loop
    vertex 93.03183746337891 21.9081859588623 0.9154733419418335
    vertex 93.07931518554688 11.22500038146973 0.7412470579147339
    vertex 92.81283569335938 21.60000038146973 1.719096660614014
  endloop
endfacet
facet normal -0.9648152589797974 2.976389623654541e-07 -0.262928694486618
  outer loop
    vertex 92.81283569335938 21.60000038146973 1.719096660614014
    vertex 93.07931518554688 11.22500038146973 0.7412470579147339
    vertex 93.03183746337891 11.29181575775146 0.9154733419418335
  endloop
endfacet
facet normal -0.99953693151474 -2.785702611243367e-19 -0.03042883239686489
  outer loop
    vertex 87.15380859375 21.97500038146973 0.8117687106132507
    vertex 87.15380859375 11.22500038146973 0.8117687106132507
    vertex 87.12297058105469 21.60000038146973 1.824809193611145
  endloop
endfacet
facet normal -0.05513303354382515 -0.9358351826667786 -0.3480989038944244
  outer loop
    vertex 86.13347625732422 21.60000038146973 1.981528520584106
    vertex 87.15380859375 21.97500038146973 0.8117687106132507
    vertex 87.12297058105469 21.60000038146973 1.824809193611145
  endloop
endfacet
facet normal -0.05513401329517365 -0.9358348846435547 -0.3480996489524841
  outer loop
    vertex 86.13347625732422 21.60000038146973 1.981528520584106
    vertex 85.79109954833984 21.97500038146973 1.027602672576904
    vertex 87.15380859375 21.97500038146973 0.8117687106132507
  endloop
endfacet
facet normal 0.9995368719100952 0 -0.03043071180582047
  outer loop
    vertex 93.67515563964844 21.97500038146973 0.8117687106132507
    vertex 93.70599365234375 21.60000038146973 1.824809193611145
    vertex 93.67515563964844 11.22500038146973 0.8117687106132507
  endloop
endfacet
facet normal 0.05513383448123932 -0.9358351230621338 -0.3480989933013916
  outer loop
    vertex 93.70599365234375 21.60000038146973 1.824809193611145
    vertex 93.67515563964844 21.97500038146973 0.8117687106132507
    vertex 95.03786468505859 21.97500038146973 1.027602672576904
  endloop
endfacet
facet normal -0.99953693151474 0 -0.03042883239686489
  outer loop
    vertex 87.12297058105469 21.60000038146973 1.824809193611145
    vertex 87.15380859375 11.22500038146973 0.8117687106132507
    vertex 87.12297058105469 11.60000038146973 1.824809193611145
  endloop
endfacet
facet normal -0.05513392761349678 0.935835063457489 -0.3480990827083588
  outer loop
    vertex 87.12297058105469 11.60000038146973 1.824809193611145
    vertex 87.15380859375 11.22500038146973 0.8117687106132507
    vertex 85.79109954833984 11.22500038146973 1.027602672576904
  endloop
endfacet
facet normal 0.9995368719100952 3.219227194800584e-19 -0.03043071180582047
  outer loop
    vertex 93.70599365234375 21.60000038146973 1.824809193611145
    vertex 93.70599365234375 11.60000038146973 1.824809193611145
    vertex 93.67515563964844 11.22500038146973 0.8117687106132507
  endloop
endfacet
facet normal 0.05513318628072739 0.935835063457489 -0.3480991721153259
  outer loop
    vertex 94.69548797607422 11.60000038146973 1.981528520584106
    vertex 93.67515563964844 11.22500038146973 0.8117687106132507
    vertex 93.70599365234375 11.60000038146973 1.824809193611145
  endloop
endfacet
facet normal 0.05513395741581917 0.9358348250389099 -0.3480997681617737
  outer loop
    vertex 94.69548797607422 11.60000038146973 1.981528520584106
    vertex 95.03786468505859 11.22500038146973 1.027602672576904
    vertex 93.67515563964844 11.22500038146973 0.8117687106132507
  endloop
endfacet
facet normal -0.02765234559774399 -0.9358350038528442 -0.3513519167900085
  outer loop
    vertex 88.01612854003906 21.60000038146973 1.719096660614014
    vertex 87.79712677001953 21.9081859588623 0.9154733419418335
    vertex 89.01486968994141 21.60000038146973 1.640493035316467
  endloop
endfacet
facet normal 0.02765239775180817 -0.9358350038528442 -0.3513519167900085
  outer loop
    vertex 92.81283569335938 21.60000038146973 1.719096660614014
    vertex 91.81409454345703 21.60000038146973 1.640493035316467
    vertex 93.03183746337891 21.9081859588623 0.9154733419418335
  endloop
endfacet
facet normal 0.9648162126541138 -1.090297527453065e-15 -0.2629251480102539
  outer loop
    vertex 88.01612854003906 21.60000038146973 1.719096660614014
    vertex 88.01612854003906 11.60000038146973 1.719096660614014
    vertex 87.79712677001953 11.29181575775146 0.9154733419418335
  endloop
endfacet
facet normal -0.027652308344841 0.9358351826667786 -0.3513514399528503
  outer loop
    vertex 88.01612854003906 11.60000038146973 1.719096660614014
    vertex 89.01486968994141 11.60000038146973 1.640493035316467
    vertex 87.79712677001953 11.29181575775146 0.9154733419418335
  endloop
endfacet
facet normal -0.9648162126541138 1.086347177545308e-15 -0.2629251480102539
  outer loop
    vertex 92.81283569335938 21.60000038146973 1.719096660614014
    vertex 93.03183746337891 11.29181575775146 0.9154733419418335
    vertex 92.81283569335938 11.60000038146973 1.719096660614014
  endloop
endfacet
facet normal 0.02765236049890518 0.9358351826667786 -0.3513514399528503
  outer loop
    vertex 92.81283569335938 11.60000038146973 1.719096660614014
    vertex 93.03183746337891 11.29181575775146 0.9154733419418335
    vertex 91.81409454345703 11.60000038146973 1.640493035316467
  endloop
endfacet
facet normal -0.1950899958610535 8.100490816815951e-19 -0.9807853698730469
  outer loop
    vertex 85.79109954833984 11.22500038146973 1.027602672576904
    vertex 85.20262908935547 11.22500038146973 1.144656896591187
    vertex 85.79109954833984 21.97500038146973 1.027602672576904
  endloop
endfacet
facet normal -0.1950899958610535 0 -0.9807853698730469
  outer loop
    vertex 85.79109954833984 21.97500038146973 1.027602672576904
    vertex 85.20262908935547 11.22500038146973 1.144656896591187
    vertex 85.20262908935547 21.97500038146973 1.144656896591187
  endloop
endfacet
facet normal 0.9412129521369934 -7.100017106703982e-18 -0.3378138840198517
  outer loop
    vertex 85.79109954833984 21.97500038146973 1.027602672576904
    vertex 86.13347625732422 21.60000038146973 1.981528520584106
    vertex 85.79109954833984 11.22500038146973 1.027602672576904
  endloop
endfacet
facet normal 0.1950905919075012 8.100541998616352e-19 -0.9807852506637573
  outer loop
    vertex 95.62633514404297 21.97500038146973 1.144656896591187
    vertex 95.03786468505859 11.22500038146973 1.027602672576904
    vertex 95.03786468505859 21.97500038146973 1.027602672576904
  endloop
endfacet
facet normal -0.9412123560905457 -2.366670852403538e-18 -0.3378155529499054
  outer loop
    vertex 95.03786468505859 21.97500038146973 1.027602672576904
    vertex 95.03786468505859 11.22500038146973 1.027602672576904
    vertex 94.69548797607422 21.60000038146973 1.981528520584106
  endloop
endfacet
facet normal 0.05513328313827515 -0.9358348250389099 -0.3480997979640961
  outer loop
    vertex 94.69548797607422 21.60000038146973 1.981528520584106
    vertex 93.70599365234375 21.60000038146973 1.824809193611145
    vertex 95.03786468505859 21.97500038146973 1.027602672576904
  endloop
endfacet
facet normal 0.9412129521369934 5.46997126929423e-18 -0.3378138840198517
  outer loop
    vertex 86.13347625732422 21.60000038146973 1.981528520584106
    vertex 86.13347625732422 11.60000038146973 1.981528520584106
    vertex 85.79109954833984 11.22500038146973 1.027602672576904
  endloop
endfacet
facet normal -0.05513322725892067 0.9358347058296204 -0.3481000959873199
  outer loop
    vertex 86.13347625732422 11.60000038146973 1.981528520584106
    vertex 87.12297058105469 11.60000038146973 1.824809193611145
    vertex 85.79109954833984 11.22500038146973 1.027602672576904
  endloop
endfacet
facet normal 0.1950905919075012 -8.100541998616352e-19 -0.9807852506637573
  outer loop
    vertex 95.62633514404297 11.22500038146973 1.144656896591187
    vertex 95.03786468505859 11.22500038146973 1.027602672576904
    vertex 95.62633514404297 21.97500038146973 1.144656896591187
  endloop
endfacet
facet normal -0.9412123560905457 2.73498398028589e-18 -0.3378155529499054
  outer loop
    vertex 94.69548797607422 21.60000038146973 1.981528520584106
    vertex 95.03786468505859 11.22500038146973 1.027602672576904
    vertex 94.69548797607422 11.60000038146973 1.981528520584106
  endloop
endfacet
facet normal -0.9988429546356201 1.372087262789012e-19 0.0480908490717411
  outer loop
    vertex 85.20262908935547 21.97500038146973 1.144656896591187
    vertex 85.20262908935547 11.22500038146973 1.144656896591187
    vertex 85.21131134033203 11.29181575775146 1.325026154518127
  endloop
endfacet
facet normal -0.9988431930541992 -7.755680542231858e-08 0.0480862632393837
  outer loop
    vertex 85.20262908935547 21.97500038146973 1.144656896591187
    vertex 85.21131134033203 11.29181575775146 1.325026154518127
    vertex 85.25136566162109 11.60000038146973 2.156991481781006
  endloop
endfacet
facet normal -0.9988429546356201 3.845661069590278e-07 0.04809099063277245
  outer loop
    vertex 85.20262908935547 21.97500038146973 1.144656896591187
    vertex 85.25136566162109 11.60000038146973 2.156991481781006
    vertex 85.21131134033203 21.9081859588623 1.325026154518127
  endloop
endfacet
facet normal 0.9988429546356201 1.372087262789012e-19 0.0480908490717411
  outer loop
    vertex 95.62633514404297 21.97500038146973 1.144656896591187
    vertex 95.61765289306641 11.29181575775146 1.325026154518127
    vertex 95.62633514404297 11.22500038146973 1.144656896591187
  endloop
endfacet
facet normal 0.9988431930541992 -7.755680542231858e-08 0.0480862632393837
  outer loop
    vertex 95.62633514404297 21.97500038146973 1.144656896591187
    vertex 95.57759857177734 11.60000038146973 2.156991481781006
    vertex 95.61765289306641 11.29181575775146 1.325026154518127
  endloop
endfacet
facet normal 0.9988429546356201 3.845661069590278e-07 0.04809099063277245
  outer loop
    vertex 95.62633514404297 21.97500038146973 1.144656896591187
    vertex 95.61765289306641 21.9081859588623 1.325026154518127
    vertex 95.57759857177734 11.60000038146973 2.156991481781006
  endloop
endfacet
facet normal -0.3583677411079407 7.762171547457986e-17 -0.9335805177688599
  outer loop
    vertex 82.43916320800781 23.20000076293945 1.26316773891449
    vertex 79.91715240478516 22.20000076293945 2.231277465820312
    vertex 79.91715240478516 23.20000076293945 2.231277465820312
  endloop
endfacet
facet normal -0.3583677411079407 -7.762171547457986e-17 -0.9335805177688599
  outer loop
    vertex 82.43916320800781 22.20000076293945 1.26316773891449
    vertex 79.91715240478516 22.20000076293945 2.231277465820312
    vertex 82.43916320800781 23.20000076293945 1.26316773891449
  endloop
endfacet
facet normal 0.3583676218986511 7.762165591757575e-17 -0.9335805773735046
  outer loop
    vertex 100.9118118286133 23.20000076293945 2.231277465820312
    vertex 98.38980102539062 22.20000076293945 1.26316773891449
    vertex 98.38980102539062 23.20000076293945 1.26316773891449
  endloop
endfacet
facet normal -0.1119573637843132 -0.9363229870796204 -0.3328134119510651
  outer loop
    vertex 82.45879364013672 21.60000038146973 2.94457745552063
    vertex 82.43916320800781 22.20000076293945 1.26316773891449
    vertex 82.93359375 21.60000038146973 2.784857511520386
  endloop
endfacet
facet normal -0.1136311367154121 -0.9361501932144165 -0.332732230424881
  outer loop
    vertex 82.45879364013672 21.60000038146973 2.94457745552063
    vertex 81.97140502929688 21.97500038146973 2.055954217910767
    vertex 82.43916320800781 22.20000076293945 1.26316773891449
  endloop
endfacet
facet normal -0.1310829073190689 -0.930702269077301 -0.3414828777313232
  outer loop
    vertex 79.91715240478516 22.20000076293945 2.231277465820312
    vertex 82.43916320800781 22.20000076293945 1.26316773891449
    vertex 81.97140502929688 21.97500038146973 2.055954217910767
  endloop
endfacet
facet normal -0.1039325594902039 -0.9363183975219727 -0.3354190289974213
  outer loop
    vertex 82.93359375 21.60000038146973 2.784857511520386
    vertex 82.43916320800781 22.20000076293945 1.26316773891449
    vertex 83.28357696533203 21.97500038146973 1.629603981971741
  endloop
endfacet
facet normal -0.09789519011974335 -0.9327009320259094 -0.3471102714538574
  outer loop
    vertex 83.28357696533203 21.97500038146973 1.629603981971741
    vertex 82.43916320800781 22.20000076293945 1.26316773891449
    vertex 83.86104583740234 21.97500038146973 1.466739892959595
  endloop
endfacet
facet normal 0.3583676218986511 -7.762165591757575e-17 -0.9335805773735046
  outer loop
    vertex 100.9118118286133 22.20000076293945 2.231277465820312
    vertex 98.38980102539062 22.20000076293945 1.26316773891449
    vertex 100.9118118286133 23.20000076293945 2.231277465820312
  endloop
endfacet
facet normal 0.1050471439957619 -0.9363229870796204 -0.3350588083267212
  outer loop
    vertex 97.89537048339844 21.60000038146973 2.784857511520386
    vertex 97.41737365722656 21.60000038146973 2.634996652603149
    vertex 98.38980102539062 22.20000076293945 1.26316773891449
  endloop
endfacet
facet normal 0.1036464646458626 -0.9361503124237061 -0.3359761834144592
  outer loop
    vertex 97.41737365722656 21.60000038146973 2.634996652603149
    vertex 97.54538726806641 21.97500038146973 1.629603981971741
    vertex 98.38980102539062 22.20000076293945 1.26316773891449
  endloop
endfacet
facet normal 0.1130711734294891 -0.9363183379173279 -0.3324498236179352
  outer loop
    vertex 97.89537048339844 21.60000038146973 2.784857511520386
    vertex 98.38980102539062 22.20000076293945 1.26316773891449
    vertex 98.85755920410156 21.97500038146973 2.055954217910767
  endloop
endfacet
facet normal 0.124826967716217 -0.932701051235199 -0.3383593261241913
  outer loop
    vertex 99.42047119140625 21.97500038146973 2.26362419128418
    vertex 98.85755920410156 21.97500038146973 2.055954217910767
    vertex 98.38980102539062 22.20000076293945 1.26316773891449
  endloop
endfacet
facet normal 0.1326579600572586 -0.9289628863334656 -0.3455861508846283
  outer loop
    vertex 99.42047119140625 21.97500038146973 2.26362419128418
    vertex 98.38980102539062 22.20000076293945 1.26316773891449
    vertex 100.9118118286133 22.20000076293945 2.231277465820312
  endloop
endfacet
facet normal -0.3583677411079407 -7.762158312568185e-17 -0.9335805177688599
  outer loop
    vertex 82.43916320800781 10 1.26316773891449
    vertex 79.91715240478516 10 2.231277465820312
    vertex 82.43916320800781 11.00000095367432 1.26316773891449
  endloop
endfacet
facet normal -0.3583677411079407 -7.762158312568185e-17 -0.9335805177688599
  outer loop
    vertex 82.43916320800781 11.00000095367432 1.26316773891449
    vertex 79.91715240478516 10 2.231277465820312
    vertex 79.91715240478516 11.00000095367432 2.231277465820312
  endloop
endfacet
facet normal -0.1050466597080231 0.9363231062889099 -0.3350585997104645
  outer loop
    vertex 82.93359375 11.60000038146973 2.784857511520386
    vertex 83.41159057617188 11.60000038146973 2.634996652603149
    vertex 82.43916320800781 11.00000095367432 1.26316773891449
  endloop
endfacet
facet normal -0.103645034134388 0.9361503124237061 -0.3359766006469727
  outer loop
    vertex 83.41159057617188 11.60000038146973 2.634996652603149
    vertex 83.28357696533203 11.22500038146973 1.629603981971741
    vertex 82.43916320800781 11.00000095367432 1.26316773891449
  endloop
endfacet
facet normal -0.1130719408392906 0.9363184571266174 -0.332449197769165
  outer loop
    vertex 82.93359375 11.60000038146973 2.784857511520386
    vertex 82.43916320800781 11.00000095367432 1.26316773891449
    vertex 81.97140502929688 11.22500038146973 2.055954217910767
  endloop
endfacet
facet normal -0.1248264983296394 0.9327015280723572 -0.3383580446243286
  outer loop
    vertex 81.40849304199219 11.22500038146973 2.26362419128418
    vertex 81.97140502929688 11.22500038146973 2.055954217910767
    vertex 82.43916320800781 11.00000095367432 1.26316773891449
  endloop
endfacet
facet normal -0.132657527923584 0.9289634227752686 -0.345584899187088
  outer loop
    vertex 81.40849304199219 11.22500038146973 2.26362419128418
    vertex 82.43916320800781 11.00000095367432 1.26316773891449
    vertex 79.91715240478516 11.00000095367432 2.231277465820312
  endloop
endfacet
facet normal 0.3583676218986511 2.328645773234781e-16 -0.9335805773735046
  outer loop
    vertex 100.9118118286133 11.00000095367432 2.231277465820312
    vertex 98.38980102539062 10 1.26316773891449
    vertex 98.38980102539062 11.00000095367432 1.26316773891449
  endloop
endfacet
facet normal 0.1119573265314102 0.9363230466842651 -0.3328132927417755
  outer loop
    vertex 98.37017059326172 11.60000038146973 2.94457745552063
    vertex 98.38980102539062 11.00000095367432 1.26316773891449
    vertex 97.89537048339844 11.60000038146973 2.784857511520386
  endloop
endfacet
facet normal 0.1136318519711494 0.9361501932144165 -0.332732081413269
  outer loop
    vertex 98.37017059326172 11.60000038146973 2.94457745552063
    vertex 98.85755920410156 11.22500038146973 2.055954217910767
    vertex 98.38980102539062 11.00000095367432 1.26316773891449
  endloop
endfacet
facet normal 0.1310826241970062 0.9307025671005249 -0.3414822518825531
  outer loop
    vertex 100.9118118286133 11.00000095367432 2.231277465820312
    vertex 98.38980102539062 11.00000095367432 1.26316773891449
    vertex 98.85755920410156 11.22500038146973 2.055954217910767
  endloop
endfacet
facet normal 0.1039322689175606 0.9363183975219727 -0.3354189693927765
  outer loop
    vertex 97.89537048339844 11.60000038146973 2.784857511520386
    vertex 98.38980102539062 11.00000095367432 1.26316773891449
    vertex 97.54538726806641 11.22500038146973 1.629603981971741
  endloop
endfacet
facet normal 0.09789465367794037 0.9327008128166199 -0.3471106588840485
  outer loop
    vertex 97.54538726806641 11.22500038146973 1.629603981971741
    vertex 98.38980102539062 11.00000095367432 1.26316773891449
    vertex 96.96791076660156 11.22500038146973 1.466739892959595
  endloop
endfacet
facet normal 0.3583676218986511 7.762153018612265e-17 -0.9335805773735046
  outer loop
    vertex 100.9118118286133 10 2.231277465820312
    vertex 98.38980102539062 10 1.26316773891449
    vertex 100.9118118286133 11.00000095367432 2.231277465820312
  endloop
endfacet
facet normal -0.9988431930541992 0 0.04808623716235161
  outer loop
    vertex 85.21131134033203 21.9081859588623 1.325026154518127
    vertex 85.25136566162109 11.60000038146973 2.156991481781006
    vertex 85.25136566162109 21.60000038146973 2.156991481781006
  endloop
endfacet
facet normal -0.08227506279945374 -0.9358349442481995 -0.3427006602287292
  outer loop
    vertex 84.27721405029297 21.60000038146973 2.390863418579102
    vertex 85.21131134033203 21.9081859588623 1.325026154518127
    vertex 85.25136566162109 21.60000038146973 2.156991481781006
  endloop
endfacet
facet normal -0.08227507770061493 -0.9358349442481995 -0.3427006900310516
  outer loop
    vertex 84.27721405029297 21.60000038146973 2.390863418579102
    vertex 83.86104583740234 21.97500038146973 1.466739892959595
    vertex 85.21131134033203 21.9081859588623 1.325026154518127
  endloop
endfacet
facet normal 0.9988431930541992 0 0.04808623716235161
  outer loop
    vertex 95.61765289306641 21.9081859588623 1.325026154518127
    vertex 95.57759857177734 21.60000038146973 2.156991481781006
    vertex 95.57759857177734 11.60000038146973 2.156991481781006
  endloop
endfacet
facet normal 0.08227520436048508 -0.9358348846435547 -0.3427007794380188
  outer loop
    vertex 96.55175018310547 21.60000038146973 2.390863418579102
    vertex 95.61765289306641 21.9081859588623 1.325026154518127
    vertex 96.96791076660156 21.97500038146973 1.466739892959595
  endloop
endfacet
facet normal 0.08227506279945374 -0.9358349442481995 -0.3427006602287292
  outer loop
    vertex 96.55175018310547 21.60000038146973 2.390863418579102
    vertex 95.57759857177734 21.60000038146973 2.156991481781006
    vertex 95.61765289306641 21.9081859588623 1.325026154518127
  endloop
endfacet
facet normal -0.08227557688951492 0.9358348846435547 -0.3427006900310516
  outer loop
    vertex 84.27721405029297 11.60000038146973 2.390863418579102
    vertex 85.21131134033203 11.29181575775146 1.325026154518127
    vertex 83.86104583740234 11.22500038146973 1.466739892959595
  endloop
endfacet
facet normal -0.08227495104074478 0.9358351230621338 -0.3427002131938934
  outer loop
    vertex 84.27721405029297 11.60000038146973 2.390863418579102
    vertex 85.25136566162109 11.60000038146973 2.156991481781006
    vertex 85.21131134033203 11.29181575775146 1.325026154518127
  endloop
endfacet
facet normal 0.08227495104074478 0.9358351230621338 -0.3427002131938934
  outer loop
    vertex 96.55175018310547 11.60000038146973 2.390863418579102
    vertex 95.61765289306641 11.29181575775146 1.325026154518127
    vertex 95.57759857177734 11.60000038146973 2.156991481781006
  endloop
endfacet
facet normal 0.08227569609880447 0.9358348846435547 -0.3427007794380188
  outer loop
    vertex 96.55175018310547 11.60000038146973 2.390863418579102
    vertex 96.96791076660156 11.22500038146973 1.466739892959595
    vertex 95.61765289306641 11.29181575775146 1.325026154518127
  endloop
endfacet
facet normal -0.2714403569698334 1.650962339969075e-18 -0.9624552726745605
  outer loop
    vertex 83.86104583740234 11.22500038146973 1.466739892959595
    vertex 83.28357696533203 11.22500038146973 1.629603981971741
    vertex 83.86104583740234 21.97500038146973 1.466739892959595
  endloop
endfacet
facet normal -0.2714403569698334 0 -0.9624552726745605
  outer loop
    vertex 83.86104583740234 21.97500038146973 1.466739892959595
    vertex 83.28357696533203 11.22500038146973 1.629603981971741
    vertex 83.28357696533203 21.97500038146973 1.629603981971741
  endloop
endfacet
facet normal 0.9118067622184753 -2.442993153162581e-18 -0.4106196165084839
  outer loop
    vertex 83.86104583740234 21.97500038146973 1.466739892959595
    vertex 84.27721405029297 21.60000038146973 2.390863418579102
    vertex 83.86104583740234 11.22500038146973 1.466739892959595
  endloop
endfacet
facet normal 0.2714387178421021 0 -0.9624557495117188
  outer loop
    vertex 97.54538726806641 21.97500038146973 1.629603981971741
    vertex 96.96791076660156 11.22500038146973 1.466739892959595
    vertex 96.96791076660156 21.97500038146973 1.466739892959595
  endloop
endfacet
facet normal -0.9118074178695679 -7.328984836161723e-18 -0.4106180369853973
  outer loop
    vertex 96.96791076660156 21.97500038146973 1.466739892959595
    vertex 96.96791076660156 11.22500038146973 1.466739892959595
    vertex 96.55175018310547 21.60000038146973 2.390863418579102
  endloop
endfacet
facet normal 0.9118067622184753 -1.016346151322726e-15 -0.4106196165084839
  outer loop
    vertex 84.27721405029297 21.60000038146973 2.390863418579102
    vertex 84.27721405029297 11.60000038146973 2.390863418579102
    vertex 83.86104583740234 11.22500038146973 1.466739892959595
  endloop
endfacet
facet normal 0.2714387178421021 -2.83961892806153e-16 -0.9624557495117188
  outer loop
    vertex 97.54538726806641 21.97500038146973 1.629603981971741
    vertex 97.54538726806641 11.22500038146973 1.629603981971741
    vertex 96.96791076660156 11.22500038146973 1.466739892959595
  endloop
endfacet
facet normal -0.9118074178695679 1.044578818245896e-15 -0.4106180369853973
  outer loop
    vertex 96.55175018310547 21.60000038146973 2.390863418579102
    vertex 96.96791076660156 11.22500038146973 1.466739892959595
    vertex 96.55175018310547 11.60000038146973 2.390863418579102
  endloop
endfacet
facet normal 0 0 -1
  outer loop
    vertex 90.91539764404297 21.60000038146973 1.605182886123657
    vertex 89.91356658935547 11.60000038146973 1.605182886123657
    vertex 89.91356658935547 21.60000038146973 1.605182886123657
  endloop
endfacet
facet normal 0 0 -1
  outer loop
    vertex 90.91539764404297 11.60000038146973 1.605182886123657
    vertex 89.91356658935547 11.60000038146973 1.605182886123657
    vertex 90.91539764404297 21.60000038146973 1.605182886123657
  endloop
endfacet
facet normal -0.9919911623001099 1.122757267631754e-18 0.1263072341680527
  outer loop
    vertex 83.28357696533203 21.97500038146973 1.629603981971741
    vertex 83.28357696533203 11.22500038146973 1.629603981971741
    vertex 83.41159057617188 21.60000038146973 2.634996652603149
  endloop
endfacet
facet normal -0.1052590012550354 -0.9360566139221191 -0.3357358872890472
  outer loop
    vertex 82.93359375 21.60000038146973 2.784857511520386
    vertex 83.28357696533203 21.97500038146973 1.629603981971741
    vertex 83.41159057617188 21.60000038146973 2.634996652603149
  endloop
endfacet
facet normal 0.9919911623001099 -1.041918711275043e-15 0.1263072341680527
  outer loop
    vertex 97.54538726806641 21.97500038146973 1.629603981971741
    vertex 97.41737365722656 21.60000038146973 2.634996652603149
    vertex 97.54538726806641 11.22500038146973 1.629603981971741
  endloop
endfacet
facet normal -0.9919911623001099 0 0.1263072341680527
  outer loop
    vertex 83.41159057617188 21.60000038146973 2.634996652603149
    vertex 83.28357696533203 11.22500038146973 1.629603981971741
    vertex 83.41159057617188 11.60000038146973 2.634996652603149
  endloop
endfacet
facet normal 0.9919911623001099 -1.121028200416806e-15 0.1263072341680527
  outer loop
    vertex 97.41737365722656 21.60000038146973 2.634996652603149
    vertex 97.41737365722656 11.60000038146973 2.634996652603149
    vertex 97.54538726806641 11.22500038146973 1.629603981971741
  endloop
endfacet
facet normal 0.1052594631910324 0.9360564947128296 -0.3357360363006592
  outer loop
    vertex 97.89537048339844 11.60000038146973 2.784857511520386
    vertex 97.54538726806641 11.22500038146973 1.629603981971741
    vertex 97.41737365722656 11.60000038146973 2.634996652603149
  endloop
endfacet
facet normal -0.07846008241176605 0 -0.9969172477722168
  outer loop
    vertex 89.01486968994141 11.60000038146973 1.640493035316467
    vertex 88.01612854003906 11.60000038146973 1.719096660614014
    vertex 89.01486968994141 21.60000038146973 1.640493035316467
  endloop
endfacet
facet normal -0.07846008241176605 8.85308116209456e-17 -0.9969172477722168
  outer loop
    vertex 89.01486968994141 21.60000038146973 1.640493035316467
    vertex 88.01612854003906 11.60000038146973 1.719096660614014
    vertex 88.01612854003906 21.60000038146973 1.719096660614014
  endloop
endfacet
facet normal 0.07846023142337799 -8.919182819204898e-17 -0.9969172477722168
  outer loop
    vertex 92.81283569335938 21.60000038146973 1.719096660614014
    vertex 91.81409454345703 11.60000038146973 1.640493035316467
    vertex 91.81409454345703 21.60000038146973 1.640493035316467
  endloop
endfacet
facet normal 0.07846023142337799 -8.919182819204898e-17 -0.9969172477722168
  outer loop
    vertex 92.81283569335938 21.60000038146973 1.719096660614014
    vertex 92.81283569335938 11.60000038146973 1.719096660614014
    vertex 91.81409454345703 11.60000038146973 1.640493035316467
  endloop
endfacet
facet normal -0.1564333140850067 1.33370507424018e-18 -0.9876885414123535
  outer loop
    vertex 87.12297058105469 11.60000038146973 1.824809193611145
    vertex 86.13347625732422 11.60000038146973 1.981528520584106
    vertex 87.12297058105469 21.60000038146973 1.824809193611145
  endloop
endfacet
facet normal -0.1564333140850067 0 -0.9876885414123535
  outer loop
    vertex 87.12297058105469 21.60000038146973 1.824809193611145
    vertex 86.13347625732422 11.60000038146973 1.981528520584106
    vertex 86.13347625732422 21.60000038146973 1.981528520584106
  endloop
endfacet
facet normal 0.1564336121082306 1.333710140721432e-18 -0.9876884818077087
  outer loop
    vertex 94.69548797607422 21.60000038146973 1.981528520584106
    vertex 93.70599365234375 11.60000038146973 1.824809193611145
    vertex 93.70599365234375 21.60000038146973 1.824809193611145
  endloop
endfacet
facet normal 0.1564336121082306 0 -0.9876884818077087
  outer loop
    vertex 94.69548797607422 11.60000038146973 1.981528520584106
    vertex 93.70599365234375 11.60000038146973 1.824809193611145
    vertex 94.69548797607422 21.60000038146973 1.981528520584106
  endloop
endfacet
facet normal -0.3461161255836487 -3.048573816691938e-17 -0.9381916522979736
  outer loop
    vertex 81.97140502929688 11.22500038146973 2.055954217910767
    vertex 81.40849304199219 11.22500038146973 2.26362419128418
    vertex 81.97140502929688 21.97500038146973 2.055954217910767
  endloop
endfacet
facet normal -0.3461161255836487 -3.048573816691938e-17 -0.9381916522979736
  outer loop
    vertex 81.97140502929688 21.97500038146973 2.055954217910767
    vertex 81.40849304199219 11.22500038146973 2.26362419128418
    vertex 81.40849304199219 21.97500038146973 2.26362419128418
  endloop
endfacet
facet normal 0.8767794966697693 -2.032471935112822e-17 -0.4808925986289978
  outer loop
    vertex 81.97140502929688 21.97500038146973 2.055954217910767
    vertex 82.45879364013672 21.60000038146973 2.94457745552063
    vertex 81.97140502929688 11.22500038146973 2.055954217910767
  endloop
endfacet
facet normal -0.1317638754844666 -0.9247016310691833 -0.3571627140045166
  outer loop
    vertex 81.40849304199219 21.97500038146973 2.26362419128418
    vertex 79.91715240478516 22.20000076293945 2.231277465820312
    vertex 81.97140502929688 21.97500038146973 2.055954217910767
  endloop
endfacet
facet normal 0.3461161255836487 -3.387304277532403e-17 -0.9381916522979736
  outer loop
    vertex 99.42047119140625 21.97500038146973 2.26362419128418
    vertex 98.85755920410156 11.22500038146973 2.055954217910767
    vertex 98.85755920410156 21.97500038146973 2.055954217910767
  endloop
endfacet
facet normal -0.8767794966697693 -2.032471935112822e-17 -0.4808925986289978
  outer loop
    vertex 98.85755920410156 21.97500038146973 2.055954217910767
    vertex 98.85755920410156 11.22500038146973 2.055954217910767
    vertex 98.37017059326172 21.60000038146973 2.94457745552063
  endloop
endfacet
facet normal 0.1121837720274925 -0.93605637550354 -0.3334864675998688
  outer loop
    vertex 98.37017059326172 21.60000038146973 2.94457745552063
    vertex 97.89537048339844 21.60000038146973 2.784857511520386
    vertex 98.85755920410156 21.97500038146973 2.055954217910767
  endloop
endfacet
facet normal 0.8767794966697693 -1.009973287185821e-15 -0.4808925986289978
  outer loop
    vertex 82.45879364013672 21.60000038146973 2.94457745552063
    vertex 82.45879364013672 11.60000038146973 2.94457745552063
    vertex 81.97140502929688 11.22500038146973 2.055954217910767
  endloop
endfacet
facet normal -0.1121838390827179 0.9360563158988953 -0.3334866464138031
  outer loop
    vertex 82.45879364013672 11.60000038146973 2.94457745552063
    vertex 82.93359375 11.60000038146973 2.784857511520386
    vertex 81.97140502929688 11.22500038146973 2.055954217910767
  endloop
endfacet
facet normal 0.3461161255836487 -3.048573816691938e-17 -0.9381916522979736
  outer loop
    vertex 99.42047119140625 11.22500038146973 2.26362419128418
    vertex 98.85755920410156 11.22500038146973 2.055954217910767
    vertex 99.42047119140625 21.97500038146973 2.26362419128418
  endloop
endfacet
facet normal -0.8767794966697693 -1.761581368721914e-17 -0.4808925986289978
  outer loop
    vertex 98.37017059326172 21.60000038146973 2.94457745552063
    vertex 98.85755920410156 11.22500038146973 2.055954217910767
    vertex 98.37017059326172 11.60000038146973 2.94457745552063
  endloop
endfacet
facet normal 0.1317635923624039 0.924701988697052 -0.3571619093418121
  outer loop
    vertex 99.42047119140625 11.22500038146973 2.26362419128418
    vertex 100.9118118286133 11.00000095367432 2.231277465820312
    vertex 98.85755920410156 11.22500038146973 2.055954217910767
  endloop
endfacet
facet normal -0.2334451228380203 0 -0.9723699688911438
  outer loop
    vertex 85.25136566162109 11.60000038146973 2.156991481781006
    vertex 84.27721405029297 11.60000038146973 2.390863418579102
    vertex 85.25136566162109 21.60000038146973 2.156991481781006
  endloop
endfacet
facet normal -0.2334451228380203 2.926186489364308e-16 -0.9723699688911438
  outer loop
    vertex 85.25136566162109 21.60000038146973 2.156991481781006
    vertex 84.27721405029297 11.60000038146973 2.390863418579102
    vertex 84.27721405029297 21.60000038146973 2.390863418579102
  endloop
endfacet
facet normal 0.2334451228380203 -2.70943195757382e-18 -0.9723699688911438
  outer loop
    vertex 96.55175018310547 21.60000038146973 2.390863418579102
    vertex 95.57759857177734 11.60000038146973 2.156991481781006
    vertex 95.57759857177734 21.60000038146973 2.156991481781006
  endloop
endfacet
facet normal 0.2334451228380203 -2.303017203228826e-16 -0.9723699688911438
  outer loop
    vertex 96.55175018310547 21.60000038146973 2.390863418579102
    vertex 96.55175018310547 11.60000038146973 2.390863418579102
    vertex 95.57759857177734 11.60000038146973 2.156991481781006
  endloop
endfacet
facet normal -0.4539903402328491 -8.133057496558592e-17 -0.8910065889358521
  outer loop
    vertex 79.91715240478516 23.20000076293945 2.231277465820312
    vertex 77.51014709472656 22.20000076293945 3.457706451416016
    vertex 77.51014709472656 23.20000076293945 3.457706451416016
  endloop
endfacet
facet normal -0.4539903402328491 8.133057496558592e-17 -0.8910065889358521
  outer loop
    vertex 79.91715240478516 22.20000076293945 2.231277465820312
    vertex 77.51014709472656 22.20000076293945 3.457706451416016
    vertex 79.91715240478516 23.20000076293945 2.231277465820312
  endloop
endfacet
facet normal 0.4539900720119476 8.133045585157771e-17 -0.8910067677497864
  outer loop
    vertex 103.3188171386719 23.20000076293945 3.457706451416016
    vertex 100.9118118286133 22.20000076293945 2.231277465820312
    vertex 100.9118118286133 23.20000076293945 2.231277465820312
  endloop
endfacet
facet normal -0.1423218548297882 -0.9363412261009216 -0.3209511339664459
  outer loop
    vertex 80.23281097412109 21.9081859588623 2.94264030456543
    vertex 80.13381958007812 21.97500038146973 2.791613340377808
    vertex 79.91715240478516 22.20000076293945 2.231277465820312
  endloop
endfacet
facet normal -0.1470918357372284 -0.9362472891807556 -0.3190689980983734
  outer loop
    vertex 79.58892822265625 21.97500038146973 3.042807817459106
    vertex 79.91715240478516 22.20000076293945 2.231277465820312
    vertex 80.13381958007812 21.97500038146973 2.791613340377808
  endloop
endfacet
facet normal -0.1656663715839386 -0.9310423135757446 -0.32513827085495
  outer loop
    vertex 78.35961151123047 21.97500038146973 3.669178009033203
    vertex 79.91715240478516 22.20000076293945 2.231277465820312
    vertex 79.58892822265625 21.97500038146973 3.042807817459106
  endloop
endfacet
facet normal -0.1656659245491028 -0.9310425519943237 -0.3251378238201141
  outer loop
    vertex 78.35961151123047 21.97500038146973 3.669178009033203
    vertex 77.51014709472656 22.20000076293945 3.457706451416016
    vertex 79.91715240478516 22.20000076293945 2.231277465820312
  endloop
endfacet
facet normal -0.1342221051454544 -0.9363037347793579 -0.3245299756526947
  outer loop
    vertex 80.23281097412109 21.9081859588623 2.94264030456543
    vertex 79.91715240478516 22.20000076293945 2.231277465820312
    vertex 81.40849304199219 21.97500038146973 2.26362419128418
  endloop
endfacet
facet normal 0.4539900720119476 0 -0.8910067677497864
  outer loop
    vertex 103.3188171386719 22.20000076293945 3.457706451416016
    vertex 100.9118118286133 22.20000076293945 2.231277465820312
    vertex 103.3188171386719 23.20000076293945 3.457706451416016
  endloop
endfacet
facet normal 0.134222149848938 -0.9363036155700684 -0.3245304226875305
  outer loop
    vertex 100.5961532592773 21.9081859588623 2.94264030456543
    vertex 99.42047119140625 21.97500038146973 2.26362419128418
    vertex 100.9118118286133 22.20000076293945 2.231277465820312
  endloop
endfacet
facet normal 0.1656660586595535 -0.9310423135757446 -0.3251383304595947
  outer loop
    vertex 103.3188171386719 22.20000076293945 3.457706451416016
    vertex 101.2400360107422 21.97500038146973 3.042807817459106
    vertex 100.9118118286133 22.20000076293945 2.231277465820312
  endloop
endfacet
facet normal 0.1470916122198105 -0.9362472891807556 -0.3190690875053406
  outer loop
    vertex 101.2400360107422 21.97500038146973 3.042807817459106
    vertex 100.6951446533203 21.97500038146973 2.791613340377808
    vertex 100.9118118286133 22.20000076293945 2.231277465820312
  endloop
endfacet
facet normal 0.1423318535089493 -0.9363410472869873 -0.3209472000598907
  outer loop
    vertex 100.5961532592773 21.9081859588623 2.94264030456543
    vertex 100.9118118286133 22.20000076293945 2.231277465820312
    vertex 100.6951446533203 21.97500038146973 2.791613340377808
  endloop
endfacet
facet normal -0.4539903402328491 0 -0.8910065889358521
  outer loop
    vertex 79.91715240478516 10 2.231277465820312
    vertex 77.51014709472656 10 3.457706451416016
    vertex 79.91715240478516 11.00000095367432 2.231277465820312
  endloop
endfacet
facet normal -0.4539903402328491 -2.43991307997729e-16 -0.8910065889358521
  outer loop
    vertex 79.91715240478516 11.00000095367432 2.231277465820312
    vertex 77.51014709472656 10 3.457706451416016
    vertex 77.51014709472656 11.00000095367432 3.457706451416016
  endloop
endfacet
facet normal -0.1342216432094574 0.9363037347793579 -0.324530154466629
  outer loop
    vertex 80.23281097412109 11.29181575775146 2.94264030456543
    vertex 81.40849304199219 11.22500038146973 2.26362419128418
    vertex 79.91715240478516 11.00000095367432 2.231277465820312
  endloop
endfacet
facet normal -0.1656654626131058 0.9310429096221924 -0.3251368999481201
  outer loop
    vertex 78.35961151123047 11.22500038146973 3.669178009033203
    vertex 79.91715240478516 11.00000095367432 2.231277465820312
    vertex 77.51014709472656 11.00000095367432 3.457706451416016
  endloop
endfacet
facet normal -0.1656659245491028 0.9310426712036133 -0.3251373767852783
  outer loop
    vertex 78.35961151123047 11.22500038146973 3.669178009033203
    vertex 79.58892822265625 11.22500038146973 3.042807817459106
    vertex 79.91715240478516 11.00000095367432 2.231277465820312
  endloop
endfacet
facet normal -0.147091418504715 0.9362476468086243 -0.3190681040287018
  outer loop
    vertex 79.58892822265625 11.22500038146973 3.042807817459106
    vertex 80.13381958007812 11.22500038146973 2.791613340377808
    vertex 79.91715240478516 11.00000095367432 2.231277465820312
  endloop
endfacet
facet normal -0.1423427909612656 0.9363412261009216 -0.320941835641861
  outer loop
    vertex 80.23281097412109 11.29181575775146 2.94264030456543
    vertex 79.91715240478516 11.00000095367432 2.231277465820312
    vertex 80.13381958007812 11.22500038146973 2.791613340377808
  endloop
endfacet
facet normal 0.4539900720119476 1.626606470053594e-16 -0.8910067677497864
  outer loop
    vertex 103.3188171386719 11.00000095367432 3.457706451416016
    vertex 100.9118118286133 10 2.231277465820312
    vertex 100.9118118286133 11.00000095367432 2.231277465820312
  endloop
endfacet
facet normal 0.1423528045415878 0.9363410472869873 -0.3209379017353058
  outer loop
    vertex 100.5961532592773 11.29181575775146 2.94264030456543
    vertex 100.6951446533203 11.22500038146973 2.791613340377808
    vertex 100.9118118286133 11.00000095367432 2.231277465820312
  endloop
endfacet
facet normal 0.1470912098884583 0.9362476468086243 -0.3190681934356689
  outer loop
    vertex 101.2400360107422 11.22500038146973 3.042807817459106
    vertex 100.9118118286133 11.00000095367432 2.231277465820312
    vertex 100.6951446533203 11.22500038146973 2.791613340377808
  endloop
endfacet
facet normal 0.1656655967235565 0.9310427308082581 -0.3251374363899231
  outer loop
    vertex 103.3188171386719 11.00000095367432 3.457706451416016
    vertex 100.9118118286133 11.00000095367432 2.231277465820312
    vertex 101.2400360107422 11.22500038146973 3.042807817459106
  endloop
endfacet
facet normal 0.1342217028141022 0.9363036155700684 -0.3245306313037872
  outer loop
    vertex 100.5961532592773 11.29181575775146 2.94264030456543
    vertex 100.9118118286133 11.00000095367432 2.231277465820312
    vertex 99.42047119140625 11.22500038146973 2.26362419128418
  endloop
endfacet
facet normal 0.4539900720119476 8.13303235026797e-17 -0.8910067677497864
  outer loop
    vertex 103.3188171386719 10 3.457706451416016
    vertex 100.9118118286133 10 2.231277465820312
    vertex 103.3188171386719 11.00000095367432 3.457706451416016
  endloop
endfacet
facet normal -0.979023277759552 9.10102987419631e-18 0.2037484049797058
  outer loop
    vertex 81.40849304199219 21.97500038146973 2.26362419128418
    vertex 81.40849304199219 11.22500038146973 2.26362419128418
    vertex 81.614990234375 21.60000038146973 3.255873918533325
  endloop
endfacet
facet normal -0.1348726153373718 -0.9358351230621338 -0.3256101906299591
  outer loop
    vertex 81.614990234375 21.60000038146973 3.255873918533325
    vertex 80.23281097412109 21.9081859588623 2.94264030456543
    vertex 81.40849304199219 21.97500038146973 2.26362419128418
  endloop
endfacet
facet normal 0.979023277759552 6.825772405647233e-18 0.2037484049797058
  outer loop
    vertex 99.42047119140625 21.97500038146973 2.26362419128418
    vertex 99.21397399902344 21.60000038146973 3.255873918533325
    vertex 99.42047119140625 11.22500038146973 2.26362419128418
  endloop
endfacet
facet normal 0.1348724216222763 -0.9358351230621338 -0.3256102204322815
  outer loop
    vertex 99.21397399902344 21.60000038146973 3.255873918533325
    vertex 99.42047119140625 21.97500038146973 2.26362419128418
    vertex 100.5961532592773 21.9081859588623 2.94264030456543
  endloop
endfacet
facet normal -0.979023277759552 1.093807208470013e-15 0.2037484049797058
  outer loop
    vertex 81.614990234375 21.60000038146973 3.255873918533325
    vertex 81.40849304199219 11.22500038146973 2.26362419128418
    vertex 81.614990234375 11.60000038146973 3.255873918533325
  endloop
endfacet
facet normal -0.1348722130060196 0.935835063457489 -0.325610488653183
  outer loop
    vertex 81.614990234375 11.60000038146973 3.255873918533325
    vertex 81.40849304199219 11.22500038146973 2.26362419128418
    vertex 80.23281097412109 11.29181575775146 2.94264030456543
  endloop
endfacet
facet normal 0.979023277759552 -1.117471297313048e-15 0.2037484049797058
  outer loop
    vertex 99.21397399902344 21.60000038146973 3.255873918533325
    vertex 99.21397399902344 11.60000038146973 3.255873918533325
    vertex 99.42047119140625 11.22500038146973 2.26362419128418
  endloop
endfacet
facet normal 0.1348720192909241 0.9358351230621338 -0.3256105184555054
  outer loop
    vertex 99.21397399902344 11.60000038146973 3.255873918533325
    vertex 100.5961532592773 11.29181575775146 2.94264030456543
    vertex 99.42047119140625 11.22500038146973 2.26362419128418
  endloop
endfacet
facet normal -0.3090160191059113 0 -0.9510568380355835
  outer loop
    vertex 83.41159057617188 11.60000038146973 2.634996652603149
    vertex 82.45879364013672 11.60000038146973 2.94457745552063
    vertex 83.41159057617188 21.60000038146973 2.634996652603149
  endloop
endfacet
facet normal -0.3090160191059113 3.130274048747107e-16 -0.9510568380355835
  outer loop
    vertex 83.41159057617188 21.60000038146973 2.634996652603149
    vertex 82.45879364013672 11.60000038146973 2.94457745552063
    vertex 82.45879364013672 21.60000038146973 2.94457745552063
  endloop
endfacet
facet normal 0.3090165853500366 -3.435003945340294e-16 -0.9510566592216492
  outer loop
    vertex 98.37017059326172 21.60000038146973 2.94457745552063
    vertex 97.41737365722656 11.60000038146973 2.634996652603149
    vertex 97.41737365722656 21.60000038146973 2.634996652603149
  endloop
endfacet
facet normal 0.3090165853500366 -3.87823034625446e-17 -0.9510566592216492
  outer loop
    vertex 98.37017059326172 11.60000038146973 2.94457745552063
    vertex 97.41737365722656 11.60000038146973 2.634996652603149
    vertex 98.37017059326172 21.60000038146973 2.94457745552063
  endloop
endfacet
facet normal -0.4186574220657349 0 -0.9081442356109619
  outer loop
    vertex 80.13381958007812 11.22500038146973 2.791613340377808
    vertex 79.58892822265625 11.22500038146973 3.042807817459106
    vertex 80.13381958007812 21.97500038146973 2.791613340377808
  endloop
endfacet
facet normal -0.4186574220657349 4.706676743668041e-16 -0.9081442356109619
  outer loop
    vertex 80.13381958007812 21.97500038146973 2.791613340377808
    vertex 79.58892822265625 11.22500038146973 3.042807817459106
    vertex 79.58892822265625 21.97500038146973 3.042807817459106
  endloop
endfacet
facet normal 0.8363454937934875 2.621840354944508e-18 -0.5482027530670166
  outer loop
    vertex 80.13381958007812 21.97500038146973 2.791613340377808
    vertex 80.23281097412109 21.9081859588623 2.94264030456543
    vertex 80.13381958007812 11.22500038146973 2.791613340377808
  endloop
endfacet
facet normal 0.4186568260192871 -1.74968841402881e-18 -0.9081445336341858
  outer loop
    vertex 101.2400360107422 21.97500038146973 3.042807817459106
    vertex 100.6951446533203 11.22500038146973 2.791613340377808
    vertex 100.6951446533203 21.97500038146973 2.791613340377808
  endloop
endfacet
facet normal -0.8363527059555054 6.554657756028384e-19 -0.5481916666030884
  outer loop
    vertex 100.6951446533203 21.97500038146973 2.791613340377808
    vertex 100.6951446533203 11.22500038146973 2.791613340377808
    vertex 100.5961532592773 11.29181575775146 2.94264030456543
  endloop
endfacet
facet normal -0.8363445997238159 -2.500398466054321e-07 -0.5482040643692017
  outer loop
    vertex 100.6951446533203 21.97500038146973 2.791613340377808
    vertex 100.5961532592773 11.29181575775146 2.94264030456543
    vertex 100.1395416259766 11.60000038146973 3.639256477355957
  endloop
endfacet
facet normal -0.8363530039787292 1.239826815435663e-06 -0.5481913089752197
  outer loop
    vertex 100.6951446533203 21.97500038146973 2.791613340377808
    vertex 100.1395416259766 11.60000038146973 3.639256477355957
    vertex 100.5961532592773 21.9081859588623 2.94264030456543
  endloop
endfacet
facet normal 0.8363456130027771 -4.717569002110622e-09 -0.5482025146484375
  outer loop
    vertex 80.23281097412109 21.9081859588623 2.94264030456543
    vertex 80.68942260742188 21.60000038146973 3.639256477355957
    vertex 80.13381958007812 11.22500038146973 2.791613340377808
  endloop
endfacet
facet normal 0.8363454937934875 2.339191240707805e-08 -0.5482027530670166
  outer loop
    vertex 80.68942260742188 21.60000038146973 3.639256477355957
    vertex 80.23281097412109 11.29181575775146 2.94264030456543
    vertex 80.13381958007812 11.22500038146973 2.791613340377808
  endloop
endfacet
facet normal 0.4186568260192871 -4.059277021285166e-16 -0.9081445336341858
  outer loop
    vertex 101.2400360107422 21.97500038146973 3.042807817459106
    vertex 101.2400360107422 11.22500038146973 3.042807817459106
    vertex 100.6951446533203 11.22500038146973 2.791613340377808
  endloop
endfacet
facet normal -0.1348724067211151 -0.9358348846435547 -0.325610876083374
  outer loop
    vertex 80.68942260742188 21.60000038146973 3.639256477355957
    vertex 80.23281097412109 21.9081859588623 2.94264030456543
    vertex 81.614990234375 21.60000038146973 3.255873918533325
  endloop
endfacet
facet normal -0.8363445997238159 3.64573005927275e-17 -0.5482041239738464
  outer loop
    vertex 100.5961532592773 21.9081859588623 2.94264030456543
    vertex 100.1395416259766 11.60000038146973 3.639256477355957
    vertex 100.1395416259766 21.60000038146973 3.639256477355957
  endloop
endfacet
facet normal 0.1348723024129868 -0.9358350038528442 -0.3256106376647949
  outer loop
    vertex 100.1395416259766 21.60000038146973 3.639256477355957
    vertex 99.21397399902344 21.60000038146973 3.255873918533325
    vertex 100.5961532592773 21.9081859588623 2.94264030456543
  endloop
endfacet
facet normal 0.8363456130027771 3.64573469148418e-17 -0.5482025146484375
  outer loop
    vertex 80.68942260742188 21.60000038146973 3.639256477355957
    vertex 80.68942260742188 11.60000038146973 3.639256477355957
    vertex 80.23281097412109 11.29181575775146 2.94264030456543
  endloop
endfacet
facet normal -0.1348722279071808 0.935835063457489 -0.3256104588508606
  outer loop
    vertex 80.68942260742188 11.60000038146973 3.639256477355957
    vertex 81.614990234375 11.60000038146973 3.255873918533325
    vertex 80.23281097412109 11.29181575775146 2.94264030456543
  endloop
endfacet
facet normal 0.1348721235990524 0.9358351826667786 -0.3256101906299591
  outer loop
    vertex 100.1395416259766 11.60000038146973 3.639256477355957
    vertex 100.5961532592773 11.29181575775146 2.94264030456543
    vertex 99.21397399902344 11.60000038146973 3.255873918533325
  endloop
endfacet
facet normal -0.9600193500518799 1.000050402087855e-15 0.2799337208271027
  outer loop
    vertex 79.58892822265625 21.97500038146973 3.042807817459106
    vertex 79.58892822265625 11.22500038146973 3.042807817459106
    vertex 79.87264251708984 21.60000038146973 4.015795707702637
  endloop
endfacet
facet normal -0.160003736615181 -0.9358350038528442 -0.3140248954296112
  outer loop
    vertex 78.98001098632812 21.60000038146973 4.470616340637207
    vertex 79.58892822265625 21.97500038146973 3.042807817459106
    vertex 79.87264251708984 21.60000038146973 4.015795707702637
  endloop
endfacet
facet normal -0.1600038409233093 -0.9358350038528442 -0.3140249252319336
  outer loop
    vertex 78.98001098632812 21.60000038146973 4.470616340637207
    vertex 78.35961151123047 21.97500038146973 3.669178009033203
    vertex 79.58892822265625 21.97500038146973 3.042807817459106
  endloop
endfacet
facet normal 0.960019588470459 -1.876980012490207e-17 0.2799328565597534
  outer loop
    vertex 101.2400360107422 21.97500038146973 3.042807817459106
    vertex 100.9563217163086 21.60000038146973 4.015795707702637
    vertex 100.9563217163086 11.60000038146973 4.015795707702637
  endloop
endfacet
facet normal 0.960019588470459 -1.016292788247049e-15 0.2799328565597534
  outer loop
    vertex 101.2400360107422 21.97500038146973 3.042807817459106
    vertex 100.9563217163086 11.60000038146973 4.015795707702637
    vertex 101.2400360107422 11.22500038146973 3.042807817459106
  endloop
endfacet
facet normal 0.1600037664175034 -0.9358349442481995 -0.3140250146389008
  outer loop
    vertex 100.9563217163086 21.60000038146973 4.015795707702637
    vertex 101.2400360107422 21.97500038146973 3.042807817459106
    vertex 102.469352722168 21.97500038146973 3.669178009033203
  endloop
endfacet
facet normal 0.1656659543514252 -0.9310425519943237 -0.3251377046108246
  outer loop
    vertex 102.469352722168 21.97500038146973 3.669178009033203
    vertex 101.2400360107422 21.97500038146973 3.042807817459106
    vertex 103.3188171386719 22.20000076293945 3.457706451416016
  endloop
endfacet
facet normal -0.9600193500518799 1.064515538604538e-15 0.2799337208271027
  outer loop
    vertex 79.87264251708984 21.60000038146973 4.015795707702637
    vertex 79.58892822265625 11.22500038146973 3.042807817459106
    vertex 79.87264251708984 11.60000038146973 4.015795707702637
  endloop
endfacet
facet normal -0.1600039005279541 0.9358349442481995 -0.3140250444412231
  outer loop
    vertex 79.87264251708984 11.60000038146973 4.015795707702637
    vertex 79.58892822265625 11.22500038146973 3.042807817459106
    vertex 78.35961151123047 11.22500038146973 3.669178009033203
  endloop
endfacet
facet normal 0.1600038856267929 0.9358348846435547 -0.3140251636505127
  outer loop
    vertex 101.8489532470703 11.60000038146973 4.470616340637207
    vertex 101.2400360107422 11.22500038146973 3.042807817459106
    vertex 100.9563217163086 11.60000038146973 4.015795707702637
  endloop
endfacet
facet normal 0.1600038260221481 0.9358348846435547 -0.3140251636505127
  outer loop
    vertex 101.8489532470703 11.60000038146973 4.470616340637207
    vertex 102.469352722168 11.22500038146973 3.669178009033203
    vertex 101.2400360107422 11.22500038146973 3.042807817459106
  endloop
endfacet
facet normal 0.1656655073165894 0.9310429692268372 -0.325136810541153
  outer loop
    vertex 102.469352722168 11.22500038146973 3.669178009033203
    vertex 103.3188171386719 11.00000095367432 3.457706451416016
    vertex 101.2400360107422 11.22500038146973 3.042807817459106
  endloop
endfacet
facet normal -0.3826833367347717 4.990378782647844e-16 -0.9238795638084412
  outer loop
    vertex 81.614990234375 21.60000038146973 3.255873918533325
    vertex 81.614990234375 11.60000038146973 3.255873918533325
    vertex 80.68942260742188 11.60000038146973 3.639256477355957
  endloop
endfacet
facet normal -0.3826833367347717 6.27361900701043e-17 -0.9238795638084412
  outer loop
    vertex 81.614990234375 21.60000038146973 3.255873918533325
    vertex 80.68942260742188 11.60000038146973 3.639256477355957
    vertex 80.68942260742188 21.60000038146973 3.639256477355957
  endloop
endfacet
facet normal 0.3826833367347717 -3.621589157054859e-16 -0.9238795638084412
  outer loop
    vertex 100.1395416259766 21.60000038146973 3.639256477355957
    vertex 99.21397399902344 11.60000038146973 3.255873918533325
    vertex 99.21397399902344 21.60000038146973 3.255873918533325
  endloop
endfacet
facet normal 0.3826833367347717 6.843948127964922e-17 -0.9238795638084412
  outer loop
    vertex 100.1395416259766 11.60000038146973 3.639256477355957
    vertex 99.21397399902344 11.60000038146973 3.255873918533325
    vertex 100.1395416259766 21.60000038146973 3.639256477355957
  endloop
endfacet
facet normal -0.5446392893791199 0 -0.8386704325675964
  outer loop
    vertex 77.51014709472656 23.20000076293945 3.457706451416016
    vertex 75.24452209472656 22.20000076293945 4.929018974304199
    vertex 75.24452209472656 23.20000076293945 4.929018974304199
  endloop
endfacet
facet normal -0.5446392893791199 -1.728116618988224e-16 -0.8386704325675964
  outer loop
    vertex 77.51014709472656 22.20000076293945 3.457706451416016
    vertex 75.24452209472656 22.20000076293945 4.929018974304199
    vertex 77.51014709472656 23.20000076293945 3.457706451416016
  endloop
endfacet
facet normal 0.5446392893791199 1.728116618988224e-16 -0.8386704325675964
  outer loop
    vertex 105.5844421386719 23.20000076293945 4.929018974304199
    vertex 103.3188171386719 22.20000076293945 3.457706451416016
    vertex 103.3188171386719 23.20000076293945 3.457706451416016
  endloop
endfacet
facet normal -0.2016101181507111 -0.928963303565979 -0.3104521632194519
  outer loop
    vertex 75.24452209472656 22.20000076293945 4.929018974304199
    vertex 77.51014709472656 22.20000076293945 3.457706451416016
    vertex 76.65972900390625 21.97500038146973 4.683241367340088
  endloop
endfacet
facet normal -0.1836567670106888 -0.9363037943840027 -0.2993416786193848
  outer loop
    vertex 76.65972900390625 21.97500038146973 4.683241367340088
    vertex 77.51014709472656 22.20000076293945 3.457706451416016
    vertex 77.90010833740234 21.9081859588623 4.131210803985596
  endloop
endfacet
facet normal -0.1716732829809189 -0.9362472295761108 -0.3065443336963654
  outer loop
    vertex 77.83611297607422 21.97500038146973 3.962351083755493
    vertex 77.51014709472656 22.20000076293945 3.457706451416016
    vertex 78.35961151123047 21.97500038146973 3.669178009033203
  endloop
endfacet
facet normal -0.1760039180517197 -0.9363412261009216 -0.303788959980011
  outer loop
    vertex 77.90010833740234 21.9081859588623 4.131210803985596
    vertex 77.51014709472656 22.20000076293945 3.457706451416016
    vertex 77.83611297607422 21.97500038146973 3.962351083755493
  endloop
endfacet
facet normal 0.5446392893791199 -1.728116618988224e-16 -0.8386704325675964
  outer loop
    vertex 105.5844421386719 22.20000076293945 4.929018974304199
    vertex 103.3188171386719 22.20000076293945 3.457706451416016
    vertex 105.5844421386719 23.20000076293945 4.929018974304199
  endloop
endfacet
facet normal 0.1760163605213165 -0.9363413453102112 -0.3037813305854797
  outer loop
    vertex 102.9288558959961 21.9081859588623 4.131210803985596
    vertex 102.9928512573242 21.97500038146973 3.962351083755493
    vertex 103.3188171386719 22.20000076293945 3.457706451416016
  endloop
endfacet
facet normal 0.1716731637716293 -0.9362471103668213 -0.306544691324234
  outer loop
    vertex 102.9928512573242 21.97500038146973 3.962351083755493
    vertex 102.469352722168 21.97500038146973 3.669178009033203
    vertex 103.3188171386719 22.20000076293945 3.457706451416016
  endloop
endfacet
facet normal 0.1992164999246597 -0.9307025074958801 -0.3067663311958313
  outer loop
    vertex 104.6681213378906 21.97500038146973 5.016583919525146
    vertex 103.3188171386719 22.20000076293945 3.457706451416016
    vertex 105.5844421386719 22.20000076293945 4.929018974304199
  endloop
endfacet
facet normal 0.2115005105733871 -0.9247024059295654 -0.3165328204631805
  outer loop
    vertex 104.6681213378906 21.97500038146973 5.016583919525146
    vertex 104.1692352294922 21.97500038146973 4.683241367340088
    vertex 103.3188171386719 22.20000076293945 3.457706451416016
  endloop
endfacet
facet normal 0.1836564987897873 -0.9363039135932922 -0.2993413805961609
  outer loop
    vertex 104.1692352294922 21.97500038146973 4.683241367340088
    vertex 102.9288558959961 21.9081859588623 4.131210803985596
    vertex 103.3188171386719 22.20000076293945 3.457706451416016
  endloop
endfacet
facet normal -0.5446392893791199 0 -0.8386704325675964
  outer loop
    vertex 77.51014709472656 10 3.457706451416016
    vertex 75.24452209472656 10 4.929018974304199
    vertex 77.51014709472656 11.00000095367432 3.457706451416016
  endloop
endfacet
facet normal -0.5446392893791199 0 -0.8386704325675964
  outer loop
    vertex 77.51014709472656 11.00000095367432 3.457706451416016
    vertex 75.24452209472656 10 4.929018974304199
    vertex 75.24452209472656 11.00000095367432 4.929018974304199
  endloop
endfacet
facet normal -0.1759840846061707 0.9363412261009216 -0.3038004338741302
  outer loop
    vertex 77.90010833740234 11.29181575775146 4.131210803985596
    vertex 77.83611297607422 11.22500038146973 3.962351083755493
    vertex 77.51014709472656 11.00000095367432 3.457706451416016
  endloop
endfacet
facet normal -0.1716728061437607 0.9362475872039795 -0.3065434992313385
  outer loop
    vertex 77.83611297607422 11.22500038146973 3.962351083755493
    vertex 78.35961151123047 11.22500038146973 3.669178009033203
    vertex 77.51014709472656 11.00000095367432 3.457706451416016
  endloop
endfacet
facet normal -0.1992161124944687 0.930702805519104 -0.3067657053470612
  outer loop
    vertex 76.16084289550781 11.22500038146973 5.016583919525146
    vertex 77.51014709472656 11.00000095367432 3.457706451416016
    vertex 75.24452209472656 11.00000095367432 4.929018974304199
  endloop
endfacet
facet normal -0.2115001082420349 0.9247027039527893 -0.3165322244167328
  outer loop
    vertex 76.16084289550781 11.22500038146973 5.016583919525146
    vertex 76.65972900390625 11.22500038146973 4.683241367340088
    vertex 77.51014709472656 11.00000095367432 3.457706451416016
  endloop
endfacet
facet normal -0.1836571991443634 0.9363037347793579 -0.2993414402008057
  outer loop
    vertex 76.65972900390625 11.22500038146973 4.683241367340088
    vertex 77.90010833740234 11.29181575775146 4.131210803985596
    vertex 77.51014709472656 11.00000095367432 3.457706451416016
  endloop
endfacet
facet normal 0.5446392893791199 1.728113707312467e-16 -0.8386704325675964
  outer loop
    vertex 105.5844421386719 11.00000095367432 4.929018974304199
    vertex 103.3188171386719 10 3.457706451416016
    vertex 103.3188171386719 11.00000095367432 3.457706451416016
  endloop
endfacet
facet normal 0.2016094028949738 0.928963840007782 -0.3104510605335236
  outer loop
    vertex 105.5844421386719 11.00000095367432 4.929018974304199
    vertex 103.3188171386719 11.00000095367432 3.457706451416016
    vertex 104.1692352294922 11.22500038146973 4.683241367340088
  endloop
endfacet
facet normal 0.1836569309234619 0.9363039135932922 -0.2993411421775818
  outer loop
    vertex 104.1692352294922 11.22500038146973 4.683241367340088
    vertex 103.3188171386719 11.00000095367432 3.457706451416016
    vertex 102.9288558959961 11.29181575775146 4.131210803985596
  endloop
endfacet
facet normal 0.1716726869344711 0.9362474679946899 -0.3065438568592072
  outer loop
    vertex 102.9928512573242 11.22500038146973 3.962351083755493
    vertex 103.3188171386719 11.00000095367432 3.457706451416016
    vertex 102.469352722168 11.22500038146973 3.669178009033203
  endloop
endfacet
facet normal 0.1759965270757675 0.9363413453102112 -0.303792804479599
  outer loop
    vertex 102.9288558959961 11.29181575775146 4.131210803985596
    vertex 103.3188171386719 11.00000095367432 3.457706451416016
    vertex 102.9928512573242 11.22500038146973 3.962351083755493
  endloop
endfacet
facet normal 0.5446392893791199 1.728113707312467e-16 -0.8386704325675964
  outer loop
    vertex 105.5844421386719 10 4.929018974304199
    vertex 103.3188171386719 10 3.457706451416016
    vertex 105.5844421386719 11.00000095367432 4.929018974304199
  endloop
endfacet
facet normal -0.4886216819286346 5.463547467375204e-17 -0.8724957704544067
  outer loop
    vertex 78.35961151123047 11.22500038146973 3.669178009033203
    vertex 77.83611297607422 11.22500038146973 3.962351083755493
    vertex 78.35961151123047 21.97500038146973 3.669178009033203
  endloop
endfacet
facet normal -0.4886216819286346 5.827783876967619e-17 -0.8724957704544067
  outer loop
    vertex 78.35961151123047 21.97500038146973 3.669178009033203
    vertex 77.83611297607422 11.22500038146973 3.962351083755493
    vertex 77.83611297607422 21.97500038146973 3.962351083755493
  endloop
endfacet
facet normal 0.7907566428184509 3.380363239576348e-17 -0.6121307015419006
  outer loop
    vertex 78.35961151123047 21.97500038146973 3.669178009033203
    vertex 78.98001098632812 21.60000038146973 4.470616340637207
    vertex 78.35961151123047 11.22500038146973 3.669178009033203
  endloop
endfacet
facet normal 0.4886209964752197 6.009882725737493e-17 -0.8724961280822754
  outer loop
    vertex 102.9928512573242 21.97500038146973 3.962351083755493
    vertex 102.469352722168 11.22500038146973 3.669178009033203
    vertex 102.469352722168 21.97500038146973 3.669178009033203
  endloop
endfacet
facet normal -0.7907566428184509 3.380363239576348e-17 -0.6121307015419006
  outer loop
    vertex 102.469352722168 21.97500038146973 3.669178009033203
    vertex 102.469352722168 11.22500038146973 3.669178009033203
    vertex 101.8489532470703 21.60000038146973 4.470616340637207
  endloop
endfacet
facet normal 0.1600037813186646 -0.9358350038528442 -0.314024955034256
  outer loop
    vertex 101.8489532470703 21.60000038146973 4.470616340637207
    vertex 100.9563217163086 21.60000038146973 4.015795707702637
    vertex 102.469352722168 21.97500038146973 3.669178009033203
  endloop
endfacet
facet normal 0.7907566428184509 -8.594150336959413e-16 -0.6121307015419006
  outer loop
    vertex 78.98001098632812 21.60000038146973 4.470616340637207
    vertex 78.98001098632812 11.60000038146973 4.470616340637207
    vertex 78.35961151123047 11.22500038146973 3.669178009033203
  endloop
endfacet
facet normal -0.1600038707256317 0.9358348846435547 -0.3140251338481903
  outer loop
    vertex 78.98001098632812 11.60000038146973 4.470616340637207
    vertex 79.87264251708984 11.60000038146973 4.015795707702637
    vertex 78.35961151123047 11.22500038146973 3.669178009033203
  endloop
endfacet
facet normal 0.4886209964752197 5.463529931146218e-17 -0.8724961280822754
  outer loop
    vertex 102.9928512573242 11.22500038146973 3.962351083755493
    vertex 102.469352722168 11.22500038146973 3.669178009033203
    vertex 102.9928512573242 21.97500038146973 3.962351083755493
  endloop
endfacet
facet normal -0.7907566428184509 3.906431911186598e-17 -0.6121307015419006
  outer loop
    vertex 101.8489532470703 21.60000038146973 4.470616340637207
    vertex 102.469352722168 11.22500038146973 3.669178009033203
    vertex 101.8489532470703 11.60000038146973 4.470616340637207
  endloop
endfacet
facet normal -0.9350965023040771 -2.227703765032078e-17 0.3543931543827057
  outer loop
    vertex 77.83611297607422 21.97500038146973 3.962351083755493
    vertex 77.83611297607422 11.22500038146973 3.962351083755493
    vertex 77.90010833740234 11.29181575775146 4.131210803985596
  endloop
endfacet
facet normal -0.9350969791412354 -2.301907464641317e-08 0.3543919026851654
  outer loop
    vertex 77.83611297607422 21.97500038146973 3.962351083755493
    vertex 77.90010833740234 11.29181575775146 4.131210803985596
    vertex 78.19528961181641 11.60000038146973 4.910079956054688
  endloop
endfacet
facet normal -0.9350965023040771 1.141391052783547e-07 0.3543932139873505
  outer loop
    vertex 77.83611297607422 21.97500038146973 3.962351083755493
    vertex 78.19528961181641 11.60000038146973 4.910079956054688
    vertex 77.90010833740234 21.9081859588623 4.131210803985596
  endloop
endfacet
facet normal 0.9350912570953369 -2.286314639951258e-17 0.354407012462616
  outer loop
    vertex 102.9928512573242 21.97500038146973 3.962351083755493
    vertex 102.9288558959961 21.9081859588623 4.131210803985596
    vertex 102.9928512573242 11.22500038146973 3.962351083755493
  endloop
endfacet
facet normal 0.9350976943969727 3.078575332438049e-07 0.3543899953365326
  outer loop
    vertex 102.9288558959961 21.9081859588623 4.131210803985596
    vertex 102.633674621582 21.60000038146973 4.910079956054688
    vertex 102.9928512573242 11.22500038146973 3.962351083755493
  endloop
endfacet
facet normal 0.9350910782814026 -1.526489086245419e-06 0.3544075489044189
  outer loop
    vertex 102.633674621582 21.60000038146973 4.910079956054688
    vertex 102.9288558959961 11.29181575775146 4.131210803985596
    vertex 102.9928512573242 11.22500038146973 3.962351083755493
  endloop
endfacet
facet normal -0.4539906680583954 5.736286054516229e-16 -0.8910064697265625
  outer loop
    vertex 79.87264251708984 21.60000038146973 4.015795707702637
    vertex 79.87264251708984 11.60000038146973 4.015795707702637
    vertex 78.98001098632812 11.60000038146973 4.470616340637207
  endloop
endfacet
facet normal -0.4539906680583954 5.795423247915564e-16 -0.8910064697265625
  outer loop
    vertex 79.87264251708984 21.60000038146973 4.015795707702637
    vertex 78.98001098632812 11.60000038146973 4.470616340637207
    vertex 78.98001098632812 21.60000038146973 4.470616340637207
  endloop
endfacet
facet normal 0.4539906680583954 6.505066789380727e-17 -0.8910064697265625
  outer loop
    vertex 101.8489532470703 21.60000038146973 4.470616340637207
    vertex 100.9563217163086 11.60000038146973 4.015795707702637
    vertex 100.9563217163086 21.60000038146973 4.015795707702637
  endloop
endfacet
facet normal 0.4539906680583954 5.913697502365337e-17 -0.8910064697265625
  outer loop
    vertex 101.8489532470703 11.60000038146973 4.470616340637207
    vertex 100.9563217163086 11.60000038146973 4.015795707702637
    vertex 101.8489532470703 21.60000038146973 4.470616340637207
  endloop
endfacet
facet normal -0.9350969791412354 0 0.354391872882843
  outer loop
    vertex 77.90010833740234 21.9081859588623 4.131210803985596
    vertex 78.19528961181641 11.60000038146973 4.910079956054688
    vertex 78.19528961181641 21.60000038146973 4.910079956054688
  endloop
endfacet
facet normal -0.1841486096382141 -0.9358349442481995 -0.3005033731460571
  outer loop
    vertex 77.34109497070312 21.60000038146973 5.433533191680908
    vertex 77.90010833740234 21.9081859588623 4.131210803985596
    vertex 78.19528961181641 21.60000038146973 4.910079956054688
  endloop
endfacet
facet normal -0.1841485053300858 -0.9358349442481995 -0.3005033433437347
  outer loop
    vertex 77.34109497070312 21.60000038146973 5.433533191680908
    vertex 76.65972900390625 21.97500038146973 4.683241367340088
    vertex 77.90010833740234 21.9081859588623 4.131210803985596
  endloop
endfacet
facet normal 0.1841484606266022 -0.9358348846435547 -0.3005035817623138
  outer loop
    vertex 103.4878692626953 21.60000038146973 5.433533191680908
    vertex 102.9288558959961 21.9081859588623 4.131210803985596
    vertex 104.1692352294922 21.97500038146973 4.683241367340088
  endloop
endfacet
facet normal 0.1841488182544708 -0.9358347654342651 -0.3005037009716034
  outer loop
    vertex 103.4878692626953 21.60000038146973 5.433533191680908
    vertex 102.633674621582 21.60000038146973 4.910079956054688
    vertex 102.9288558959961 21.9081859588623 4.131210803985596
  endloop
endfacet
facet normal -0.1841489672660828 0.9358349442481995 -0.3005031943321228
  outer loop
    vertex 77.34109497070312 11.60000038146973 5.433533191680908
    vertex 77.90010833740234 11.29181575775146 4.131210803985596
    vertex 76.65972900390625 11.22500038146973 4.683241367340088
  endloop
endfacet
facet normal -0.184148371219635 0.9358351230621338 -0.3005029559135437
  outer loop
    vertex 77.34109497070312 11.60000038146973 5.433533191680908
    vertex 78.19528961181641 11.60000038146973 4.910079956054688
    vertex 77.90010833740234 11.29181575775146 4.131210803985596
  endloop
endfacet
facet normal 0.9350977540016174 -4.07590848011728e-18 0.354389876127243
  outer loop
    vertex 102.633674621582 21.60000038146973 4.910079956054688
    vertex 102.633674621582 11.60000038146973 4.910079956054688
    vertex 102.9288558959961 11.29181575775146 4.131210803985596
  endloop
endfacet
facet normal 0.1841485649347305 0.9358349442481995 -0.30050328373909
  outer loop
    vertex 103.4878692626953 11.60000038146973 5.433533191680908
    vertex 102.9288558959961 11.29181575775146 4.131210803985596
    vertex 102.633674621582 11.60000038146973 4.910079956054688
  endloop
endfacet
facet normal 0.1841489225625992 0.9358348250389099 -0.3005034029483795
  outer loop
    vertex 103.4878692626953 11.60000038146973 5.433533191680908
    vertex 104.1692352294922 11.22500038146973 4.683241367340088
    vertex 102.9288558959961 11.29181575775146 4.131210803985596
  endloop
endfacet
facet normal -0.5555703043937683 -3.822079010168645e-18 -0.8314695358276367
  outer loop
    vertex 76.65972900390625 11.22500038146973 4.683241367340088
    vertex 76.16084289550781 11.22500038146973 5.016583919525146
    vertex 76.65972900390625 21.97500038146973 4.683241367340088
  endloop
endfacet
facet normal -0.5555703043937683 6.34465158701387e-16 -0.8314695358276367
  outer loop
    vertex 76.65972900390625 21.97500038146973 4.683241367340088
    vertex 76.16084289550781 11.22500038146973 5.016583919525146
    vertex 76.16084289550781 21.97500038146973 5.016583919525146
  endloop
endfacet
facet normal 0.7402918934822083 0 -0.6722856163978577
  outer loop
    vertex 76.65972900390625 21.97500038146973 4.683241367340088
    vertex 77.34109497070312 21.60000038146973 5.433533191680908
    vertex 76.65972900390625 11.22500038146973 4.683241367340088
  endloop
endfacet
facet normal -0.2003665268421173 -0.9327011704444885 -0.2998696565628052
  outer loop
    vertex 76.16084289550781 21.97500038146973 5.016583919525146
    vertex 75.24452209472656 22.20000076293945 4.929018974304199
    vertex 76.65972900390625 21.97500038146973 4.683241367340088
  endloop
endfacet
facet normal 0.5555703043937683 -3.822079010168645e-18 -0.8314695358276367
  outer loop
    vertex 104.6681213378906 21.97500038146973 5.016583919525146
    vertex 104.1692352294922 11.22500038146973 4.683241367340088
    vertex 104.1692352294922 21.97500038146973 4.683241367340088
  endloop
endfacet
facet normal -0.7402923703193665 -6.018001999758068e-18 -0.6722850799560547
  outer loop
    vertex 104.1692352294922 21.97500038146973 4.683241367340088
    vertex 104.1692352294922 11.22500038146973 4.683241367340088
    vertex 103.4878692626953 21.60000038146973 5.433533191680908
  endloop
endfacet
facet normal 0.7402918934822083 0 -0.6722856163978577
  outer loop
    vertex 77.34109497070312 21.60000038146973 5.433533191680908
    vertex 77.34109497070312 11.60000038146973 5.433533191680908
    vertex 76.65972900390625 11.22500038146973 4.683241367340088
  endloop
endfacet
facet normal 0.5555703043937683 5.350910945108348e-17 -0.8314695358276367
  outer loop
    vertex 104.6681213378906 11.22500038146973 5.016583919525146
    vertex 104.1692352294922 11.22500038146973 4.683241367340088
    vertex 104.6681213378906 21.97500038146973 5.016583919525146
  endloop
endfacet
facet normal -0.7402923703193665 0 -0.6722850799560547
  outer loop
    vertex 103.4878692626953 21.60000038146973 5.433533191680908
    vertex 104.1692352294922 11.22500038146973 4.683241367340088
    vertex 103.4878692626953 11.60000038146973 5.433533191680908
  endloop
endfacet
facet normal 0.20036581158638 0.9327016472816467 -0.2998685836791992
  outer loop
    vertex 104.6681213378906 11.22500038146973 5.016583919525146
    vertex 105.5844421386719 11.00000095367432 4.929018974304199
    vertex 104.1692352294922 11.22500038146973 4.683241367340088
  endloop
endfacet
facet normal -0.5224983692169189 6.179803490657116e-18 -0.8526402711868286
  outer loop
    vertex 78.19528961181641 11.60000038146973 4.910079956054688
    vertex 77.34109497070312 11.60000038146973 5.433533191680908
    vertex 78.19528961181641 21.60000038146973 4.910079956054688
  endloop
endfacet
facet normal -0.5224983692169189 0 -0.8526402711868286
  outer loop
    vertex 78.19528961181641 21.60000038146973 4.910079956054688
    vertex 77.34109497070312 11.60000038146973 5.433533191680908
    vertex 77.34109497070312 21.60000038146973 5.433533191680908
  endloop
endfacet
facet normal 0.5224983692169189 0 -0.8526402711868286
  outer loop
    vertex 103.4878692626953 21.60000038146973 5.433533191680908
    vertex 102.633674621582 11.60000038146973 4.910079956054688
    vertex 102.633674621582 21.60000038146973 4.910079956054688
  endloop
endfacet
facet normal 0.5224983692169189 0 -0.8526402711868286
  outer loop
    vertex 103.4878692626953 11.60000038146973 5.433533191680908
    vertex 102.633674621582 11.60000038146973 4.910079956054688
    vertex 103.4878692626953 21.60000038146973 5.433533191680908
  endloop
endfacet
facet normal -0.6293203234672546 1.864926204255186e-16 -0.77714604139328
  outer loop
    vertex 75.24452209472656 23.20000076293945 4.929018974304199
    vertex 73.14511108398438 22.20000076293945 6.629092693328857
    vertex 73.14511108398438 23.20000076293945 6.629092693328857
  endloop
endfacet
facet normal -0.6293203234672546 -3.729852408510372e-16 -0.77714604139328
  outer loop
    vertex 75.24452209472656 22.20000076293945 4.929018974304199
    vertex 73.14511108398438 22.20000076293945 6.629092693328857
    vertex 75.24452209472656 23.20000076293945 4.929018974304199
  endloop
endfacet
facet normal 0.6293206214904785 1.864928983582044e-16 -0.7771457433700562
  outer loop
    vertex 107.6838531494141 23.20000076293945 6.629092693328857
    vertex 105.5844421386719 22.20000076293945 4.929018974304199
    vertex 105.5844421386719 23.20000076293945 4.929018974304199
  endloop
endfacet
facet normal -0.2093226164579391 -0.9363230466842651 -0.2819276452064514
  outer loop
    vertex 75.78277587890625 21.60000038146973 6.522068977355957
    vertex 75.24452209472656 22.20000076293945 4.929018974304199
    vertex 76.18498229980469 21.60000038146973 6.223445892333984
  endloop
endfacet
facet normal -0.2108896821737289 -0.9361501932144165 -0.2813330888748169
  outer loop
    vertex 75.78277587890625 21.60000038146973 6.522068977355957
    vertex 75.04464721679688 21.97500038146973 5.827549934387207
    vertex 75.24452209472656 22.20000076293945 4.929018974304199
  endloop
endfacet
facet normal -0.2301912009716034 -0.9307023286819458 -0.2842625379562378
  outer loop
    vertex 73.14511108398438 22.20000076293945 6.629092693328857
    vertex 75.24452209472656 22.20000076293945 4.929018974304199
    vertex 75.04464721679688 21.97500038146973 5.827549934387207
  endloop
endfacet
facet normal -0.2024955004453659 -0.9363183975219727 -0.2868857085704803
  outer loop
    vertex 76.18498229980469 21.60000038146973 6.223445892333984
    vertex 75.24452209472656 22.20000076293945 4.929018974304199
    vertex 76.16084289550781 21.97500038146973 5.016583919525146
  endloop
endfacet
facet normal 0.6293206214904785 0 -0.7771457433700562
  outer loop
    vertex 107.6838531494141 22.20000076293945 6.629092693328857
    vertex 105.5844421386719 22.20000076293945 4.929018974304199
    vertex 107.6838531494141 23.20000076293945 6.629092693328857
  endloop
endfacet
facet normal 0.2034448385238647 -0.9363229870796204 -0.2861982583999634
  outer loop
    vertex 104.6439819335938 21.60000038146973 6.223445892333984
    vertex 104.2356872558594 21.60000038146973 5.933208465576172
    vertex 105.5844421386719 22.20000076293945 4.929018974304199
  endloop
endfacet
facet normal 0.2023947536945343 -0.9361501336097717 -0.2875053286552429
  outer loop
    vertex 104.2356872558594 21.60000038146973 5.933208465576172
    vertex 104.6681213378906 21.97500038146973 5.016583919525146
    vertex 105.5844421386719 22.20000076293945 4.929018974304199
  endloop
endfacet
facet normal 0.2102702111005783 -0.9363183975219727 -0.2812371551990509
  outer loop
    vertex 104.6439819335938 21.60000038146973 6.223445892333984
    vertex 105.5844421386719 22.20000076293945 4.929018974304199
    vertex 105.7843170166016 21.97500038146973 5.827549934387207
  endloop
endfacet
facet normal 0.2232754528522491 -0.9327014088630676 -0.2832244634628296
  outer loop
    vertex 106.2555084228516 21.97500038146973 6.199006080627441
    vertex 105.7843170166016 21.97500038146973 5.827549934387207
    vertex 105.5844421386719 22.20000076293945 4.929018974304199
  endloop
endfacet
facet normal 0.2329572737216949 -0.9289630055427551 -0.2876780927181244
  outer loop
    vertex 107.6838531494141 22.20000076293945 6.629092693328857
    vertex 106.2555084228516 21.97500038146973 6.199006080627441
    vertex 105.5844421386719 22.20000076293945 4.929018974304199
  endloop
endfacet
facet normal -0.6293203234672546 1.864923027881634e-16 -0.77714604139328
  outer loop
    vertex 75.24452209472656 10 4.929018974304199
    vertex 73.14511108398438 10 6.629092693328857
    vertex 75.24452209472656 11.00000095367432 4.929018974304199
  endloop
endfacet
facet normal -0.6293203234672546 0 -0.77714604139328
  outer loop
    vertex 75.24452209472656 11.00000095367432 4.929018974304199
    vertex 73.14511108398438 10 6.629092693328857
    vertex 73.14511108398438 11.00000095367432 6.629092693328857
  endloop
endfacet
facet normal -0.2034449428319931 0.9363231062889099 -0.2861977219581604
  outer loop
    vertex 76.18498229980469 11.60000038146973 6.223445892333984
    vertex 76.59327697753906 11.60000038146973 5.933208465576172
    vertex 75.24452209472656 11.00000095367432 4.929018974304199
  endloop
endfacet
facet normal -0.2023942023515701 0.9361501336097717 -0.2875056564807892
  outer loop
    vertex 76.59327697753906 11.60000038146973 5.933208465576172
    vertex 76.16084289550781 11.22500038146973 5.016583919525146
    vertex 75.24452209472656 11.00000095367432 4.929018974304199
  endloop
endfacet
facet normal -0.2102702707052231 0.9363185167312622 -0.2812366783618927
  outer loop
    vertex 76.18498229980469 11.60000038146973 6.223445892333984
    vertex 75.24452209472656 11.00000095367432 4.929018974304199
    vertex 75.04464721679688 11.22500038146973 5.827549934387207
  endloop
endfacet
facet normal -0.2232760488986969 0.9327014088630676 -0.2832241058349609
  outer loop
    vertex 74.57345581054688 11.22500038146973 6.199006080627441
    vertex 75.04464721679688 11.22500038146973 5.827549934387207
    vertex 75.24452209472656 11.00000095367432 4.929018974304199
  endloop
endfacet
facet normal -0.2329560816287994 0.9289636611938477 -0.2876768708229065
  outer loop
    vertex 73.14511108398438 11.00000095367432 6.629092693328857
    vertex 74.57345581054688 11.22500038146973 6.199006080627441
    vertex 75.24452209472656 11.00000095367432 4.929018974304199
  endloop
endfacet
facet normal 0.6293206214904785 1.864925807208492e-16 -0.7771457433700562
  outer loop
    vertex 107.6838531494141 11.00000095367432 6.629092693328857
    vertex 105.5844421386719 10 4.929018974304199
    vertex 105.5844421386719 11.00000095367432 4.929018974304199
  endloop
endfacet
facet normal 0.2093225419521332 0.9363231062889099 -0.2819275259971619
  outer loop
    vertex 105.0461883544922 11.60000038146973 6.522068977355957
    vertex 105.5844421386719 11.00000095367432 4.929018974304199
    vertex 104.6439819335938 11.60000038146973 6.223445892333984
  endloop
endfacet
facet normal 0.2108911126852036 0.9361501336097717 -0.281332403421402
  outer loop
    vertex 105.0461883544922 11.60000038146973 6.522068977355957
    vertex 105.7843170166016 11.22500038146973 5.827549934387207
    vertex 105.5844421386719 11.00000095367432 4.929018974304199
  endloop
endfacet
facet normal 0.2301906049251556 0.930702805519104 -0.2842615246772766
  outer loop
    vertex 107.6838531494141 11.00000095367432 6.629092693328857
    vertex 105.5844421386719 11.00000095367432 4.929018974304199
    vertex 105.7843170166016 11.22500038146973 5.827549934387207
  endloop
endfacet
facet normal 0.2024945169687271 0.9363184571266174 -0.2868862450122833
  outer loop
    vertex 104.6439819335938 11.60000038146973 6.223445892333984
    vertex 105.5844421386719 11.00000095367432 4.929018974304199
    vertex 104.6681213378906 11.22500038146973 5.016583919525146
  endloop
endfacet
facet normal 0.6293206214904785 -1.864925807208492e-16 -0.7771457433700562
  outer loop
    vertex 107.6838531494141 10 6.629092693328857
    vertex 105.5844421386719 10 4.929018974304199
    vertex 107.6838531494141 11.00000095367432 6.629092693328857
  endloop
endfacet
facet normal -0.90440833568573 9.162289745396355e-16 0.4266680181026459
  outer loop
    vertex 76.16084289550781 21.97500038146973 5.016583919525146
    vertex 76.16084289550781 11.22500038146973 5.016583919525146
    vertex 76.59327697753906 21.60000038146973 5.933208465576172
  endloop
endfacet
facet normal -0.2038567364215851 -0.9360562562942505 -0.2867770195007324
  outer loop
    vertex 76.18498229980469 21.60000038146973 6.223445892333984
    vertex 76.16084289550781 21.97500038146973 5.016583919525146
    vertex 76.59327697753906 21.60000038146973 5.933208465576172
  endloop
endfacet
facet normal 0.9044086933135986 -3.448174844448956e-17 0.4266672730445862
  outer loop
    vertex 104.6681213378906 21.97500038146973 5.016583919525146
    vertex 104.2356872558594 21.60000038146973 5.933208465576172
    vertex 104.6681213378906 11.22500038146973 5.016583919525146
  endloop
endfacet
facet normal -0.90440833568573 0 0.4266680181026459
  outer loop
    vertex 76.59327697753906 21.60000038146973 5.933208465576172
    vertex 76.16084289550781 11.22500038146973 5.016583919525146
    vertex 76.59327697753906 11.60000038146973 5.933208465576172
  endloop
endfacet
facet normal 0.9044086933135986 -2.037939036478981e-15 0.4266672730445862
  outer loop
    vertex 104.2356872558594 21.60000038146973 5.933208465576172
    vertex 104.2356872558594 11.60000038146973 5.933208465576172
    vertex 104.6681213378906 11.22500038146973 5.016583919525146
  endloop
endfacet
facet normal 0.2038566023111343 0.9360561966896057 -0.2867774963378906
  outer loop
    vertex 104.6439819335938 11.60000038146973 6.223445892333984
    vertex 104.6681213378906 11.22500038146973 5.016583919525146
    vertex 104.2356872558594 11.60000038146973 5.933208465576172
  endloop
endfacet
facet normal -0.6190942525863647 7.021058746768856e-16 -0.7853167057037354
  outer loop
    vertex 75.04464721679688 21.97500038146973 5.827549934387207
    vertex 75.04464721679688 11.22500038146973 5.827549934387207
    vertex 74.57345581054688 11.22500038146973 6.199006080627441
  endloop
endfacet
facet normal -0.6190942525863647 5.463071673086864e-17 -0.7853167057037354
  outer loop
    vertex 75.04464721679688 21.97500038146973 5.827549934387207
    vertex 74.57345581054688 11.22500038146973 6.199006080627441
    vertex 74.57345581054688 21.97500038146973 6.199006080627441
  endloop
endfacet
facet normal 0.6852623224258423 -6.728828144801386e-16 -0.7282963395118713
  outer loop
    vertex 75.78277587890625 21.60000038146973 6.522068977355957
    vertex 75.04464721679688 11.22500038146973 5.827549934387207
    vertex 75.04464721679688 21.97500038146973 5.827549934387207
  endloop
endfacet
facet normal -0.2356836348772049 -0.9247022867202759 -0.2989630103111267
  outer loop
    vertex 73.14511108398438 22.20000076293945 6.629092693328857
    vertex 75.04464721679688 21.97500038146973 5.827549934387207
    vertex 74.57345581054688 21.97500038146973 6.199006080627441
  endloop
endfacet
facet normal 0.6190927028656006 5.463035938884401e-17 -0.7853178977966309
  outer loop
    vertex 106.2555084228516 21.97500038146973 6.199006080627441
    vertex 105.7843170166016 11.22500038146973 5.827549934387207
    vertex 105.7843170166016 21.97500038146973 5.827549934387207
  endloop
endfacet
facet normal -0.6852632761001587 4.281998379065274e-17 -0.7282954454421997
  outer loop
    vertex 105.7843170166016 11.22500038146973 5.827549934387207
    vertex 105.0461883544922 21.60000038146973 6.522068977355957
    vertex 105.7843170166016 21.97500038146973 5.827549934387207
  endloop
endfacet
facet normal 0.2097462266683578 -0.9360562562942505 -0.2824981808662415
  outer loop
    vertex 105.0461883544922 21.60000038146973 6.522068977355957
    vertex 104.6439819335938 21.60000038146973 6.223445892333984
    vertex 105.7843170166016 21.97500038146973 5.827549934387207
  endloop
endfacet
facet normal 0.6852623224258423 -7.705310490406601e-16 -0.7282963395118713
  outer loop
    vertex 75.78277587890625 21.60000038146973 6.522068977355957
    vertex 75.78277587890625 11.60000038146973 6.522068977355957
    vertex 75.04464721679688 11.22500038146973 5.827549934387207
  endloop
endfacet
facet normal -0.2097461372613907 0.9360563158988953 -0.2824980616569519
  outer loop
    vertex 75.78277587890625 11.60000038146973 6.522068977355957
    vertex 76.18498229980469 11.60000038146973 6.223445892333984
    vertex 75.04464721679688 11.22500038146973 5.827549934387207
  endloop
endfacet
facet normal 0.6190927028656006 5.260701274481275e-17 -0.7853178977966309
  outer loop
    vertex 106.2555084228516 11.22500038146973 6.199006080627441
    vertex 105.7843170166016 11.22500038146973 5.827549934387207
    vertex 106.2555084228516 21.97500038146973 6.199006080627441
  endloop
endfacet
facet normal -0.6852632761001587 0 -0.7282954454421997
  outer loop
    vertex 105.7843170166016 11.22500038146973 5.827549934387207
    vertex 105.0461883544922 11.60000038146973 6.522068977355957
    vertex 105.0461883544922 21.60000038146973 6.522068977355957
  endloop
endfacet
facet normal 0.2356840521097183 0.9247016310691833 -0.2989647686481476
  outer loop
    vertex 107.6838531494141 11.00000095367432 6.629092693328857
    vertex 105.7843170166016 11.22500038146973 5.827549934387207
    vertex 106.2555084228516 11.22500038146973 6.199006080627441
  endloop
endfacet
facet normal -0.587785542011261 0 -0.8090167641639709
  outer loop
    vertex 76.59327697753906 11.60000038146973 5.933208465576172
    vertex 75.78277587890625 11.60000038146973 6.522068977355957
    vertex 76.59327697753906 21.60000038146973 5.933208465576172
  endloop
endfacet
facet normal -0.587785542011261 6.643271464381597e-16 -0.8090167641639709
  outer loop
    vertex 76.59327697753906 21.60000038146973 5.933208465576172
    vertex 75.78277587890625 11.60000038146973 6.522068977355957
    vertex 75.78277587890625 21.60000038146973 6.522068977355957
  endloop
endfacet
facet normal 0.5877851247787476 -1.322138703687803e-15 -0.8090171217918396
  outer loop
    vertex 105.0461883544922 21.60000038146973 6.522068977355957
    vertex 104.2356872558594 11.60000038146973 5.933208465576172
    vertex 104.2356872558594 21.60000038146973 5.933208465576172
  endloop
endfacet
facet normal 0.5877851247787476 0 -0.8090171217918396
  outer loop
    vertex 105.0461883544922 11.60000038146973 6.522068977355957
    vertex 104.2356872558594 11.60000038146973 5.933208465576172
    vertex 105.0461883544922 21.60000038146973 6.522068977355957
  endloop
endfacet
facet normal -0.868145227432251 -3.592200554856483e-17 0.496310293674469
  outer loop
    vertex 74.57345581054688 21.97500038146973 6.199006080627441
    vertex 74.57345581054688 11.22500038146973 6.199006080627441
    vertex 75.07646942138672 21.60000038146973 7.078878402709961
  endloop
endfacet
facet normal -0.2279380112886429 -0.9363036155700684 -0.2671700716018677
  outer loop
    vertex 73.66514587402344 21.9081859588623 7.208092212677002
    vertex 73.14511108398438 22.20000076293945 6.629092693328857
    vertex 74.57345581054688 21.97500038146973 6.199006080627441
  endloop
endfacet
facet normal -0.2288905084133148 -0.9358349442481995 -0.2679964005947113
  outer loop
    vertex 73.66514587402344 21.9081859588623 7.208092212677002
    vertex 74.57345581054688 21.97500038146973 6.199006080627441
    vertex 75.07646942138672 21.60000038146973 7.078878402709961
  endloop
endfacet
facet normal 0.8681439757347107 -3.592195591772808e-17 0.4963124096393585
  outer loop
    vertex 106.2555084228516 21.97500038146973 6.199006080627441
    vertex 105.7524948120117 21.60000038146973 7.078878402709961
    vertex 106.2555084228516 11.22500038146973 6.199006080627441
  endloop
endfacet
facet normal 0.2288903445005417 -0.9358351826667786 -0.2679958343505859
  outer loop
    vertex 107.163818359375 21.9081859588623 7.208092212677002
    vertex 105.7524948120117 21.60000038146973 7.078878402709961
    vertex 106.2555084228516 21.97500038146973 6.199006080627441
  endloop
endfacet
facet normal 0.2279384434223175 -0.9363034963607788 -0.2671700119972229
  outer loop
    vertex 107.163818359375 21.9081859588623 7.208092212677002
    vertex 106.2555084228516 21.97500038146973 6.199006080627441
    vertex 107.6838531494141 22.20000076293945 6.629092693328857
  endloop
endfacet
facet normal -0.868145227432251 0 0.496310293674469
  outer loop
    vertex 75.07646942138672 21.60000038146973 7.078878402709961
    vertex 74.57345581054688 11.22500038146973 6.199006080627441
    vertex 75.07646942138672 11.60000038146973 7.078878402709961
  endloop
endfacet
facet normal -0.2288902252912521 0.9358348846435547 -0.2679968178272247
  outer loop
    vertex 73.66514587402344 11.29181575775146 7.208092212677002
    vertex 75.07646942138672 11.60000038146973 7.078878402709961
    vertex 74.57345581054688 11.22500038146973 6.199006080627441
  endloop
endfacet
facet normal -0.227937638759613 0.9363036155700684 -0.2671703994274139
  outer loop
    vertex 73.66514587402344 11.29181575775146 7.208092212677002
    vertex 74.57345581054688 11.22500038146973 6.199006080627441
    vertex 73.14511108398438 11.00000095367432 6.629092693328857
  endloop
endfacet
facet normal 0.8681439757347107 -1.957008850017095e-15 0.4963124096393585
  outer loop
    vertex 105.7524948120117 21.60000038146973 7.078878402709961
    vertex 105.7524948120117 11.60000038146973 7.078878402709961
    vertex 106.2555084228516 11.22500038146973 6.199006080627441
  endloop
endfacet
facet normal 0.2279380708932877 0.9363034963607788 -0.2671703398227692
  outer loop
    vertex 107.163818359375 11.29181575775146 7.208092212677002
    vertex 107.6838531494141 11.00000095367432 6.629092693328857
    vertex 106.2555084228516 11.22500038146973 6.199006080627441
  endloop
endfacet
facet normal 0.228890061378479 0.9358351230621338 -0.2679962515830994
  outer loop
    vertex 107.163818359375 11.29181575775146 7.208092212677002
    vertex 106.2555084228516 11.22500038146973 6.199006080627441
    vertex 105.7524948120117 11.60000038146973 7.078878402709961
  endloop
endfacet
facet normal -0.7071067690849304 -3.074479459115874e-16 -0.7071067690849304
  outer loop
    vertex 73.14511108398438 23.20000076293945 6.629092693328857
    vertex 71.23490142822266 22.20000076293945 8.539299964904785
    vertex 71.23490142822266 23.20000076293945 8.539299964904785
  endloop
endfacet
facet normal -0.7071067690849304 0 -0.7071067690849304
  outer loop
    vertex 73.14511108398438 22.20000076293945 6.629092693328857
    vertex 71.23490142822266 22.20000076293945 8.539299964904785
    vertex 73.14511108398438 23.20000076293945 6.629092693328857
  endloop
endfacet
facet normal 0.707106351852417 2.049649134625874e-16 -0.7071072459220886
  outer loop
    vertex 109.5940628051758 23.20000076293945 8.539299964904785
    vertex 107.6838531494141 22.20000076293945 6.629092693328857
    vertex 107.6838531494141 23.20000076293945 6.629092693328857
  endloop
endfacet
facet normal -0.2345337718725204 -0.9363410472869873 -0.2612648904323578
  outer loop
    vertex 73.66514587402344 21.9081859588623 7.208092212677002
    vertex 73.52432250976562 21.97500038146973 7.095048427581787
    vertex 73.14511108398438 22.20000076293945 6.629092693328857
  endloop
endfacet
facet normal -0.2384912073612213 -0.9362470507621765 -0.2579987645149231
  outer loop
    vertex 73.08373260498047 21.97500038146973 7.502328395843506
    vertex 73.14511108398438 22.20000076293945 6.629092693328857
    vertex 73.52432250976562 21.97500038146973 7.095048427581787
  endloop
endfacet
facet normal -0.2580311000347137 -0.9310423731803894 -0.2580311000347137
  outer loop
    vertex 72.10813903808594 21.97500038146973 8.477922439575195
    vertex 73.14511108398438 22.20000076293945 6.629092693328857
    vertex 73.08373260498047 21.97500038146973 7.502328395843506
  endloop
endfacet
facet normal -0.2580311000347137 -0.9310423731803894 -0.2580311000347137
  outer loop
    vertex 71.23490142822266 22.20000076293945 8.539299964904785
    vertex 73.14511108398438 22.20000076293945 6.629092693328857
    vertex 72.10813903808594 21.97500038146973 8.477922439575195
  endloop
endfacet
facet normal 0.707106351852417 0 -0.7071072459220886
  outer loop
    vertex 109.5940628051758 22.20000076293945 8.539299964904785
    vertex 107.6838531494141 22.20000076293945 6.629092693328857
    vertex 109.5940628051758 23.20000076293945 8.539299964904785
  endloop
endfacet
facet normal 0.258031040430069 -0.9310423135757446 -0.2580313682556152
  outer loop
    vertex 109.5940628051758 22.20000076293945 8.539299964904785
    vertex 107.745231628418 21.97500038146973 7.502328395843506
    vertex 107.6838531494141 22.20000076293945 6.629092693328857
  endloop
endfacet
facet normal 0.2384914308786392 -0.936246931552887 -0.2579990029335022
  outer loop
    vertex 107.745231628418 21.97500038146973 7.502328395843506
    vertex 107.3046417236328 21.97500038146973 7.095048427581787
    vertex 107.6838531494141 22.20000076293945 6.629092693328857
  endloop
endfacet
facet normal 0.2345326244831085 -0.9363409876823425 -0.2612662315368652
  outer loop
    vertex 107.163818359375 21.9081859588623 7.208092212677002
    vertex 107.6838531494141 22.20000076293945 6.629092693328857
    vertex 107.3046417236328 21.97500038146973 7.095048427581787
  endloop
endfacet
facet normal -0.7071067690849304 0 -0.7071067690849304
  outer loop
    vertex 73.14511108398438 11.00000095367432 6.629092693328857
    vertex 73.14511108398438 10 6.629092693328857
    vertex 71.23490142822266 10 8.539299964904785
  endloop
endfacet
facet normal -0.7071067690849304 0 -0.7071067690849304
  outer loop
    vertex 73.14511108398438 11.00000095367432 6.629092693328857
    vertex 71.23490142822266 10 8.539299964904785
    vertex 71.23490142822266 11.00000095367432 8.539299964904785
  endloop
endfacet
facet normal -0.2580303847789764 0.9310427904129028 -0.2580303847789764
  outer loop
    vertex 71.23490142822266 11.00000095367432 8.539299964904785
    vertex 72.10813903808594 11.22500038146973 8.477922439575195
    vertex 73.14511108398438 11.00000095367432 6.629092693328857
  endloop
endfacet
facet normal -0.2580303847789764 0.9310427904129028 -0.2580303847789764
  outer loop
    vertex 72.10813903808594 11.22500038146973 8.477922439575195
    vertex 73.08373260498047 11.22500038146973 7.502328395843506
    vertex 73.14511108398438 11.00000095367432 6.629092693328857
  endloop
endfacet
facet normal -0.2384905368089676 0.9362474679946899 -0.2579980492591858
  outer loop
    vertex 73.08373260498047 11.22500038146973 7.502328395843506
    vertex 73.52432250976562 11.22500038146973 7.095048427581787
    vertex 73.14511108398438 11.00000095367432 6.629092693328857
  endloop
endfacet
facet normal -0.2345508188009262 0.9363410472869873 -0.2612495720386505
  outer loop
    vertex 73.66514587402344 11.29181575775146 7.208092212677002
    vertex 73.14511108398438 11.00000095367432 6.629092693328857
    vertex 73.52432250976562 11.22500038146973 7.095048427581787
  endloop
endfacet
facet normal 0.707106351852417 -1.024822846777263e-16 -0.7071072459220886
  outer loop
    vertex 109.5940628051758 11.00000095367432 8.539299964904785
    vertex 107.6838531494141 10 6.629092693328857
    vertex 107.6838531494141 11.00000095367432 6.629092693328857
  endloop
endfacet
facet normal 0.2345496714115143 0.9363409876823425 -0.2612509429454803
  outer loop
    vertex 107.163818359375 11.29181575775146 7.208092212677002
    vertex 107.3046417236328 11.22500038146973 7.095048427581787
    vertex 107.6838531494141 11.00000095367432 6.629092693328857
  endloop
endfacet
facet normal 0.2384907603263855 0.9362473487854004 -0.2579982876777649
  outer loop
    vertex 107.745231628418 11.22500038146973 7.502328395843506
    vertex 107.6838531494141 11.00000095367432 6.629092693328857
    vertex 107.3046417236328 11.22500038146973 7.095048427581787
  endloop
endfacet
facet normal 0.2580303251743317 0.9310427308082581 -0.2580306529998779
  outer loop
    vertex 109.5940628051758 11.00000095367432 8.539299964904785
    vertex 107.6838531494141 11.00000095367432 6.629092693328857
    vertex 107.745231628418 11.22500038146973 7.502328395843506
  endloop
endfacet
facet normal 0.707106351852417 0 -0.7071072459220886
  outer loop
    vertex 109.5940628051758 10 8.539299964904785
    vertex 107.6838531494141 10 6.629092693328857
    vertex 109.5940628051758 11.00000095367432 8.539299964904785
  endloop
endfacet
facet normal -0.2288905084133148 -0.9358349442481995 -0.2679963707923889
  outer loop
    vertex 74.31467437744141 21.60000038146973 7.729513645172119
    vertex 73.66514587402344 21.9081859588623 7.208092212677002
    vertex 75.07646942138672 21.60000038146973 7.078878402709961
  endloop
endfacet
facet normal 0.2288903892040253 -0.9358347654342651 -0.2679972350597382
  outer loop
    vertex 106.514289855957 21.60000038146973 7.729513645172119
    vertex 105.7524948120117 21.60000038146973 7.078878402709961
    vertex 107.163818359375 21.9081859588623 7.208092212677002
  endloop
endfacet
facet normal -0.2288901954889297 0.9358351230621338 -0.2679959833621979
  outer loop
    vertex 74.31467437744141 11.60000038146973 7.729513645172119
    vertex 75.07646942138672 11.60000038146973 7.078878402709961
    vertex 73.66514587402344 11.29181575775146 7.208092212677002
  endloop
endfacet
facet normal 0.2288900762796402 0.9358349442481995 -0.2679968476295471
  outer loop
    vertex 106.514289855957 11.60000038146973 7.729513645172119
    vertex 107.163818359375 11.29181575775146 7.208092212677002
    vertex 105.7524948120117 11.60000038146973 7.078878402709961
  endloop
endfacet
facet normal -0.649448037147522 6.929382567633787e-18 -0.760405957698822
  outer loop
    vertex 75.07646942138672 11.60000038146973 7.078878402709961
    vertex 74.31467437744141 11.60000038146973 7.729513645172119
    vertex 75.07646942138672 21.60000038146973 7.078878402709961
  endloop
endfacet
facet normal -0.649448037147522 7.27585155125887e-16 -0.760405957698822
  outer loop
    vertex 75.07646942138672 21.60000038146973 7.078878402709961
    vertex 74.31467437744141 11.60000038146973 7.729513645172119
    vertex 74.31467437744141 21.60000038146973 7.729513645172119
  endloop
endfacet
facet normal 0.6494466066360474 -1.469020357730566e-15 -0.7604071497917175
  outer loop
    vertex 106.514289855957 21.60000038146973 7.729513645172119
    vertex 105.7524948120117 11.60000038146973 7.078878402709961
    vertex 105.7524948120117 21.60000038146973 7.078878402709961
  endloop
endfacet
facet normal 0.6494466066360474 -1.475949722513816e-15 -0.7604071497917175
  outer loop
    vertex 106.514289855957 21.60000038146973 7.729513645172119
    vertex 106.514289855957 11.60000038146973 7.729513645172119
    vertex 105.7524948120117 11.60000038146973 7.078878402709961
  endloop
endfacet
facet normal -0.6788001656532288 0 -0.7343230843544006
  outer loop
    vertex 73.52432250976562 11.22500038146973 7.095048427581787
    vertex 73.08373260498047 11.22500038146973 7.502328395843506
    vertex 73.52432250976562 21.97500038146973 7.095048427581787
  endloop
endfacet
facet normal -0.6788001656532288 7.162391487974156e-16 -0.7343230843544006
  outer loop
    vertex 73.52432250976562 21.97500038146973 7.095048427581787
    vertex 73.08373260498047 11.22500038146973 7.502328395843506
    vertex 73.08373260498047 21.97500038146973 7.502328395843506
  endloop
endfacet
facet normal 0.6260048151016235 -7.029712234708533e-19 -0.7798191905021667
  outer loop
    vertex 73.66514587402344 21.9081859588623 7.208092212677002
    vertex 73.52432250976562 11.22500038146973 7.095048427581787
    vertex 73.52432250976562 21.97500038146973 7.095048427581787
  endloop
endfacet
facet normal 0.6788001656532288 -1.432478297594831e-15 -0.7343230843544006
  outer loop
    vertex 107.745231628418 21.97500038146973 7.502328395843506
    vertex 107.3046417236328 11.22500038146973 7.095048427581787
    vertex 107.3046417236328 21.97500038146973 7.095048427581787
  endloop
endfacet
facet normal -0.6260048151016235 1.312447270342674e-15 -0.7798191905021667
  outer loop
    vertex 107.3046417236328 21.97500038146973 7.095048427581787
    vertex 107.3046417236328 11.22500038146973 7.095048427581787
    vertex 107.163818359375 21.9081859588623 7.208092212677002
  endloop
endfacet
facet normal 0.6260097026824951 -1.066662420612374e-07 -0.7798152565956116
  outer loop
    vertex 74.31467437744141 21.60000038146973 7.729513645172119
    vertex 73.52432250976562 11.22500038146973 7.095048427581787
    vertex 73.66514587402344 21.9081859588623 7.208092212677002
  endloop
endfacet
facet normal 0.6260046362876892 5.28900898189022e-07 -0.7798193097114563
  outer loop
    vertex 74.31467437744141 21.60000038146973 7.729513645172119
    vertex 73.66514587402344 11.29181575775146 7.208092212677002
    vertex 73.52432250976562 11.22500038146973 7.095048427581787
  endloop
endfacet
facet normal 0.6788001656532288 0 -0.7343230843544006
  outer loop
    vertex 107.745231628418 11.22500038146973 7.502328395843506
    vertex 107.3046417236328 11.22500038146973 7.095048427581787
    vertex 107.745231628418 21.97500038146973 7.502328395843506
  endloop
endfacet
facet normal -0.6260108351707458 -1.307466988009764e-07 -0.7798143625259399
  outer loop
    vertex 107.3046417236328 11.22500038146973 7.095048427581787
    vertex 106.514289855957 21.60000038146973 7.729513645172119
    vertex 107.163818359375 21.9081859588623 7.208092212677002
  endloop
endfacet
facet normal -0.6260046362876892 6.483018637482019e-07 -0.7798193693161011
  outer loop
    vertex 107.3046417236328 11.22500038146973 7.095048427581787
    vertex 107.163818359375 11.29181575775146 7.208092212677002
    vertex 106.514289855957 21.60000038146973 7.729513645172119
  endloop
endfacet
facet normal 0.6260097622871399 -6.989163191744403e-16 -0.7798152565956116
  outer loop
    vertex 74.31467437744141 21.60000038146973 7.729513645172119
    vertex 74.31467437744141 11.60000038146973 7.729513645172119
    vertex 73.66514587402344 11.29181575775146 7.208092212677002
  endloop
endfacet
facet normal -0.6260108947753906 1.407614280702892e-15 -0.7798143029212952
  outer loop
    vertex 107.163818359375 11.29181575775146 7.208092212677002
    vertex 106.514289855957 11.60000038146973 7.729513645172119
    vertex 106.514289855957 21.60000038146973 7.729513645172119
  endloop
endfacet
facet normal -0.8265283107757568 8.678079125933697e-16 0.5628951191902161
  outer loop
    vertex 73.08373260498047 21.97500038146973 7.502328395843506
    vertex 73.08373260498047 11.22500038146973 7.502328395843506
    vertex 73.65422821044922 21.60000038146973 8.340021133422852
  endloop
endfacet
facet normal -0.2492118030786514 -0.9358348846435547 -0.2492118030786514
  outer loop
    vertex 72.94583129882812 21.60000038146973 9.048420906066895
    vertex 73.08373260498047 21.97500038146973 7.502328395843506
    vertex 73.65422821044922 21.60000038146973 8.340021133422852
  endloop
endfacet
facet normal -0.2492118030786514 -0.9358348846435547 -0.2492118030786514
  outer loop
    vertex 72.94583129882812 21.60000038146973 9.048420906066895
    vertex 72.10813903808594 21.97500038146973 8.477922439575195
    vertex 73.08373260498047 21.97500038146973 7.502328395843506
  endloop
endfacet
facet normal 0.8265278935432434 5.39010863551346e-18 0.5628957748413086
  outer loop
    vertex 107.745231628418 21.97500038146973 7.502328395843506
    vertex 107.1747360229492 21.60000038146973 8.340021133422852
    vertex 107.745231628418 11.22500038146973 7.502328395843506
  endloop
endfacet
facet normal 0.2492117285728455 -0.9358349442481995 -0.2492115944623947
  outer loop
    vertex 108.7208251953125 21.97500038146973 8.477922439575195
    vertex 107.1747360229492 21.60000038146973 8.340021133422852
    vertex 107.745231628418 21.97500038146973 7.502328395843506
  endloop
endfacet
facet normal 0.2580305933952332 -0.9310426712036133 -0.2580304443836212
  outer loop
    vertex 109.5940628051758 22.20000076293945 8.539299964904785
    vertex 108.7208251953125 21.97500038146973 8.477922439575195
    vertex 107.745231628418 21.97500038146973 7.502328395843506
  endloop
endfacet
facet normal -0.8265283107757568 0 0.5628951191902161
  outer loop
    vertex 73.65422821044922 21.60000038146973 8.340021133422852
    vertex 73.08373260498047 11.22500038146973 7.502328395843506
    vertex 73.65422821044922 11.60000038146973 8.340021133422852
  endloop
endfacet
facet normal -0.2492119371891022 0.9358348250389099 -0.2492119371891022
  outer loop
    vertex 72.10813903808594 11.22500038146973 8.477922439575195
    vertex 73.65422821044922 11.60000038146973 8.340021133422852
    vertex 73.08373260498047 11.22500038146973 7.502328395843506
  endloop
endfacet
facet normal 0.8265278935432434 1.245788761861411e-17 0.5628957748413086
  outer loop
    vertex 107.1747360229492 21.60000038146973 8.340021133422852
    vertex 107.1747360229492 11.60000038146973 8.340021133422852
    vertex 107.745231628418 11.22500038146973 7.502328395843506
  endloop
endfacet
facet normal 0.2492115944623947 0.9358349442481995 -0.2492119371891022
  outer loop
    vertex 107.8831329345703 11.60000038146973 9.048420906066895
    vertex 107.745231628418 11.22500038146973 7.502328395843506
    vertex 107.1747360229492 11.60000038146973 8.340021133422852
  endloop
endfacet
facet normal 0.2492120563983917 0.9358347654342651 -0.2492119371891022
  outer loop
    vertex 107.8831329345703 11.60000038146973 9.048420906066895
    vertex 108.7208251953125 11.22500038146973 8.477922439575195
    vertex 107.745231628418 11.22500038146973 7.502328395843506
  endloop
endfacet
facet normal 0.2580298781394958 0.9310430884361267 -0.2580297589302063
  outer loop
    vertex 109.5940628051758 11.00000095367432 8.539299964904785
    vertex 107.745231628418 11.22500038146973 7.502328395843506
    vertex 108.7208251953125 11.22500038146973 8.477922439575195
  endloop
endfacet
facet normal 0.2492117285728455 -0.9358348250389099 -0.2492120712995529
  outer loop
    vertex 107.8831329345703 21.60000038146973 9.048420906066895
    vertex 107.1747360229492 21.60000038146973 8.340021133422852
    vertex 108.7208251953125 21.97500038146973 8.477922439575195
  endloop
endfacet
facet normal -0.2492119371891022 0.9358348250389099 -0.2492119371891022
  outer loop
    vertex 72.94583129882812 11.60000038146973 9.048420906066895
    vertex 73.65422821044922 11.60000038146973 8.340021133422852
    vertex 72.10813903808594 11.22500038146973 8.477922439575195
  endloop
endfacet
facet normal -0.7071067690849304 -3.725843163343001e-18 -0.7071067690849304
  outer loop
    vertex 73.65422821044922 21.60000038146973 8.340021133422852
    vertex 73.65422821044922 11.60000038146973 8.340021133422852
    vertex 72.94583129882812 11.60000038146973 9.048420906066895
  endloop
endfacet
facet normal -0.7071067690849304 -3.725843163343001e-18 -0.7071067690849304
  outer loop
    vertex 73.65422821044922 21.60000038146973 8.340021133422852
    vertex 72.94583129882812 11.60000038146973 9.048420906066895
    vertex 72.94583129882812 21.60000038146973 9.048420906066895
  endloop
endfacet
facet normal 0.7071062922477722 3.725835718717488e-18 -0.7071072459220886
  outer loop
    vertex 107.8831329345703 21.60000038146973 9.048420906066895
    vertex 107.1747360229492 11.60000038146973 8.340021133422852
    vertex 107.1747360229492 21.60000038146973 8.340021133422852
  endloop
endfacet
facet normal 0.7071062922477722 -3.725835718717488e-18 -0.7071072459220886
  outer loop
    vertex 107.8831329345703 11.60000038146973 9.048420906066895
    vertex 107.1747360229492 11.60000038146973 8.340021133422852
    vertex 107.8831329345703 21.60000038146973 9.048420906066895
  endloop
endfacet
facet normal -0.7343230843544006 7.681719034638792e-16 -0.6788001656532288
  outer loop
    vertex 72.10813903808594 21.97500038146973 8.477922439575195
    vertex 72.10813903808594 11.22500038146973 8.477922439575195
    vertex 71.70085906982422 11.22500038146973 8.918516159057617
  endloop
endfacet
facet normal -0.7343230843544006 7.681719034638792e-16 -0.6788001656532288
  outer loop
    vertex 72.10813903808594 21.97500038146973 8.477922439575195
    vertex 71.70085906982422 11.22500038146973 8.918516159057617
    vertex 71.70085906982422 21.97500038146973 8.918516159057617
  endloop
endfacet
facet normal 0.5628951191902161 -5.875221163085208e-16 -0.8265283107757568
  outer loop
    vertex 72.94583129882812 21.60000038146973 9.048420906066895
    vertex 72.10813903808594 11.22500038146973 8.477922439575195
    vertex 72.10813903808594 21.97500038146973 8.477922439575195
  endloop
endfacet
facet normal -0.2579987645149231 -0.9362470507621765 -0.2384912073612213
  outer loop
    vertex 71.70085906982422 21.97500038146973 8.918516159057617
    vertex 71.23490142822266 22.20000076293945 8.539299964904785
    vertex 72.10813903808594 21.97500038146973 8.477922439575195
  endloop
endfacet
facet normal 0.7343230843544006 6.491593506127341e-18 -0.6788001656532288
  outer loop
    vertex 109.1281051635742 21.97500038146973 8.918516159057617
    vertex 108.7208251953125 11.22500038146973 8.477922439575195
    vertex 108.7208251953125 21.97500038146973 8.477922439575195
  endloop
endfacet
facet normal -0.5628953576087952 5.390116493729279e-18 -0.8265281915664673
  outer loop
    vertex 108.7208251953125 11.22500038146973 8.477922439575195
    vertex 107.8831329345703 21.60000038146973 9.048420906066895
    vertex 108.7208251953125 21.97500038146973 8.477922439575195
  endloop
endfacet
facet normal 0.2579982280731201 -0.9362473487854004 -0.2384907156229019
  outer loop
    vertex 109.1281051635742 21.97500038146973 8.918516159057617
    vertex 108.7208251953125 21.97500038146973 8.477922439575195
    vertex 109.5940628051758 22.20000076293945 8.539299964904785
  endloop
endfacet
facet normal 0.5628951191902161 6.228947118029504e-18 -0.8265283107757568
  outer loop
    vertex 72.94583129882812 11.60000038146973 9.048420906066895
    vertex 72.10813903808594 11.22500038146973 8.477922439575195
    vertex 72.94583129882812 21.60000038146973 9.048420906066895
  endloop
endfacet
facet normal -0.2579980492591858 0.9362474679946899 -0.2384905368089676
  outer loop
    vertex 71.70085906982422 11.22500038146973 8.918516159057617
    vertex 72.10813903808594 11.22500038146973 8.477922439575195
    vertex 71.23490142822266 11.00000095367432 8.539299964904785
  endloop
endfacet
facet normal 0.7343230843544006 2.163864570974165e-18 -0.6788001656532288
  outer loop
    vertex 109.1281051635742 21.97500038146973 8.918516159057617
    vertex 109.1281051635742 11.22500038146973 8.918516159057617
    vertex 108.7208251953125 11.22500038146973 8.477922439575195
  endloop
endfacet
facet normal -0.5628953576087952 0 -0.8265281915664673
  outer loop
    vertex 108.7208251953125 11.22500038146973 8.477922439575195
    vertex 107.8831329345703 11.60000038146973 9.048420906066895
    vertex 107.8831329345703 21.60000038146973 9.048420906066895
  endloop
endfacet
facet normal 0.2579975128173828 0.936247706413269 -0.2384900450706482
  outer loop
    vertex 109.1281051635742 11.22500038146973 8.918516159057617
    vertex 109.5940628051758 11.00000095367432 8.539299964904785
    vertex 108.7208251953125 11.22500038146973 8.477922439575195
  endloop
endfacet
facet normal -0.77714604139328 1.864926204255186e-16 -0.6293203234672546
  outer loop
    vertex 71.23490142822266 23.20000076293945 8.539299964904785
    vertex 69.53482818603516 22.20000076293945 10.63871669769287
    vertex 69.53482818603516 23.20000076293945 10.63871669769287
  endloop
endfacet
facet normal -0.77714604139328 -1.864926204255186e-16 -0.6293203234672546
  outer loop
    vertex 71.23490142822266 23.20000076293945 8.539299964904785
    vertex 71.23490142822266 22.20000076293945 8.539299964904785
    vertex 69.53482818603516 22.20000076293945 10.63871669769287
  endloop
endfacet
facet normal 0.7771461009979248 0 -0.6293202042579651
  outer loop
    vertex 111.2941360473633 23.20000076293945 10.63871669769287
    vertex 109.5940628051758 22.20000076293945 8.539299964904785
    vertex 109.5940628051758 23.20000076293945 8.539299964904785
  endloop
endfacet
facet normal -0.287677675485611 -0.9289632439613342 -0.2329567223787308
  outer loop
    vertex 69.53482818603516 22.20000076293945 10.63871669769287
    vertex 71.23490142822266 22.20000076293945 8.539299964904785
    vertex 70.80481719970703 21.97500038146973 9.967647552490234
  endloop
endfacet
facet normal -0.2671700716018677 -0.9363036155700684 -0.2279380112886429
  outer loop
    vertex 70.80481719970703 21.97500038146973 9.967647552490234
    vertex 71.23490142822266 22.20000076293945 8.539299964904785
    vertex 71.81390380859375 21.9081859588623 9.059335708618164
  endloop
endfacet
facet normal -0.2612648904323578 -0.9363410472869873 -0.2345337718725204
  outer loop
    vertex 71.81390380859375 21.9081859588623 9.059335708618164
    vertex 71.23490142822266 22.20000076293945 8.539299964904785
    vertex 71.70085906982422 21.97500038146973 8.918516159057617
  endloop
endfacet
facet normal 0.7771461009979248 -1.864926468952982e-16 -0.6293202042579651
  outer loop
    vertex 111.2941360473633 23.20000076293945 10.63871669769287
    vertex 111.2941360473633 22.20000076293945 10.63871669769287
    vertex 109.5940628051758 22.20000076293945 8.539299964904785
  endloop
endfacet
facet normal 0.261249303817749 -0.9363409280776978 -0.2345515191555023
  outer loop
    vertex 109.0150680541992 21.9081859588623 9.059335708618164
    vertex 109.1281051635742 21.97500038146973 8.918516159057617
    vertex 109.5940628051758 22.20000076293945 8.539299964904785
  endloop
endfacet
facet normal 0.2842618823051453 -0.9307026863098145 -0.2301906198263168
  outer loop
    vertex 111.2941360473633 22.20000076293945 10.63871669769287
    vertex 110.3956069946289 21.97500038146973 10.4388370513916
    vertex 109.5940628051758 22.20000076293945 8.539299964904785
  endloop
endfacet
facet normal 0.2989621460437775 -0.9247027635574341 -0.2356829345226288
  outer loop
    vertex 110.3956069946289 21.97500038146973 10.4388370513916
    vertex 110.0241470336914 21.97500038146973 9.967647552490234
    vertex 109.5940628051758 22.20000076293945 8.539299964904785
  endloop
endfacet
facet normal 0.2671706974506378 -0.9363034963607788 -0.2279377430677414
  outer loop
    vertex 110.0241470336914 21.97500038146973 9.967647552490234
    vertex 109.0150680541992 21.9081859588623 9.059335708618164
    vertex 109.5940628051758 22.20000076293945 8.539299964904785
  endloop
endfacet
facet normal -0.77714604139328 -1.864923027881634e-16 -0.6293203234672546
  outer loop
    vertex 71.23490142822266 11.00000095367432 8.539299964904785
    vertex 71.23490142822266 10 8.539299964904785
    vertex 69.53482818603516 10 10.63871669769287
  endloop
endfacet
facet normal -0.77714604139328 0 -0.6293203234672546
  outer loop
    vertex 71.23490142822266 11.00000095367432 8.539299964904785
    vertex 69.53482818603516 10 10.63871669769287
    vertex 69.53482818603516 11.00000095367432 10.63871669769287
  endloop
endfacet
facet normal -0.2612495720386505 0.9363410472869873 -0.2345508188009262
  outer loop
    vertex 71.81390380859375 11.29181575775146 9.059335708618164
    vertex 71.70085906982422 11.22500038146973 8.918516159057617
    vertex 71.23490142822266 11.00000095367432 8.539299964904785
  endloop
endfacet
facet normal -0.2842617630958557 0.9307027459144592 -0.2301905751228333
  outer loop
    vertex 69.53482818603516 11.00000095367432 10.63871669769287
    vertex 70.43335723876953 11.22500038146973 10.4388370513916
    vertex 71.23490142822266 11.00000095367432 8.539299964904785
  endloop
endfacet
facet normal -0.2989622056484222 0.9247027039527893 -0.2356829941272736
  outer loop
    vertex 70.43335723876953 11.22500038146973 10.4388370513916
    vertex 70.80481719970703 11.22500038146973 9.967647552490234
    vertex 71.23490142822266 11.00000095367432 8.539299964904785
  endloop
endfacet
facet normal -0.2671703994274139 0.9363036155700684 -0.227937638759613
  outer loop
    vertex 70.80481719970703 11.22500038146973 9.967647552490234
    vertex 71.81390380859375 11.29181575775146 9.059335708618164
    vertex 71.23490142822266 11.00000095367432 8.539299964904785
  endloop
endfacet
facet normal 0.7771461009979248 -1.86492329257943e-16 -0.6293202042579651
  outer loop
    vertex 111.2941360473633 11.00000095367432 10.63871669769287
    vertex 109.5940628051758 10 8.539299964904785
    vertex 109.5940628051758 11.00000095367432 8.539299964904785
  endloop
endfacet
facet normal 0.2876761853694916 0.9289640188217163 -0.2329554557800293
  outer loop
    vertex 111.2941360473633 11.00000095367432 10.63871669769287
    vertex 109.5940628051758 11.00000095367432 8.539299964904785
    vertex 110.0241470336914 11.22500038146973 9.967647552490234
  endloop
endfacet
facet normal 0.2671710252761841 0.9363034963607788 -0.2279373705387115
  outer loop
    vertex 110.0241470336914 11.22500038146973 9.967647552490234
    vertex 109.5940628051758 11.00000095367432 8.539299964904785
    vertex 109.0150680541992 11.29181575775146 9.059335708618164
  endloop
endfacet
facet normal 0.2612339854240417 0.9363409280776978 -0.2345685660839081
  outer loop
    vertex 109.0150680541992 11.29181575775146 9.059335708618164
    vertex 109.5940628051758 11.00000095367432 8.539299964904785
    vertex 109.1281051635742 11.22500038146973 8.918516159057617
  endloop
endfacet
facet normal 0.7771461009979248 0 -0.6293202042579651
  outer loop
    vertex 111.2941360473633 11.00000095367432 10.63871669769287
    vertex 111.2941360473633 10 10.63871669769287
    vertex 109.5940628051758 10 8.539299964904785
  endloop
endfacet
facet normal -0.7798191905021667 8.161495966018165e-16 0.6260048151016235
  outer loop
    vertex 71.70085906982422 21.97500038146973 8.918516159057617
    vertex 71.70085906982422 11.22500038146973 8.918516159057617
    vertex 71.81390380859375 11.29181575775146 9.059335708618164
  endloop
endfacet
facet normal -0.7798152565956116 1.066662491666648e-07 0.6260097026824951
  outer loop
    vertex 71.70085906982422 21.97500038146973 8.918516159057617
    vertex 71.81390380859375 11.29181575775146 9.059335708618164
    vertex 72.33531951904297 11.60000038146973 9.708866119384766
  endloop
endfacet
facet normal -0.7798193097114563 -5.289007276587654e-07 0.6260046362876892
  outer loop
    vertex 71.70085906982422 21.97500038146973 8.918516159057617
    vertex 72.33531951904297 11.60000038146973 9.708866119384766
    vertex 71.81390380859375 21.9081859588623 9.059335708618164
  endloop
endfacet
facet normal 0.7798269391059875 -1.405956405614543e-18 0.6259951591491699
  outer loop
    vertex 109.1281051635742 21.97500038146973 8.918516159057617
    vertex 109.0150680541992 11.29181575775146 9.059335708618164
    vertex 109.1281051635742 11.22500038146973 8.918516159057617
  endloop
endfacet
facet normal 0.7798141837120056 3.442040394929791e-07 0.626011073589325
  outer loop
    vertex 109.1281051635742 21.97500038146973 8.918516159057617
    vertex 108.4936447143555 11.60000038146973 9.708866119384766
    vertex 109.0150680541992 11.29181575775146 9.059335708618164
  endloop
endfacet
facet normal 0.779827356338501 -1.706743091745011e-06 0.6259946823120117
  outer loop
    vertex 109.1281051635742 21.97500038146973 8.918516159057617
    vertex 109.0150680541992 21.9081859588623 9.059335708618164
    vertex 108.4936447143555 11.60000038146973 9.708866119384766
  endloop
endfacet
facet normal -0.7798152565956116 8.797547829187996e-16 0.6260097622871399
  outer loop
    vertex 71.81390380859375 21.9081859588623 9.059335708618164
    vertex 72.33531951904297 11.60000038146973 9.708866119384766
    vertex 72.33531951904297 21.60000038146973 9.708866119384766
  endloop
endfacet
facet normal -0.2679963707923889 -0.9358349442481995 -0.2288905084133148
  outer loop
    vertex 71.68468475341797 21.60000038146973 10.47066211700439
    vertex 71.81390380859375 21.9081859588623 9.059335708618164
    vertex 72.33531951904297 21.60000038146973 9.708866119384766
  endloop
endfacet
facet normal -0.2679964005947113 -0.9358349442481995 -0.2288905084133148
  outer loop
    vertex 71.68468475341797 21.60000038146973 10.47066211700439
    vertex 70.80481719970703 21.97500038146973 9.967647552490234
    vertex 71.81390380859375 21.9081859588623 9.059335708618164
  endloop
endfacet
facet normal 0.7798141241073608 -1.759507024738757e-15 0.6260111331939697
  outer loop
    vertex 109.0150680541992 21.9081859588623 9.059335708618164
    vertex 108.4936447143555 21.60000038146973 9.708866119384766
    vertex 108.4936447143555 11.60000038146973 9.708866119384766
  endloop
endfacet
facet normal 0.2679969072341919 -0.9358348846435547 -0.2288900911808014
  outer loop
    vertex 109.1442794799805 21.60000038146973 10.47066211700439
    vertex 109.0150680541992 21.9081859588623 9.059335708618164
    vertex 110.0241470336914 21.97500038146973 9.967647552490234
  endloop
endfacet
facet normal 0.2679960429668427 -0.9358351826667786 -0.2288900762796402
  outer loop
    vertex 109.1442794799805 21.60000038146973 10.47066211700439
    vertex 108.4936447143555 21.60000038146973 9.708866119384766
    vertex 109.0150680541992 21.9081859588623 9.059335708618164
  endloop
endfacet
facet normal -0.2679968178272247 0.9358348846435547 -0.2288902252912521
  outer loop
    vertex 71.68468475341797 11.60000038146973 10.47066211700439
    vertex 71.81390380859375 11.29181575775146 9.059335708618164
    vertex 70.80481719970703 11.22500038146973 9.967647552490234
  endloop
endfacet
facet normal -0.2679959833621979 0.9358351230621338 -0.2288901954889297
  outer loop
    vertex 71.68468475341797 11.60000038146973 10.47066211700439
    vertex 72.33531951904297 11.60000038146973 9.708866119384766
    vertex 71.81390380859375 11.29181575775146 9.059335708618164
  endloop
endfacet
facet normal 0.267995685338974 0.9358353614807129 -0.2288897633552551
  outer loop
    vertex 109.1442794799805 11.60000038146973 10.47066211700439
    vertex 109.0150680541992 11.29181575775146 9.059335708618164
    vertex 108.4936447143555 11.60000038146973 9.708866119384766
  endloop
endfacet
facet normal 0.2679973244667053 0.9358348846435547 -0.2288898080587387
  outer loop
    vertex 109.1442794799805 11.60000038146973 10.47066211700439
    vertex 110.0241470336914 11.22500038146973 9.967647552490234
    vertex 109.0150680541992 11.29181575775146 9.059335708618164
  endloop
endfacet
facet normal -0.760405957698822 8.523140388617533e-16 -0.649448037147522
  outer loop
    vertex 72.33531951904297 21.60000038146973 9.708866119384766
    vertex 72.33531951904297 11.60000038146973 9.708866119384766
    vertex 71.68468475341797 11.60000038146973 10.47066211700439
  endloop
endfacet
facet normal -0.760405957698822 -6.929382567633787e-18 -0.649448037147522
  outer loop
    vertex 72.33531951904297 21.60000038146973 9.708866119384766
    vertex 71.68468475341797 11.60000038146973 10.47066211700439
    vertex 71.68468475341797 21.60000038146973 10.47066211700439
  endloop
endfacet
facet normal 0.7604061961174011 -1.711558077781468e-15 -0.6494477987289429
  outer loop
    vertex 109.1442794799805 21.60000038146973 10.47066211700439
    vertex 108.4936447143555 11.60000038146973 9.708866119384766
    vertex 108.4936447143555 21.60000038146973 9.708866119384766
  endloop
endfacet
facet normal 0.7604061961174011 -1.718487442564718e-15 -0.6494477987289429
  outer loop
    vertex 109.1442794799805 21.60000038146973 10.47066211700439
    vertex 109.1442794799805 11.60000038146973 10.47066211700439
    vertex 108.4936447143555 11.60000038146973 9.708866119384766
  endloop
endfacet
facet normal -0.7853167057037354 -4.046719757842121e-18 -0.6190942525863647
  outer loop
    vertex 70.80481719970703 21.97500038146973 9.967647552490234
    vertex 70.80481719970703 11.22500038146973 9.967647552490234
    vertex 70.43335723876953 11.22500038146973 10.4388370513916
  endloop
endfacet
facet normal -0.7853167057037354 8.275541540827668e-16 -0.6190942525863647
  outer loop
    vertex 70.80481719970703 21.97500038146973 9.967647552490234
    vertex 70.43335723876953 11.22500038146973 10.4388370513916
    vertex 70.43335723876953 21.97500038146973 10.4388370513916
  endloop
endfacet
facet normal 0.496310293674469 0 -0.868145227432251
  outer loop
    vertex 71.68468475341797 11.60000038146973 10.47066211700439
    vertex 70.80481719970703 21.97500038146973 9.967647552490234
    vertex 71.68468475341797 21.60000038146973 10.47066211700439
  endloop
endfacet
facet normal 0.496310293674469 1.026343039307013e-17 -0.868145227432251
  outer loop
    vertex 71.68468475341797 11.60000038146973 10.47066211700439
    vertex 70.80481719970703 11.22500038146973 9.967647552490234
    vertex 70.80481719970703 21.97500038146973 9.967647552490234
  endloop
endfacet
facet normal -0.283224880695343 -0.9327009916305542 -0.223276674747467
  outer loop
    vertex 69.53482818603516 22.20000076293945 10.63871669769287
    vertex 70.80481719970703 21.97500038146973 9.967647552490234
    vertex 70.43335723876953 21.97500038146973 10.4388370513916
  endloop
endfacet
facet normal 0.7853167057037354 4.046719757842121e-18 -0.6190942525863647
  outer loop
    vertex 110.3956069946289 21.97500038146973 10.4388370513916
    vertex 110.0241470336914 11.22500038146973 9.967647552490234
    vertex 110.0241470336914 21.97500038146973 9.967647552490234
  endloop
endfacet
facet normal -0.49631068110466 0 -0.8681449890136719
  outer loop
    vertex 110.0241470336914 11.22500038146973 9.967647552490234
    vertex 109.1442794799805 11.60000038146973 10.47066211700439
    vertex 110.0241470336914 21.97500038146973 9.967647552490234
  endloop
endfacet
facet normal -0.49631068110466 1.120836029816898e-15 -0.8681449890136719
  outer loop
    vertex 110.0241470336914 21.97500038146973 9.967647552490234
    vertex 109.1442794799805 11.60000038146973 10.47066211700439
    vertex 109.1442794799805 21.60000038146973 10.47066211700439
  endloop
endfacet
facet normal 0.7853167057037354 -2.023359878921061e-18 -0.6190942525863647
  outer loop
    vertex 110.3956069946289 21.97500038146973 10.4388370513916
    vertex 110.3956069946289 11.22500038146973 10.4388370513916
    vertex 110.0241470336914 11.22500038146973 9.967647552490234
  endloop
endfacet
facet normal 0.2832234501838684 0.9327017068862915 -0.2232755571603775
  outer loop
    vertex 111.2941360473633 11.00000095367432 10.63871669769287
    vertex 110.0241470336914 11.22500038146973 9.967647552490234
    vertex 110.3956069946289 11.22500038146973 10.4388370513916
  endloop
endfacet
facet normal -0.7282963395118713 7.707566774419849e-16 0.6852623224258423
  outer loop
    vertex 70.43335723876953 21.97500038146973 10.4388370513916
    vertex 70.43335723876953 11.22500038146973 10.4388370513916
    vertex 71.12787628173828 21.60000038146973 11.17697143554688
  endloop
endfacet
facet normal -0.28249791264534 -0.93605637550354 -0.2097460180521011
  outer loop
    vertex 70.82925415039062 21.60000038146973 11.57917404174805
    vertex 70.43335723876953 21.97500038146973 10.4388370513916
    vertex 71.12787628173828 21.60000038146973 11.17697143554688
  endloop
endfacet
facet normal -0.2812373042106628 -0.9363183975219727 -0.2102698236703873
  outer loop
    vertex 70.82925415039062 21.60000038146973 11.57917404174805
    vertex 69.53482818603516 22.20000076293945 10.63871669769287
    vertex 70.43335723876953 21.97500038146973 10.4388370513916
  endloop
endfacet
facet normal 0.7282982468605042 6.117132151547036e-18 0.6852602958679199
  outer loop
    vertex 110.3956069946289 21.97500038146973 10.4388370513916
    vertex 109.7010879516602 21.60000038146973 11.17697143554688
    vertex 110.3956069946289 11.22500038146973 10.4388370513916
  endloop
endfacet
facet normal 0.281332790851593 -0.9361499547958374 -0.2108912914991379
  outer loop
    vertex 109.7010879516602 21.60000038146973 11.17697143554688
    vertex 110.3956069946289 21.97500038146973 10.4388370513916
    vertex 111.2941360473633 22.20000076293945 10.63871669769287
  endloop
endfacet
facet normal -0.7282963395118713 7.069092132323075e-18 0.6852623224258423
  outer loop
    vertex 71.12787628173828 21.60000038146973 11.17697143554688
    vertex 70.43335723876953 11.22500038146973 10.4388370513916
    vertex 71.12787628173828 11.60000038146973 11.17697143554688
  endloop
endfacet
facet normal -0.2813325226306915 0.9361501932144165 -0.2108905017375946
  outer loop
    vertex 71.12787628173828 11.60000038146973 11.17697143554688
    vertex 70.43335723876953 11.22500038146973 10.4388370513916
    vertex 69.53482818603516 11.00000095367432 10.63871669769287
  endloop
endfacet
facet normal 0.7282982468605042 -1.647102788022796e-15 0.6852602958679199
  outer loop
    vertex 109.7010879516602 21.60000038146973 11.17697143554688
    vertex 109.7010879516602 11.60000038146973 11.17697143554688
    vertex 110.3956069946289 11.22500038146973 10.4388370513916
  endloop
endfacet
facet normal 0.2824991941452026 0.9360558986663818 -0.209746316075325
  outer loop
    vertex 109.9997100830078 11.60000038146973 11.57917404174805
    vertex 110.3956069946289 11.22500038146973 10.4388370513916
    vertex 109.7010879516602 11.60000038146973 11.17697143554688
  endloop
endfacet
facet normal 0.2812362611293793 0.9363184571266174 -0.2102711051702499
  outer loop
    vertex 109.9997100830078 11.60000038146973 11.57917404174805
    vertex 111.2941360473633 11.00000095367432 10.63871669769287
    vertex 110.3956069946289 11.22500038146973 10.4388370513916
  endloop
endfacet
facet normal -0.8386704325675964 0 -0.5446392893791199
  outer loop
    vertex 69.53482818603516 23.20000076293945 10.63871669769287
    vertex 68.06351470947266 22.20000076293945 12.90433788299561
    vertex 68.06351470947266 23.20000076293945 12.90433788299561
  endloop
endfacet
facet normal -0.8386704325675964 0 -0.5446392893791199
  outer loop
    vertex 69.53482818603516 23.20000076293945 10.63871669769287
    vertex 69.53482818603516 22.20000076293945 10.63871669769287
    vertex 68.06351470947266 22.20000076293945 12.90433788299561
  endloop
endfacet
facet normal 0.8386702537536621 0 -0.544639527797699
  outer loop
    vertex 112.7654495239258 23.20000076293945 12.90433788299561
    vertex 111.2941360473633 22.20000076293945 10.63871669769287
    vertex 111.2941360473633 23.20000076293945 10.63871669769287
  endloop
endfacet
facet normal -0.2861979305744171 -0.9363230466842651 -0.203445091843605
  outer loop
    vertex 70.53901672363281 21.60000038146973 11.98746776580811
    vertex 69.53482818603516 22.20000076293945 10.63871669769287
    vertex 70.82925415039062 21.60000038146973 11.57917404174805
  endloop
endfacet
facet normal -0.287505030632019 -0.9361501336097717 -0.2023950070142746
  outer loop
    vertex 70.53901672363281 21.60000038146973 11.98746776580811
    vertex 69.62239074707031 21.97500038146973 11.5550365447998
    vertex 69.53482818603516 22.20000076293945 10.63871669769287
  endloop
endfacet
facet normal -0.3067665696144104 -0.9307024478912354 -0.1992166638374329
  outer loop
    vertex 68.06351470947266 22.20000076293945 12.90433788299561
    vertex 69.53482818603516 22.20000076293945 10.63871669769287
    vertex 69.62239074707031 21.97500038146973 11.5550365447998
  endloop
endfacet
facet normal 0.8386702537536621 1.728116354290428e-16 -0.544639527797699
  outer loop
    vertex 112.7654495239258 23.20000076293945 12.90433788299561
    vertex 112.7654495239258 22.20000076293945 12.90433788299561
    vertex 111.2941360473633 22.20000076293945 10.63871669769287
  endloop
endfacet
facet normal 0.2819280922412872 -0.9363229870796204 -0.2093222737312317
  outer loop
    vertex 109.9997100830078 21.60000038146973 11.57917404174805
    vertex 109.7010879516602 21.60000038146973 11.17697143554688
    vertex 111.2941360473633 22.20000076293945 10.63871669769287
  endloop
endfacet
facet normal 0.2868862748146057 -0.9363183379173279 -0.2024949789047241
  outer loop
    vertex 109.9997100830078 21.60000038146973 11.57917404174805
    vertex 111.2941360473633 22.20000076293945 10.63871669769287
    vertex 111.2065734863281 21.97500038146973 11.5550365447998
  endloop
endfacet
facet normal 0.2998684346675873 -0.932701587677002 -0.2003662884235382
  outer loop
    vertex 111.5399169921875 21.97500038146973 12.05391883850098
    vertex 111.2065734863281 21.97500038146973 11.5550365447998
    vertex 111.2941360473633 22.20000076293945 10.63871669769287
  endloop
endfacet
facet normal 0.3104517161846161 -0.9289634823799133 -0.2016099691390991
  outer loop
    vertex 112.7654495239258 22.20000076293945 12.90433788299561
    vertex 111.5399169921875 21.97500038146973 12.05391883850098
    vertex 111.2941360473633 22.20000076293945 10.63871669769287
  endloop
endfacet
facet normal -0.8386704325675964 -3.456227414624935e-16 -0.5446392893791199
  outer loop
    vertex 69.53482818603516 11.00000095367432 10.63871669769287
    vertex 69.53482818603516 10 10.63871669769287
    vertex 68.06351470947266 10 12.90433788299561
  endloop
endfacet
facet normal -0.8386704325675964 -1.728113707312467e-16 -0.5446392893791199
  outer loop
    vertex 69.53482818603516 11.00000095367432 10.63871669769287
    vertex 68.06351470947266 10 12.90433788299561
    vertex 68.06351470947266 11.00000095367432 12.90433788299561
  endloop
endfacet
facet normal -0.2819274663925171 0.9363231062889099 -0.2093224823474884
  outer loop
    vertex 70.82925415039062 11.60000038146973 11.57917404174805
    vertex 71.12787628173828 11.60000038146973 11.17697143554688
    vertex 69.53482818603516 11.00000095367432 10.63871669769287
  endloop
endfacet
facet normal -0.2868859171867371 0.9363185167312622 -0.2024947702884674
  outer loop
    vertex 70.82925415039062 11.60000038146973 11.57917404174805
    vertex 69.53482818603516 11.00000095367432 10.63871669769287
    vertex 69.62239074707031 11.22500038146973 11.5550365447998
  endloop
endfacet
facet normal -0.2998688220977783 0.9327015280723572 -0.2003659754991531
  outer loop
    vertex 69.28904724121094 11.22500038146973 12.05391883850098
    vertex 69.62239074707031 11.22500038146973 11.5550365447998
    vertex 69.53482818603516 11.00000095367432 10.63871669769287
  endloop
endfacet
facet normal -0.3104512989521027 0.9289637207984924 -0.2016095668077469
  outer loop
    vertex 68.06351470947266 11.00000095367432 12.90433788299561
    vertex 69.28904724121094 11.22500038146973 12.05391883850098
    vertex 69.53482818603516 11.00000095367432 10.63871669769287
  endloop
endfacet
facet normal 0.8386702537536621 3.456226885229343e-16 -0.544639527797699
  outer loop
    vertex 112.7654495239258 11.00000095367432 12.90433788299561
    vertex 111.2941360473633 10 10.63871669769287
    vertex 111.2941360473633 11.00000095367432 10.63871669769287
  endloop
endfacet
facet normal 0.2861978709697723 0.9363231062889099 -0.2034450322389603
  outer loop
    vertex 110.2899475097656 11.60000038146973 11.98746776580811
    vertex 111.2941360473633 11.00000095367432 10.63871669769287
    vertex 109.9997100830078 11.60000038146973 11.57917404174805
  endloop
endfacet
facet normal 0.2875066101551056 0.9361499547958374 -0.2023936212062836
  outer loop
    vertex 110.2899475097656 11.60000038146973 11.98746776580811
    vertex 111.2065734863281 11.22500038146973 11.5550365447998
    vertex 111.2941360473633 11.00000095367432 10.63871669769287
  endloop
endfacet
facet normal 0.3067649900913239 0.9307031035423279 -0.1992157846689224
  outer loop
    vertex 112.7654495239258 11.00000095367432 12.90433788299561
    vertex 111.2941360473633 11.00000095367432 10.63871669769287
    vertex 111.2065734863281 11.22500038146973 11.5550365447998
  endloop
endfacet
facet normal 0.8386702537536621 3.456226885229343e-16 -0.544639527797699
  outer loop
    vertex 112.7654495239258 11.00000095367432 12.90433788299561
    vertex 112.7654495239258 10 12.90433788299561
    vertex 111.2941360473633 10 10.63871669769287
  endloop
endfacet
facet normal -0.8118366599082947 0 -0.583884596824646
  outer loop
    vertex 71.12787628173828 21.60000038146973 11.17697143554688
    vertex 71.12787628173828 11.60000038146973 11.17697143554688
    vertex 70.54344940185547 11.60000038146973 11.9895601272583
  endloop
endfacet
facet normal -0.8090167045593262 -0.0004817899025510997 -0.5877854824066162
  outer loop
    vertex 71.12787628173828 21.60000038146973 11.17697143554688
    vertex 70.54344940185547 11.60000038146973 11.9895601272583
    vertex 70.53901672363281 21.60000038146973 11.98746776580811
  endloop
endfacet
facet normal 0.8118377923965454 -1.827092207116652e-15 -0.5838830471038818
  outer loop
    vertex 110.285514831543 21.60000038146973 11.9895601272583
    vertex 109.7010879516602 11.60000038146973 11.17697143554688
    vertex 109.7010879516602 21.60000038146973 11.17697143554688
  endloop
endfacet
facet normal 0.8090171217918396 0.000481905706692487 -0.5877848863601685
  outer loop
    vertex 110.285514831543 21.60000038146973 11.9895601272583
    vertex 110.2899475097656 11.60000038146973 11.98746776580811
    vertex 109.7010879516602 11.60000038146973 11.17697143554688
  endloop
endfacet
facet normal -0.8314695358276367 8.752561379963728e-16 -0.5555703043937683
  outer loop
    vertex 69.62239074707031 21.97500038146973 11.5550365447998
    vertex 69.62239074707031 11.22500038146973 11.5550365447998
    vertex 69.28904724121094 11.22500038146973 12.05391883850098
  endloop
endfacet
facet normal -0.8314695358276367 8.733450728486895e-16 -0.5555703043937683
  outer loop
    vertex 69.62239074707031 21.97500038146973 11.5550365447998
    vertex 69.28904724121094 11.22500038146973 12.05391883850098
    vertex 69.28904724121094 21.97500038146973 12.05391883850098
  endloop
endfacet
facet normal 0.4266680181026459 -4.531885142255011e-16 -0.90440833568573
  outer loop
    vertex 70.53901672363281 21.60000038146973 11.98746776580811
    vertex 69.62239074707031 11.22500038146973 11.5550365447998
    vertex 69.62239074707031 21.97500038146973 11.5550365447998
  endloop
endfacet
facet normal -0.316533088684082 -0.9247022271156311 -0.2115006893873215
  outer loop
    vertex 68.06351470947266 22.20000076293945 12.90433788299561
    vertex 69.62239074707031 21.97500038146973 11.5550365447998
    vertex 69.28904724121094 21.97500038146973 12.05391883850098
  endloop
endfacet
facet normal 0.8314688205718994 1.911037850723097e-18 -0.5555713772773743
  outer loop
    vertex 111.5399169921875 21.97500038146973 12.05391883850098
    vertex 111.2065734863281 11.22500038146973 11.5550365447998
    vertex 111.2065734863281 21.97500038146973 11.5550365447998
  endloop
endfacet
facet normal -0.4266684353351593 4.878646732749978e-18 -0.9044080972671509
  outer loop
    vertex 111.2065734863281 11.22500038146973 11.5550365447998
    vertex 110.285514831543 21.60000038146973 11.9895601272583
    vertex 111.2065734863281 21.97500038146973 11.5550365447998
  endloop
endfacet
facet normal 0.287089079618454 -0.936806321144104 -0.1999344825744629
  outer loop
    vertex 110.285514831543 21.60000038146973 11.9895601272583
    vertex 109.9997100830078 21.60000038146973 11.57917404174805
    vertex 111.2065734863281 21.97500038146973 11.5550365447998
  endloop
endfacet
facet normal 0.4266680777072906 -4.94916196913664e-09 -0.9044082760810852
  outer loop
    vertex 70.54344940185547 11.60000038146973 11.9895601272583
    vertex 69.62239074707031 11.22500038146973 11.5550365447998
    vertex 70.53901672363281 21.60000038146973 11.98746776580811
  endloop
endfacet
facet normal -0.2870886921882629 0.9368062615394592 -0.1999351978302002
  outer loop
    vertex 70.54344940185547 11.60000038146973 11.9895601272583
    vertex 70.82925415039062 11.60000038146973 11.57917404174805
    vertex 69.62239074707031 11.22500038146973 11.5550365447998
  endloop
endfacet
facet normal 0.8314688205718994 0 -0.5555713772773743
  outer loop
    vertex 111.5399169921875 21.97500038146973 12.05391883850098
    vertex 111.5399169921875 11.22500038146973 12.05391883850098
    vertex 111.2065734863281 11.22500038146973 11.5550365447998
  endloop
endfacet
facet normal -0.4266689717769623 -5.656393753383782e-08 -0.9044078588485718
  outer loop
    vertex 111.2065734863281 11.22500038146973 11.5550365447998
    vertex 110.2899475097656 11.60000038146973 11.98746776580811
    vertex 110.285514831543 21.60000038146973 11.9895601272583
  endloop
endfacet
facet normal 0.3165322542190552 0.924702525138855 -0.2115007489919662
  outer loop
    vertex 112.7654495239258 11.00000095367432 12.90433788299561
    vertex 111.2065734863281 11.22500038146973 11.5550365447998
    vertex 111.5399169921875 11.22500038146973 12.05391883850098
  endloop
endfacet
facet normal -0.6722856163978577 7.101237826764764e-16 0.7402918934822083
  outer loop
    vertex 70.03934478759766 11.60000038146973 12.73528575897217
    vertex 69.28904724121094 21.97500038146973 12.05391883850098
    vertex 69.28904724121094 11.22500038146973 12.05391883850098
  endloop
endfacet
facet normal -0.6722856163978577 -6.954548296999794e-18 0.7402918934822083
  outer loop
    vertex 70.03934478759766 21.60000038146973 12.73528575897217
    vertex 69.28904724121094 21.97500038146973 12.05391883850098
    vertex 70.03934478759766 11.60000038146973 12.73528575897217
  endloop
endfacet
facet normal -0.2993416786193848 -0.9363037943840027 -0.1836567670106888
  outer loop
    vertex 68.73702239990234 21.9081859588623 13.29430103302002
    vertex 68.06351470947266 22.20000076293945 12.90433788299561
    vertex 69.28904724121094 21.97500038146973 12.05391883850098
  endloop
endfacet
facet normal -0.3005033433437347 -0.9358349442481995 -0.1841485053300858
  outer loop
    vertex 68.73702239990234 21.9081859588623 13.29430103302002
    vertex 69.28904724121094 21.97500038146973 12.05391883850098
    vertex 70.03934478759766 21.60000038146973 12.73528575897217
  endloop
endfacet
facet normal 0.6722865700721741 0 0.7402909994125366
  outer loop
    vertex 111.5399169921875 21.97500038146973 12.05391883850098
    vertex 110.7896270751953 21.60000038146973 12.73528575897217
    vertex 111.5399169921875 11.22500038146973 12.05391883850098
  endloop
endfacet
facet normal 0.3005035221576691 -0.9358348250389099 -0.1841490417718887
  outer loop
    vertex 112.0919494628906 21.9081859588623 13.29430103302002
    vertex 110.7896270751953 21.60000038146973 12.73528575897217
    vertex 111.5399169921875 21.97500038146973 12.05391883850098
  endloop
endfacet
facet normal 0.29934161901474 -0.9363036751747131 -0.1836571991443634
  outer loop
    vertex 112.0919494628906 21.9081859588623 13.29430103302002
    vertex 111.5399169921875 21.97500038146973 12.05391883850098
    vertex 112.7654495239258 22.20000076293945 12.90433788299561
  endloop
endfacet
facet normal -0.3005031943321228 0.9358349442481995 -0.1841489672660828
  outer loop
    vertex 68.73702239990234 11.29181575775146 13.29430103302002
    vertex 70.03934478759766 11.60000038146973 12.73528575897217
    vertex 69.28904724121094 11.22500038146973 12.05391883850098
  endloop
endfacet
facet normal -0.2993414402008057 0.9363037347793579 -0.1836571991443634
  outer loop
    vertex 68.73702239990234 11.29181575775146 13.29430103302002
    vertex 69.28904724121094 11.22500038146973 12.05391883850098
    vertex 68.06351470947266 11.00000095367432 12.90433788299561
  endloop
endfacet
facet normal 0.6722865700721741 -1.516097601906013e-15 0.7402909994125366
  outer loop
    vertex 111.5399169921875 11.22500038146973 12.05391883850098
    vertex 110.7896270751953 21.60000038146973 12.73528575897217
    vertex 110.7896270751953 11.60000038146973 12.73528575897217
  endloop
endfacet
facet normal 0.2993413805961609 0.9363036751747131 -0.1836576163768768
  outer loop
    vertex 112.0919494628906 11.29181575775146 13.29430103302002
    vertex 112.7654495239258 11.00000095367432 12.90433788299561
    vertex 111.5399169921875 11.22500038146973 12.05391883850098
  endloop
endfacet
facet normal 0.3005033731460571 0.9358347654342651 -0.1841495037078857
  outer loop
    vertex 112.0919494628906 11.29181575775146 13.29430103302002
    vertex 111.5399169921875 11.22500038146973 12.05391883850098
    vertex 110.7896270751953 11.60000038146973 12.73528575897217
  endloop
endfacet
facet normal -0.3005033731460571 -0.9358349442481995 -0.1841486096382141
  outer loop
    vertex 69.51588439941406 21.60000038146973 13.58948421478271
    vertex 68.73702239990234 21.9081859588623 13.29430103302002
    vertex 70.03934478759766 21.60000038146973 12.73528575897217
  endloop
endfacet
facet normal 0.30050328373909 -0.9358350038528442 -0.1841484010219574
  outer loop
    vertex 111.3130798339844 21.60000038146973 13.58948421478271
    vertex 110.7896270751953 21.60000038146973 12.73528575897217
    vertex 112.0919494628906 21.9081859588623 13.29430103302002
  endloop
endfacet
facet normal -0.3005029559135437 0.9358351230621338 -0.184148371219635
  outer loop
    vertex 69.51588439941406 11.60000038146973 13.58948421478271
    vertex 70.03934478759766 11.60000038146973 12.73528575897217
    vertex 68.73702239990234 11.29181575775146 13.29430103302002
  endloop
endfacet
facet normal 0.3005028963088989 0.9358351826667786 -0.1841481477022171
  outer loop
    vertex 111.3130798339844 11.60000038146973 13.58948421478271
    vertex 112.0919494628906 11.29181575775146 13.29430103302002
    vertex 110.7896270751953 11.60000038146973 12.73528575897217
  endloop
endfacet
facet normal -0.8526402711868286 -6.179803490657116e-18 -0.5224983692169189
  outer loop
    vertex 70.03934478759766 21.60000038146973 12.73528575897217
    vertex 70.03934478759766 11.60000038146973 12.73528575897217
    vertex 69.51588439941406 11.60000038146973 13.58948421478271
  endloop
endfacet
facet normal -0.8526402711868286 9.640493842471795e-16 -0.5224983692169189
  outer loop
    vertex 70.03934478759766 21.60000038146973 12.73528575897217
    vertex 69.51588439941406 11.60000038146973 13.58948421478271
    vertex 69.51588439941406 21.60000038146973 13.58948421478271
  endloop
endfacet
facet normal 0.8526405096054077 -1.921919451385902e-15 -0.5224980115890503
  outer loop
    vertex 111.3130798339844 21.60000038146973 13.58948421478271
    vertex 110.7896270751953 11.60000038146973 12.73528575897217
    vertex 110.7896270751953 21.60000038146973 12.73528575897217
  endloop
endfacet
facet normal 0.8526405096054077 -1.921919451385902e-15 -0.5224980115890503
  outer loop
    vertex 111.3130798339844 21.60000038146973 13.58948421478271
    vertex 111.3130798339844 11.60000038146973 13.58948421478271
    vertex 110.7896270751953 11.60000038146973 12.73528575897217
  endloop
endfacet
facet normal -0.8910065889358521 2.439917315142027e-16 -0.4539903402328491
  outer loop
    vertex 68.06351470947266 23.20000076293945 12.90433788299561
    vertex 66.83708190917969 22.20000076293945 15.31134128570557
    vertex 66.83708190917969 23.20000076293945 15.31134128570557
  endloop
endfacet
facet normal -0.8910065889358521 -1.626611499311718e-16 -0.4539903402328491
  outer loop
    vertex 68.06351470947266 23.20000076293945 12.90433788299561
    vertex 68.06351470947266 22.20000076293945 12.90433788299561
    vertex 66.83708190917969 22.20000076293945 15.31134128570557
  endloop
endfacet
facet normal 0.8910065889358521 0 -0.4539903402328491
  outer loop
    vertex 113.9918823242188 23.20000076293945 15.31134128570557
    vertex 112.7654495239258 22.20000076293945 12.90433788299561
    vertex 112.7654495239258 23.20000076293945 12.90433788299561
  endloop
endfacet
facet normal -0.303788959980011 -0.9363412261009216 -0.1760039180517197
  outer loop
    vertex 68.73702239990234 21.9081859588623 13.29430103302002
    vertex 68.56816101074219 21.97500038146973 13.23030471801758
    vertex 68.06351470947266 22.20000076293945 12.90433788299561
  endloop
endfacet
facet normal -0.3065443336963654 -0.9362472295761108 -0.1716732829809189
  outer loop
    vertex 68.27498626708984 21.97500038146973 13.75380229949951
    vertex 68.06351470947266 22.20000076293945 12.90433788299561
    vertex 68.56816101074219 21.97500038146973 13.23030471801758
  endloop
endfacet
facet normal -0.3251375555992126 -0.9310426115989685 -0.1656660139560699
  outer loop
    vertex 67.64861297607422 21.97500038146973 14.98312187194824
    vertex 68.06351470947266 22.20000076293945 12.90433788299561
    vertex 68.27498626708984 21.97500038146973 13.75380229949951
  endloop
endfacet
facet normal -0.3251381814479828 -0.9310423731803894 -0.1656661033630371
  outer loop
    vertex 66.83708190917969 22.20000076293945 15.31134128570557
    vertex 68.06351470947266 22.20000076293945 12.90433788299561
    vertex 67.64861297607422 21.97500038146973 14.98312187194824
  endloop
endfacet
facet normal 0.8910065889358521 8.133057496558592e-17 -0.4539903402328491
  outer loop
    vertex 113.9918823242188 23.20000076293945 15.31134128570557
    vertex 113.9918823242188 22.20000076293945 15.31134128570557
    vertex 112.7654495239258 22.20000076293945 12.90433788299561
  endloop
endfacet
facet normal 0.3251378238201141 -0.9310425519943237 -0.1656659245491028
  outer loop
    vertex 113.9918823242188 22.20000076293945 15.31134128570557
    vertex 112.5539779663086 21.97500038146973 13.75380229949951
    vertex 112.7654495239258 22.20000076293945 12.90433788299561
  endloop
endfacet
facet normal 0.306543231010437 -0.9362475275993347 -0.1716736406087875
  outer loop
    vertex 112.5539779663086 21.97500038146973 13.75380229949951
    vertex 112.2608032226562 21.97500038146973 13.23030471801758
    vertex 112.7654495239258 22.20000076293945 12.90433788299561
  endloop
endfacet
facet normal 0.3037997186183929 -0.9363411664962769 -0.1759856790304184
  outer loop
    vertex 112.0919494628906 21.9081859588623 13.29430103302002
    vertex 112.7654495239258 22.20000076293945 12.90433788299561
    vertex 112.2608032226562 21.97500038146973 13.23030471801758
  endloop
endfacet
facet normal -0.8910065889358521 -8.133043599924301e-17 -0.4539903402328491
  outer loop
    vertex 68.06351470947266 11.00000095367432 12.90433788299561
    vertex 68.06351470947266 10 12.90433788299561
    vertex 66.83708190917969 10 15.31134128570557
  endloop
endfacet
facet normal -0.8910065889358521 2.43991307997729e-16 -0.4539903402328491
  outer loop
    vertex 68.06351470947266 11.00000095367432 12.90433788299561
    vertex 66.83708190917969 10 15.31134128570557
    vertex 66.83708190917969 11.00000095367432 15.31134128570557
  endloop
endfacet
facet normal -0.3251372873783112 0.9310427904129028 -0.1656656563282013
  outer loop
    vertex 66.83708190917969 11.00000095367432 15.31134128570557
    vertex 67.64861297607422 11.22500038146973 14.98312187194824
    vertex 68.06351470947266 11.00000095367432 12.90433788299561
  endloop
endfacet
facet normal -0.325136661529541 0.9310430288314819 -0.1656655520200729
  outer loop
    vertex 67.64861297607422 11.22500038146973 14.98312187194824
    vertex 68.27498626708984 11.22500038146973 13.75380229949951
    vertex 68.06351470947266 11.00000095367432 12.90433788299561
  endloop
endfacet
facet normal -0.3065434992313385 0.9362475872039795 -0.1716728061437607
  outer loop
    vertex 68.27498626708984 11.22500038146973 13.75380229949951
    vertex 68.56816101074219 11.22500038146973 13.23030471801758
    vertex 68.06351470947266 11.00000095367432 12.90433788299561
  endloop
endfacet
facet normal -0.3038004338741302 0.9363412261009216 -0.1759840846061707
  outer loop
    vertex 68.73702239990234 11.29181575775146 13.29430103302002
    vertex 68.06351470947266 11.00000095367432 12.90433788299561
    vertex 68.56816101074219 11.22500038146973 13.23030471801758
  endloop
endfacet
facet normal 0.8910065889358521 -1.62660871998486e-16 -0.4539903402328491
  outer loop
    vertex 113.9918823242188 11.00000095367432 15.31134128570557
    vertex 112.7654495239258 10 12.90433788299561
    vertex 112.7654495239258 11.00000095367432 12.90433788299561
  endloop
endfacet
facet normal 0.3038111925125122 0.9363411664962769 -0.1759658455848694
  outer loop
    vertex 112.0919494628906 11.29181575775146 13.29430103302002
    vertex 112.2608032226562 11.22500038146973 13.23030471801758
    vertex 112.7654495239258 11.00000095367432 12.90433788299561
  endloop
endfacet
facet normal 0.3065423965454102 0.9362478852272034 -0.1716731637716293
  outer loop
    vertex 112.5539779663086 11.22500038146973 13.75380229949951
    vertex 112.7654495239258 11.00000095367432 12.90433788299561
    vertex 112.2608032226562 11.22500038146973 13.23030471801758
  endloop
endfacet
facet normal 0.3251368999481201 0.9310429096221924 -0.1656654626131058
  outer loop
    vertex 113.9918823242188 11.00000095367432 15.31134128570557
    vertex 112.7654495239258 11.00000095367432 12.90433788299561
    vertex 112.5539779663086 11.22500038146973 13.75380229949951
  endloop
endfacet
facet normal 0.8910065889358521 8.133043599924301e-17 -0.4539903402328491
  outer loop
    vertex 113.9918823242188 11.00000095367432 15.31134128570557
    vertex 113.9918823242188 10 15.31134128570557
    vertex 112.7654495239258 10 12.90433788299561
  endloop
endfacet
facet normal -0.8724957704544067 0 -0.4886216819286346
  outer loop
    vertex 68.56816101074219 21.97500038146973 13.23030471801758
    vertex 68.56816101074219 11.22500038146973 13.23030471801758
    vertex 68.27498626708984 11.22500038146973 13.75380229949951
  endloop
endfacet
facet normal -0.8724957704544067 1.821182461552381e-18 -0.4886216819286346
  outer loop
    vertex 68.56816101074219 21.97500038146973 13.23030471801758
    vertex 68.27498626708984 11.22500038146973 13.75380229949951
    vertex 68.27498626708984 21.97500038146973 13.75380229949951
  endloop
endfacet
facet normal 0.3543931543827057 0 -0.9350965023040771
  outer loop
    vertex 68.73702239990234 21.9081859588623 13.29430103302002
    vertex 68.56816101074219 11.22500038146973 13.23030471801758
    vertex 68.56816101074219 21.97500038146973 13.23030471801758
  endloop
endfacet
facet normal 0.8724945783615112 -1.832107065680871e-15 -0.4886237978935242
  outer loop
    vertex 112.5539779663086 21.97500038146973 13.75380229949951
    vertex 112.2608032226562 11.22500038146973 13.23030471801758
    vertex 112.2608032226562 21.97500038146973 13.23030471801758
  endloop
endfacet
facet normal -0.3543971180915833 7.445397371750435e-16 -0.9350950121879578
  outer loop
    vertex 112.2608032226562 21.97500038146973 13.23030471801758
    vertex 112.2608032226562 11.22500038146973 13.23030471801758
    vertex 112.0919494628906 11.29181575775146 13.29430103302002
  endloop
endfacet
facet normal -0.3543917238712311 -9.716593751818436e-08 -0.9350970387458801
  outer loop
    vertex 112.2608032226562 21.97500038146973 13.23030471801758
    vertex 112.0919494628906 11.29181575775146 13.29430103302002
    vertex 111.3130798339844 11.60000038146973 13.58948421478271
  endloop
endfacet
facet normal -0.3543972671031952 4.817989065486472e-07 -0.935094952583313
  outer loop
    vertex 112.2608032226562 21.97500038146973 13.23030471801758
    vertex 111.3130798339844 11.60000038146973 13.58948421478271
    vertex 112.0919494628906 21.9081859588623 13.29430103302002
  endloop
endfacet
facet normal 0.3543919026851654 2.301907287005633e-08 -0.9350969791412354
  outer loop
    vertex 69.51588439941406 21.60000038146973 13.58948421478271
    vertex 68.56816101074219 11.22500038146973 13.23030471801758
    vertex 68.73702239990234 21.9081859588623 13.29430103302002
  endloop
endfacet
facet normal 0.3543932139873505 -1.141391479109188e-07 -0.9350965023040771
  outer loop
    vertex 69.51588439941406 21.60000038146973 13.58948421478271
    vertex 68.73702239990234 11.29181575775146 13.29430103302002
    vertex 68.56816101074219 11.22500038146973 13.23030471801758
  endloop
endfacet
facet normal 0.8724945783615112 -1.830285944844274e-15 -0.4886237978935242
  outer loop
    vertex 112.5539779663086 21.97500038146973 13.75380229949951
    vertex 112.5539779663086 11.22500038146973 13.75380229949951
    vertex 112.2608032226562 11.22500038146973 13.23030471801758
  endloop
endfacet
facet normal -0.3543916940689087 8.029523468275617e-16 -0.9350970387458801
  outer loop
    vertex 112.0919494628906 21.9081859588623 13.29430103302002
    vertex 111.3130798339844 11.60000038146973 13.58948421478271
    vertex 111.3130798339844 21.60000038146973 13.58948421478271
  endloop
endfacet
facet normal 0.354391872882843 -3.953627925263117e-16 -0.9350969791412354
  outer loop
    vertex 69.51588439941406 21.60000038146973 13.58948421478271
    vertex 69.51588439941406 11.60000038146973 13.58948421478271
    vertex 68.73702239990234 11.29181575775146 13.29430103302002
  endloop
endfacet
facet normal -0.6121307015419006 0 0.7907566428184509
  outer loop
    vertex 69.07642364501953 21.60000038146973 14.37420177459717
    vertex 68.27498626708984 21.97500038146973 13.75380229949951
    vertex 68.27498626708984 11.22500038146973 13.75380229949951
  endloop
endfacet
facet normal -0.314024955034256 -0.9358350038528442 -0.1600037813186646
  outer loop
    vertex 68.62160491943359 21.60000038146973 15.26683712005615
    vertex 68.27498626708984 21.97500038146973 13.75380229949951
    vertex 69.07642364501953 21.60000038146973 14.37420177459717
  endloop
endfacet
facet normal -0.3140248656272888 -0.9358350038528442 -0.1600038111209869
  outer loop
    vertex 68.62160491943359 21.60000038146973 15.26683712005615
    vertex 67.64861297607422 21.97500038146973 14.98312187194824
    vertex 68.27498626708984 21.97500038146973 13.75380229949951
  endloop
endfacet
facet normal 0.6121293306350708 -1.273262679169743e-15 0.7907576560974121
  outer loop
    vertex 112.5539779663086 21.97500038146973 13.75380229949951
    vertex 111.7525405883789 21.60000038146973 14.37420177459717
    vertex 112.5539779663086 11.22500038146973 13.75380229949951
  endloop
endfacet
facet normal 0.3140242993831635 -0.9358353018760681 -0.1600033491849899
  outer loop
    vertex 113.1803512573242 21.97500038146973 14.98312187194824
    vertex 111.7525405883789 21.60000038146973 14.37420177459717
    vertex 112.5539779663086 21.97500038146973 13.75380229949951
  endloop
endfacet
facet normal 0.3251378834247589 -0.931042492389679 -0.1656659841537476
  outer loop
    vertex 113.9918823242188 22.20000076293945 15.31134128570557
    vertex 113.1803512573242 21.97500038146973 14.98312187194824
    vertex 112.5539779663086 21.97500038146973 13.75380229949951
  endloop
endfacet
facet normal -0.6121307015419006 7.031577307786978e-16 0.7907566428184509
  outer loop
    vertex 69.07642364501953 21.60000038146973 14.37420177459717
    vertex 68.27498626708984 11.22500038146973 13.75380229949951
    vertex 69.07642364501953 11.60000038146973 14.37420177459717
  endloop
endfacet
facet normal -0.3140250742435455 0.9358349442481995 -0.1600039303302765
  outer loop
    vertex 67.64861297607422 11.22500038146973 14.98312187194824
    vertex 69.07642364501953 11.60000038146973 14.37420177459717
    vertex 68.27498626708984 11.22500038146973 13.75380229949951
  endloop
endfacet
facet normal 0.6121293306350708 -1.380264645627234e-15 0.7907576560974121
  outer loop
    vertex 112.5539779663086 11.22500038146973 13.75380229949951
    vertex 111.7525405883789 21.60000038146973 14.37420177459717
    vertex 111.7525405883789 11.60000038146973 14.37420177459717
  endloop
endfacet
facet normal 0.3140240609645844 0.9358352422714233 -0.1600039899349213
  outer loop
    vertex 112.2073593139648 11.60000038146973 15.26683712005615
    vertex 112.5539779663086 11.22500038146973 13.75380229949951
    vertex 111.7525405883789 11.60000038146973 14.37420177459717
  endloop
endfacet
facet normal 0.3140250146389008 0.9358349442481995 -0.1600037068128586
  outer loop
    vertex 112.2073593139648 11.60000038146973 15.26683712005615
    vertex 113.1803512573242 11.22500038146973 14.98312187194824
    vertex 112.5539779663086 11.22500038146973 13.75380229949951
  endloop
endfacet
facet normal 0.3251369893550873 0.9310429096221924 -0.1656655371189117
  outer loop
    vertex 113.9918823242188 11.00000095367432 15.31134128570557
    vertex 112.5539779663086 11.22500038146973 13.75380229949951
    vertex 113.1803512573242 11.22500038146973 14.98312187194824
  endloop
endfacet
facet normal 0.3140246272087097 -0.9358350038528442 -0.1600042879581451
  outer loop
    vertex 112.2073593139648 21.60000038146973 15.26683712005615
    vertex 111.7525405883789 21.60000038146973 14.37420177459717
    vertex 113.1803512573242 21.97500038146973 14.98312187194824
  endloop
endfacet
facet normal -0.3140250444412231 0.9358349442481995 -0.1600038260221481
  outer loop
    vertex 68.62160491943359 11.60000038146973 15.26683712005615
    vertex 69.07642364501953 11.60000038146973 14.37420177459717
    vertex 67.64861297607422 11.22500038146973 14.98312187194824
  endloop
endfacet
facet normal -0.8910064697265625 9.994148097400594e-16 -0.4539906680583954
  outer loop
    vertex 69.07642364501953 21.60000038146973 14.37420177459717
    vertex 69.07642364501953 11.60000038146973 14.37420177459717
    vertex 68.62160491943359 11.60000038146973 15.26683712005615
  endloop
endfacet
facet normal -0.8910064697265625 5.913697006056969e-18 -0.4539906680583954
  outer loop
    vertex 69.07642364501953 21.60000038146973 14.37420177459717
    vertex 68.62160491943359 11.60000038146973 15.26683712005615
    vertex 68.62160491943359 21.60000038146973 15.26683712005615
  endloop
endfacet
facet normal 0.8910056948661804 -2.004741697693717e-15 -0.4539921879768372
  outer loop
    vertex 112.2073593139648 21.60000038146973 15.26683712005615
    vertex 111.7525405883789 11.60000038146973 14.37420177459717
    vertex 111.7525405883789 21.60000038146973 14.37420177459717
  endloop
endfacet
facet normal 0.8910056948661804 0 -0.4539921879768372
  outer loop
    vertex 112.2073593139648 21.60000038146973 15.26683712005615
    vertex 112.2073593139648 11.60000038146973 15.26683712005615
    vertex 111.7525405883789 11.60000038146973 14.37420177459717
  endloop
endfacet
facet normal -0.9081442356109619 9.518334750818779e-16 -0.4186574220657349
  outer loop
    vertex 67.64861297607422 21.97500038146973 14.98312187194824
    vertex 67.64861297607422 11.22500038146973 14.98312187194824
    vertex 67.39742279052734 11.22500038146973 15.52800846099854
  endloop
endfacet
facet normal -0.9081442356109619 0 -0.4186574220657349
  outer loop
    vertex 67.64861297607422 21.97500038146973 14.98312187194824
    vertex 67.39742279052734 11.22500038146973 15.52800846099854
    vertex 67.39742279052734 21.97500038146973 15.52800846099854
  endloop
endfacet
facet normal 0.2799337208271027 -2.681399426999858e-18 -0.9600193500518799
  outer loop
    vertex 68.62160491943359 11.60000038146973 15.26683712005615
    vertex 67.64861297607422 21.97500038146973 14.98312187194824
    vertex 68.62160491943359 21.60000038146973 15.26683712005615
  endloop
endfacet
facet normal 0.2799337208271027 -2.946784213059164e-16 -0.9600193500518799
  outer loop
    vertex 68.62160491943359 11.60000038146973 15.26683712005615
    vertex 67.64861297607422 11.22500038146973 14.98312187194824
    vertex 67.64861297607422 21.97500038146973 14.98312187194824
  endloop
endfacet
facet normal -0.3190689980983734 -0.9362472891807556 -0.1470918357372284
  outer loop
    vertex 67.39742279052734 21.97500038146973 15.52800846099854
    vertex 66.83708190917969 22.20000076293945 15.31134128570557
    vertex 67.64861297607422 21.97500038146973 14.98312187194824
  endloop
endfacet
facet normal 0.9081445336341858 -1.749694617883404e-18 -0.4186567664146423
  outer loop
    vertex 113.4315414428711 21.97500038146973 15.52800846099854
    vertex 113.1803512573242 11.22500038146973 14.98312187194824
    vertex 113.1803512573242 21.97500038146973 14.98312187194824
  endloop
endfacet
facet normal -0.2799336612224579 0 -0.9600193500518799
  outer loop
    vertex 113.1803512573242 11.22500038146973 14.98312187194824
    vertex 112.2073593139648 21.60000038146973 15.26683712005615
    vertex 113.1803512573242 21.97500038146973 14.98312187194824
  endloop
endfacet
facet normal 0.31906858086586 -0.9362474679946899 -0.1470913589000702
  outer loop
    vertex 113.4315414428711 21.97500038146973 15.52800846099854
    vertex 113.1803512573242 21.97500038146973 14.98312187194824
    vertex 113.9918823242188 22.20000076293945 15.31134128570557
  endloop
endfacet
facet normal -0.3190681040287018 0.9362476468086243 -0.147091418504715
  outer loop
    vertex 67.39742279052734 11.22500038146973 15.52800846099854
    vertex 67.64861297607422 11.22500038146973 14.98312187194824
    vertex 66.83708190917969 11.00000095367432 15.31134128570557
  endloop
endfacet
facet normal 0.9081445336341858 -1.907167102060047e-15 -0.4186567664146423
  outer loop
    vertex 113.4315414428711 21.97500038146973 15.52800846099854
    vertex 113.4315414428711 11.22500038146973 15.52800846099854
    vertex 113.1803512573242 11.22500038146973 14.98312187194824
  endloop
endfacet
facet normal -0.2799336612224579 -2.681398186228939e-18 -0.9600193500518799
  outer loop
    vertex 113.1803512573242 11.22500038146973 14.98312187194824
    vertex 112.2073593139648 11.60000038146973 15.26683712005615
    vertex 112.2073593139648 21.60000038146973 15.26683712005615
  endloop
endfacet
facet normal 0.3190676867961884 0.9362478852272034 -0.147090956568718
  outer loop
    vertex 113.4315414428711 11.22500038146973 15.52800846099854
    vertex 113.9918823242188 11.00000095367432 15.31134128570557
    vertex 113.1803512573242 11.22500038146973 14.98312187194824
  endloop
endfacet
facet normal -0.9335805177688599 7.762171547457986e-17 -0.3583677411079407
  outer loop
    vertex 66.83708190917969 23.20000076293945 15.31134128570557
    vertex 65.86897277832031 22.20000076293945 17.83335494995117
    vertex 65.86897277832031 23.20000076293945 17.83335494995117
  endloop
endfacet
facet normal -0.9335805177688599 0 -0.3583677411079407
  outer loop
    vertex 66.83708190917969 23.20000076293945 15.31134128570557
    vertex 66.83708190917969 22.20000076293945 15.31134128570557
    vertex 65.86897277832031 22.20000076293945 17.83335494995117
  endloop
endfacet
facet normal 0.9335805773735046 -1.552434441840495e-16 -0.3583675622940063
  outer loop
    vertex 114.9599914550781 23.20000076293945 17.83335494995117
    vertex 113.9918823242188 22.20000076293945 15.31134128570557
    vertex 113.9918823242188 23.20000076293945 15.31134128570557
  endloop
endfacet
facet normal -0.3455858528614044 -0.9289630055427551 -0.1326579004526138
  outer loop
    vertex 65.86897277832031 22.20000076293945 17.83335494995117
    vertex 66.83708190917969 22.20000076293945 15.31134128570557
    vertex 66.86943054199219 21.97500038146973 16.80268287658691
  endloop
endfacet
facet normal -0.3245299756526947 -0.9363037347793579 -0.1342221051454544
  outer loop
    vertex 66.86943054199219 21.97500038146973 16.80268287658691
    vertex 66.83708190917969 22.20000076293945 15.31134128570557
    vertex 67.54844665527344 21.9081859588623 15.62700271606445
  endloop
endfacet
facet normal -0.3209511339664459 -0.9363412261009216 -0.1423218548297882
  outer loop
    vertex 67.54844665527344 21.9081859588623 15.62700271606445
    vertex 66.83708190917969 22.20000076293945 15.31134128570557
    vertex 67.39742279052734 21.97500038146973 15.52800846099854
  endloop
endfacet
facet normal 0.9335805773735046 -7.762172209202476e-17 -0.3583675622940063
  outer loop
    vertex 114.9599914550781 23.20000076293945 17.83335494995117
    vertex 114.9599914550781 22.20000076293945 17.83335494995117
    vertex 113.9918823242188 22.20000076293945 15.31134128570557
  endloop
endfacet
facet normal 0.3209517300128937 -0.9363414645195007 -0.1423187702894211
  outer loop
    vertex 113.280517578125 21.9081859588623 15.62700271606445
    vertex 113.4315414428711 21.97500038146973 15.52800846099854
    vertex 113.9918823242188 22.20000076293945 15.31134128570557
  endloop
endfacet
facet normal 0.3414832055568695 -0.9307021498680115 -0.1310829669237137
  outer loop
    vertex 114.9599914550781 22.20000076293945 17.83335494995117
    vertex 114.1672058105469 21.97500038146973 17.36559867858887
    vertex 113.9918823242188 22.20000076293945 15.31134128570557
  endloop
endfacet
facet normal 0.3571586608886719 -0.9247031807899475 -0.1317637413740158
  outer loop
    vertex 114.1672058105469 21.97500038146973 17.36559867858887
    vertex 113.9595336914062 21.97500038146973 16.80268287658691
    vertex 113.9918823242188 22.20000076293945 15.31134128570557
  endloop
endfacet
facet normal 0.3245293498039246 -0.9363040328025818 -0.1342217326164246
  outer loop
    vertex 113.9595336914062 21.97500038146973 16.80268287658691
    vertex 113.280517578125 21.9081859588623 15.62700271606445
    vertex 113.9918823242188 22.20000076293945 15.31134128570557
  endloop
endfacet
facet normal -0.9335805177688599 7.762158312568185e-17 -0.3583677411079407
  outer loop
    vertex 66.83708190917969 11.00000095367432 15.31134128570557
    vertex 66.83708190917969 10 15.31134128570557
    vertex 65.86897277832031 10 17.83335494995117
  endloop
endfacet
facet normal -0.9335805177688599 7.762158312568185e-17 -0.3583677411079407
  outer loop
    vertex 66.83708190917969 11.00000095367432 15.31134128570557
    vertex 65.86897277832031 10 17.83335494995117
    vertex 65.86897277832031 11.00000095367432 17.83335494995117
  endloop
endfacet
facet normal -0.320941835641861 0.9363412261009216 -0.1423427909612656
  outer loop
    vertex 67.54844665527344 11.29181575775146 15.62700271606445
    vertex 67.39742279052734 11.22500038146973 15.52800846099854
    vertex 66.83708190917969 11.00000095367432 15.31134128570557
  endloop
endfacet
facet normal -0.3414819240570068 0.9307026863098145 -0.1310825496912003
  outer loop
    vertex 65.86897277832031 11.00000095367432 17.83335494995117
    vertex 66.66175842285156 11.22500038146973 17.36559867858887
    vertex 66.83708190917969 11.00000095367432 15.31134128570557
  endloop
endfacet
facet normal -0.3571617305278778 0.9247020483016968 -0.1317635178565979
  outer loop
    vertex 66.66175842285156 11.22500038146973 17.36559867858887
    vertex 66.86943054199219 11.22500038146973 16.80268287658691
    vertex 66.83708190917969 11.00000095367432 15.31134128570557
  endloop
endfacet
facet normal -0.324530154466629 0.9363037347793579 -0.1342216432094574
  outer loop
    vertex 66.86943054199219 11.22500038146973 16.80268287658691
    vertex 67.54844665527344 11.29181575775146 15.62700271606445
    vertex 66.83708190917969 11.00000095367432 15.31134128570557
  endloop
endfacet
facet normal 0.9335805773735046 -2.328647626119354e-16 -0.3583675622940063
  outer loop
    vertex 114.9599914550781 11.00000095367432 17.83335494995117
    vertex 113.9918823242188 10 15.31134128570557
    vertex 113.9918823242188 11.00000095367432 15.31134128570557
  endloop
endfacet
facet normal 0.3455841541290283 0.9289637804031372 -0.1326571553945541
  outer loop
    vertex 114.9599914550781 11.00000095367432 17.83335494995117
    vertex 113.9918823242188 11.00000095367432 15.31134128570557
    vertex 113.9595336914062 11.22500038146973 16.80268287658691
  endloop
endfacet
facet normal 0.3245295584201813 0.9363040328025818 -0.1342212855815887
  outer loop
    vertex 113.9595336914062 11.22500038146973 16.80268287658691
    vertex 113.9918823242188 11.00000095367432 15.31134128570557
    vertex 113.280517578125 11.29181575775146 15.62700271606445
  endloop
endfacet
facet normal 0.3209424614906311 0.9363414645195007 -0.1423397213220596
  outer loop
    vertex 113.280517578125 11.29181575775146 15.62700271606445
    vertex 113.9918823242188 11.00000095367432 15.31134128570557
    vertex 113.4315414428711 11.22500038146973 15.52800846099854
  endloop
endfacet
facet normal 0.9335805773735046 -7.762158974312675e-17 -0.3583675622940063
  outer loop
    vertex 114.9599914550781 11.00000095367432 17.83335494995117
    vertex 114.9599914550781 10 17.83335494995117
    vertex 113.9918823242188 10 15.31134128570557
  endloop
endfacet
facet normal -0.5482027530670166 6.554600887361271e-19 0.8363454937934875
  outer loop
    vertex 67.54844665527344 11.29181575775146 15.62700271606445
    vertex 67.39742279052734 21.97500038146973 15.52800846099854
    vertex 67.39742279052734 11.22500038146973 15.52800846099854
  endloop
endfacet
facet normal -0.5482025146484375 4.717569002110622e-09 0.8363456130027771
  outer loop
    vertex 68.24506378173828 11.60000038146973 16.08361625671387
    vertex 67.39742279052734 21.97500038146973 15.52800846099854
    vertex 67.54844665527344 11.29181575775146 15.62700271606445
  endloop
endfacet
facet normal -0.5482027530670166 -2.339190707800753e-08 0.8363454937934875
  outer loop
    vertex 68.24506378173828 11.60000038146973 16.08361625671387
    vertex 67.54844665527344 21.9081859588623 15.62700271606445
    vertex 67.39742279052734 21.97500038146973 15.52800846099854
  endloop
endfacet
facet normal 0.5482009053230286 -1.147701373804962e-15 0.8363466858863831
  outer loop
    vertex 113.4315414428711 21.97500038146973 15.52800846099854
    vertex 113.280517578125 21.9081859588623 15.62700271606445
    vertex 113.4315414428711 11.22500038146973 15.52800846099854
  endloop
endfacet
facet normal 0.5482019782066345 2.121357312034888e-08 0.8363459706306458
  outer loop
    vertex 113.4315414428711 11.22500038146973 15.52800846099854
    vertex 113.280517578125 21.9081859588623 15.62700271606445
    vertex 112.5839004516602 21.60000038146973 16.08361625671387
  endloop
endfacet
facet normal 0.5482009053230286 -1.051865865520085e-07 0.8363466858863831
  outer loop
    vertex 113.4315414428711 11.22500038146973 15.52800846099854
    vertex 112.5839004516602 21.60000038146973 16.08361625671387
    vertex 113.280517578125 11.29181575775146 15.62700271606445
  endloop
endfacet
facet normal -0.5482025146484375 4.557168364355225e-18 0.8363456130027771
  outer loop
    vertex 68.24506378173828 21.60000038146973 16.08361625671387
    vertex 67.54844665527344 21.9081859588623 15.62700271606445
    vertex 68.24506378173828 11.60000038146973 16.08361625671387
  endloop
endfacet
facet normal -0.325610876083374 -0.9358348846435547 -0.1348724067211151
  outer loop
    vertex 67.86167907714844 21.60000038146973 17.00918388366699
    vertex 67.54844665527344 21.9081859588623 15.62700271606445
    vertex 68.24506378173828 21.60000038146973 16.08361625671387
  endloop
endfacet
facet normal -0.3256101906299591 -0.9358351230621338 -0.1348726153373718
  outer loop
    vertex 67.86167907714844 21.60000038146973 17.00918388366699
    vertex 66.86943054199219 21.97500038146973 16.80268287658691
    vertex 67.54844665527344 21.9081859588623 15.62700271606445
  endloop
endfacet
facet normal 0.325610488653183 -0.9358350038528442 -0.1348727941513062
  outer loop
    vertex 112.96728515625 21.60000038146973 17.00918388366699
    vertex 113.280517578125 21.9081859588623 15.62700271606445
    vertex 113.9595336914062 21.97500038146973 16.80268287658691
  endloop
endfacet
facet normal 0.3256101906299591 -0.935835063457489 -0.1348728835582733
  outer loop
    vertex 112.96728515625 21.60000038146973 17.00918388366699
    vertex 112.5839004516602 21.60000038146973 16.08361625671387
    vertex 113.280517578125 21.9081859588623 15.62700271606445
  endloop
endfacet
facet normal -0.325610488653183 0.935835063457489 -0.1348722130060196
  outer loop
    vertex 67.86167907714844 11.60000038146973 17.00918388366699
    vertex 67.54844665527344 11.29181575775146 15.62700271606445
    vertex 66.86943054199219 11.22500038146973 16.80268287658691
  endloop
endfacet
facet normal -0.3256104588508606 0.935835063457489 -0.1348722279071808
  outer loop
    vertex 67.86167907714844 11.60000038146973 17.00918388366699
    vertex 68.24506378173828 11.60000038146973 16.08361625671387
    vertex 67.54844665527344 11.29181575775146 15.62700271606445
  endloop
endfacet
facet normal 0.5482019782066345 9.114316049195137e-18 0.8363459706306458
  outer loop
    vertex 113.280517578125 11.29181575775146 15.62700271606445
    vertex 112.5839004516602 21.60000038146973 16.08361625671387
    vertex 112.5839004516602 11.60000038146973 16.08361625671387
  endloop
endfacet
facet normal 0.3256097733974457 0.9358352422714233 -0.134872704744339
  outer loop
    vertex 112.96728515625 11.60000038146973 17.00918388366699
    vertex 113.280517578125 11.29181575775146 15.62700271606445
    vertex 112.5839004516602 11.60000038146973 16.08361625671387
  endloop
endfacet
facet normal 0.3256107866764069 0.9358349442481995 -0.1348723918199539
  outer loop
    vertex 112.96728515625 11.60000038146973 17.00918388366699
    vertex 113.9595336914062 11.22500038146973 16.80268287658691
    vertex 113.280517578125 11.29181575775146 15.62700271606445
  endloop
endfacet
facet normal -0.9238795638084412 0 -0.3826833367347717
  outer loop
    vertex 68.24506378173828 21.60000038146973 16.08361625671387
    vertex 68.24506378173828 11.60000038146973 16.08361625671387
    vertex 67.86167907714844 11.60000038146973 17.00918388366699
  endloop
endfacet
facet normal -0.9238795638084412 0 -0.3826833367347717
  outer loop
    vertex 68.24506378173828 21.60000038146973 16.08361625671387
    vertex 67.86167907714844 11.60000038146973 17.00918388366699
    vertex 67.86167907714844 21.60000038146973 17.00918388366699
  endloop
endfacet
facet normal 0.9238787889480591 -2.851642709640315e-18 -0.3826851844787598
  outer loop
    vertex 112.96728515625 21.60000038146973 17.00918388366699
    vertex 112.5839004516602 11.60000038146973 16.08361625671387
    vertex 112.5839004516602 21.60000038146973 16.08361625671387
  endloop
endfacet
facet normal 0.9238787889480591 5.70328541928063e-18 -0.3826851844787598
  outer loop
    vertex 112.96728515625 21.60000038146973 17.00918388366699
    vertex 112.96728515625 11.60000038146973 17.00918388366699
    vertex 112.5839004516602 11.60000038146973 16.08361625671387
  endloop
endfacet
facet normal -0.9381916522979736 -3.387304194814342e-18 -0.3461161255836487
  outer loop
    vertex 66.86943054199219 21.97500038146973 16.80268287658691
    vertex 66.86943054199219 11.22500038146973 16.80268287658691
    vertex 66.66175842285156 11.22500038146973 17.36559867858887
  endloop
endfacet
facet normal -0.9381916522979736 9.857054756096302e-16 -0.3461161255836487
  outer loop
    vertex 66.86943054199219 21.97500038146973 16.80268287658691
    vertex 66.66175842285156 11.22500038146973 17.36559867858887
    vertex 66.66175842285156 21.97500038146973 17.36559867858887
  endloop
endfacet
facet normal 0.2037484049797058 0 -0.979023277759552
  outer loop
    vertex 67.86167907714844 21.60000038146973 17.00918388366699
    vertex 66.86943054199219 11.22500038146973 16.80268287658691
    vertex 66.86943054199219 21.97500038146973 16.80268287658691
  endloop
endfacet
facet normal -0.338358998298645 -0.9327011704444885 -0.1248268410563469
  outer loop
    vertex 65.86897277832031 22.20000076293945 17.83335494995117
    vertex 66.86943054199219 21.97500038146973 16.80268287658691
    vertex 66.66175842285156 21.97500038146973 17.36559867858887
  endloop
endfacet
facet normal 0.9381905198097229 1.69365002945564e-18 -0.3461192846298218
  outer loop
    vertex 114.1672058105469 21.97500038146973 17.36559867858887
    vertex 113.9595336914062 11.22500038146973 16.80268287658691
    vertex 113.9595336914062 21.97500038146973 16.80268287658691
  endloop
endfacet
facet normal -0.2037486284971237 0 -0.9790232181549072
  outer loop
    vertex 113.9595336914062 11.22500038146973 16.80268287658691
    vertex 112.96728515625 21.60000038146973 17.00918388366699
    vertex 113.9595336914062 21.97500038146973 16.80268287658691
  endloop
endfacet
facet normal 0.2037484049797058 0 -0.979023277759552
  outer loop
    vertex 67.86167907714844 11.60000038146973 17.00918388366699
    vertex 66.86943054199219 11.22500038146973 16.80268287658691
    vertex 67.86167907714844 21.60000038146973 17.00918388366699
  endloop
endfacet
facet normal 0.9381905198097229 -1.96971497950062e-15 -0.3461192846298218
  outer loop
    vertex 114.1672058105469 21.97500038146973 17.36559867858887
    vertex 114.1672058105469 11.22500038146973 17.36559867858887
    vertex 113.9595336914062 11.22500038146973 16.80268287658691
  endloop
endfacet
facet normal -0.2037486284971237 0 -0.9790232181549072
  outer loop
    vertex 113.9595336914062 11.22500038146973 16.80268287658691
    vertex 112.96728515625 11.60000038146973 17.00918388366699
    vertex 112.96728515625 21.60000038146973 17.00918388366699
  endloop
endfacet
facet normal 0.3383592367172241 0.9327008724212646 -0.1248282268643379
  outer loop
    vertex 114.9599914550781 11.00000095367432 17.83335494995117
    vertex 113.9595336914062 11.22500038146973 16.80268287658691
    vertex 114.1672058105469 11.22500038146973 17.36559867858887
  endloop
endfacet
facet normal -0.4808925986289978 5.081179655802321e-16 0.8767794966697693
  outer loop
    vertex 67.55038452148438 21.60000038146973 17.85298728942871
    vertex 66.66175842285156 21.97500038146973 17.36559867858887
    vertex 66.66175842285156 11.22500038146973 17.36559867858887
  endloop
endfacet
facet normal -0.3334864675998688 -0.93605637550354 -0.1121837720274925
  outer loop
    vertex 67.39066314697266 21.60000038146973 18.32778358459473
    vertex 66.66175842285156 21.97500038146973 17.36559867858887
    vertex 67.55038452148438 21.60000038146973 17.85298728942871
  endloop
endfacet
facet normal -0.3324496448040009 -0.9363183975219727 -0.1130713224411011
  outer loop
    vertex 67.39066314697266 21.60000038146973 18.32778358459473
    vertex 65.86897277832031 22.20000076293945 17.83335494995117
    vertex 66.66175842285156 21.97500038146973 17.36559867858887
  endloop
endfacet
facet normal 0.4808914065361023 -1.006067830024268e-15 0.8767801523208618
  outer loop
    vertex 114.1672058105469 21.97500038146973 17.36559867858887
    vertex 113.2785797119141 21.60000038146973 17.85298728942871
    vertex 114.1672058105469 11.22500038146973 17.36559867858887
  endloop
endfacet
facet normal 0.3327319324016571 -0.9361504912376404 -0.1136299148201942
  outer loop
    vertex 113.2785797119141 21.60000038146973 17.85298728942871
    vertex 114.1672058105469 21.97500038146973 17.36559867858887
    vertex 114.9599914550781 22.20000076293945 17.83335494995117
  endloop
endfacet
facet normal -0.4808925986289978 0 0.8767794966697693
  outer loop
    vertex 67.55038452148438 21.60000038146973 17.85298728942871
    vertex 66.66175842285156 11.22500038146973 17.36559867858887
    vertex 67.55038452148438 11.60000038146973 17.85298728942871
  endloop
endfacet
facet normal -0.3327319324016571 0.9361501932144165 -0.1136320978403091
  outer loop
    vertex 67.55038452148438 11.60000038146973 17.85298728942871
    vertex 66.66175842285156 11.22500038146973 17.36559867858887
    vertex 65.86897277832031 11.00000095367432 17.83335494995117
  endloop
endfacet
facet normal 0.4808914065361023 0 0.8767801523208618
  outer loop
    vertex 114.1672058105469 11.22500038146973 17.36559867858887
    vertex 113.2785797119141 21.60000038146973 17.85298728942871
    vertex 113.2785797119141 11.60000038146973 17.85298728942871
  endloop
endfacet
facet normal 0.3334854245185852 0.9360566735267639 -0.1121844276785851
  outer loop
    vertex 113.4383010864258 11.60000038146973 18.32778358459473
    vertex 114.1672058105469 11.22500038146973 17.36559867858887
    vertex 113.2785797119141 11.60000038146973 17.85298728942871
  endloop
endfacet
facet normal 0.3324492573738098 0.9363185167312622 -0.1130714192986488
  outer loop
    vertex 113.4383010864258 11.60000038146973 18.32778358459473
    vertex 114.9599914550781 11.00000095367432 17.83335494995117
    vertex 114.1672058105469 11.22500038146973 17.36559867858887
  endloop
endfacet
facet normal -0.9659258127212524 0 -0.2588189840316772
  outer loop
    vertex 65.86897277832031 23.20000076293945 17.83335494995117
    vertex 65.16979217529297 22.20000076293945 20.4427490234375
    vertex 65.16979217529297 23.20000076293945 20.4427490234375
  endloop
endfacet
facet normal -0.9659258127212524 0 -0.2588189840316772
  outer loop
    vertex 65.86897277832031 23.20000076293945 17.83335494995117
    vertex 65.86897277832031 22.20000076293945 17.83335494995117
    vertex 65.16979217529297 22.20000076293945 20.4427490234375
  endloop
endfacet
facet normal 0.9659258723258972 0 -0.2588188350200653
  outer loop
    vertex 115.6591720581055 23.20000076293945 20.4427490234375
    vertex 114.9599914550781 22.20000076293945 17.83335494995117
    vertex 114.9599914550781 23.20000076293945 17.83335494995117
  endloop
endfacet
facet normal -0.3350588381290436 -0.9363229870796204 -0.105046734213829
  outer loop
    vertex 67.24080657958984 21.60000038146973 18.80578231811523
    vertex 65.86897277832031 22.20000076293945 17.83335494995117
    vertex 67.39066314697266 21.60000038146973 18.32778358459473
  endloop
endfacet
facet normal -0.335976243019104 -0.9361503720283508 -0.1036459729075432
  outer loop
    vertex 67.24080657958984 21.60000038146973 18.80578231811523
    vertex 66.23541259765625 21.97500038146973 18.67776870727539
    vertex 65.86897277832031 22.20000076293945 17.83335494995117
  endloop
endfacet
facet normal -0.3533144295215607 -0.9307021498680115 -0.09467029571533203
  outer loop
    vertex 65.16979217529297 22.20000076293945 20.4427490234375
    vertex 65.86897277832031 22.20000076293945 17.83335494995117
    vertex 66.23541259765625 21.97500038146973 18.67776870727539
  endloop
endfacet
facet normal 0.9659258723258972 0 -0.2588188350200653
  outer loop
    vertex 115.6591720581055 23.20000076293945 20.4427490234375
    vertex 115.6591720581055 22.20000076293945 20.4427490234375
    vertex 114.9599914550781 22.20000076293945 17.83335494995117
  endloop
endfacet
facet normal 0.332813024520874 -0.9363230466842651 -0.111958235502243
  outer loop
    vertex 113.4383010864258 21.60000038146973 18.32778358459473
    vertex 113.2785797119141 21.60000038146973 17.85298728942871
    vertex 114.9599914550781 22.20000076293945 17.83335494995117
  endloop
endfacet
facet normal 0.3354188501834869 -0.9363183975219727 -0.1039327383041382
  outer loop
    vertex 114.5935516357422 21.97500038146973 18.67776870727539
    vertex 113.4383010864258 21.60000038146973 18.32778358459473
    vertex 114.9599914550781 22.20000076293945 17.83335494995117
  endloop
endfacet
facet normal 0.3471099436283112 -0.9327009916305542 -0.09789545834064484
  outer loop
    vertex 114.7564163208008 21.97500038146973 19.25524139404297
    vertex 114.5935516357422 21.97500038146973 18.67776870727539
    vertex 114.9599914550781 22.20000076293945 17.83335494995117
  endloop
endfacet
facet normal 0.3575598895549774 -0.928962767124176 -0.09580779820680618
  outer loop
    vertex 115.6591720581055 22.20000076293945 20.4427490234375
    vertex 114.7564163208008 21.97500038146973 19.25524139404297
    vertex 114.9599914550781 22.20000076293945 17.83335494995117
  endloop
endfacet
facet normal -0.9659258127212524 0 -0.2588189840316772
  outer loop
    vertex 65.86897277832031 11.00000095367432 17.83335494995117
    vertex 65.86897277832031 10 17.83335494995117
    vertex 65.16979217529297 10 20.4427490234375
  endloop
endfacet
facet normal -0.9659258127212524 -7.502224415135032e-17 -0.2588189840316772
  outer loop
    vertex 65.86897277832031 11.00000095367432 17.83335494995117
    vertex 65.16979217529297 10 20.4427490234375
    vertex 65.16979217529297 11.00000095367432 20.4427490234375
  endloop
endfacet
facet normal -0.3328132033348083 0.9363231062889099 -0.1119572892785072
  outer loop
    vertex 67.39066314697266 11.60000038146973 18.32778358459473
    vertex 67.55038452148438 11.60000038146973 17.85298728942871
    vertex 65.86897277832031 11.00000095367432 17.83335494995117
  endloop
endfacet
facet normal -0.3354190289974213 0.9363184571266174 -0.1039317920804024
  outer loop
    vertex 66.23541259765625 11.22500038146973 18.67776870727539
    vertex 67.39066314697266 11.60000038146973 18.32778358459473
    vertex 65.86897277832031 11.00000095367432 17.83335494995117
  endloop
endfacet
facet normal -0.347109317779541 0.9327012896537781 -0.09789492189884186
  outer loop
    vertex 66.07254791259766 11.22500038146973 19.25524139404297
    vertex 66.23541259765625 11.22500038146973 18.67776870727539
    vertex 65.86897277832031 11.00000095367432 17.83335494995117
  endloop
endfacet
facet normal -0.3575583398342133 0.9289633631706238 -0.09580744802951813
  outer loop
    vertex 65.16979217529297 11.00000095367432 20.4427490234375
    vertex 66.07254791259766 11.22500038146973 19.25524139404297
    vertex 65.86897277832031 11.00000095367432 17.83335494995117
  endloop
endfacet
facet normal 0.9659258723258972 1.500444883027006e-16 -0.2588188350200653
  outer loop
    vertex 115.6591720581055 11.00000095367432 20.4427490234375
    vertex 114.9599914550781 10 17.83335494995117
    vertex 114.9599914550781 11.00000095367432 17.83335494995117
  endloop
endfacet
facet normal 0.3350585997104645 0.9363231062889099 -0.1050463244318962
  outer loop
    vertex 113.5881576538086 11.60000038146973 18.80578231811523
    vertex 114.9599914550781 11.00000095367432 17.83335494995117
    vertex 113.4383010864258 11.60000038146973 18.32778358459473
  endloop
endfacet
facet normal 0.3359761536121368 0.9361504316329956 -0.103645347058773
  outer loop
    vertex 113.5881576538086 11.60000038146973 18.80578231811523
    vertex 114.5935516357422 11.22500038146973 18.67776870727539
    vertex 114.9599914550781 11.00000095367432 17.83335494995117
  endloop
endfacet
facet normal 0.3533136546611786 0.9307024478912354 -0.09467002749443054
  outer loop
    vertex 115.6591720581055 11.00000095367432 20.4427490234375
    vertex 114.9599914550781 11.00000095367432 17.83335494995117
    vertex 114.5935516357422 11.22500038146973 18.67776870727539
  endloop
endfacet
facet normal 0.9659258723258972 0 -0.2588188350200653
  outer loop
    vertex 115.6591720581055 11.00000095367432 20.4427490234375
    vertex 115.6591720581055 10 20.4427490234375
    vertex 114.9599914550781 10 17.83335494995117
  endloop
endfacet
facet normal -0.9525328874588013 5.541693618666865e-18 -0.3044356405735016
  outer loop
    vertex 67.55038452148438 21.60000038146973 17.85298728942871
    vertex 67.55038452148438 11.60000038146973 17.85298728942871
    vertex 67.24566650390625 11.60000038146973 18.8064022064209
  endloop
endfacet
facet normal -0.9510567188262939 -0.0004816793370991945 -0.3090159893035889
  outer loop
    vertex 67.55038452148438 21.60000038146973 17.85298728942871
    vertex 67.24566650390625 11.60000038146973 18.8064022064209
    vertex 67.24080657958984 21.60000038146973 18.80578231811523
  endloop
endfacet
facet normal 0.9525327682495117 -5.541692791486252e-18 -0.3044360876083374
  outer loop
    vertex 113.5832977294922 21.60000038146973 18.8064022064209
    vertex 113.2785797119141 11.60000038146973 17.85298728942871
    vertex 113.2785797119141 21.60000038146973 17.85298728942871
  endloop
endfacet
facet normal 0.9510564208030701 0.0004817245935555547 -0.3090168535709381
  outer loop
    vertex 113.5832977294922 21.60000038146973 18.8064022064209
    vertex 113.5881576538086 11.60000038146973 18.80578231811523
    vertex 113.2785797119141 11.60000038146973 17.85298728942871
  endloop
endfacet
facet normal 0.3348200917243958 -0.9368067383766174 -0.1014331430196762
  outer loop
    vertex 113.5832977294922 21.60000038146973 18.8064022064209
    vertex 113.4383010864258 21.60000038146973 18.32778358459473
    vertex 114.5935516357422 21.97500038146973 18.67776870727539
  endloop
endfacet
facet normal -0.3348206877708435 0.9368063807487488 -0.1014339923858643
  outer loop
    vertex 67.24566650390625 11.60000038146973 18.8064022064209
    vertex 67.39066314697266 11.60000038146973 18.32778358459473
    vertex 66.23541259765625 11.22500038146973 18.67776870727539
  endloop
endfacet
facet normal -0.9624552726745605 1.007087022418052e-15 -0.2714403569698334
  outer loop
    vertex 66.23541259765625 21.97500038146973 18.67776870727539
    vertex 66.23541259765625 11.22500038146973 18.67776870727539
    vertex 66.07254791259766 11.22500038146973 19.25524139404297
  endloop
endfacet
facet normal -0.9624552726745605 1.008737995511369e-15 -0.2714403569698334
  outer loop
    vertex 66.23541259765625 21.97500038146973 18.67776870727539
    vertex 66.07254791259766 11.22500038146973 19.25524139404297
    vertex 66.07254791259766 21.97500038146973 19.25524139404297
  endloop
endfacet
facet normal 0.1263072341680527 -1.347308737701717e-16 -0.9919911623001099
  outer loop
    vertex 67.24080657958984 21.60000038146973 18.80578231811523
    vertex 66.23541259765625 11.22500038146973 18.67776870727539
    vertex 66.23541259765625 21.97500038146973 18.67776870727539
  endloop
endfacet
facet normal -0.3663991391658783 -0.9247018694877625 -0.1033352091908455
  outer loop
    vertex 65.16979217529297 22.20000076293945 20.4427490234375
    vertex 66.23541259765625 21.97500038146973 18.67776870727539
    vertex 66.07254791259766 21.97500038146973 19.25524139404297
  endloop
endfacet
facet normal 0.9624549746513367 0 -0.2714412808418274
  outer loop
    vertex 114.7564163208008 21.97500038146973 19.25524139404297
    vertex 114.5935516357422 11.22500038146973 18.67776870727539
    vertex 114.5935516357422 21.97500038146973 18.67776870727539
  endloop
endfacet
facet normal -0.1263076663017273 1.111969591673144e-18 -0.9919911026954651
  outer loop
    vertex 114.5935516357422 11.22500038146973 18.67776870727539
    vertex 113.5832977294922 21.60000038146973 18.8064022064209
    vertex 114.5935516357422 21.97500038146973 18.67776870727539
  endloop
endfacet
facet normal 0.1263079047203064 -6.552227915790354e-08 -0.9919911026954651
  outer loop
    vertex 67.24566650390625 11.60000038146973 18.8064022064209
    vertex 66.23541259765625 11.22500038146973 18.67776870727539
    vertex 67.24080657958984 21.60000038146973 18.80578231811523
  endloop
endfacet
facet normal 0.9624549746513367 -1.650961822981192e-18 -0.2714412808418274
  outer loop
    vertex 114.7564163208008 21.97500038146973 19.25524139404297
    vertex 114.7564163208008 11.22500038146973 19.25524139404297
    vertex 114.5935516357422 11.22500038146973 18.67776870727539
  endloop
endfacet
facet normal -0.1263070553541183 5.991930862592199e-08 -0.9919912219047546
  outer loop
    vertex 114.5935516357422 11.22500038146973 18.67776870727539
    vertex 113.5881576538086 11.60000038146973 18.80578231811523
    vertex 113.5832977294922 21.60000038146973 18.8064022064209
  endloop
endfacet
facet normal 0.3663995265960693 0.9247016310691833 -0.1033356934785843
  outer loop
    vertex 115.6591720581055 11.00000095367432 20.4427490234375
    vertex 114.5935516357422 11.22500038146973 18.67776870727539
    vertex 114.7564163208008 11.22500038146973 19.25524139404297
  endloop
endfacet
facet normal -0.4106196165084839 4.299667883391693e-16 0.9118067622184753
  outer loop
    vertex 66.99667358398438 21.60000038146973 19.67140769958496
    vertex 66.07254791259766 21.97500038146973 19.25524139404297
    vertex 66.07254791259766 11.22500038146973 19.25524139404297
  endloop
endfacet
facet normal -0.3414447903633118 -0.936303436756134 -0.08216645568609238
  outer loop
    vertex 65.93083190917969 21.9081859588623 20.60550308227539
    vertex 65.16979217529297 22.20000076293945 20.4427490234375
    vertex 66.07254791259766 21.97500038146973 19.25524139404297
  endloop
endfacet
facet normal -0.3427006900310516 -0.9358349442481995 -0.08227507770061493
  outer loop
    vertex 65.93083190917969 21.9081859588623 20.60550308227539
    vertex 66.07254791259766 21.97500038146973 19.25524139404297
    vertex 66.99667358398438 21.60000038146973 19.67140769958496
  endloop
endfacet
facet normal 0.4106188118457794 -9.260003466191611e-16 0.911807119846344
  outer loop
    vertex 114.7564163208008 21.97500038146973 19.25524139404297
    vertex 113.8322906494141 21.60000038146973 19.67140769958496
    vertex 113.8322906494141 11.60000038146973 19.67140769958496
  endloop
endfacet
facet normal 0.4106188118457794 -2.442982813404924e-18 0.911807119846344
  outer loop
    vertex 114.7564163208008 21.97500038146973 19.25524139404297
    vertex 113.8322906494141 11.60000038146973 19.67140769958496
    vertex 114.7564163208008 11.22500038146973 19.25524139404297
  endloop
endfacet
facet normal 0.342700183391571 -0.9358351826667786 -0.08227464556694031
  outer loop
    vertex 114.8981323242188 21.9081859588623 20.60550308227539
    vertex 113.8322906494141 21.60000038146973 19.67140769958496
    vertex 114.7564163208008 21.97500038146973 19.25524139404297
  endloop
endfacet
facet normal 0.3414447903633118 -0.9363034963607788 -0.08216606080532074
  outer loop
    vertex 114.8981323242188 21.9081859588623 20.60550308227539
    vertex 114.7564163208008 21.97500038146973 19.25524139404297
    vertex 115.6591720581055 22.20000076293945 20.4427490234375
  endloop
endfacet
facet normal -0.4106196165084839 -5.646367534921163e-18 0.9118067622184753
  outer loop
    vertex 66.99667358398438 21.60000038146973 19.67140769958496
    vertex 66.07254791259766 11.22500038146973 19.25524139404297
    vertex 66.99667358398438 11.60000038146973 19.67140769958496
  endloop
endfacet
facet normal -0.3427006900310516 0.9358348846435547 -0.08227557688951492
  outer loop
    vertex 65.93083190917969 11.29181575775146 20.60550308227539
    vertex 66.99667358398438 11.60000038146973 19.67140769958496
    vertex 66.07254791259766 11.22500038146973 19.25524139404297
  endloop
endfacet
facet normal -0.3414447009563446 0.936303436756134 -0.08216693997383118
  outer loop
    vertex 65.93083190917969 11.29181575775146 20.60550308227539
    vertex 66.07254791259766 11.22500038146973 19.25524139404297
    vertex 65.16979217529297 11.00000095367432 20.4427490234375
  endloop
endfacet
facet normal 0.3414446711540222 0.9363034963607788 -0.08216654509305954
  outer loop
    vertex 114.8981323242188 11.29181575775146 20.60550308227539
    vertex 115.6591720581055 11.00000095367432 20.4427490234375
    vertex 114.7564163208008 11.22500038146973 19.25524139404297
  endloop
endfacet
facet normal 0.342700183391571 0.9358351230621338 -0.0822751373052597
  outer loop
    vertex 114.8981323242188 11.29181575775146 20.60550308227539
    vertex 114.7564163208008 11.22500038146973 19.25524139404297
    vertex 113.8322906494141 11.60000038146973 19.67140769958496
  endloop
endfacet
facet normal -0.3427006602287292 -0.9358349442481995 -0.08227506279945374
  outer loop
    vertex 66.76280212402344 21.60000038146973 20.64555549621582
    vertex 65.93083190917969 21.9081859588623 20.60550308227539
    vertex 66.99667358398438 21.60000038146973 19.67140769958496
  endloop
endfacet
facet normal 0.3427003026008606 -0.9358351230621338 -0.08227480202913284
  outer loop
    vertex 114.066162109375 21.60000038146973 20.64555549621582
    vertex 113.8322906494141 21.60000038146973 19.67140769958496
    vertex 114.8981323242188 21.9081859588623 20.60550308227539
  endloop
endfacet
facet normal -0.3427002131938934 0.9358351230621338 -0.08227495104074478
  outer loop
    vertex 66.76280212402344 11.60000038146973 20.64555549621582
    vertex 66.99667358398438 11.60000038146973 19.67140769958496
    vertex 65.93083190917969 11.29181575775146 20.60550308227539
  endloop
endfacet
facet normal 0.3426998257637024 0.9358353018760681 -0.08227469027042389
  outer loop
    vertex 114.066162109375 11.60000038146973 20.64555549621582
    vertex 114.8981323242188 11.29181575775146 20.60550308227539
    vertex 113.8322906494141 11.60000038146973 19.67140769958496
  endloop
endfacet
facet normal -0.9723699688911438 -2.70943195757382e-18 -0.2334451228380203
  outer loop
    vertex 66.99667358398438 21.60000038146973 19.67140769958496
    vertex 66.99667358398438 11.60000038146973 19.67140769958496
    vertex 66.76280212402344 11.60000038146973 20.64555549621582
  endloop
endfacet
facet normal -0.9723699688911438 1.097319959981395e-15 -0.2334451228380203
  outer loop
    vertex 66.99667358398438 21.60000038146973 19.67140769958496
    vertex 66.76280212402344 11.60000038146973 20.64555549621582
    vertex 66.76280212402344 21.60000038146973 20.64555549621582
  endloop
endfacet
facet normal 0.9723700881004333 -2.194640131721027e-15 -0.2334446758031845
  outer loop
    vertex 114.066162109375 21.60000038146973 20.64555549621582
    vertex 113.8322906494141 11.60000038146973 19.67140769958496
    vertex 113.8322906494141 21.60000038146973 19.67140769958496
  endloop
endfacet
facet normal 0.9723700881004333 -2.709432164368974e-18 -0.2334446758031845
  outer loop
    vertex 114.066162109375 21.60000038146973 20.64555549621582
    vertex 114.066162109375 11.60000038146973 20.64555549621582
    vertex 113.8322906494141 11.60000038146973 19.67140769958496
  endloop
endfacet
facet normal -0.9876882433891296 7.336933214667745e-17 -0.15643510222435
  outer loop
    vertex 65.16979217529297 23.20000076293945 20.4427490234375
    vertex 64.7471923828125 22.20000076293945 23.11093330383301
    vertex 64.7471923828125 23.20000076293945 23.11093330383301
  endloop
endfacet
facet normal -0.9876882433891296 3.668466607333873e-17 -0.15643510222435
  outer loop
    vertex 65.16979217529297 23.20000076293945 20.4427490234375
    vertex 65.16979217529297 22.20000076293945 20.4427490234375
    vertex 64.7471923828125 22.20000076293945 23.11093330383301
  endloop
endfacet
facet normal 0.9876883029937744 3.668466938206118e-17 -0.1564347892999649
  outer loop
    vertex 116.0817718505859 23.20000076293945 23.11093330383301
    vertex 115.6591720581055 22.20000076293945 20.4427490234375
    vertex 115.6591720581055 23.20000076293945 20.4427490234375
  endloop
endfacet
facet normal -0.3433124423027039 -0.936340868473053 -0.07350046932697296
  outer loop
    vertex 65.93083190917969 21.9081859588623 20.60550308227539
    vertex 65.75046539306641 21.97500038146973 20.5968189239502
    vertex 65.16979217529297 22.20000076293945 20.4427490234375
  endloop
endfacet
facet normal -0.344591349363327 -0.9362471103668213 -0.06854335963726044
  outer loop
    vertex 65.63340759277344 21.97500038146973 21.1852912902832
    vertex 65.16979217529297 22.20000076293945 20.4427490234375
    vertex 65.75046539306641 21.97500038146973 20.5968189239502
  endloop
endfacet
facet normal -0.3604175448417664 -0.9310426712036133 -0.05708499252796173
  outer loop
    vertex 65.41757965087891 21.97500038146973 22.54800224304199
    vertex 65.16979217529297 22.20000076293945 20.4427490234375
    vertex 65.63340759277344 21.97500038146973 21.1852912902832
  endloop
endfacet
facet normal -0.3604182600975037 -0.9310424327850342 -0.05708488076925278
  outer loop
    vertex 64.7471923828125 22.20000076293945 23.11093330383301
    vertex 65.16979217529297 22.20000076293945 20.4427490234375
    vertex 65.41757965087891 21.97500038146973 22.54800224304199
  endloop
endfacet
facet normal 0.9876883029937744 3.668466938206118e-17 -0.1564347892999649
  outer loop
    vertex 116.0817718505859 23.20000076293945 23.11093330383301
    vertex 116.0817718505859 22.20000076293945 23.11093330383301
    vertex 115.6591720581055 22.20000076293945 20.4427490234375
  endloop
endfacet
facet normal 0.3445917963981628 -0.936246931552887 -0.06854330748319626
  outer loop
    vertex 115.195556640625 21.97500038146973 21.1852912902832
    vertex 115.078498840332 21.97500038146973 20.5968189239502
    vertex 115.6591720581055 22.20000076293945 20.4427490234375
  endloop
endfacet
facet normal 0.3604182302951813 -0.9310424327850342 -0.05708476528525352
  outer loop
    vertex 116.0817718505859 22.20000076293945 23.11093330383301
    vertex 115.195556640625 21.97500038146973 21.1852912902832
    vertex 115.6591720581055 22.20000076293945 20.4427490234375
  endloop
endfacet
facet normal 0.3433098495006561 -0.9363409280776978 -0.07351215183734894
  outer loop
    vertex 114.8981323242188 21.9081859588623 20.60550308227539
    vertex 115.6591720581055 22.20000076293945 20.4427490234375
    vertex 115.078498840332 21.97500038146973 20.5968189239502
  endloop
endfacet
facet normal -0.9876882433891296 3.668460651633462e-17 -0.15643510222435
  outer loop
    vertex 65.16979217529297 11.00000095367432 20.4427490234375
    vertex 65.16979217529297 10 20.4427490234375
    vertex 64.7471923828125 10 23.11093330383301
  endloop
endfacet
facet normal -0.9876882433891296 7.336921303266925e-17 -0.15643510222435
  outer loop
    vertex 65.16979217529297 11.00000095367432 20.4427490234375
    vertex 64.7471923828125 10 23.11093330383301
    vertex 64.7471923828125 11.00000095367432 23.11093330383301
  endloop
endfacet
facet normal -0.3604172766208649 0.9310427904129028 -0.05708472430706024
  outer loop
    vertex 64.7471923828125 11.00000095367432 23.11093330383301
    vertex 65.41757965087891 11.22500038146973 22.54800224304199
    vertex 65.16979217529297 11.00000095367432 20.4427490234375
  endloop
endfacet
facet normal -0.3604165613651276 0.9310430884361267 -0.0570848360657692
  outer loop
    vertex 65.41757965087891 11.22500038146973 22.54800224304199
    vertex 65.63340759277344 11.22500038146973 21.1852912902832
    vertex 65.16979217529297 11.00000095367432 20.4427490234375
  endloop
endfacet
facet normal -0.3445903956890106 0.9362474679946899 -0.06854317337274551
  outer loop
    vertex 65.63340759277344 11.22500038146973 21.1852912902832
    vertex 65.75046539306641 11.22500038146973 20.5968189239502
    vertex 65.16979217529297 11.00000095367432 20.4427490234375
  endloop
endfacet
facet normal -0.3433172404766083 0.936340868473053 -0.07347806543111801
  outer loop
    vertex 65.93083190917969 11.29181575775146 20.60550308227539
    vertex 65.16979217529297 11.00000095367432 20.4427490234375
    vertex 65.75046539306641 11.22500038146973 20.5968189239502
  endloop
endfacet
facet normal 0.9876883029937744 0 -0.1564347892999649
  outer loop
    vertex 116.0817718505859 11.00000095367432 23.11093330383301
    vertex 115.6591720581055 10 20.4427490234375
    vertex 115.6591720581055 11.00000095367432 20.4427490234375
  endloop
endfacet
facet normal 0.3433146476745605 0.9363409280776978 -0.07348974049091339
  outer loop
    vertex 114.8981323242188 11.29181575775146 20.60550308227539
    vertex 115.078498840332 11.22500038146973 20.5968189239502
    vertex 115.6591720581055 11.00000095367432 20.4427490234375
  endloop
endfacet
facet normal 0.3445908427238464 0.9362472891807556 -0.06854312121868134
  outer loop
    vertex 115.195556640625 11.22500038146973 21.1852912902832
    vertex 115.6591720581055 11.00000095367432 20.4427490234375
    vertex 115.078498840332 11.22500038146973 20.5968189239502
  endloop
endfacet
facet normal 0.3604172468185425 0.9310428500175476 -0.05708460882306099
  outer loop
    vertex 116.0817718505859 11.00000095367432 23.11093330383301
    vertex 115.6591720581055 11.00000095367432 20.4427490234375
    vertex 115.195556640625 11.22500038146973 21.1852912902832
  endloop
endfacet
facet normal 0.9876883029937744 3.668460651633462e-17 -0.1564347892999649
  outer loop
    vertex 116.0817718505859 11.00000095367432 23.11093330383301
    vertex 116.0817718505859 10 23.11093330383301
    vertex 115.6591720581055 10 20.4427490234375
  endloop
endfacet
facet normal -0.9807853698730469 -8.100490816815951e-19 -0.1950899958610535
  outer loop
    vertex 65.75046539306641 21.97500038146973 20.5968189239502
    vertex 65.75046539306641 11.22500038146973 20.5968189239502
    vertex 65.63340759277344 11.22500038146973 21.1852912902832
  endloop
endfacet
facet normal -0.9807853698730469 1.028762277900934e-15 -0.1950899958610535
  outer loop
    vertex 65.75046539306641 21.97500038146973 20.5968189239502
    vertex 65.63340759277344 11.22500038146973 21.1852912902832
    vertex 65.63340759277344 21.97500038146973 21.1852912902832
  endloop
endfacet
facet normal 0.0480908490717411 -6.860436313945062e-20 -0.9988429546356201
  outer loop
    vertex 65.93083190917969 11.29181575775146 20.60550308227539
    vertex 65.75046539306641 11.22500038146973 20.5968189239502
    vertex 65.75046539306641 21.97500038146973 20.5968189239502
  endloop
endfacet
facet normal 0.0480862632393837 -7.755680542231858e-08 -0.9988431930541992
  outer loop
    vertex 66.76280212402344 11.60000038146973 20.64555549621582
    vertex 65.93083190917969 11.29181575775146 20.60550308227539
    vertex 65.75046539306641 21.97500038146973 20.5968189239502
  endloop
endfacet
facet normal 0.04809099063277245 3.845661069590278e-07 -0.9988429546356201
  outer loop
    vertex 66.76280212402344 11.60000038146973 20.64555549621582
    vertex 65.75046539306641 21.97500038146973 20.5968189239502
    vertex 65.93083190917969 21.9081859588623 20.60550308227539
  endloop
endfacet
facet normal 0.9807854294776917 8.100491333803833e-19 -0.1950896084308624
  outer loop
    vertex 115.195556640625 21.97500038146973 21.1852912902832
    vertex 115.078498840332 11.22500038146973 20.5968189239502
    vertex 115.078498840332 21.97500038146973 20.5968189239502
  endloop
endfacet
facet normal -0.04809056222438812 -1.372070848423732e-19 -0.9988429546356201
  outer loop
    vertex 115.078498840332 11.22500038146973 20.5968189239502
    vertex 114.8981323242188 21.9081859588623 20.60550308227539
    vertex 115.078498840332 21.97500038146973 20.5968189239502
  endloop
endfacet
facet normal 0.9807854294776917 8.100491333803833e-19 -0.1950896084308624
  outer loop
    vertex 115.195556640625 21.97500038146973 21.1852912902832
    vertex 115.195556640625 11.22500038146973 21.1852912902832
    vertex 115.078498840332 11.22500038146973 20.5968189239502
  endloop
endfacet
facet normal -0.04808619990944862 7.379809829899386e-08 -0.9988431930541992
  outer loop
    vertex 115.078498840332 11.22500038146973 20.5968189239502
    vertex 114.066162109375 21.60000038146973 20.64555549621582
    vertex 114.8981323242188 21.9081859588623 20.60550308227539
  endloop
endfacet
facet normal -0.04809069633483887 -3.659269509626029e-07 -0.9988429546356201
  outer loop
    vertex 115.078498840332 11.22500038146973 20.5968189239502
    vertex 114.8981323242188 11.29181575775146 20.60550308227539
    vertex 114.066162109375 21.60000038146973 20.64555549621582
  endloop
endfacet
facet normal 0.04808623716235161 -5.437485653251618e-17 -0.9988431930541992
  outer loop
    vertex 66.76280212402344 21.60000038146973 20.64555549621582
    vertex 66.76280212402344 11.60000038146973 20.64555549621582
    vertex 65.93083190917969 21.9081859588623 20.60550308227539
  endloop
endfacet
facet normal -0.04808617383241653 -4.769712112557996e-19 -0.9988431930541992
  outer loop
    vertex 114.8981323242188 11.29181575775146 20.60550308227539
    vertex 114.066162109375 11.60000038146973 20.64555549621582
    vertex 114.066162109375 21.60000038146973 20.64555549621582
  endloop
endfacet
facet normal -0.3378138840198517 3.550008520264767e-16 0.9412129521369934
  outer loop
    vertex 66.58733367919922 21.60000038146973 21.52766799926758
    vertex 65.63340759277344 21.97500038146973 21.1852912902832
    vertex 65.63340759277344 11.22500038146973 21.1852912902832
  endloop
endfacet
facet normal -0.3480999171733856 -0.9358348250389099 -0.05513319745659828
  outer loop
    vertex 66.43061828613281 21.60000038146973 22.51716232299805
    vertex 65.63340759277344 21.97500038146973 21.1852912902832
    vertex 66.58733367919922 21.60000038146973 21.52766799926758
  endloop
endfacet
facet normal -0.3480989038944244 -0.9358351230621338 -0.05513389781117439
  outer loop
    vertex 65.41757965087891 21.97500038146973 22.54800224304199
    vertex 65.63340759277344 21.97500038146973 21.1852912902832
    vertex 66.43061828613281 21.60000038146973 22.51716232299805
  endloop
endfacet
facet normal 0.3378137946128845 2.366671265993844e-18 0.9412129521369934
  outer loop
    vertex 115.195556640625 21.97500038146973 21.1852912902832
    vertex 114.2416305541992 21.60000038146973 21.52766799926758
    vertex 115.195556640625 11.22500038146973 21.1852912902832
  endloop
endfacet
facet normal 0.3480997383594513 -0.9358348250389099 -0.05513346940279007
  outer loop
    vertex 115.4113845825195 21.97500038146973 22.54800224304199
    vertex 114.2416305541992 21.60000038146973 21.52766799926758
    vertex 115.195556640625 21.97500038146973 21.1852912902832
  endloop
endfacet
facet normal 0.3604175448417664 -0.9310427308082581 -0.05708441138267517
  outer loop
    vertex 116.0817718505859 22.20000076293945 23.11093330383301
    vertex 115.4113845825195 21.97500038146973 22.54800224304199
    vertex 115.195556640625 21.97500038146973 21.1852912902832
  endloop
endfacet
facet normal -0.3378138840198517 3.801629980460701e-16 0.9412129521369934
  outer loop
    vertex 66.58733367919922 21.60000038146973 21.52766799926758
    vertex 65.63340759277344 11.22500038146973 21.1852912902832
    vertex 66.58733367919922 11.60000038146973 21.52766799926758
  endloop
endfacet
facet normal -0.3480998277664185 0.9358347654342651 -0.05513404309749603
  outer loop
    vertex 65.41757965087891 11.22500038146973 22.54800224304199
    vertex 66.58733367919922 11.60000038146973 21.52766799926758
    vertex 65.63340759277344 11.22500038146973 21.1852912902832
  endloop
endfacet
facet normal 0.3378137946128845 -7.60325678454785e-16 0.9412129521369934
  outer loop
    vertex 115.195556640625 11.22500038146973 21.1852912902832
    vertex 114.2416305541992 21.60000038146973 21.52766799926758
    vertex 114.2416305541992 11.60000038146973 21.52766799926758
  endloop
endfacet
facet normal 0.3481000363826752 0.9358347654342651 -0.05513317510485649
  outer loop
    vertex 114.3983459472656 11.60000038146973 22.51716232299805
    vertex 115.195556640625 11.22500038146973 21.1852912902832
    vertex 114.2416305541992 11.60000038146973 21.52766799926758
  endloop
endfacet
facet normal 0.3480996489524841 0.9358348846435547 -0.05513345077633858
  outer loop
    vertex 115.4113845825195 11.22500038146973 22.54800224304199
    vertex 115.195556640625 11.22500038146973 21.1852912902832
    vertex 114.3983459472656 11.60000038146973 22.51716232299805
  endloop
endfacet
facet normal 0.3604165613651276 0.9310431480407715 -0.05708425492048264
  outer loop
    vertex 116.0817718505859 11.00000095367432 23.11093330383301
    vertex 115.195556640625 11.22500038146973 21.1852912902832
    vertex 115.4113845825195 11.22500038146973 22.54800224304199
  endloop
endfacet
facet normal 0.3480994403362274 -0.9358350038528442 -0.05513308197259903
  outer loop
    vertex 115.4113845825195 21.97500038146973 22.54800224304199
    vertex 114.3983459472656 21.60000038146973 22.51716232299805
    vertex 114.2416305541992 21.60000038146973 21.52766799926758
  endloop
endfacet
facet normal -0.3480990827083588 0.9358351230621338 -0.05513306334614754
  outer loop
    vertex 65.41757965087891 11.22500038146973 22.54800224304199
    vertex 66.43061828613281 11.60000038146973 22.51716232299805
    vertex 66.58733367919922 11.60000038146973 21.52766799926758
  endloop
endfacet
facet normal -0.9876885414123535 1.112310007928073e-15 -0.1564333140850067
  outer loop
    vertex 66.58733367919922 21.60000038146973 21.52766799926758
    vertex 66.58733367919922 11.60000038146973 21.52766799926758
    vertex 66.43061828613281 11.60000038146973 22.51716232299805
  endloop
endfacet
facet normal -0.9876885414123535 -1.33370507424018e-18 -0.1564333140850067
  outer loop
    vertex 66.58733367919922 21.60000038146973 21.52766799926758
    vertex 66.43061828613281 11.60000038146973 22.51716232299805
    vertex 66.43061828613281 21.60000038146973 22.51716232299805
  endloop
endfacet
facet normal 0.9876885414123535 -2.22995484111619e-15 -0.1564331948757172
  outer loop
    vertex 114.3983459472656 21.60000038146973 22.51716232299805
    vertex 114.2416305541992 11.60000038146973 21.52766799926758
    vertex 114.2416305541992 21.60000038146973 21.52766799926758
  endloop
endfacet
facet normal 0.9876885414123535 1.33370507424018e-18 -0.1564331948757172
  outer loop
    vertex 114.3983459472656 21.60000038146973 22.51716232299805
    vertex 114.3983459472656 11.60000038146973 22.51716232299805
    vertex 114.2416305541992 11.60000038146973 21.52766799926758
  endloop
endfacet
facet normal -0.03042883239686489 3.203558015854569e-17 -0.99953693151474
  outer loop
    vertex 66.43061828613281 21.60000038146973 22.51716232299805
    vertex 65.41757965087891 11.22500038146973 22.54800224304199
    vertex 65.41757965087891 21.97500038146973 22.54800224304199
  endloop
endfacet
facet normal -0.03042883239686489 3.219227453294526e-19 -0.99953693151474
  outer loop
    vertex 66.43061828613281 11.60000038146973 22.51716232299805
    vertex 65.41757965087891 11.22500038146973 22.54800224304199
    vertex 66.43061828613281 21.60000038146973 22.51716232299805
  endloop
endfacet
facet normal 0.03042888827621937 6.43847817104378e-19 -0.99953693151474
  outer loop
    vertex 115.4113845825195 11.22500038146973 22.54800224304199
    vertex 114.3983459472656 11.60000038146973 22.51716232299805
    vertex 114.3983459472656 21.60000038146973 22.51716232299805
  endloop
endfacet
facet normal 0.03042888827621937 -6.351424938916148e-17 -0.99953693151474
  outer loop
    vertex 115.4113845825195 21.97500038146973 22.54800224304199
    vertex 115.4113845825195 11.22500038146973 22.54800224304199
    vertex 114.3983459472656 21.60000038146973 22.51716232299805
  endloop
endfacet
facet normal -0.9930685758590698 1.04164511963308e-15 -0.117536224424839
  outer loop
    vertex 65.41757965087891 21.97500038146973 22.54800224304199
    vertex 65.41757965087891 11.22500038146973 22.54800224304199
    vertex 65.34705352783203 11.22500038146973 23.14384269714355
  endloop
endfacet
facet normal -0.9930685758590698 0 -0.117536224424839
  outer loop
    vertex 65.41757965087891 21.97500038146973 22.54800224304199
    vertex 65.34705352783203 11.22500038146973 23.14384269714355
    vertex 65.34705352783203 21.97500038146973 23.14384269714355
  endloop
endfacet
facet normal -0.3489065170288086 -0.9362472295761108 -0.04129539057612419
  outer loop
    vertex 65.34705352783203 21.97500038146973 23.14384269714355
    vertex 64.7471923828125 22.20000076293945 23.11093330383301
    vertex 65.41757965087891 21.97500038146973 22.54800224304199
  endloop
endfacet
facet normal 0.9930684566497803 -2.084089838368369e-15 -0.1175373047590256
  outer loop
    vertex 115.4819107055664 21.97500038146973 23.14384269714355
    vertex 115.4113845825195 11.22500038146973 22.54800224304199
    vertex 115.4113845825195 21.97500038146973 22.54800224304199
  endloop
endfacet
facet normal 0.3489064574241638 -0.9362472891807556 -0.04129576683044434
  outer loop
    vertex 115.4819107055664 21.97500038146973 23.14384269714355
    vertex 115.4113845825195 21.97500038146973 22.54800224304199
    vertex 116.0817718505859 22.20000076293945 23.11093330383301
  endloop
endfacet
facet normal -0.3489055633544922 0.9362476468086243 -0.04129527881741524
  outer loop
    vertex 65.34705352783203 11.22500038146973 23.14384269714355
    vertex 65.41757965087891 11.22500038146973 22.54800224304199
    vertex 64.7471923828125 11.00000095367432 23.11093330383301
  endloop
endfacet
facet normal 0.9930684566497803 0 -0.1175373047590256
  outer loop
    vertex 115.4819107055664 21.97500038146973 23.14384269714355
    vertex 115.4819107055664 11.22500038146973 23.14384269714355
    vertex 115.4113845825195 11.22500038146973 22.54800224304199
  endloop
endfacet
facet normal 0.348905473947525 0.9362476468086243 -0.04129565134644508
  outer loop
    vertex 115.4819107055664 11.22500038146973 23.14384269714355
    vertex 116.0817718505859 11.00000095367432 23.11093330383301
    vertex 115.4113845825195 11.22500038146973 22.54800224304199
  endloop
endfacet
facet normal -0.9986295700073242 -1.81413562719598e-17 -0.05233578011393547
  outer loop
    vertex 64.7471923828125 23.20000076293945 23.11093330383301
    vertex 64.60580444335938 22.20000076293945 25.80867576599121
    vertex 64.60580444335938 23.20000076293945 25.80867576599121
  endloop
endfacet
facet normal -0.9986295700073242 -1.81413562719598e-17 -0.05233578011393547
  outer loop
    vertex 64.7471923828125 23.20000076293945 23.11093330383301
    vertex 64.7471923828125 22.20000076293945 23.11093330383301
    vertex 64.60580444335938 22.20000076293945 25.80867576599121
  endloop
endfacet
facet normal 0.9986295104026794 -1.81413562719598e-17 -0.05233648419380188
  outer loop
    vertex 116.2231597900391 23.20000076293945 25.80867576599121
    vertex 116.0817718505859 22.20000076293945 23.11093330383301
    vertex 116.0817718505859 23.20000076293945 23.11093330383301
  endloop
endfacet
facet normal -0.3696640729904175 -0.9289634823799133 -0.01937320828437805
  outer loop
    vertex 64.60580444335938 22.20000076293945 25.80867576599121
    vertex 64.7471923828125 22.20000076293945 23.11093330383301
    vertex 65.23880767822266 21.97500038146973 24.51928901672363
  endloop
endfacet
facet normal -0.350123256444931 -0.9363037943840027 -0.02736702002584934
  outer loop
    vertex 65.23880767822266 21.97500038146973 24.51928901672363
    vertex 64.7471923828125 22.20000076293945 23.11093330383301
    vertex 65.52127838134766 21.9081859588623 23.19132232666016
  endloop
endfacet
facet normal -0.349222719669342 -0.9363412261009216 -0.03617433086037636
  outer loop
    vertex 65.52127838134766 21.9081859588623 23.19132232666016
    vertex 64.7471923828125 22.20000076293945 23.11093330383301
    vertex 65.34705352783203 21.97500038146973 23.14384269714355
  endloop
endfacet
facet normal 0.9986295104026794 0 -0.05233648419380188
  outer loop
    vertex 116.2231597900391 23.20000076293945 25.80867576599121
    vertex 116.2231597900391 22.20000076293945 25.80867576599121
    vertex 116.0817718505859 22.20000076293945 23.11093330383301
  endloop
endfacet
facet normal 0.3492218554019928 -0.9363410472869873 -0.03618781641125679
  outer loop
    vertex 115.3076858520508 21.9081859588623 23.19132232666016
    vertex 115.4819107055664 21.97500038146973 23.14384269714355
    vertex 116.0817718505859 22.20000076293945 23.11093330383301
  endloop
endfacet
facet normal 0.3652747571468353 -0.9307029247283936 -0.01914343237876892
  outer loop
    vertex 116.2231597900391 22.20000076293945 25.80867576599121
    vertex 115.6137161254883 21.97500038146973 25.11882591247559
    vertex 116.0817718505859 22.20000076293945 23.11093330383301
  endloop
endfacet
facet normal 0.3803974092006683 -0.9247023463249207 -0.01494578272104263
  outer loop
    vertex 115.6137161254883 21.97500038146973 25.11882591247559
    vertex 115.5901565551758 21.97500038146973 24.51928901672363
    vertex 116.0817718505859 22.20000076293945 23.11093330383301
  endloop
endfacet
facet normal 0.350123792886734 -0.9363035559654236 -0.02736683189868927
  outer loop
    vertex 115.5901565551758 21.97500038146973 24.51928901672363
    vertex 115.3076858520508 21.9081859588623 23.19132232666016
    vertex 116.0817718505859 22.20000076293945 23.11093330383301
  endloop
endfacet
facet normal -0.9986295700073242 0 -0.05233578011393547
  outer loop
    vertex 64.7471923828125 11.00000095367432 23.11093330383301
    vertex 64.7471923828125 10 23.11093330383301
    vertex 64.60580444335938 10 25.80867576599121
  endloop
endfacet
facet normal -0.9986295700073242 -1.814132649345775e-17 -0.05233578011393547
  outer loop
    vertex 64.7471923828125 11.00000095367432 23.11093330383301
    vertex 64.60580444335938 10 25.80867576599121
    vertex 64.60580444335938 11.00000095367432 25.80867576599121
  endloop
endfacet
facet normal -0.3492203652858734 0.9363412261009216 -0.03619712218642235
  outer loop
    vertex 65.52127838134766 11.29181575775146 23.19132232666016
    vertex 65.34705352783203 11.22500038146973 23.14384269714355
    vertex 64.7471923828125 11.00000095367432 23.11093330383301
  endloop
endfacet
facet normal -0.3652750849723816 0.9307027459144592 -0.01914319209754467
  outer loop
    vertex 64.60580444335938 11.00000095367432 25.80867576599121
    vertex 65.21524810791016 11.22500038146973 25.11882591247559
    vertex 64.7471923828125 11.00000095367432 23.11093330383301
  endloop
endfacet
facet normal -0.3803947269916534 0.9247034192085266 -0.01494639553129673
  outer loop
    vertex 65.21524810791016 11.22500038146973 25.11882591247559
    vertex 65.23880767822266 11.22500038146973 24.51928901672363
    vertex 64.7471923828125 11.00000095367432 23.11093330383301
  endloop
endfacet
facet normal -0.3501232862472534 0.9363037943840027 -0.02736652828752995
  outer loop
    vertex 65.23880767822266 11.22500038146973 24.51928901672363
    vertex 65.52127838134766 11.29181575775146 23.19132232666016
    vertex 64.7471923828125 11.00000095367432 23.11093330383301
  endloop
endfacet
facet normal 0.9986295104026794 0 -0.05233648419380188
  outer loop
    vertex 116.2231597900391 11.00000095367432 25.80867576599121
    vertex 116.0817718505859 10 23.11093330383301
    vertex 116.0817718505859 11.00000095367432 23.11093330383301
  endloop
endfacet
facet normal 0.3696625530719757 0.9289640784263611 -0.01937338896095753
  outer loop
    vertex 116.2231597900391 11.00000095367432 25.80867576599121
    vertex 116.0817718505859 11.00000095367432 23.11093330383301
    vertex 115.5901565551758 11.22500038146973 24.51928901672363
  endloop
endfacet
facet normal 0.3501238226890564 0.9363035559654236 -0.02736633829772472
  outer loop
    vertex 115.5901565551758 11.22500038146973 24.51928901672363
    vertex 116.0817718505859 11.00000095367432 23.11093330383301
    vertex 115.3076858520508 11.29181575775146 23.19132232666016
  endloop
endfacet
facet normal 0.3492194712162018 0.9363410472869873 -0.03621060773730278
  outer loop
    vertex 115.3076858520508 11.29181575775146 23.19132232666016
    vertex 116.0817718505859 11.00000095367432 23.11093330383301
    vertex 115.4819107055664 11.22500038146973 23.14384269714355
  endloop
endfacet
facet normal 0.9986295104026794 0 -0.05233648419380188
  outer loop
    vertex 116.2231597900391 11.00000095367432 25.80867576599121
    vertex 116.2231597900391 10 25.80867576599121
    vertex 116.0817718505859 10 23.11093330383301
  endloop
endfacet
facet normal -0.2629286050796509 0 0.9648153185844421
  outer loop
    vertex 65.52127838134766 21.9081859588623 23.19132232666016
    vertex 65.34705352783203 21.97500038146973 23.14384269714355
    vertex 65.34705352783203 11.22500038146973 23.14384269714355
  endloop
endfacet
facet normal 0.2629306018352509 -1.136379071164124e-18 0.9648147225379944
  outer loop
    vertex 115.4819107055664 21.97500038146973 23.14384269714355
    vertex 115.3076858520508 21.9081859588623 23.19132232666016
    vertex 115.4819107055664 11.22500038146973 23.14384269714355
  endloop
endfacet
facet normal -0.2629251778125763 -6.002646557590197e-08 0.9648162126541138
  outer loop
    vertex 66.32490539550781 21.60000038146973 23.41032028198242
    vertex 65.52127838134766 21.9081859588623 23.19132232666016
    vertex 65.34705352783203 11.22500038146973 23.14384269714355
  endloop
endfacet
facet normal -0.262928694486618 2.976389623654541e-07 0.9648152589797974
  outer loop
    vertex 66.32490539550781 21.60000038146973 23.41032028198242
    vertex 65.34705352783203 11.22500038146973 23.14384269714355
    vertex 65.52127838134766 11.29181575775146 23.19132232666016
  endloop
endfacet
facet normal 0.2629252076148987 -9.438203107947629e-08 0.9648162126541138
  outer loop
    vertex 115.4819107055664 11.22500038146973 23.14384269714355
    vertex 115.3076858520508 21.9081859588623 23.19132232666016
    vertex 114.5040588378906 21.60000038146973 23.41032028198242
  endloop
endfacet
facet normal 0.2629307806491852 4.679933169882133e-07 0.9648147225379944
  outer loop
    vertex 115.4819107055664 11.22500038146973 23.14384269714355
    vertex 114.5040588378906 21.60000038146973 23.41032028198242
    vertex 115.3076858520508 11.29181575775146 23.19132232666016
  endloop
endfacet
facet normal -0.3513519167900085 -0.9358350038528442 -0.02765234559774399
  outer loop
    vertex 66.24629974365234 21.60000038146973 24.40906143188477
    vertex 65.52127838134766 21.9081859588623 23.19132232666016
    vertex 66.32490539550781 21.60000038146973 23.41032028198242
  endloop
endfacet
facet normal -0.351352334022522 -0.9358348846435547 -0.02765205875039101
  outer loop
    vertex 65.23880767822266 21.97500038146973 24.51928901672363
    vertex 65.52127838134766 21.9081859588623 23.19132232666016
    vertex 66.24629974365234 21.60000038146973 24.40906143188477
  endloop
endfacet
facet normal 0.3513521552085876 -0.9358349442481995 -0.0276517029851675
  outer loop
    vertex 115.5901565551758 21.97500038146973 24.51928901672363
    vertex 114.5826644897461 21.60000038146973 24.40906143188477
    vertex 115.3076858520508 21.9081859588623 23.19132232666016
  endloop
endfacet
facet normal 0.3513521254062653 -0.9358349442481995 -0.02765173092484474
  outer loop
    vertex 114.5826644897461 21.60000038146973 24.40906143188477
    vertex 114.5040588378906 21.60000038146973 23.41032028198242
    vertex 115.3076858520508 21.9081859588623 23.19132232666016
  endloop
endfacet
facet normal -0.2629251480102539 1.975176608239847e-18 0.9648162126541138
  outer loop
    vertex 66.32490539550781 21.60000038146973 23.41032028198242
    vertex 65.52127838134766 11.29181575775146 23.19132232666016
    vertex 66.32490539550781 11.60000038146973 23.41032028198242
  endloop
endfacet
facet normal -0.3513524830341339 0.9358348250389099 -0.0276515893638134
  outer loop
    vertex 65.23880767822266 11.22500038146973 24.51928901672363
    vertex 66.24629974365234 11.60000038146973 24.40906143188477
    vertex 65.52127838134766 11.29181575775146 23.19132232666016
  endloop
endfacet
facet normal -0.3513514399528503 0.9358351826667786 -0.027652308344841
  outer loop
    vertex 66.24629974365234 11.60000038146973 24.40906143188477
    vertex 66.32490539550781 11.60000038146973 23.41032028198242
    vertex 65.52127838134766 11.29181575775146 23.19132232666016
  endloop
endfacet
facet normal 0.2629251778125763 0 0.9648162126541138
  outer loop
    vertex 115.3076858520508 11.29181575775146 23.19132232666016
    vertex 114.5040588378906 21.60000038146973 23.41032028198242
    vertex 114.5040588378906 11.60000038146973 23.41032028198242
  endloop
endfacet
facet normal 0.3513516485691071 0.9358351230621338 -0.02765169367194176
  outer loop
    vertex 114.5826644897461 11.60000038146973 24.40906143188477
    vertex 115.3076858520508 11.29181575775146 23.19132232666016
    vertex 114.5040588378906 11.60000038146973 23.41032028198242
  endloop
endfacet
facet normal 0.351352334022522 0.9358348846435547 -0.0276512335985899
  outer loop
    vertex 115.5901565551758 11.22500038146973 24.51928901672363
    vertex 115.3076858520508 11.29181575775146 23.19132232666016
    vertex 114.5826644897461 11.60000038146973 24.40906143188477
  endloop
endfacet
facet normal -0.9969172477722168 -6.606776855461702e-19 -0.07846008241176605
  outer loop
    vertex 66.32490539550781 21.60000038146973 23.41032028198242
    vertex 66.32490539550781 11.60000038146973 23.41032028198242
    vertex 66.24629974365234 11.60000038146973 24.40906143188477
  endloop
endfacet
facet normal -0.9969172477722168 -6.606776855461702e-19 -0.07846008241176605
  outer loop
    vertex 66.32490539550781 21.60000038146973 23.41032028198242
    vertex 66.24629974365234 11.60000038146973 24.40906143188477
    vertex 66.24629974365234 21.60000038146973 24.40906143188477
  endloop
endfacet
facet normal 0.9969173669815063 -1.321355577887493e-18 -0.07845830917358398
  outer loop
    vertex 114.5826644897461 21.60000038146973 24.40906143188477
    vertex 114.5040588378906 11.60000038146973 23.41032028198242
    vertex 114.5040588378906 21.60000038146973 23.41032028198242
  endloop
endfacet
facet normal 0.9969173669815063 -6.606777889437467e-19 -0.07845830917358398
  outer loop
    vertex 114.5826644897461 21.60000038146973 24.40906143188477
    vertex 114.5826644897461 11.60000038146973 24.40906143188477
    vertex 114.5040588378906 11.60000038146973 23.41032028198242
  endloop
endfacet
facet normal -0.1087585464119911 -2.59936650290232e-16 -0.9940682053565979
  outer loop
    vertex 66.24629974365234 21.60000038146973 24.40906143188477
    vertex 65.23880767822266 11.22500038146973 24.51928901672363
    vertex 65.23880767822266 21.97500038146973 24.51928901672363
  endloop
endfacet
facet normal -0.1087585464119911 1.294781366733462e-18 -0.9940682053565979
  outer loop
    vertex 66.24629974365234 11.60000038146973 24.40906143188477
    vertex 65.23880767822266 11.22500038146973 24.51928901672363
    vertex 66.24629974365234 21.60000038146973 24.40906143188477
  endloop
endfacet
facet normal 0.1087584942579269 1.294780125962543e-18 -0.9940682053565979
  outer loop
    vertex 115.5901565551758 11.22500038146973 24.51928901672363
    vertex 114.5826644897461 11.60000038146973 24.40906143188477
    vertex 114.5826644897461 21.60000038146973 24.40906143188477
  endloop
endfacet
facet normal 0.1087584942579269 -2.610568248931962e-16 -0.9940682053565979
  outer loop
    vertex 115.5901565551758 11.22500038146973 24.51928901672363
    vertex 114.5826644897461 21.60000038146973 24.40906143188477
    vertex 115.5901565551758 21.97500038146973 24.51928901672363
  endloop
endfacet
facet normal -0.9992289543151855 -1.033632237582891e-17 -0.03926151245832443
  outer loop
    vertex 65.23880767822266 21.97500038146973 24.51928901672363
    vertex 65.23880767822266 11.22500038146973 24.51928901672363
    vertex 65.21524810791016 11.22500038146973 25.11882591247559
  endloop
endfacet
facet normal -0.9992289543151855 -1.013754673872936e-17 -0.03926151245832443
  outer loop
    vertex 65.23880767822266 21.97500038146973 24.51928901672363
    vertex 65.21524810791016 11.22500038146973 25.11882591247559
    vertex 65.21524810791016 21.97500038146973 25.11882591247559
  endloop
endfacet
facet normal -0.3603728413581848 -0.9327008724212646 -0.01415970083326101
  outer loop
    vertex 64.60580444335938 22.20000076293945 25.80867576599121
    vertex 65.23880767822266 21.97500038146973 24.51928901672363
    vertex 65.21524810791016 21.97500038146973 25.11882591247559
  endloop
endfacet
facet normal 0.9992290139198303 -1.093264928712758e-17 -0.03925962746143341
  outer loop
    vertex 115.6137161254883 21.97500038146973 25.11882591247559
    vertex 115.5901565551758 11.22500038146973 24.51928901672363
    vertex 115.5901565551758 21.97500038146973 24.51928901672363
  endloop
endfacet
facet normal 0.9992290139198303 -1.013754756590997e-17 -0.03925962746143341
  outer loop
    vertex 115.6137161254883 21.97500038146973 25.11882591247559
    vertex 115.6137161254883 11.22500038146973 25.11882591247559
    vertex 115.5901565551758 11.22500038146973 24.51928901672363
  endloop
endfacet
facet normal 0.3603695929050446 0.9327021241188049 -0.01415889151394367
  outer loop
    vertex 116.2231597900391 11.00000095367432 25.80867576599121
    vertex 115.5901565551758 11.22500038146973 24.51928901672363
    vertex 115.6137161254883 11.22500038146973 25.11882591247559
  endloop
endfacet
facet normal -0.1864180266857147 2.584699862722816e-16 0.9824705123901367
  outer loop
    vertex 66.21099090576172 21.60000038146973 25.30776214599609
    vertex 65.21524810791016 21.97500038146973 25.11882591247559
    vertex 65.21524810791016 11.22500038146973 25.11882591247559
  endloop
endfacet
facet normal -0.3518312871456146 -0.93605637550354 -0.003639664733782411
  outer loop
    vertex 66.205810546875 21.60000038146973 25.80867576599121
    vertex 65.21524810791016 21.97500038146973 25.11882591247559
    vertex 66.21099090576172 21.60000038146973 25.30776214599609
  endloop
endfacet
facet normal -0.3511191606521606 -0.9363184571266174 -0.004804711788892746
  outer loop
    vertex 64.60580444335938 22.20000076293945 25.80867576599121
    vertex 65.21524810791016 21.97500038146973 25.11882591247559
    vertex 66.205810546875 21.60000038146973 25.80867576599121
  endloop
endfacet
facet normal 0.1864185929298401 2.562042790174948e-16 0.9824703931808472
  outer loop
    vertex 115.6137161254883 21.97500038146973 25.11882591247559
    vertex 114.6179733276367 21.60000038146973 25.30776214599609
    vertex 115.6137161254883 11.22500038146973 25.11882591247559
  endloop
endfacet
facet normal 0.3515617251396179 -0.9361499547958374 -0.005252127069979906
  outer loop
    vertex 116.2231597900391 22.20000076293945 25.80867576599121
    vertex 114.6179733276367 21.60000038146973 25.30776214599609
    vertex 115.6137161254883 21.97500038146973 25.11882591247559
  endloop
endfacet
facet normal -0.1864180266857147 2.096100686151096e-16 0.9824705123901367
  outer loop
    vertex 66.21099090576172 21.60000038146973 25.30776214599609
    vertex 65.21524810791016 11.22500038146973 25.11882591247559
    vertex 66.21099090576172 11.60000038146973 25.30776214599609
  endloop
endfacet
facet normal -0.3515611290931702 0.9361501932144165 -0.005251010414212942
  outer loop
    vertex 64.60580444335938 11.00000095367432 25.80867576599121
    vertex 66.21099090576172 11.60000038146973 25.30776214599609
    vertex 65.21524810791016 11.22500038146973 25.11882591247559
  endloop
endfacet
facet normal 0.1864185929298401 -4.218428953420533e-16 0.9824703931808472
  outer loop
    vertex 115.6137161254883 11.22500038146973 25.11882591247559
    vertex 114.6179733276367 21.60000038146973 25.30776214599609
    vertex 114.6179733276367 11.60000038146973 25.30776214599609
  endloop
endfacet
facet normal 0.3518326580524445 0.9360558390617371 -0.003638590220361948
  outer loop
    vertex 114.6231536865234 11.60000038146973 25.80867576599121
    vertex 115.6137161254883 11.22500038146973 25.11882591247559
    vertex 114.6179733276367 11.60000038146973 25.30776214599609
  endloop
endfacet
facet normal 0.3511186540126801 0.9363186359405518 -0.004806669428944588
  outer loop
    vertex 116.2231597900391 11.00000095367432 25.80867576599121
    vertex 115.6137161254883 11.22500038146973 25.11882591247559
    vertex 114.6231536865234 11.60000038146973 25.80867576599121
  endloop
endfacet
facet normal 0.35112065076828 -0.9363231658935547 -0.003631226718425751
  outer loop
    vertex 114.6231536865234 21.60000038146973 25.80867576599121
    vertex 114.6179733276367 21.60000038146973 25.30776214599609
    vertex 116.2231597900391 22.20000076293945 25.80867576599121
  endloop
endfacet
facet normal -0.35112065076828 0.9363231658935547 -0.00363231310620904
  outer loop
    vertex 66.205810546875 11.60000038146973 25.80867576599121
    vertex 66.21099090576172 11.60000038146973 25.30776214599609
    vertex 64.60580444335938 11.00000095367432 25.80867576599121
  endloop
endfacet
facet normal -0.9999884366989136 1.127912778332971e-15 0.004812318366020918
  outer loop
    vertex 66.21099090576172 21.60000038146973 25.30776214599609
    vertex 66.21099090576172 11.60000038146973 25.30776214599609
    vertex 66.21580505371094 11.60000038146973 26.30867576599121
  endloop
endfacet
facet normal -0.9999884366989136 0 0.004812318366020918
  outer loop
    vertex 66.21099090576172 21.60000038146973 25.30776214599609
    vertex 66.21580505371094 11.60000038146973 26.30867576599121
    vertex 66.21580505371094 21.60000038146973 26.30867576599121
  endloop
endfacet
facet normal 0.9999884366989136 -2.255949435234477e-15 0.004813509061932564
  outer loop
    vertex 114.6131591796875 21.60000038146973 26.30867576599121
    vertex 114.6179733276367 11.60000038146973 25.30776214599609
    vertex 114.6179733276367 21.60000038146973 25.30776214599609
  endloop
endfacet
facet normal 0.9999884366989136 -2.255949435234477e-15 0.004813509061932564
  outer loop
    vertex 114.6131591796875 21.60000038146973 26.30867576599121
    vertex 114.6131591796875 11.60000038146973 26.30867576599121
    vertex 114.6179733276367 11.60000038146973 25.30776214599609
  endloop
endfacet
facet normal 0.9986295104026794 -1.814138108737818e-17 0.05233652144670486
  outer loop
    vertex 116.0817718505859 23.20000076293945 28.50641632080078
    vertex 116.2231597900391 22.20000076293945 25.80867576599121
    vertex 116.2231597900391 23.20000076293945 25.80867576599121
  endloop
endfacet
facet normal -0.3511145412921906 -0.9363061785697937 0.007021363358944654
  outer loop
    vertex 66.21580505371094 21.60000038146973 26.30867576599121
    vertex 64.60580444335938 22.20000076293945 25.80867576599121
    vertex 66.205810546875 21.60000038146973 25.80867576599121
  endloop
endfacet
facet normal -0.3502882719039917 -0.9366335272789001 0.003967924043536186
  outer loop
    vertex 65.21524810791016 21.97500038146973 26.4985237121582
    vertex 64.60580444335938 22.20000076293945 25.80867576599121
    vertex 66.21580505371094 21.60000038146973 26.30867576599121
  endloop
endfacet
facet normal -0.365276038646698 -0.9307023882865906 0.01914325542747974
  outer loop
    vertex 64.7471923828125 22.20000076293945 28.50641632080078
    vertex 64.60580444335938 22.20000076293945 25.80867576599121
    vertex 65.21524810791016 21.97500038146973 26.4985237121582
  endloop
endfacet
facet normal 0.9986295104026794 -1.814138108737818e-17 0.05233652144670486
  outer loop
    vertex 116.0817718505859 23.20000076293945 28.50641632080078
    vertex 116.0817718505859 22.20000076293945 28.50641632080078
    vertex 116.2231597900391 22.20000076293945 25.80867576599121
  endloop
endfacet
facet normal 0.3511140644550323 0.936306357383728 0.007021102588623762
  outer loop
    vertex 114.6131591796875 11.60000038146973 26.30867576599121
    vertex 116.2231597900391 11.00000095367432 25.80867576599121
    vertex 114.6231536865234 11.60000038146973 25.80867576599121
  endloop
endfacet
facet normal -0.9986295700073242 0 0.05233581736683846
  outer loop
    vertex 64.60580444335938 11.00000095367432 25.80867576599121
    vertex 64.7471923828125 10 28.50641632080078
    vertex 64.7471923828125 11.00000095367432 28.50641632080078
  endloop
endfacet
facet normal -0.9986295700073242 -1.814135296323735e-17 0.05233581736683846
  outer loop
    vertex 64.60580444335938 11.00000095367432 25.80867576599121
    vertex 64.60580444335938 10 25.80867576599121
    vertex 64.7471923828125 10 28.50641632080078
  endloop
endfacet
facet normal 0.350288599729538 0.9366334080696106 0.003970715217292309
  outer loop
    vertex 115.6137161254883 11.22500038146973 26.4985237121582
    vertex 116.2231597900391 11.00000095367432 25.80867576599121
    vertex 114.6131591796875 11.60000038146973 26.30867576599121
  endloop
endfacet
facet normal 0.3652736842632294 0.930703341960907 0.01914339140057564
  outer loop
    vertex 116.0817718505859 11.00000095367432 28.50641632080078
    vertex 116.2231597900391 11.00000095367432 25.80867576599121
    vertex 115.6137161254883 11.22500038146973 26.4985237121582
  endloop
endfacet
facet normal -0.9986295700073242 1.814138274173941e-17 0.05233581736683846
  outer loop
    vertex 64.60580444335938 23.20000076293945 25.80867576599121
    vertex 64.7471923828125 22.20000076293945 28.50641632080078
    vertex 64.7471923828125 23.20000076293945 28.50641632080078
  endloop
endfacet
facet normal -0.9986295700073242 1.814138274173941e-17 0.05233581736683846
  outer loop
    vertex 64.60580444335938 23.20000076293945 25.80867576599121
    vertex 64.60580444335938 22.20000076293945 25.80867576599121
    vertex 64.7471923828125 22.20000076293945 28.50641632080078
  endloop
endfacet
facet normal 0.9986295104026794 0 0.05233652144670486
  outer loop
    vertex 116.0817718505859 11.00000095367432 28.50641632080078
    vertex 116.2231597900391 10 25.80867576599121
    vertex 116.2231597900391 11.00000095367432 25.80867576599121
  endloop
endfacet
facet normal 0.9986295104026794 0 0.05233652144670486
  outer loop
    vertex 116.0817718505859 11.00000095367432 28.50641632080078
    vertex 116.0817718505859 10 28.50641632080078
    vertex 116.2231597900391 10 25.80867576599121
  endloop
endfacet
facet normal 0.349779337644577 -0.9368060231208801 0.006994412746280432
  outer loop
    vertex 115.6137161254883 21.97500038146973 26.4985237121582
    vertex 114.6131591796875 21.60000038146973 26.30867576599121
    vertex 114.6231536865234 21.60000038146973 25.80867576599121
  endloop
endfacet
facet normal 0.3511188924312592 -0.936318576335907 0.004805957898497581
  outer loop
    vertex 115.6137161254883 21.97500038146973 26.4985237121582
    vertex 114.6231536865234 21.60000038146973 25.80867576599121
    vertex 116.2231597900391 22.20000076293945 25.80867576599121
  endloop
endfacet
facet normal -0.3497788906097412 0.9368061423301697 0.006994653958827257
  outer loop
    vertex 65.21524810791016 11.22500038146973 26.4985237121582
    vertex 66.21580505371094 11.60000038146973 26.30867576599121
    vertex 66.205810546875 11.60000038146973 25.80867576599121
  endloop
endfacet
facet normal -0.3511188924312592 0.936318576335907 0.004805449862033129
  outer loop
    vertex 65.21524810791016 11.22500038146973 26.4985237121582
    vertex 66.205810546875 11.60000038146973 25.80867576599121
    vertex 64.60580444335938 11.00000095367432 25.80867576599121
  endloop
endfacet
facet normal 0.3603704869747162 -0.9327017664909363 0.01415888220071793
  outer loop
    vertex 115.5901565551758 21.97500038146973 27.09806251525879
    vertex 115.6137161254883 21.97500038146973 26.4985237121582
    vertex 116.2231597900391 22.20000076293945 25.80867576599121
  endloop
endfacet
facet normal 0.3696635961532593 -0.9289636611938477 0.01937345787882805
  outer loop
    vertex 116.0817718505859 22.20000076293945 28.50641632080078
    vertex 115.5901565551758 21.97500038146973 27.09806251525879
    vertex 116.2231597900391 22.20000076293945 25.80867576599121
  endloop
endfacet
facet normal -0.3603717684745789 0.9327012896537781 0.014159613288939
  outer loop
    vertex 65.23880767822266 11.22500038146973 27.09806251525879
    vertex 65.21524810791016 11.22500038146973 26.4985237121582
    vertex 64.60580444335938 11.00000095367432 25.80867576599121
  endloop
endfacet
facet normal -0.3696630597114563 0.9289638996124268 0.01937316916882992
  outer loop
    vertex 64.7471923828125 11.00000095367432 28.50641632080078
    vertex 65.23880767822266 11.22500038146973 27.09806251525879
    vertex 64.60580444335938 11.00000095367432 25.80867576599121
  endloop
endfacet
facet normal -0.186415895819664 -2.245504195505851e-18 -0.9824709296226501
  outer loop
    vertex 66.21580505371094 21.60000038146973 26.30867576599121
    vertex 65.21524810791016 11.22500038146973 26.4985237121582
    vertex 65.21524810791016 21.97500038146973 26.4985237121582
  endloop
endfacet
facet normal -0.186415895819664 0 -0.9824709296226501
  outer loop
    vertex 66.21580505371094 11.60000038146973 26.30867576599121
    vertex 65.21524810791016 11.22500038146973 26.4985237121582
    vertex 66.21580505371094 21.60000038146973 26.30867576599121
  endloop
endfacet
facet normal 0.1864162534475327 -4.229802223621994e-16 -0.9824708700180054
  outer loop
    vertex 115.6137161254883 11.22500038146973 26.4985237121582
    vertex 114.6131591796875 11.60000038146973 26.30867576599121
    vertex 114.6131591796875 21.60000038146973 26.30867576599121
  endloop
endfacet
facet normal 0.1864162534475327 0 -0.9824708700180054
  outer loop
    vertex 115.6137161254883 11.22500038146973 26.4985237121582
    vertex 114.6131591796875 21.60000038146973 26.30867576599121
    vertex 115.6137161254883 21.97500038146973 26.4985237121582
  endloop
endfacet
facet normal -0.9992289543151855 3.975483273681784e-19 0.03926138579845428
  outer loop
    vertex 65.21524810791016 21.97500038146973 26.4985237121582
    vertex 65.21524810791016 11.22500038146973 26.4985237121582
    vertex 65.23880767822266 11.22500038146973 27.09806251525879
  endloop
endfacet
facet normal -0.9992289543151855 0 0.03926138579845428
  outer loop
    vertex 65.21524810791016 21.97500038146973 26.4985237121582
    vertex 65.23880767822266 11.22500038146973 27.09806251525879
    vertex 65.23880767822266 21.97500038146973 27.09806251525879
  endloop
endfacet
facet normal -0.3803958892822266 -0.9247029423713684 0.01494639459997416
  outer loop
    vertex 64.7471923828125 22.20000076293945 28.50641632080078
    vertex 65.21524810791016 21.97500038146973 26.4985237121582
    vertex 65.23880767822266 21.97500038146973 27.09806251525879
  endloop
endfacet
facet normal 0.9992290735244751 -1.987741766087863e-19 0.03925950452685356
  outer loop
    vertex 115.5901565551758 21.97500038146973 27.09806251525879
    vertex 115.6137161254883 11.22500038146973 26.4985237121582
    vertex 115.6137161254883 21.97500038146973 26.4985237121582
  endloop
endfacet
facet normal 0.9992290735244751 -1.987741766087863e-19 0.03925950452685356
  outer loop
    vertex 115.5901565551758 21.97500038146973 27.09806251525879
    vertex 115.5901565551758 11.22500038146973 27.09806251525879
    vertex 115.6137161254883 11.22500038146973 26.4985237121582
  endloop
endfacet
facet normal 0.3803965151309967 0.9247027039527893 0.01494570076465607
  outer loop
    vertex 116.0817718505859 11.00000095367432 28.50641632080078
    vertex 115.6137161254883 11.22500038146973 26.4985237121582
    vertex 115.5901565551758 11.22500038146973 27.09806251525879
  endloop
endfacet
facet normal -0.1087585464119911 2.240833106586765e-18 0.9940682053565979
  outer loop
    vertex 66.24629974365234 21.60000038146973 27.20829010009766
    vertex 65.23880767822266 21.97500038146973 27.09806251525879
    vertex 65.23880767822266 11.22500038146973 27.09806251525879
  endloop
endfacet
facet normal -0.3501232266426086 -0.9363037943840027 0.02736705914139748
  outer loop
    vertex 64.7471923828125 22.20000076293945 28.50641632080078
    vertex 65.23880767822266 21.97500038146973 27.09806251525879
    vertex 65.52127838134766 21.9081859588623 28.42602729797363
  endloop
endfacet
facet normal -0.351352334022522 -0.9358348846435547 0.02765209972858429
  outer loop
    vertex 65.52127838134766 21.9081859588623 28.42602729797363
    vertex 65.23880767822266 21.97500038146973 27.09806251525879
    vertex 66.24629974365234 21.60000038146973 27.20829010009766
  endloop
endfacet
facet normal 0.1087584942579269 0 0.9940682053565979
  outer loop
    vertex 115.5901565551758 21.97500038146973 27.09806251525879
    vertex 114.5826644897461 21.60000038146973 27.20829010009766
    vertex 115.5901565551758 11.22500038146973 27.09806251525879
  endloop
endfacet
facet normal 0.35135218501091 -0.9358349442481995 0.02765174210071564
  outer loop
    vertex 115.3076858520508 21.9081859588623 28.42602729797363
    vertex 114.5826644897461 21.60000038146973 27.20829010009766
    vertex 115.5901565551758 21.97500038146973 27.09806251525879
  endloop
endfacet
facet normal 0.350123792886734 -0.9363035559654236 0.02736686915159225
  outer loop
    vertex 116.0817718505859 22.20000076293945 28.50641632080078
    vertex 115.3076858520508 21.9081859588623 28.42602729797363
    vertex 115.5901565551758 21.97500038146973 27.09806251525879
  endloop
endfacet
facet normal -0.1087585464119911 2.589562733466923e-18 0.9940682053565979
  outer loop
    vertex 66.24629974365234 21.60000038146973 27.20829010009766
    vertex 65.23880767822266 11.22500038146973 27.09806251525879
    vertex 66.24629974365234 11.60000038146973 27.20829010009766
  endloop
endfacet
facet normal -0.3513525128364563 0.9358348250389099 0.02765163034200668
  outer loop
    vertex 65.52127838134766 11.29181575775146 28.42602729797363
    vertex 66.24629974365234 11.60000038146973 27.20829010009766
    vertex 65.23880767822266 11.22500038146973 27.09806251525879
  endloop
endfacet
facet normal -0.3501232862472534 0.9363037943840027 0.02736656554043293
  outer loop
    vertex 64.7471923828125 11.00000095367432 28.50641632080078
    vertex 65.52127838134766 11.29181575775146 28.42602729797363
    vertex 65.23880767822266 11.22500038146973 27.09806251525879
  endloop
endfacet
facet normal 0.1087584942579269 1.294780125962543e-18 0.9940682053565979
  outer loop
    vertex 115.5901565551758 11.22500038146973 27.09806251525879
    vertex 114.5826644897461 21.60000038146973 27.20829010009766
    vertex 114.5826644897461 11.60000038146973 27.20829010009766
  endloop
endfacet
facet normal 0.3501238226890564 0.9363035559654236 0.02736637555062771
  outer loop
    vertex 116.0817718505859 11.00000095367432 28.50641632080078
    vertex 115.5901565551758 11.22500038146973 27.09806251525879
    vertex 115.3076858520508 11.29181575775146 28.42602729797363
  endloop
endfacet
facet normal 0.351352334022522 0.9358348846435547 0.02765127457678318
  outer loop
    vertex 115.3076858520508 11.29181575775146 28.42602729797363
    vertex 115.5901565551758 11.22500038146973 27.09806251525879
    vertex 114.5826644897461 11.60000038146973 27.20829010009766
  endloop
endfacet
facet normal -0.3513519167900085 -0.9358350038528442 0.02765239775180817
  outer loop
    vertex 65.52127838134766 21.9081859588623 28.42602729797363
    vertex 66.24629974365234 21.60000038146973 27.20829010009766
    vertex 66.32490539550781 21.60000038146973 28.20702934265137
  endloop
endfacet
facet normal 0.3513521254062653 -0.9358349442481995 0.02765178307890892
  outer loop
    vertex 115.3076858520508 21.9081859588623 28.42602729797363
    vertex 114.5040588378906 21.60000038146973 28.20702934265137
    vertex 114.5826644897461 21.60000038146973 27.20829010009766
  endloop
endfacet
facet normal -0.3513514399528503 0.9358351826667786 0.02765236049890518
  outer loop
    vertex 65.52127838134766 11.29181575775146 28.42602729797363
    vertex 66.32490539550781 11.60000038146973 28.20702934265137
    vertex 66.24629974365234 11.60000038146973 27.20829010009766
  endloop
endfacet
facet normal 0.3513516485691071 0.9358351230621338 0.02765174582600594
  outer loop
    vertex 115.3076858520508 11.29181575775146 28.42602729797363
    vertex 114.5826644897461 11.60000038146973 27.20829010009766
    vertex 114.5040588378906 11.60000038146973 28.20702934265137
  endloop
endfacet
facet normal -0.9969172477722168 0 0.07846023142337799
  outer loop
    vertex 66.24629974365234 21.60000038146973 27.20829010009766
    vertex 66.24629974365234 11.60000038146973 27.20829010009766
    vertex 66.32490539550781 11.60000038146973 28.20702934265137
  endloop
endfacet
facet normal -0.9969172477722168 6.606802187867961e-19 0.07846023142337799
  outer loop
    vertex 66.24629974365234 21.60000038146973 27.20829010009766
    vertex 66.32490539550781 11.60000038146973 28.20702934265137
    vertex 66.32490539550781 21.60000038146973 28.20702934265137
  endloop
endfacet
facet normal 0.9969173669815063 0 0.07845845818519592
  outer loop
    vertex 114.5040588378906 21.60000038146973 28.20702934265137
    vertex 114.5826644897461 11.60000038146973 27.20829010009766
    vertex 114.5826644897461 21.60000038146973 27.20829010009766
  endloop
endfacet
facet normal 0.9969173669815063 0 0.07845845818519592
  outer loop
    vertex 114.5040588378906 21.60000038146973 28.20702934265137
    vertex 114.5040588378906 11.60000038146973 28.20702934265137
    vertex 114.5826644897461 11.60000038146973 27.20829010009766
  endloop
endfacet
facet normal -0.2629251778125763 -6.002646557590197e-08 -0.9648162126541138
  outer loop
    vertex 66.32490539550781 21.60000038146973 28.20702934265137
    vertex 65.34705352783203 11.22500038146973 28.47350692749023
    vertex 65.52127838134766 21.9081859588623 28.42602729797363
  endloop
endfacet
facet normal -0.262928694486618 2.976389623654541e-07 -0.9648152589797974
  outer loop
    vertex 66.32490539550781 21.60000038146973 28.20702934265137
    vertex 65.52127838134766 11.29181575775146 28.42602729797363
    vertex 65.34705352783203 11.22500038146973 28.47350692749023
  endloop
endfacet
facet normal -0.2629251480102539 0 -0.9648162126541138
  outer loop
    vertex 66.32490539550781 11.60000038146973 28.20702934265137
    vertex 65.52127838134766 11.29181575775146 28.42602729797363
    vertex 66.32490539550781 21.60000038146973 28.20702934265137
  endloop
endfacet
facet normal 0.2629251778125763 -1.975177228625306e-18 -0.9648162126541138
  outer loop
    vertex 115.3076858520508 21.9081859588623 28.42602729797363
    vertex 114.5040588378906 11.60000038146973 28.20702934265137
    vertex 114.5040588378906 21.60000038146973 28.20702934265137
  endloop
endfacet
facet normal 0.2629252076148987 9.438203818490365e-08 -0.9648162126541138
  outer loop
    vertex 115.4819107055664 21.97500038146973 28.47350692749023
    vertex 115.3076858520508 11.29181575775146 28.42602729797363
    vertex 114.5040588378906 11.60000038146973 28.20702934265137
  endloop
endfacet
facet normal 0.2629307806491852 -4.679931464579568e-07 -0.9648147225379944
  outer loop
    vertex 115.4819107055664 21.97500038146973 28.47350692749023
    vertex 114.5040588378906 11.60000038146973 28.20702934265137
    vertex 115.3076858520508 21.9081859588623 28.42602729797363
  endloop
endfacet
facet normal -0.2629286050796509 5.681805399929006e-19 -0.9648153185844421
  outer loop
    vertex 65.52127838134766 21.9081859588623 28.42602729797363
    vertex 65.34705352783203 11.22500038146973 28.47350692749023
    vertex 65.34705352783203 21.97500038146973 28.47350692749023
  endloop
endfacet
facet normal -0.349222719669342 -0.9363412261009216 0.03617433086037636
  outer loop
    vertex 64.7471923828125 22.20000076293945 28.50641632080078
    vertex 65.52127838134766 21.9081859588623 28.42602729797363
    vertex 65.34705352783203 21.97500038146973 28.47350692749023
  endloop
endfacet
facet normal 0.3492218554019928 -0.9363410472869873 0.03618781641125679
  outer loop
    vertex 116.0817718505859 22.20000076293945 28.50641632080078
    vertex 115.4819107055664 21.97500038146973 28.47350692749023
    vertex 115.3076858520508 21.9081859588623 28.42602729797363
  endloop
endfacet
facet normal -0.3492203652858734 0.9363412261009216 0.03619712218642235
  outer loop
    vertex 64.7471923828125 11.00000095367432 28.50641632080078
    vertex 65.34705352783203 11.22500038146973 28.47350692749023
    vertex 65.52127838134766 11.29181575775146 28.42602729797363
  endloop
endfacet
facet normal 0.2629306018352509 -5.681895355820622e-19 -0.9648147225379944
  outer loop
    vertex 115.4819107055664 11.22500038146973 28.47350692749023
    vertex 115.3076858520508 11.29181575775146 28.42602729797363
    vertex 115.4819107055664 21.97500038146973 28.47350692749023
  endloop
endfacet
facet normal 0.3492194712162018 0.9363410472869873 0.03621060773730278
  outer loop
    vertex 116.0817718505859 11.00000095367432 28.50641632080078
    vertex 115.3076858520508 11.29181575775146 28.42602729797363
    vertex 115.4819107055664 11.22500038146973 28.47350692749023
  endloop
endfacet
facet normal -0.9930685758590698 0 0.117536224424839
  outer loop
    vertex 65.34705352783203 21.97500038146973 28.47350692749023
    vertex 65.34705352783203 11.22500038146973 28.47350692749023
    vertex 65.41757965087891 11.22500038146973 29.0693473815918
  endloop
endfacet
facet normal -0.9930685758590698 1.04164511963308e-15 0.117536224424839
  outer loop
    vertex 65.34705352783203 21.97500038146973 28.47350692749023
    vertex 65.41757965087891 11.22500038146973 29.0693473815918
    vertex 65.41757965087891 21.97500038146973 29.0693473815918
  endloop
endfacet
facet normal -0.3489065170288086 -0.9362472295761108 0.04129539057612419
  outer loop
    vertex 65.41757965087891 21.97500038146973 29.0693473815918
    vertex 64.7471923828125 22.20000076293945 28.50641632080078
    vertex 65.34705352783203 21.97500038146973 28.47350692749023
  endloop
endfacet
facet normal 0.9930684566497803 0 0.1175373047590256
  outer loop
    vertex 115.4113845825195 21.97500038146973 29.0693473815918
    vertex 115.4819107055664 11.22500038146973 28.47350692749023
    vertex 115.4819107055664 21.97500038146973 28.47350692749023
  endloop
endfacet
facet normal 0.3489064574241638 -0.9362472891807556 0.04129576683044434
  outer loop
    vertex 115.4113845825195 21.97500038146973 29.0693473815918
    vertex 115.4819107055664 21.97500038146973 28.47350692749023
    vertex 116.0817718505859 22.20000076293945 28.50641632080078
  endloop
endfacet
facet normal -0.3489055633544922 0.9362476468086243 0.04129527881741524
  outer loop
    vertex 65.41757965087891 11.22500038146973 29.0693473815918
    vertex 65.34705352783203 11.22500038146973 28.47350692749023
    vertex 64.7471923828125 11.00000095367432 28.50641632080078
  endloop
endfacet
facet normal 0.9930684566497803 -2.083289815749687e-15 0.1175373047590256
  outer loop
    vertex 115.4113845825195 21.97500038146973 29.0693473815918
    vertex 115.4113845825195 11.22500038146973 29.0693473815918
    vertex 115.4819107055664 11.22500038146973 28.47350692749023
  endloop
endfacet
facet normal 0.348905473947525 0.9362476468086243 0.04129565134644508
  outer loop
    vertex 115.4113845825195 11.22500038146973 29.0693473815918
    vertex 116.0817718505859 11.00000095367432 28.50641632080078
    vertex 115.4819107055664 11.22500038146973 28.47350692749023
  endloop
endfacet
facet normal -0.9876882433891296 -7.336933214667745e-17 0.15643510222435
  outer loop
    vertex 64.7471923828125 23.20000076293945 28.50641632080078
    vertex 65.16979217529297 22.20000076293945 31.17460060119629
    vertex 65.16979217529297 23.20000076293945 31.17460060119629
  endloop
endfacet
facet normal -0.9876882433891296 -3.668466607333873e-17 0.15643510222435
  outer loop
    vertex 64.7471923828125 23.20000076293945 28.50641632080078
    vertex 64.7471923828125 22.20000076293945 28.50641632080078
    vertex 65.16979217529297 22.20000076293945 31.17460060119629
  endloop
endfacet
facet normal 0.9876883029937744 -7.336933876412235e-17 0.1564347892999649
  outer loop
    vertex 115.6591720581055 23.20000076293945 31.17460060119629
    vertex 116.0817718505859 22.20000076293945 28.50641632080078
    vertex 116.0817718505859 23.20000076293945 28.50641632080078
  endloop
endfacet
facet normal -0.3604183793067932 -0.9310423731803894 0.05708504468202591
  outer loop
    vertex 65.63340759277344 21.97500038146973 30.43206024169922
    vertex 64.7471923828125 22.20000076293945 28.50641632080078
    vertex 65.41757965087891 21.97500038146973 29.0693473815918
  endloop
endfacet
facet normal -0.3604179620742798 -0.9310425519943237 0.0570848323404789
  outer loop
    vertex 65.16979217529297 22.20000076293945 31.17460060119629
    vertex 64.7471923828125 22.20000076293945 28.50641632080078
    vertex 65.63340759277344 21.97500038146973 30.43206024169922
  endloop
endfacet
facet normal 0.9876883029937744 -3.668466938206118e-17 0.1564347892999649
  outer loop
    vertex 115.6591720581055 23.20000076293945 31.17460060119629
    vertex 115.6591720581055 22.20000076293945 31.17460060119629
    vertex 116.0817718505859 22.20000076293945 28.50641632080078
  endloop
endfacet
facet normal 0.3604177534580231 -0.9310426115989685 0.05708468705415726
  outer loop
    vertex 115.6591720581055 22.20000076293945 31.17460060119629
    vertex 115.4113845825195 21.97500038146973 29.0693473815918
    vertex 116.0817718505859 22.20000076293945 28.50641632080078
  endloop
endfacet
facet normal -0.9876882433891296 0 0.15643510222435
  outer loop
    vertex 64.7471923828125 11.00000095367432 28.50641632080078
    vertex 64.7471923828125 10 28.50641632080078
    vertex 65.16979217529297 10 31.17460060119629
  endloop
endfacet
facet normal -0.9876882433891296 0 0.15643510222435
  outer loop
    vertex 64.7471923828125 11.00000095367432 28.50641632080078
    vertex 65.16979217529297 10 31.17460060119629
    vertex 65.16979217529297 11.00000095367432 31.17460060119629
  endloop
endfacet
facet normal -0.360416978597641 0.9310429096221924 0.05708467587828636
  outer loop
    vertex 65.16979217529297 11.00000095367432 31.17460060119629
    vertex 65.63340759277344 11.22500038146973 30.43206024169922
    vertex 64.7471923828125 11.00000095367432 28.50641632080078
  endloop
endfacet
facet normal -0.3604173958301544 0.9310427904129028 0.05708488821983337
  outer loop
    vertex 65.63340759277344 11.22500038146973 30.43206024169922
    vertex 65.41757965087891 11.22500038146973 29.0693473815918
    vertex 64.7471923828125 11.00000095367432 28.50641632080078
  endloop
endfacet
facet normal 0.9876883029937744 0 0.1564347892999649
  outer loop
    vertex 115.6591720581055 11.00000095367432 31.17460060119629
    vertex 116.0817718505859 10 28.50641632080078
    vertex 116.0817718505859 11.00000095367432 28.50641632080078
  endloop
endfacet
facet normal 0.3604167401790619 0.9310430288314819 0.05708453059196472
  outer loop
    vertex 115.6591720581055 11.00000095367432 31.17460060119629
    vertex 116.0817718505859 11.00000095367432 28.50641632080078
    vertex 115.4113845825195 11.22500038146973 29.0693473815918
  endloop
endfacet
facet normal 0.9876883029937744 -3.668460651633462e-17 0.1564347892999649
  outer loop
    vertex 115.6591720581055 11.00000095367432 31.17460060119629
    vertex 115.6591720581055 10 31.17460060119629
    vertex 116.0817718505859 10 28.50641632080078
  endloop
endfacet
facet normal -0.03043071180582047 3.259271938832466e-17 0.9995368719100952
  outer loop
    vertex 66.43061828613281 21.60000038146973 29.10018920898438
    vertex 65.41757965087891 21.97500038146973 29.0693473815918
    vertex 65.41757965087891 11.22500038146973 29.0693473815918
  endloop
endfacet
facet normal -0.3480989933013916 -0.9358351230621338 0.055133156478405
  outer loop
    vertex 66.58733367919922 21.60000038146973 30.08968162536621
    vertex 65.41757965087891 21.97500038146973 29.0693473815918
    vertex 66.43061828613281 21.60000038146973 29.10018920898438
  endloop
endfacet
facet normal -0.3480995893478394 -0.9358348846435547 0.05513392761349678
  outer loop
    vertex 65.63340759277344 21.97500038146973 30.43206024169922
    vertex 65.41757965087891 21.97500038146973 29.0693473815918
    vertex 66.58733367919922 21.60000038146973 30.08968162536621
  endloop
endfacet
facet normal 0.03043076768517494 -6.379281734968974e-17 0.9995368719100952
  outer loop
    vertex 115.4113845825195 21.97500038146973 29.0693473815918
    vertex 114.3983459472656 21.60000038146973 29.10018920898438
    vertex 115.4113845825195 11.22500038146973 29.0693473815918
  endloop
endfacet
facet normal 0.348099559545517 -0.9358349442481995 0.05513335764408112
  outer loop
    vertex 115.195556640625 21.97500038146973 30.43206024169922
    vertex 114.3983459472656 21.60000038146973 29.10018920898438
    vertex 115.4113845825195 21.97500038146973 29.0693473815918
  endloop
endfacet
facet normal 0.3604187667369843 -0.9310422539710999 0.05708452686667442
  outer loop
    vertex 115.6591720581055 22.20000076293945 31.17460060119629
    vertex 115.195556640625 21.97500038146973 30.43206024169922
    vertex 115.4113845825195 21.97500038146973 29.0693473815918
  endloop
endfacet
facet normal -0.03043071180582047 0 0.9995368719100952
  outer loop
    vertex 66.43061828613281 21.60000038146973 29.10018920898438
    vertex 65.41757965087891 11.22500038146973 29.0693473815918
    vertex 66.43061828613281 11.60000038146973 29.10018920898438
  endloop
endfacet
facet normal -0.3480991721153259 0.935835063457489 0.05513386428356171
  outer loop
    vertex 65.63340759277344 11.22500038146973 30.43206024169922
    vertex 66.43061828613281 11.60000038146973 29.10018920898438
    vertex 65.41757965087891 11.22500038146973 29.0693473815918
  endloop
endfacet
facet normal 0.03043076768517494 3.21923908552189e-19 0.9995368719100952
  outer loop
    vertex 115.4113845825195 11.22500038146973 29.0693473815918
    vertex 114.3983459472656 21.60000038146973 29.10018920898438
    vertex 114.3983459472656 11.60000038146973 29.10018920898438
  endloop
endfacet
facet normal 0.3480997383594513 0.9358348846435547 0.05513323098421097
  outer loop
    vertex 114.2416305541992 11.60000038146973 30.08968162536621
    vertex 115.4113845825195 11.22500038146973 29.0693473815918
    vertex 114.3983459472656 11.60000038146973 29.10018920898438
  endloop
endfacet
facet normal 0.3480998873710632 0.9358348250389099 0.05513340979814529
  outer loop
    vertex 115.195556640625 11.22500038146973 30.43206024169922
    vertex 115.4113845825195 11.22500038146973 29.0693473815918
    vertex 114.2416305541992 11.60000038146973 30.08968162536621
  endloop
endfacet
facet normal 0.3604177832603455 0.9310426115989685 0.05708436667919159
  outer loop
    vertex 115.6591720581055 11.00000095367432 31.17460060119629
    vertex 115.4113845825195 11.22500038146973 29.0693473815918
    vertex 115.195556640625 11.22500038146973 30.43206024169922
  endloop
endfacet
facet normal 0.3480997383594513 -0.9358348846435547 0.05513323098421097
  outer loop
    vertex 115.195556640625 21.97500038146973 30.43206024169922
    vertex 114.2416305541992 21.60000038146973 30.08968162536621
    vertex 114.3983459472656 21.60000038146973 29.10018920898438
  endloop
endfacet
facet normal -0.3480999767780304 0.9358347654342651 0.05513331294059753
  outer loop
    vertex 65.63340759277344 11.22500038146973 30.43206024169922
    vertex 66.58733367919922 11.60000038146973 30.08968162536621
    vertex 66.43061828613281 11.60000038146973 29.10018920898438
  endloop
endfacet
facet normal -0.9876884818077087 -2.667420281442865e-18 0.1564336121082306
  outer loop
    vertex 66.43061828613281 21.60000038146973 29.10018920898438
    vertex 66.43061828613281 11.60000038146973 29.10018920898438
    vertex 66.58733367919922 11.60000038146973 30.08968162536621
  endloop
endfacet
facet normal -0.9876884818077087 1.113648002347379e-15 0.1564336121082306
  outer loop
    vertex 66.43061828613281 21.60000038146973 29.10018920898438
    vertex 66.58733367919922 11.60000038146973 30.08968162536621
    vertex 66.58733367919922 21.60000038146973 30.08968162536621
  endloop
endfacet
facet normal 0.9876884818077087 0 0.156433492898941
  outer loop
    vertex 114.2416305541992 21.60000038146973 30.08968162536621
    vertex 114.3983459472656 11.60000038146973 29.10018920898438
    vertex 114.3983459472656 21.60000038146973 29.10018920898438
  endloop
endfacet
facet normal 0.9876884818077087 -2.225962351319307e-15 0.156433492898941
  outer loop
    vertex 114.2416305541992 21.60000038146973 30.08968162536621
    vertex 114.2416305541992 11.60000038146973 30.08968162536621
    vertex 114.3983459472656 11.60000038146973 29.10018920898438
  endloop
endfacet
facet normal -5.635058958096164e-31 1 8.197897014887458e-32
  outer loop
    vertex 87.71674346923828 23.20000076293945 0.1413822174072266
    vertex 93.11222076416016 23.20000076293945 0.1413822174072266
    vertex 90.41448211669922 23.20000076293945 0
  endloop
endfacet
facet normal -5.635058958096164e-31 1 8.197897014887458e-32
  outer loop
    vertex 93.11222076416016 23.20000076293945 0.1413822174072266
    vertex 87.71674346923828 23.20000076293945 0.1413822174072266
    vertex 85.04855346679688 23.20000076293945 0.5639828443527222
  endloop
endfacet
facet normal -5.635058958096164e-31 1 8.197897014887458e-32
  outer loop
    vertex 93.11222076416016 23.20000076293945 0.1413822174072266
    vertex 85.04855346679688 23.20000076293945 0.5639828443527222
    vertex 95.78041076660156 23.20000076293945 0.5639828443527222
  endloop
endfacet
facet normal -5.635058958096164e-31 1 8.197897014887458e-32
  outer loop
    vertex 95.78041076660156 23.20000076293945 0.5639828443527222
    vertex 85.04855346679688 23.20000076293945 0.5639828443527222
    vertex 82.43916320800781 23.20000076293945 1.26316773891449
  endloop
endfacet
facet normal -5.635058958096164e-31 1 8.197897014887458e-32
  outer loop
    vertex 95.78041076660156 23.20000076293945 0.5639828443527222
    vertex 82.43916320800781 23.20000076293945 1.26316773891449
    vertex 98.38980102539062 23.20000076293945 1.26316773891449
  endloop
endfacet
facet normal -5.635058958096164e-31 1 8.197897014887458e-32
  outer loop
    vertex 98.38980102539062 23.20000076293945 1.26316773891449
    vertex 82.43916320800781 23.20000076293945 1.26316773891449
    vertex 79.91715240478516 23.20000076293945 2.231277465820312
  endloop
endfacet
facet normal -5.635058958096164e-31 1 8.197897014887458e-32
  outer loop
    vertex 98.38980102539062 23.20000076293945 1.26316773891449
    vertex 79.91715240478516 23.20000076293945 2.231277465820312
    vertex 100.9118118286133 23.20000076293945 2.231277465820312
  endloop
endfacet
facet normal -5.635058958096164e-31 1 8.197897014887458e-32
  outer loop
    vertex 100.9118118286133 23.20000076293945 2.231277465820312
    vertex 79.91715240478516 23.20000076293945 2.231277465820312
    vertex 77.51014709472656 23.20000076293945 3.457706451416016
  endloop
endfacet
facet normal -5.635058958096164e-31 1 8.197897014887458e-32
  outer loop
    vertex 100.9118118286133 23.20000076293945 2.231277465820312
    vertex 77.51014709472656 23.20000076293945 3.457706451416016
    vertex 103.3188171386719 23.20000076293945 3.457706451416016
  endloop
endfacet
facet normal -5.635058958096164e-31 1 8.197897014887458e-32
  outer loop
    vertex 103.3188171386719 23.20000076293945 3.457706451416016
    vertex 77.51014709472656 23.20000076293945 3.457706451416016
    vertex 75.24452209472656 23.20000076293945 4.929018974304199
  endloop
endfacet
facet normal -5.635058958096164e-31 1 8.197897014887458e-32
  outer loop
    vertex 103.3188171386719 23.20000076293945 3.457706451416016
    vertex 75.24452209472656 23.20000076293945 4.929018974304199
    vertex 105.5844421386719 23.20000076293945 4.929018974304199
  endloop
endfacet
facet normal -5.635058958096164e-31 1 8.197897014887458e-32
  outer loop
    vertex 105.5844421386719 23.20000076293945 4.929018974304199
    vertex 75.24452209472656 23.20000076293945 4.929018974304199
    vertex 73.14511108398438 23.20000076293945 6.629092693328857
  endloop
endfacet
facet normal -5.635058958096164e-31 1 8.197897014887458e-32
  outer loop
    vertex 105.5844421386719 23.20000076293945 4.929018974304199
    vertex 73.14511108398438 23.20000076293945 6.629092693328857
    vertex 107.6838531494141 23.20000076293945 6.629092693328857
  endloop
endfacet
facet normal -5.635058958096164e-31 1 8.197897014887458e-32
  outer loop
    vertex 107.6838531494141 23.20000076293945 6.629092693328857
    vertex 73.14511108398438 23.20000076293945 6.629092693328857
    vertex 71.23490142822266 23.20000076293945 8.539299964904785
  endloop
endfacet
facet normal -5.635058958096164e-31 1 8.197897014887458e-32
  outer loop
    vertex 107.6838531494141 23.20000076293945 6.629092693328857
    vertex 71.23490142822266 23.20000076293945 8.539299964904785
    vertex 109.5940628051758 23.20000076293945 8.539299964904785
  endloop
endfacet
facet normal -5.635058958096164e-31 1 8.197897014887458e-32
  outer loop
    vertex 109.5940628051758 23.20000076293945 8.539299964904785
    vertex 71.23490142822266 23.20000076293945 8.539299964904785
    vertex 69.53482818603516 23.20000076293945 10.63871669769287
  endloop
endfacet
facet normal -5.635058958096164e-31 1 8.197897014887458e-32
  outer loop
    vertex 109.5940628051758 23.20000076293945 8.539299964904785
    vertex 69.53482818603516 23.20000076293945 10.63871669769287
    vertex 111.2941360473633 23.20000076293945 10.63871669769287
  endloop
endfacet
facet normal -5.635058958096164e-31 1 8.197897014887458e-32
  outer loop
    vertex 111.2941360473633 23.20000076293945 10.63871669769287
    vertex 69.53482818603516 23.20000076293945 10.63871669769287
    vertex 68.06351470947266 23.20000076293945 12.90433788299561
  endloop
endfacet
facet normal -5.635058958096164e-31 1 8.197897014887458e-32
  outer loop
    vertex 111.2941360473633 23.20000076293945 10.63871669769287
    vertex 68.06351470947266 23.20000076293945 12.90433788299561
    vertex 112.7654495239258 23.20000076293945 12.90433788299561
  endloop
endfacet
facet normal -5.635058958096164e-31 1 8.197897014887458e-32
  outer loop
    vertex 112.7654495239258 23.20000076293945 12.90433788299561
    vertex 68.06351470947266 23.20000076293945 12.90433788299561
    vertex 66.83708190917969 23.20000076293945 15.31134128570557
  endloop
endfacet
facet normal -5.635058958096164e-31 1 8.197897014887458e-32
  outer loop
    vertex 112.7654495239258 23.20000076293945 12.90433788299561
    vertex 66.83708190917969 23.20000076293945 15.31134128570557
    vertex 113.9918823242188 23.20000076293945 15.31134128570557
  endloop
endfacet
facet normal -5.635058958096164e-31 1 8.197897014887458e-32
  outer loop
    vertex 113.9918823242188 23.20000076293945 15.31134128570557
    vertex 66.83708190917969 23.20000076293945 15.31134128570557
    vertex 90.38753509521484 23.20000076293945 15.53073024749756
  endloop
endfacet
facet normal -5.635058958096164e-31 1 8.197897014887458e-32
  outer loop
    vertex 90.38753509521484 23.20000076293945 15.53073024749756
    vertex 66.83708190917969 23.20000076293945 15.31134128570557
    vertex 89.41238403320312 23.20000076293945 15.57981967926025
  endloop
endfacet
facet normal -5.635058958096164e-31 1 8.197897014887458e-32
  outer loop
    vertex 89.41238403320312 23.20000076293945 15.57981967926025
    vertex 66.83708190917969 23.20000076293945 15.31134128570557
    vertex 65.86897277832031 23.20000076293945 17.83335494995117
  endloop
endfacet
facet normal -5.635058958096164e-31 1 8.197897014887458e-32
  outer loop
    vertex 89.41238403320312 23.20000076293945 15.57981967926025
    vertex 65.86897277832031 23.20000076293945 17.83335494995117
    vertex 88.44631958007812 23.20000076293945 15.72137928009033
  endloop
endfacet
facet normal -5.635058958096164e-31 1 8.197897014887458e-32
  outer loop
    vertex 88.44631958007812 23.20000076293945 15.72137928009033
    vertex 65.86897277832031 23.20000076293945 17.83335494995117
    vertex 87.49808502197266 23.20000076293945 15.95412826538086
  endloop
endfacet
facet normal -5.635058958096164e-31 1 8.197897014887458e-32
  outer loop
    vertex 87.49808502197266 23.20000076293945 15.95412826538086
    vertex 65.86897277832031 23.20000076293945 17.83335494995117
    vertex 86.57627105712891 23.20000076293945 16.27595901489258
  endloop
endfacet
facet normal -5.635058958096164e-31 1 8.197897014887458e-32
  outer loop
    vertex 86.57627105712891 23.20000076293945 16.27595901489258
    vertex 65.86897277832031 23.20000076293945 17.83335494995117
    vertex 85.68922424316406 23.20000076293945 16.68395614624023
  endloop
endfacet
facet normal -5.635058958096164e-31 1 8.197897014887458e-32
  outer loop
    vertex 85.68922424316406 23.20000076293945 16.68395614624023
    vertex 65.86897277832031 23.20000076293945 17.83335494995117
    vertex 84.844970703125 23.20000076293945 17.1744270324707
  endloop
endfacet
facet normal -5.635058958096164e-31 1 8.197897014887458e-32
  outer loop
    vertex 84.844970703125 23.20000076293945 17.1744270324707
    vertex 65.86897277832031 23.20000076293945 17.83335494995117
    vertex 84.05116271972656 23.20000076293945 17.7429256439209
  endloop
endfacet
facet normal -5.635058958096164e-31 1 8.197897014887458e-32
  outer loop
    vertex 84.05116271972656 23.20000076293945 17.7429256439209
    vertex 65.86897277832031 23.20000076293945 17.83335494995117
    vertex 83.31499481201172 23.20000076293945 18.38430786132812
  endloop
endfacet
facet normal -5.635058958096164e-31 1 8.197897014887458e-32
  outer loop
    vertex 83.31499481201172 23.20000076293945 18.38430786132812
    vertex 65.86897277832031 23.20000076293945 17.83335494995117
    vertex 65.16979217529297 23.20000076293945 20.4427490234375
  endloop
endfacet
facet normal -5.635058958096164e-31 1 8.197897014887458e-32
  outer loop
    vertex 83.31499481201172 23.20000076293945 18.38430786132812
    vertex 65.16979217529297 23.20000076293945 20.4427490234375
    vertex 82.64311981201172 23.20000076293945 19.0927619934082
  endloop
endfacet
facet normal -5.635058958096164e-31 1 8.197897014887458e-32
  outer loop
    vertex 82.64311981201172 23.20000076293945 19.0927619934082
    vertex 65.16979217529297 23.20000076293945 20.4427490234375
    vertex 82.04163360595703 23.20000076293945 19.86187553405762
  endloop
endfacet
facet normal -5.635058958096164e-31 1 8.197897014887458e-32
  outer loop
    vertex 82.04163360595703 23.20000076293945 19.86187553405762
    vertex 65.16979217529297 23.20000076293945 20.4427490234375
    vertex 81.51598358154297 23.20000076293945 20.6846809387207
  endloop
endfacet
facet normal -5.635058958096164e-31 1 8.197897014887458e-32
  outer loop
    vertex 81.51598358154297 23.20000076293945 20.6846809387207
    vertex 65.16979217529297 23.20000076293945 20.4427490234375
    vertex 64.7471923828125 23.20000076293945 23.11093330383301
  endloop
endfacet
facet normal -5.635058958096164e-31 1 8.197897014887458e-32
  outer loop
    vertex 81.51598358154297 23.20000076293945 20.6846809387207
    vertex 64.7471923828125 23.20000076293945 23.11093330383301
    vertex 81.0709228515625 23.20000076293945 21.55372619628906
  endloop
endfacet
facet normal -5.635058958096164e-31 1 8.197897014887458e-32
  outer loop
    vertex 81.0709228515625 23.20000076293945 21.55372619628906
    vertex 64.7471923828125 23.20000076293945 23.11093330383301
    vertex 80.71047973632812 23.20000076293945 22.46114158630371
  endloop
endfacet
facet normal -5.635058958096164e-31 1 8.197897014887458e-32
  outer loop
    vertex 80.71047973632812 23.20000076293945 22.46114158630371
    vertex 64.7471923828125 23.20000076293945 23.11093330383301
    vertex 80.43793487548828 23.20000076293945 23.39871215820312
  endloop
endfacet
facet normal -5.635058958096164e-31 1 8.197897014887458e-32
  outer loop
    vertex 80.43793487548828 23.20000076293945 23.39871215820312
    vertex 64.7471923828125 23.20000076293945 23.11093330383301
    vertex 64.60580444335938 23.20000076293945 25.80867576599121
  endloop
endfacet
facet normal -5.635058958096164e-31 1 8.197897014887458e-32
  outer loop
    vertex 80.43793487548828 23.20000076293945 23.39871215820312
    vertex 64.60580444335938 23.20000076293945 25.80867576599121
    vertex 80.41571044921875 23.20000076293945 23.51569366455078
  endloop
endfacet
facet normal -5.635058958096164e-31 1 8.197897014887458e-32
  outer loop
    vertex 80.41571044921875 23.20000076293945 23.51569366455078
    vertex 64.60580444335938 23.20000076293945 25.80867576599121
    vertex 80.2557373046875 23.20000076293945 24.35794258117676
  endloop
endfacet
facet normal -5.635058958096164e-31 1 8.197897014887458e-32
  outer loop
    vertex 80.2557373046875 23.20000076293945 24.35794258117676
    vertex 64.60580444335938 23.20000076293945 25.80867576599121
    vertex 80.16555023193359 23.20000076293945 25.33014869689941
  endloop
endfacet
facet normal -5.635058958096164e-31 1 8.197897014887458e-32
  outer loop
    vertex 80.16555023193359 23.20000076293945 25.33014869689941
    vertex 64.60580444335938 23.20000076293945 25.80867576599121
    vertex 80.16679382324219 23.20000076293945 25.79069328308105
  endloop
endfacet
facet normal -5.635058958096164e-31 1 8.197897014887458e-32
  outer loop
    vertex 80.16679382324219 23.20000076293945 25.79069328308105
    vertex 64.60580444335938 23.20000076293945 25.80867576599121
    vertex 80.16818237304688 23.20000076293945 26.30652618408203
  endloop
endfacet
facet normal -5.635058958096164e-31 1 8.197897014887458e-32
  outer loop
    vertex 80.16818237304688 23.20000076293945 26.30652618408203
    vertex 64.60580444335938 23.20000076293945 25.80867576599121
    vertex 64.7471923828125 23.20000076293945 28.50641632080078
  endloop
endfacet
facet normal -5.635058958096164e-31 1 8.197897014887458e-32
  outer loop
    vertex 80.16818237304688 23.20000076293945 26.30652618408203
    vertex 64.7471923828125 23.20000076293945 28.50641632080078
    vertex 80.26361846923828 23.20000076293945 27.27823257446289
  endloop
endfacet
facet normal -5.635058958096164e-31 1 8.197897014887458e-32
  outer loop
    vertex 80.26361846923828 23.20000076293945 27.27823257446289
    vertex 64.7471923828125 23.20000076293945 28.50641632080078
    vertex 80.41758728027344 23.20000076293945 28.06569290161133
  endloop
endfacet
facet normal -5.635058958096164e-31 1 8.197897014887458e-32
  outer loop
    vertex 80.41758728027344 23.20000076293945 28.06569290161133
    vertex 64.7471923828125 23.20000076293945 28.50641632080078
    vertex 80.45098114013672 23.20000076293945 28.2364673614502
  endloop
endfacet
facet normal -5.635058958096164e-31 1 8.197897014887458e-32
  outer loop
    vertex 80.45098114013672 23.20000076293945 28.2364673614502
    vertex 64.7471923828125 23.20000076293945 28.50641632080078
    vertex 80.72858428955078 23.20000076293945 29.17255210876465
  endloop
endfacet
facet normal -5.635058958096164e-31 1 8.197897014887458e-32
  outer loop
    vertex 80.72858428955078 23.20000076293945 29.17255210876465
    vertex 64.7471923828125 23.20000076293945 28.50641632080078
    vertex 65.16979217529297 23.20000076293945 31.17460060119629
  endloop
endfacet
facet normal -5.635058958096164e-31 1 8.197897014887458e-32
  outer loop
    vertex 80.72858428955078 23.20000076293945 29.17255210876465
    vertex 65.16979217529297 23.20000076293945 31.17460060119629
    vertex 81.09391784667969 23.20000076293945 30.07801055908203
  endloop
endfacet
facet normal -5.635058958096164e-31 1 8.197897014887458e-32
  outer loop
    vertex 81.09391784667969 23.20000076293945 30.07801055908203
    vertex 65.16979217529297 23.20000076293945 31.17460060119629
    vertex 81.54365539550781 23.20000076293945 30.94464302062988
  endloop
endfacet
facet normal -5.635058958096164e-31 1 8.197897014887458e-32
  outer loop
    vertex 81.54365539550781 23.20000076293945 30.94464302062988
    vertex 65.16979217529297 23.20000076293945 31.17460060119629
    vertex 82.07374572753906 23.20000076293945 31.76460075378418
  endloop
endfacet
facet normal -5.635058958096164e-31 1 8.197897014887458e-32
  outer loop
    vertex 82.07374572753906 23.20000076293945 31.76460075378418
    vertex 65.16979217529297 23.20000076293945 31.17460060119629
    vertex 65.86897277832031 23.20000076293945 33.78399276733398
  endloop
endfacet
facet normal -5.635058958096164e-31 1 8.197897014887458e-32
  outer loop
    vertex 82.07374572753906 23.20000076293945 31.76460075378418
    vertex 65.86897277832031 23.20000076293945 33.78399276733398
    vertex 82.67936706542969 23.20000076293945 32.53045654296875
  endloop
endfacet
facet normal -5.635058958096164e-31 1 8.197897014887458e-32
  outer loop
    vertex 82.67936706542969 23.20000076293945 32.53045654296875
    vertex 65.86897277832031 23.20000076293945 33.78399276733398
    vertex 83.35504913330078 23.20000076293945 33.23527526855469
  endloop
endfacet
facet normal -5.635058958096164e-31 1 8.197897014887458e-32
  outer loop
    vertex 83.35504913330078 23.20000076293945 33.23527526855469
    vertex 65.86897277832031 23.20000076293945 33.78399276733398
    vertex 84.09467315673828 23.20000076293945 33.87267684936523
  endloop
endfacet
facet normal -5.635058958096164e-31 1 8.197897014887458e-32
  outer loop
    vertex 84.09467315673828 23.20000076293945 33.87267684936523
    vertex 65.86897277832031 23.20000076293945 33.78399276733398
    vertex 66.83708190917969 23.20000076293945 36.30600738525391
  endloop
endfacet
facet normal -5.635058958096164e-31 1 8.197897014887458e-32
  outer loop
    vertex 84.09467315673828 23.20000076293945 33.87267684936523
    vertex 66.83708190917969 23.20000076293945 36.30600738525391
    vertex 84.89153289794922 23.20000076293945 34.43688583374023
  endloop
endfacet
facet normal -5.635058958096164e-31 1 8.197897014887458e-32
  outer loop
    vertex 84.89153289794922 23.20000076293945 34.43688583374023
    vertex 66.83708190917969 23.20000076293945 36.30600738525391
    vertex 85.73841857910156 23.20000076293945 34.92279434204102
  endloop
endfacet
facet normal -5.635058958096164e-31 1 8.197897014887458e-32
  outer loop
    vertex 85.73841857910156 23.20000076293945 34.92279434204102
    vertex 66.83708190917969 23.20000076293945 36.30600738525391
    vertex 86.62765502929688 23.20000076293945 35.32600021362305
  endloop
endfacet
facet normal -5.635058958096164e-31 1 8.197897014887458e-32
  outer loop
    vertex 86.62765502929688 23.20000076293945 35.32600021362305
    vertex 66.83708190917969 23.20000076293945 36.30600738525391
    vertex 87.55120086669922 23.20000076293945 35.64285278320312
  endloop
endfacet
facet normal -5.635058958096164e-31 1 8.197897014887458e-32
  outer loop
    vertex 87.55120086669922 23.20000076293945 35.64285278320312
    vertex 66.83708190917969 23.20000076293945 36.30600738525391
    vertex 88.50067138671875 23.20000076293945 35.8704833984375
  endloop
endfacet
facet normal -5.635058958096164e-31 1 8.197897014887458e-32
  outer loop
    vertex 88.50067138671875 23.20000076293945 35.8704833984375
    vertex 66.83708190917969 23.20000076293945 36.30600738525391
    vertex 89.46748352050781 23.20000076293945 36.00682830810547
  endloop
endfacet
facet normal -5.635058958096164e-31 1 8.197897014887458e-32
  outer loop
    vertex 89.46748352050781 23.20000076293945 36.00682830810547
    vertex 66.83708190917969 23.20000076293945 36.30600738525391
    vertex 90.44288635253906 23.20000076293945 36.05065536499023
  endloop
endfacet
facet normal -5.635058958096164e-31 1 8.197897014887458e-32
  outer loop
    vertex 113.9918823242188 23.20000076293945 15.31134128570557
    vertex 91.36293029785156 23.20000076293945 15.57455730438232
    vertex 114.9599914550781 23.20000076293945 17.83335494995117
  endloop
endfacet
facet normal -5.635058958096164e-31 1 8.197897014887458e-32
  outer loop
    vertex 91.36293029785156 23.20000076293945 15.57455730438232
    vertex 113.9918823242188 23.20000076293945 15.31134128570557
    vertex 90.38753509521484 23.20000076293945 15.53073024749756
  endloop
endfacet
facet normal -5.635058958096164e-31 1 8.197897014887458e-32
  outer loop
    vertex 114.9599914550781 23.20000076293945 17.83335494995117
    vertex 91.36293029785156 23.20000076293945 15.57455730438232
    vertex 92.32974243164062 23.20000076293945 15.71090412139893
  endloop
endfacet
facet normal -5.635058958096164e-31 1 8.197897014887458e-32
  outer loop
    vertex 114.9599914550781 23.20000076293945 17.83335494995117
    vertex 92.32974243164062 23.20000076293945 15.71090412139893
    vertex 93.27922058105469 23.20000076293945 15.93853378295898
  endloop
endfacet
facet normal -5.635058958096164e-31 1 8.197897014887458e-32
  outer loop
    vertex 114.9599914550781 23.20000076293945 17.83335494995117
    vertex 93.27922058105469 23.20000076293945 15.93853378295898
    vertex 94.2027587890625 23.20000076293945 16.25538635253906
  endloop
endfacet
facet normal -5.635058958096164e-31 1 8.197897014887458e-32
  outer loop
    vertex 114.9599914550781 23.20000076293945 17.83335494995117
    vertex 94.2027587890625 23.20000076293945 16.25538635253906
    vertex 95.09199523925781 23.20000076293945 16.65859222412109
  endloop
endfacet
facet normal -5.635058958096164e-31 1 8.197897014887458e-32
  outer loop
    vertex 114.9599914550781 23.20000076293945 17.83335494995117
    vertex 95.09199523925781 23.20000076293945 16.65859222412109
    vertex 95.93888092041016 23.20000076293945 17.14450073242188
  endloop
endfacet
facet normal -5.635058958096164e-31 1 8.197897014887458e-32
  outer loop
    vertex 114.9599914550781 23.20000076293945 17.83335494995117
    vertex 95.93888092041016 23.20000076293945 17.14450073242188
    vertex 96.73574066162109 23.20000076293945 17.70870971679688
  endloop
endfacet
facet normal -5.635058958096164e-31 1 8.197897014887458e-32
  outer loop
    vertex 114.9599914550781 23.20000076293945 17.83335494995117
    vertex 96.73574066162109 23.20000076293945 17.70870971679688
    vertex 97.47536468505859 23.20000076293945 18.34611129760742
  endloop
endfacet
facet normal -5.635058958096164e-31 1 8.197897014887458e-32
  outer loop
    vertex 114.9599914550781 23.20000076293945 17.83335494995117
    vertex 97.47536468505859 23.20000076293945 18.34611129760742
    vertex 115.6591720581055 23.20000076293945 20.4427490234375
  endloop
endfacet
facet normal -5.635058958096164e-31 1 8.197897014887458e-32
  outer loop
    vertex 115.6591720581055 23.20000076293945 20.4427490234375
    vertex 97.47536468505859 23.20000076293945 18.34611129760742
    vertex 98.15104675292969 23.20000076293945 19.05093002319336
  endloop
endfacet
facet normal -5.635058958096164e-31 1 8.197897014887458e-32
  outer loop
    vertex 115.6591720581055 23.20000076293945 20.4427490234375
    vertex 98.15104675292969 23.20000076293945 19.05093002319336
    vertex 98.75667572021484 23.20000076293945 19.81678581237793
  endloop
endfacet
facet normal -5.635058958096164e-31 1 8.197897014887458e-32
  outer loop
    vertex 115.6591720581055 23.20000076293945 20.4427490234375
    vertex 98.75667572021484 23.20000076293945 19.81678581237793
    vertex 99.28675842285156 23.20000076293945 20.63674354553223
  endloop
endfacet
facet normal -5.635058958096164e-31 1 8.197897014887458e-32
  outer loop
    vertex 115.6591720581055 23.20000076293945 20.4427490234375
    vertex 99.28675842285156 23.20000076293945 20.63674354553223
    vertex 116.0817718505859 23.20000076293945 23.11093330383301
  endloop
endfacet
facet normal -5.635058958096164e-31 1 8.197897014887458e-32
  outer loop
    vertex 116.0817718505859 23.20000076293945 23.11093330383301
    vertex 99.28675842285156 23.20000076293945 20.63674354553223
    vertex 99.73650360107422 23.20000076293945 21.50337600708008
  endloop
endfacet
facet normal -5.635058958096164e-31 1 8.197897014887458e-32
  outer loop
    vertex 116.0817718505859 23.20000076293945 23.11093330383301
    vertex 99.73650360107422 23.20000076293945 21.50337600708008
    vertex 100.1018295288086 23.20000076293945 22.40883445739746
  endloop
endfacet
facet normal -5.635058958096164e-31 1 8.197897014887458e-32
  outer loop
    vertex 116.0817718505859 23.20000076293945 23.11093330383301
    vertex 100.1018295288086 23.20000076293945 22.40883445739746
    vertex 100.3794326782227 23.20000076293945 23.34491920471191
  endloop
endfacet
facet normal -5.635058958096164e-31 1 8.197897014887458e-32
  outer loop
    vertex 116.0817718505859 23.20000076293945 23.11093330383301
    vertex 100.3794326782227 23.20000076293945 23.34491920471191
    vertex 116.2231597900391 23.20000076293945 25.80867576599121
  endloop
endfacet
facet normal -5.635058958096164e-31 1 8.197897014887458e-32
  outer loop
    vertex 116.2231597900391 23.20000076293945 25.80867576599121
    vertex 100.3794326782227 23.20000076293945 23.34491920471191
    vertex 100.4128265380859 23.20000076293945 23.51569366455078
  endloop
endfacet
facet normal -5.635058958096164e-31 1 8.197897014887458e-32
  outer loop
    vertex 116.2231597900391 23.20000076293945 25.80867576599121
    vertex 100.4128265380859 23.20000076293945 23.51569366455078
    vertex 100.5668029785156 23.20000076293945 24.30315399169922
  endloop
endfacet
facet normal -5.635058958096164e-31 1 8.197897014887458e-32
  outer loop
    vertex 116.2231597900391 23.20000076293945 25.80867576599121
    vertex 100.5668029785156 23.20000076293945 24.30315399169922
    vertex 100.6622314453125 23.20000076293945 25.27486038208008
  endloop
endfacet
facet normal -5.635058958096164e-31 1 8.197897014887458e-32
  outer loop
    vertex 116.2231597900391 23.20000076293945 25.80867576599121
    vertex 100.6622314453125 23.20000076293945 25.27486038208008
    vertex 100.6636199951172 23.20000076293945 25.79069328308105
  endloop
endfacet
facet normal -5.635058958096164e-31 1 8.197897014887458e-32
  outer loop
    vertex 116.2231597900391 23.20000076293945 25.80867576599121
    vertex 100.6636199951172 23.20000076293945 25.79069328308105
    vertex 100.6648635864258 23.20000076293945 26.2512378692627
  endloop
endfacet
facet normal -5.635058958096164e-31 1 8.197897014887458e-32
  outer loop
    vertex 116.2231597900391 23.20000076293945 25.80867576599121
    vertex 100.6648635864258 23.20000076293945 26.2512378692627
    vertex 116.0817718505859 23.20000076293945 28.50641632080078
  endloop
endfacet
facet normal -5.635058958096164e-31 1 8.197897014887458e-32
  outer loop
    vertex 116.0817718505859 23.20000076293945 28.50641632080078
    vertex 100.6648635864258 23.20000076293945 26.2512378692627
    vertex 100.5746765136719 23.20000076293945 27.22344398498535
  endloop
endfacet
facet normal -5.635058958096164e-31 1 8.197897014887458e-32
  outer loop
    vertex 116.0817718505859 23.20000076293945 28.50641632080078
    vertex 100.5746765136719 23.20000076293945 27.22344398498535
    vertex 100.4147033691406 23.20000076293945 28.06569290161133
  endloop
endfacet
facet normal -5.635058958096164e-31 1 8.197897014887458e-32
  outer loop
    vertex 116.0817718505859 23.20000076293945 28.50641632080078
    vertex 100.4147033691406 23.20000076293945 28.06569290161133
    vertex 100.3924865722656 23.20000076293945 28.18267440795898
  endloop
endfacet
facet normal -5.635058958096164e-31 1 8.197897014887458e-32
  outer loop
    vertex 116.0817718505859 23.20000076293945 28.50641632080078
    vertex 100.3924865722656 23.20000076293945 28.18267440795898
    vertex 100.1199340820312 23.20000076293945 29.1202449798584
  endloop
endfacet
facet normal -5.635058958096164e-31 1 8.197897014887458e-32
  outer loop
    vertex 116.0817718505859 23.20000076293945 28.50641632080078
    vertex 100.1199340820312 23.20000076293945 29.1202449798584
    vertex 115.6591720581055 23.20000076293945 31.17460060119629
  endloop
endfacet
facet normal -5.635058958096164e-31 1 8.197897014887458e-32
  outer loop
    vertex 115.6591720581055 23.20000076293945 31.17460060119629
    vertex 100.1199340820312 23.20000076293945 29.1202449798584
    vertex 99.75949859619141 23.20000076293945 30.02766036987305
  endloop
endfacet
facet normal -5.635058958096164e-31 1 8.197897014887458e-32
  outer loop
    vertex 115.6591720581055 23.20000076293945 31.17460060119629
    vertex 99.75949859619141 23.20000076293945 30.02766036987305
    vertex 99.31443023681641 23.20000076293945 30.89670562744141
  endloop
endfacet
facet normal -5.635058958096164e-31 1 8.197897014887458e-32
  outer loop
    vertex 115.6591720581055 23.20000076293945 31.17460060119629
    vertex 99.31443023681641 23.20000076293945 30.89670562744141
    vertex 98.78878021240234 23.20000076293945 31.71951103210449
  endloop
endfacet
facet normal -5.635058958096164e-31 1 8.197897014887458e-32
  outer loop
    vertex 115.6591720581055 23.20000076293945 31.17460060119629
    vertex 98.78878021240234 23.20000076293945 31.71951103210449
    vertex 114.9599914550781 23.20000076293945 33.78399276733398
  endloop
endfacet
facet normal -5.635058958096164e-31 1 8.197897014887458e-32
  outer loop
    vertex 114.9599914550781 23.20000076293945 33.78399276733398
    vertex 98.78878021240234 23.20000076293945 31.71951103210449
    vertex 98.18729400634766 23.20000076293945 32.48862457275391
  endloop
endfacet
facet normal -5.635058958096164e-31 1 8.197897014887458e-32
  outer loop
    vertex 114.9599914550781 23.20000076293945 33.78399276733398
    vertex 98.18729400634766 23.20000076293945 32.48862457275391
    vertex 97.51541900634766 23.20000076293945 33.19707870483398
  endloop
endfacet
facet normal -5.635058958096164e-31 1 8.197897014887458e-32
  outer loop
    vertex 114.9599914550781 23.20000076293945 33.78399276733398
    vertex 97.51541900634766 23.20000076293945 33.19707870483398
    vertex 96.77925109863281 23.20000076293945 33.83845901489258
  endloop
endfacet
facet normal -5.635058958096164e-31 1 8.197897014887458e-32
  outer loop
    vertex 114.9599914550781 23.20000076293945 33.78399276733398
    vertex 96.77925109863281 23.20000076293945 33.83845901489258
    vertex 113.9918823242188 23.20000076293945 36.30600738525391
  endloop
endfacet
facet normal -5.635058958096164e-31 1 8.197897014887458e-32
  outer loop
    vertex 113.9918823242188 23.20000076293945 36.30600738525391
    vertex 96.77925109863281 23.20000076293945 33.83845901489258
    vertex 95.98544311523438 23.20000076293945 34.40695953369141
  endloop
endfacet
facet normal -5.635058958096164e-31 1 8.197897014887458e-32
  outer loop
    vertex 113.9918823242188 23.20000076293945 36.30600738525391
    vertex 95.98544311523438 23.20000076293945 34.40695953369141
    vertex 95.14119720458984 23.20000076293945 34.89743041992188
  endloop
endfacet
facet normal -5.635058958096164e-31 1 8.197897014887458e-32
  outer loop
    vertex 113.9918823242188 23.20000076293945 36.30600738525391
    vertex 95.14119720458984 23.20000076293945 34.89743041992188
    vertex 94.25414276123047 23.20000076293945 35.30542755126953
  endloop
endfacet
facet normal -5.635058958096164e-31 1 8.197897014887458e-32
  outer loop
    vertex 113.9918823242188 23.20000076293945 36.30600738525391
    vertex 94.25414276123047 23.20000076293945 35.30542755126953
    vertex 93.33232879638672 23.20000076293945 35.62725830078125
  endloop
endfacet
facet normal -5.635058958096164e-31 1 8.197897014887458e-32
  outer loop
    vertex 113.9918823242188 23.20000076293945 36.30600738525391
    vertex 93.33232879638672 23.20000076293945 35.62725830078125
    vertex 92.38409423828125 23.20000076293945 35.86000823974609
  endloop
endfacet
facet normal -5.635058958096164e-31 1 8.197897014887458e-32
  outer loop
    vertex 113.9918823242188 23.20000076293945 36.30600738525391
    vertex 92.38409423828125 23.20000076293945 35.86000823974609
    vertex 91.41802978515625 23.20000076293945 36.00156784057617
  endloop
endfacet
facet normal -5.635058958096164e-31 1 8.197897014887458e-32
  outer loop
    vertex 113.9918823242188 23.20000076293945 36.30600738525391
    vertex 91.41802978515625 23.20000076293945 36.00156784057617
    vertex 90.44288635253906 23.20000076293945 36.05065536499023
  endloop
endfacet
facet normal -5.635058958096164e-31 1 8.197897014887458e-32
  outer loop
    vertex 113.9918823242188 23.20000076293945 36.30600738525391
    vertex 90.44288635253906 23.20000076293945 36.05065536499023
    vertex 66.83708190917969 23.20000076293945 36.30600738525391
  endloop
endfacet
facet normal -5.635058958096164e-31 1 8.197897014887458e-32
  outer loop
    vertex 113.9918823242188 23.20000076293945 36.30600738525391
    vertex 66.83708190917969 23.20000076293945 36.30600738525391
    vertex 68.06351470947266 23.20000076293945 38.7130126953125
  endloop
endfacet
facet normal -5.635058958096164e-31 1 8.197897014887458e-32
  outer loop
    vertex 113.9918823242188 23.20000076293945 36.30600738525391
    vertex 68.06351470947266 23.20000076293945 38.7130126953125
    vertex 112.7654495239258 23.20000076293945 38.7130126953125
  endloop
endfacet
facet normal -5.635058958096164e-31 1 8.197897014887458e-32
  outer loop
    vertex 112.7654495239258 23.20000076293945 38.7130126953125
    vertex 68.06351470947266 23.20000076293945 38.7130126953125
    vertex 69.53482818603516 23.20000076293945 40.97863388061523
  endloop
endfacet
facet normal -5.635058958096164e-31 1 8.197897014887458e-32
  outer loop
    vertex 112.7654495239258 23.20000076293945 38.7130126953125
    vertex 69.53482818603516 23.20000076293945 40.97863388061523
    vertex 111.2941360473633 23.20000076293945 40.97863388061523
  endloop
endfacet
facet normal -5.635058958096164e-31 1 8.197897014887458e-32
  outer loop
    vertex 111.2941360473633 23.20000076293945 40.97863388061523
    vertex 69.53482818603516 23.20000076293945 40.97863388061523
    vertex 71.23490142822266 23.20000076293945 43.07804870605469
  endloop
endfacet
facet normal -5.635058958096164e-31 1 8.197897014887458e-32
  outer loop
    vertex 111.2941360473633 23.20000076293945 40.97863388061523
    vertex 71.23490142822266 23.20000076293945 43.07804870605469
    vertex 109.5940628051758 23.20000076293945 43.07804870605469
  endloop
endfacet
facet normal -5.635058958096164e-31 1 8.197897014887458e-32
  outer loop
    vertex 109.5940628051758 23.20000076293945 43.07804870605469
    vertex 71.23490142822266 23.20000076293945 43.07804870605469
    vertex 73.14511108398438 23.20000076293945 44.98825836181641
  endloop
endfacet
facet normal -5.635058958096164e-31 1 8.197897014887458e-32
  outer loop
    vertex 109.5940628051758 23.20000076293945 43.07804870605469
    vertex 73.14511108398438 23.20000076293945 44.98825836181641
    vertex 107.6838531494141 23.20000076293945 44.98825836181641
  endloop
endfacet
facet normal -5.635058958096164e-31 1 8.197897014887458e-32
  outer loop
    vertex 107.6838531494141 23.20000076293945 44.98825836181641
    vertex 73.14511108398438 23.20000076293945 44.98825836181641
    vertex 75.24452209472656 23.20000076293945 46.68833160400391
  endloop
endfacet
facet normal -5.635058958096164e-31 1 8.197897014887458e-32
  outer loop
    vertex 107.6838531494141 23.20000076293945 44.98825836181641
    vertex 75.24452209472656 23.20000076293945 46.68833160400391
    vertex 105.5844421386719 23.20000076293945 46.68833160400391
  endloop
endfacet
facet normal -5.635058958096164e-31 1 8.197897014887458e-32
  outer loop
    vertex 105.5844421386719 23.20000076293945 46.68833160400391
    vertex 75.24452209472656 23.20000076293945 46.68833160400391
    vertex 77.51014709472656 23.20000076293945 48.15964508056641
  endloop
endfacet
facet normal -5.635058958096164e-31 1 8.197897014887458e-32
  outer loop
    vertex 105.5844421386719 23.20000076293945 46.68833160400391
    vertex 77.51014709472656 23.20000076293945 48.15964508056641
    vertex 103.3188171386719 23.20000076293945 48.15964508056641
  endloop
endfacet
facet normal -5.635058958096164e-31 1 8.197897014887458e-32
  outer loop
    vertex 103.3188171386719 23.20000076293945 48.15964508056641
    vertex 77.51014709472656 23.20000076293945 48.15964508056641
    vertex 79.91715240478516 23.20000076293945 49.38607406616211
  endloop
endfacet
facet normal -5.635058958096164e-31 1 8.197897014887458e-32
  outer loop
    vertex 103.3188171386719 23.20000076293945 48.15964508056641
    vertex 79.91715240478516 23.20000076293945 49.38607406616211
    vertex 100.9118118286133 23.20000076293945 49.38607406616211
  endloop
endfacet
facet normal -5.635058958096164e-31 1 8.197897014887458e-32
  outer loop
    vertex 100.9118118286133 23.20000076293945 49.38607406616211
    vertex 79.91715240478516 23.20000076293945 49.38607406616211
    vertex 82.43916320800781 23.20000076293945 50.35418319702148
  endloop
endfacet
facet normal -5.635058958096164e-31 1 8.197897014887458e-32
  outer loop
    vertex 100.9118118286133 23.20000076293945 49.38607406616211
    vertex 82.43916320800781 23.20000076293945 50.35418319702148
    vertex 98.38980102539062 23.20000076293945 50.35418319702148
  endloop
endfacet
facet normal -5.635058958096164e-31 1 8.197897014887458e-32
  outer loop
    vertex 98.38980102539062 23.20000076293945 50.35418319702148
    vertex 82.43916320800781 23.20000076293945 50.35418319702148
    vertex 85.04855346679688 23.20000076293945 51.05336761474609
  endloop
endfacet
facet normal -5.635058958096164e-31 1 8.197897014887458e-32
  outer loop
    vertex 98.38980102539062 23.20000076293945 50.35418319702148
    vertex 85.04855346679688 23.20000076293945 51.05336761474609
    vertex 95.78041076660156 23.20000076293945 51.05336761474609
  endloop
endfacet
facet normal -5.635058958096164e-31 1 8.197897014887458e-32
  outer loop
    vertex 95.78041076660156 23.20000076293945 51.05336761474609
    vertex 85.04855346679688 23.20000076293945 51.05336761474609
    vertex 87.71674346923828 23.20000076293945 51.47596740722656
  endloop
endfacet
facet normal -5.635058958096164e-31 1 8.197897014887458e-32
  outer loop
    vertex 95.78041076660156 23.20000076293945 51.05336761474609
    vertex 87.71674346923828 23.20000076293945 51.47596740722656
    vertex 93.11222076416016 23.20000076293945 51.47596740722656
  endloop
endfacet
facet normal -5.635058958096164e-31 1 8.197897014887458e-32
  outer loop
    vertex 93.11222076416016 23.20000076293945 51.47596740722656
    vertex 87.71674346923828 23.20000076293945 51.47596740722656
    vertex 90.41448211669922 23.20000076293945 51.61735153198242
  endloop
endfacet
facet normal -0.3378155529499054 3.550006402682399e-16 -0.9412123560905457
  outer loop
    vertex 66.58733367919922 21.60000038146973 30.08968162536621
    vertex 65.63340759277344 11.22500038146973 30.43206024169922
    vertex 65.63340759277344 21.97500038146973 30.43206024169922
  endloop
endfacet
facet normal -0.3378155529499054 3.801627598180537e-16 -0.9412123560905457
  outer loop
    vertex 66.58733367919922 21.60000038146973 30.08968162536621
    vertex 66.58733367919922 11.60000038146973 30.08968162536621
    vertex 65.63340759277344 11.22500038146973 30.43206024169922
  endloop
endfacet
facet normal 0.3378154635429382 -7.60325149059193e-16 -0.9412123560905457
  outer loop
    vertex 115.195556640625 11.22500038146973 30.43206024169922
    vertex 114.2416305541992 11.60000038146973 30.08968162536621
    vertex 114.2416305541992 21.60000038146973 30.08968162536621
  endloop
endfacet
facet normal 0.3378154635429382 4.733339636855544e-18 -0.9412123560905457
  outer loop
    vertex 115.195556640625 11.22500038146973 30.43206024169922
    vertex 114.2416305541992 21.60000038146973 30.08968162536621
    vertex 115.195556640625 21.97500038146973 30.43206024169922
  endloop
endfacet
facet normal -0.9807852506637573 1.029578923541206e-15 0.1950905919075012
  outer loop
    vertex 65.63340759277344 21.97500038146973 30.43206024169922
    vertex 65.63340759277344 11.22500038146973 30.43206024169922
    vertex 65.75046539306641 11.22500038146973 31.02053070068359
  endloop
endfacet
facet normal -0.9807852506637573 8.100541998616352e-19 0.1950905919075012
  outer loop
    vertex 65.63340759277344 21.97500038146973 30.43206024169922
    vertex 65.75046539306641 11.22500038146973 31.02053070068359
    vertex 65.75046539306641 21.97500038146973 31.02053070068359
  endloop
endfacet
facet normal -0.3445912897586823 -0.9362471103668213 0.06854357570409775
  outer loop
    vertex 65.16979217529297 22.20000076293945 31.17460060119629
    vertex 65.63340759277344 21.97500038146973 30.43206024169922
    vertex 65.75046539306641 21.97500038146973 31.02053070068359
  endloop
endfacet
facet normal 0.9807853102684021 -8.100543032592118e-19 0.1950902193784714
  outer loop
    vertex 115.078498840332 21.97500038146973 31.02053070068359
    vertex 115.195556640625 11.22500038146973 30.43206024169922
    vertex 115.195556640625 21.97500038146973 30.43206024169922
  endloop
endfacet
facet normal 0.3445917367935181 -0.936246931552887 0.06854352355003357
  outer loop
    vertex 115.6591720581055 22.20000076293945 31.17460060119629
    vertex 115.078498840332 21.97500038146973 31.02053070068359
    vertex 115.195556640625 21.97500038146973 30.43206024169922
  endloop
endfacet
facet normal -0.3445903360843658 0.9362474679946899 0.06854338198900223
  outer loop
    vertex 65.16979217529297 11.00000095367432 31.17460060119629
    vertex 65.75046539306641 11.22500038146973 31.02053070068359
    vertex 65.63340759277344 11.22500038146973 30.43206024169922
  endloop
endfacet
facet normal 0.9807853102684021 8.100543032592118e-19 0.1950902193784714
  outer loop
    vertex 115.078498840332 21.97500038146973 31.02053070068359
    vertex 115.078498840332 11.22500038146973 31.02053070068359
    vertex 115.195556640625 11.22500038146973 30.43206024169922
  endloop
endfacet
facet normal 0.3445907831192017 0.9362472891807556 0.06854332983493805
  outer loop
    vertex 115.6591720581055 11.00000095367432 31.17460060119629
    vertex 115.195556640625 11.22500038146973 30.43206024169922
    vertex 115.078498840332 11.22500038146973 31.02053070068359
  endloop
endfacet
facet normal -0.9712352752685547 1.097868307935624e-15 0.2381220161914825
  outer loop
    vertex 66.76280212402344 21.60000038146973 30.97179412841797
    vertex 66.76280212402344 11.60000038146973 30.97179412841797
    vertex 67.00114440917969 11.60000038146973 31.94392776489258
  endloop
endfacet
facet normal -0.9723698496818542 -0.0004817027656827122 0.2334450930356979
  outer loop
    vertex 66.76280212402344 21.60000038146973 30.97179412841797
    vertex 67.00114440917969 11.60000038146973 31.94392776489258
    vertex 66.99667358398438 21.60000038146973 31.94594192504883
  endloop
endfacet
facet normal 0.9712351560592651 -0.0004809338133782148 0.2381220012903214
  outer loop
    vertex 113.8278198242188 21.60000038146973 31.94392776489258
    vertex 114.0612716674805 11.60000038146973 30.97155952453613
    vertex 114.066162109375 21.60000038146973 30.97179412841797
  endloop
endfacet
facet normal 0.9723692536354065 -2.19452027655899e-15 0.2334482669830322
  outer loop
    vertex 113.8278198242188 21.60000038146973 31.94392776489258
    vertex 113.8278198242188 11.60000038146973 31.94392776489258
    vertex 114.0612716674805 11.60000038146973 30.97155952453613
  endloop
endfacet
facet normal 0.04808623716235161 -5.389788433898341e-17 0.9988431930541992
  outer loop
    vertex 66.76280212402344 21.60000038146973 30.97179412841797
    vertex 65.93083190917969 21.9081859588623 31.0118465423584
    vertex 66.76280212402344 11.60000038146973 30.97179412841797
  endloop
endfacet
facet normal -0.3427006602287292 -0.9358349442481995 0.08227506279945374
  outer loop
    vertex 66.99667358398438 21.60000038146973 31.94594192504883
    vertex 65.93083190917969 21.9081859588623 31.0118465423584
    vertex 66.76280212402344 21.60000038146973 30.97179412841797
  endloop
endfacet
facet normal -0.04808619990944862 7.379809829899386e-08 0.9988431930541992
  outer loop
    vertex 115.078498840332 11.22500038146973 31.02053070068359
    vertex 114.8981323242188 21.9081859588623 31.0118465423584
    vertex 114.066162109375 21.60000038146973 30.97179412841797
  endloop
endfacet
facet normal -0.04809069633483887 -3.659269509626029e-07 0.9988429546356201
  outer loop
    vertex 115.078498840332 11.22500038146973 31.02053070068359
    vertex 114.066162109375 21.60000038146973 30.97179412841797
    vertex 114.8981323242188 11.29181575775146 31.0118465423584
  endloop
endfacet
facet normal -0.04808492958545685 1.007473997560737e-07 0.998843252658844
  outer loop
    vertex 114.8981323242188 11.29181575775146 31.0118465423584
    vertex 114.066162109375 21.60000038146973 30.97179412841797
    vertex 114.0612716674805 11.60000038146973 30.97155952453613
  endloop
endfacet
facet normal 0.3425777852535248 -0.9357274770736694 0.08399130403995514
  outer loop
    vertex 113.8278198242188 21.60000038146973 31.94392776489258
    vertex 114.066162109375 21.60000038146973 30.97179412841797
    vertex 114.8981323242188 21.9081859588623 31.0118465423584
  endloop
endfacet
facet normal 0.0480862632393837 -7.755680542231858e-08 0.9988431930541992
  outer loop
    vertex 66.76280212402344 11.60000038146973 30.97179412841797
    vertex 65.75046539306641 21.97500038146973 31.02053070068359
    vertex 65.93083190917969 11.29181575775146 31.0118465423584
  endloop
endfacet
facet normal 0.04809099063277245 3.845661069590278e-07 0.9988429546356201
  outer loop
    vertex 66.76280212402344 11.60000038146973 30.97179412841797
    vertex 65.93083190917969 21.9081859588623 31.0118465423584
    vertex 65.75046539306641 21.97500038146973 31.02053070068359
  endloop
endfacet
facet normal -0.34257772564888 0.9357275366783142 0.08399128913879395
  outer loop
    vertex 67.00114440917969 11.60000038146973 31.94392776489258
    vertex 66.76280212402344 11.60000038146973 30.97179412841797
    vertex 65.93083190917969 11.29181575775146 31.0118465423584
  endloop
endfacet
facet normal 0.3409426510334015 0.9365137815475464 0.08185416460037231
  outer loop
    vertex 113.8278198242188 11.60000038146973 31.94392776489258
    vertex 114.8981323242188 11.29181575775146 31.0118465423584
    vertex 114.0612716674805 11.60000038146973 30.97155952453613
  endloop
endfacet
facet normal -0.3427007794380188 -0.9358348846435547 0.08227520436048508
  outer loop
    vertex 66.07254791259766 21.97500038146973 32.36210632324219
    vertex 65.93083190917969 21.9081859588623 31.0118465423584
    vertex 66.99667358398438 21.60000038146973 31.94594192504883
  endloop
endfacet
facet normal -0.3414447605609894 -0.936303436756134 0.08216656744480133
  outer loop
    vertex 66.07254791259766 21.97500038146973 32.36210632324219
    vertex 65.16979217529297 22.20000076293945 31.17460060119629
    vertex 65.93083190917969 21.9081859588623 31.0118465423584
  endloop
endfacet
facet normal -0.3433124423027039 -0.936340868473053 0.07350046932697296
  outer loop
    vertex 65.16979217529297 22.20000076293945 31.17460060119629
    vertex 65.75046539306641 21.97500038146973 31.02053070068359
    vertex 65.93083190917969 21.9081859588623 31.0118465423584
  endloop
endfacet
facet normal -0.04809056222438812 6.860354242118661e-20 0.9988429546356201
  outer loop
    vertex 115.078498840332 21.97500038146973 31.02053070068359
    vertex 114.8981323242188 21.9081859588623 31.0118465423584
    vertex 115.078498840332 11.22500038146973 31.02053070068359
  endloop
endfacet
facet normal 0.3433098495006561 -0.9363409280776978 0.07351215183734894
  outer loop
    vertex 115.6591720581055 22.20000076293945 31.17460060119629
    vertex 114.8981323242188 21.9081859588623 31.0118465423584
    vertex 115.078498840332 21.97500038146973 31.02053070068359
  endloop
endfacet
facet normal 0.3414447605609894 -0.9363034963607788 0.08216618001461029
  outer loop
    vertex 114.7564163208008 21.97500038146973 32.36210632324219
    vertex 114.8981323242188 21.9081859588623 31.0118465423584
    vertex 115.6591720581055 22.20000076293945 31.17460060119629
  endloop
endfacet
facet normal 0.3411631882190704 -0.9364082217216492 0.08214180916547775
  outer loop
    vertex 114.7564163208008 21.97500038146973 32.36210632324219
    vertex 113.8278198242188 21.60000038146973 31.94392776489258
    vertex 114.8981323242188 21.9081859588623 31.0118465423584
  endloop
endfacet
facet normal 0.0480908490717411 6.860436313945062e-20 0.9988429546356201
  outer loop
    vertex 65.93083190917969 11.29181575775146 31.0118465423584
    vertex 65.75046539306641 21.97500038146973 31.02053070068359
    vertex 65.75046539306641 11.22500038146973 31.02053070068359
  endloop
endfacet
facet normal -0.3433172404766083 0.936340868473053 0.07347806543111801
  outer loop
    vertex 65.16979217529297 11.00000095367432 31.17460060119629
    vertex 65.93083190917969 11.29181575775146 31.0118465423584
    vertex 65.75046539306641 11.22500038146973 31.02053070068359
  endloop
endfacet
facet normal -0.3414446711540222 0.936303436756134 0.08216705173254013
  outer loop
    vertex 66.07254791259766 11.22500038146973 32.36210632324219
    vertex 65.93083190917969 11.29181575775146 31.0118465423584
    vertex 65.16979217529297 11.00000095367432 31.17460060119629
  endloop
endfacet
facet normal -0.3411638140678406 0.9364079236984253 0.08214274793863297
  outer loop
    vertex 66.07254791259766 11.22500038146973 32.36210632324219
    vertex 67.00114440917969 11.60000038146973 31.94392776489258
    vertex 65.93083190917969 11.29181575775146 31.0118465423584
  endloop
endfacet
facet normal 0.3411631882190704 0.9364082217216492 0.08214230090379715
  outer loop
    vertex 114.7564163208008 11.22500038146973 32.36210632324219
    vertex 114.8981323242188 11.29181575775146 31.0118465423584
    vertex 113.8278198242188 11.60000038146973 31.94392776489258
  endloop
endfacet
facet normal 0.3414446711540222 0.9363034963607788 0.08216666430234909
  outer loop
    vertex 114.7564163208008 11.22500038146973 32.36210632324219
    vertex 115.6591720581055 11.00000095367432 31.17460060119629
    vertex 114.8981323242188 11.29181575775146 31.0118465423584
  endloop
endfacet
facet normal 0.3433146476745605 0.9363409280776978 0.07348974049091339
  outer loop
    vertex 115.6591720581055 11.00000095367432 31.17460060119629
    vertex 115.078498840332 11.22500038146973 31.02053070068359
    vertex 114.8981323242188 11.29181575775146 31.0118465423584
  endloop
endfacet
facet normal -0.9659258127212524 -7.502247576192183e-17 0.2588191628456116
  outer loop
    vertex 65.16979217529297 23.20000076293945 31.17460060119629
    vertex 65.86897277832031 22.20000076293945 33.78399276733398
    vertex 65.86897277832031 23.20000076293945 33.78399276733398
  endloop
endfacet
facet normal -0.9659258127212524 7.502247576192183e-17 0.2588191628456116
  outer loop
    vertex 65.16979217529297 23.20000076293945 31.17460060119629
    vertex 65.16979217529297 22.20000076293945 31.17460060119629
    vertex 65.86897277832031 22.20000076293945 33.78399276733398
  endloop
endfacet
facet normal 0.9659258127212524 -7.502247576192183e-17 0.2588190138339996
  outer loop
    vertex 114.9599914550781 23.20000076293945 33.78399276733398
    vertex 115.6591720581055 22.20000076293945 31.17460060119629
    vertex 115.6591720581055 23.20000076293945 31.17460060119629
  endloop
endfacet
facet normal -0.3575591742992401 -0.9289630651473999 0.09580773860216141
  outer loop
    vertex 65.86897277832031 22.20000076293945 33.78399276733398
    vertex 65.16979217529297 22.20000076293945 31.17460060119629
    vertex 66.07254791259766 21.97500038146973 32.36210632324219
  endloop
endfacet
facet normal 0.9659258127212524 -7.502247576192183e-17 0.2588190138339996
  outer loop
    vertex 114.9599914550781 23.20000076293945 33.78399276733398
    vertex 114.9599914550781 22.20000076293945 33.78399276733398
    vertex 115.6591720581055 22.20000076293945 31.17460060119629
  endloop
endfacet
facet normal 0.3533150851726532 -0.9307018518447876 0.09467047452926636
  outer loop
    vertex 114.9599914550781 22.20000076293945 33.78399276733398
    vertex 114.5935516357422 21.97500038146973 32.93958282470703
    vertex 115.6591720581055 22.20000076293945 31.17460060119629
  endloop
endfacet
facet normal 0.3663990199565887 -0.9247019290924072 0.1033348739147186
  outer loop
    vertex 114.5935516357422 21.97500038146973 32.93958282470703
    vertex 114.7564163208008 21.97500038146973 32.36210632324219
    vertex 115.6591720581055 22.20000076293945 31.17460060119629
  endloop
endfacet
facet normal -0.9659258127212524 -1.500447000609374e-16 0.2588191628456116
  outer loop
    vertex 65.16979217529297 11.00000095367432 31.17460060119629
    vertex 65.16979217529297 10 31.17460060119629
    vertex 65.86897277832031 10 33.78399276733398
  endloop
endfacet
facet normal -0.9659258127212524 0 0.2588191628456116
  outer loop
    vertex 65.16979217529297 11.00000095367432 31.17460060119629
    vertex 65.86897277832031 10 33.78399276733398
    vertex 65.86897277832031 11.00000095367432 33.78399276733398
  endloop
endfacet
facet normal -0.3533138930797577 0.9307023286819458 0.09467022120952606
  outer loop
    vertex 65.86897277832031 11.00000095367432 33.78399276733398
    vertex 66.23541259765625 11.22500038146973 32.93958282470703
    vertex 65.16979217529297 11.00000095367432 31.17460060119629
  endloop
endfacet
facet normal -0.3663966357707977 0.9247030019760132 0.1033338233828545
  outer loop
    vertex 66.23541259765625 11.22500038146973 32.93958282470703
    vertex 66.07254791259766 11.22500038146973 32.36210632324219
    vertex 65.16979217529297 11.00000095367432 31.17460060119629
  endloop
endfacet
facet normal 0.9659258127212524 7.502235003046872e-17 0.2588190138339996
  outer loop
    vertex 114.9599914550781 11.00000095367432 33.78399276733398
    vertex 115.6591720581055 10 31.17460060119629
    vertex 115.6591720581055 11.00000095367432 31.17460060119629
  endloop
endfacet
facet normal 0.3575587570667267 0.9289631843566895 0.09580756723880768
  outer loop
    vertex 114.9599914550781 11.00000095367432 33.78399276733398
    vertex 115.6591720581055 11.00000095367432 31.17460060119629
    vertex 114.7564163208008 11.22500038146973 32.36210632324219
  endloop
endfacet
facet normal 0.9659258127212524 1.500447000609374e-16 0.2588190138339996
  outer loop
    vertex 114.9599914550781 11.00000095367432 33.78399276733398
    vertex 114.9599914550781 10 33.78399276733398
    vertex 115.6591720581055 10 31.17460060119629
  endloop
endfacet
facet normal -0.4106180369853973 4.324101078150835e-16 -0.9118074178695679
  outer loop
    vertex 66.99667358398438 21.60000038146973 31.94594192504883
    vertex 66.07254791259766 11.22500038146973 32.36210632324219
    vertex 66.07254791259766 21.97500038146973 32.36210632324219
  endloop
endfacet
facet normal -0.4106189012527466 9.159196423524918e-08 -0.9118070602416992
  outer loop
    vertex 67.00114440917969 11.60000038146973 31.94392776489258
    vertex 66.07254791259766 11.22500038146973 32.36210632324219
    vertex 66.99667358398438 21.60000038146973 31.94594192504883
  endloop
endfacet
facet normal 0.4106179177761078 -9.28289770796471e-16 -0.9118075370788574
  outer loop
    vertex 114.7564163208008 11.22500038146973 32.36210632324219
    vertex 113.8278198242188 11.60000038146973 31.94392776489258
    vertex 113.8278198242188 21.60000038146973 31.94392776489258
  endloop
endfacet
facet normal 0.4106179177761078 0 -0.9118075370788574
  outer loop
    vertex 114.7564163208008 11.22500038146973 32.36210632324219
    vertex 113.8278198242188 21.60000038146973 31.94392776489258
    vertex 114.7564163208008 21.97500038146973 32.36210632324219
  endloop
endfacet
facet normal -0.9624557495117188 1.008725184138042e-15 0.2714387178421021
  outer loop
    vertex 66.07254791259766 21.97500038146973 32.36210632324219
    vertex 66.07254791259766 11.22500038146973 32.36210632324219
    vertex 66.23541259765625 11.22500038146973 32.93958282470703
  endloop
endfacet
facet normal -0.9624557495117188 1.008725184138042e-15 0.2714387178421021
  outer loop
    vertex 66.07254791259766 21.97500038146973 32.36210632324219
    vertex 66.23541259765625 11.22500038146973 32.93958282470703
    vertex 66.23541259765625 21.97500038146973 32.93958282470703
  endloop
endfacet
facet normal -0.3471116423606873 -0.9327004551887512 0.09789492934942245
  outer loop
    vertex 65.86897277832031 22.20000076293945 33.78399276733398
    vertex 66.07254791259766 21.97500038146973 32.36210632324219
    vertex 66.23541259765625 21.97500038146973 32.93958282470703
  endloop
endfacet
facet normal 0.9624554514884949 1.650940833273149e-18 0.2714396417140961
  outer loop
    vertex 114.5935516357422 21.97500038146973 32.93958282470703
    vertex 114.7564163208008 11.22500038146973 32.36210632324219
    vertex 114.7564163208008 21.97500038146973 32.36210632324219
  endloop
endfacet
facet normal 0.9624554514884949 0 0.2714396417140961
  outer loop
    vertex 114.5935516357422 21.97500038146973 32.93958282470703
    vertex 114.5935516357422 11.22500038146973 32.93958282470703
    vertex 114.7564163208008 11.22500038146973 32.36210632324219
  endloop
endfacet
facet normal 0.3471103310585022 0.9327009320259094 0.09789492189884186
  outer loop
    vertex 114.9599914550781 11.00000095367432 33.78399276733398
    vertex 114.7564163208008 11.22500038146973 32.36210632324219
    vertex 114.5935516357422 11.22500038146973 32.93958282470703
  endloop
endfacet
facet normal -0.9495584964752197 1.072901800057066e-15 0.3135900497436523
  outer loop
    vertex 67.24080657958984 21.60000038146973 32.81156921386719
    vertex 67.24080657958984 11.60000038146973 32.81156921386719
    vertex 67.5546875 11.60000038146973 33.76200485229492
  endloop
endfacet
facet normal -0.9495584964752197 1.075681338673481e-15 0.3135900497436523
  outer loop
    vertex 67.24080657958984 21.60000038146973 32.81156921386719
    vertex 67.5546875 11.60000038146973 33.76200485229492
    vertex 67.5546875 21.60000038146973 33.76200485229492
  endloop
endfacet
facet normal 0.9510565400123596 2.780284526532356e-18 0.3090168833732605
  outer loop
    vertex 113.2742767333984 21.60000038146973 33.76200485229492
    vertex 113.5832977294922 11.60000038146973 32.81094741821289
    vertex 113.5832977294922 21.60000038146973 32.81094741821289
  endloop
endfacet
facet normal 0.9510565400123596 -2.780284526532356e-18 0.3090168833732605
  outer loop
    vertex 113.2742767333984 21.60000038146973 33.76200485229492
    vertex 113.2742767333984 11.60000038146973 33.76200485229492
    vertex 113.5832977294922 11.60000038146973 32.81094741821289
  endloop
endfacet
facet normal 0.1263072341680527 -1.414260074737269e-16 0.9919911623001099
  outer loop
    vertex 67.24080657958984 21.60000038146973 32.81156921386719
    vertex 66.23541259765625 11.22500038146973 32.93958282470703
    vertex 67.24080657958984 11.60000038146973 32.81156921386719
  endloop
endfacet
facet normal 0.1263072341680527 -1.313625943158558e-16 0.9919911623001099
  outer loop
    vertex 67.24080657958984 21.60000038146973 32.81156921386719
    vertex 66.23541259765625 21.97500038146973 32.93958282470703
    vertex 66.23541259765625 11.22500038146973 32.93958282470703
  endloop
endfacet
facet normal -0.3357358276844025 -0.9360565543174744 0.1052594035863876
  outer loop
    vertex 67.39066314697266 21.60000038146973 33.28956604003906
    vertex 66.23541259765625 21.97500038146973 32.93958282470703
    vertex 67.24080657958984 21.60000038146973 32.81156921386719
  endloop
endfacet
facet normal -0.1263094991445541 2.223938769755981e-18 0.991990864276886
  outer loop
    vertex 114.5935516357422 21.97500038146973 32.93958282470703
    vertex 113.5832977294922 21.60000038146973 32.81094741821289
    vertex 114.5935516357422 11.22500038146973 32.93958282470703
  endloop
endfacet
facet normal -0.1263094991445541 1.285019498131994e-18 0.991990864276886
  outer loop
    vertex 114.5935516357422 11.22500038146973 32.93958282470703
    vertex 113.5832977294922 21.60000038146973 32.81094741821289
    vertex 113.5832977294922 11.60000038146973 32.81094741821289
  endloop
endfacet
facet normal 0.3361002802848816 -0.9363061189651489 0.1018209680914879
  outer loop
    vertex 114.9599914550781 22.20000076293945 33.78399276733398
    vertex 113.4383010864258 21.60000038146973 33.28956604003906
    vertex 113.5832977294922 21.60000038146973 32.81094741821289
  endloop
endfacet
facet normal 0.3343686759471893 -0.936633825302124 0.1044729799032211
  outer loop
    vertex 114.9599914550781 22.20000076293945 33.78399276733398
    vertex 113.5832977294922 21.60000038146973 32.81094741821289
    vertex 114.5935516357422 21.97500038146973 32.93958282470703
  endloop
endfacet
facet normal -0.3350585699081421 0.9363230466842651 0.1050470694899559
  outer loop
    vertex 65.86897277832031 11.00000095367432 33.78399276733398
    vertex 67.39066314697266 11.60000038146973 33.28956604003906
    vertex 67.24080657958984 11.60000038146973 32.81156921386719
  endloop
endfacet
facet normal -0.3359765112400055 0.9361503124237061 0.1036455258727074
  outer loop
    vertex 65.86897277832031 11.00000095367432 33.78399276733398
    vertex 67.24080657958984 11.60000038146973 32.81156921386719
    vertex 66.23541259765625 11.22500038146973 32.93958282470703
  endloop
endfacet
facet normal 0.3348201215267181 0.9368066787719727 0.1014331504702568
  outer loop
    vertex 113.4383010864258 11.60000038146973 33.28956604003906
    vertex 114.5935516357422 11.22500038146973 32.93958282470703
    vertex 113.5832977294922 11.60000038146973 32.81094741821289
  endloop
endfacet
facet normal -0.3354189991950989 -0.9363183379173279 0.1039330288767815
  outer loop
    vertex 65.86897277832031 22.20000076293945 33.78399276733398
    vertex 66.23541259765625 21.97500038146973 32.93958282470703
    vertex 67.39066314697266 21.60000038146973 33.28956604003906
  endloop
endfacet
facet normal 0.3354187905788422 0.9363184571266174 0.1039324477314949
  outer loop
    vertex 114.9599914550781 11.00000095367432 33.78399276733398
    vertex 114.5935516357422 11.22500038146973 32.93958282470703
    vertex 113.4383010864258 11.60000038146973 33.28956604003906
  endloop
endfacet
facet normal -0.3317601680755615 -0.9363060593605042 0.1151787862181664
  outer loop
    vertex 65.86897277832031 22.20000076293945 33.78399276733398
    vertex 67.39066314697266 21.60000038146973 33.28956604003906
    vertex 67.5546875 21.60000038146973 33.76200485229492
  endloop
endfacet
facet normal 0.330496072769165 -0.9368067383766174 0.1147410869598389
  outer loop
    vertex 114.1672058105469 21.97500038146973 34.25175094604492
    vertex 113.2742767333984 21.60000038146973 33.76200485229492
    vertex 113.4383010864258 21.60000038146973 33.28956604003906
  endloop
endfacet
facet normal 0.33244988322258 -0.9363183975219727 0.1130706593394279
  outer loop
    vertex 114.1672058105469 21.97500038146973 34.25175094604492
    vertex 113.4383010864258 21.60000038146973 33.28956604003906
    vertex 114.9599914550781 22.20000076293945 33.78399276733398
  endloop
endfacet
facet normal -0.3304976224899292 0.9368062615394592 0.1147404611110687
  outer loop
    vertex 66.66175842285156 11.22500038146973 34.25175094604492
    vertex 67.5546875 11.60000038146973 33.76200485229492
    vertex 67.39066314697266 11.60000038146973 33.28956604003906
  endloop
endfacet
facet normal -0.3324493765830994 0.9363183975219727 0.1130717918276787
  outer loop
    vertex 66.66175842285156 11.22500038146973 34.25175094604492
    vertex 67.39066314697266 11.60000038146973 33.28956604003906
    vertex 65.86897277832031 11.00000095367432 33.78399276733398
  endloop
endfacet
facet normal 0.331759512424469 0.9363061785697937 0.1151797249913216
  outer loop
    vertex 114.9599914550781 11.00000095367432 33.78399276733398
    vertex 113.4383010864258 11.60000038146973 33.28956604003906
    vertex 113.2742767333984 11.60000038146973 33.76200485229492
  endloop
endfacet
facet normal -0.4808923304080963 4.982048213611598e-16 -0.8767796754837036
  outer loop
    vertex 67.5546875 21.60000038146973 33.76200485229492
    vertex 66.66175842285156 11.22500038146973 34.25175094604492
    vertex 66.66175842285156 21.97500038146973 34.25175094604492
  endloop
endfacet
facet normal -0.4808923304080963 5.408447246237373e-16 -0.8767796754837036
  outer loop
    vertex 67.5546875 21.60000038146973 33.76200485229492
    vertex 67.5546875 11.60000038146973 33.76200485229492
    vertex 66.66175842285156 11.22500038146973 34.25175094604492
  endloop
endfacet
facet normal -0.3319179713726044 -0.9366335272789001 0.1120181307196617
  outer loop
    vertex 66.66175842285156 21.97500038146973 34.25175094604492
    vertex 65.86897277832031 22.20000076293945 33.78399276733398
    vertex 67.5546875 21.60000038146973 33.76200485229492
  endloop
endfacet
facet normal 0.4808910489082336 5.815499086818349e-18 -0.8767803907394409
  outer loop
    vertex 114.1672058105469 11.22500038146973 34.25175094604492
    vertex 113.2742767333984 11.60000038146973 33.76200485229492
    vertex 113.2742767333984 21.60000038146973 33.76200485229492
  endloop
endfacet
facet normal 0.4808910489082336 -1.011500593468839e-15 -0.8767803907394409
  outer loop
    vertex 114.1672058105469 21.97500038146973 34.25175094604492
    vertex 114.1672058105469 11.22500038146973 34.25175094604492
    vertex 113.2742767333984 21.60000038146973 33.76200485229492
  endloop
endfacet
facet normal 0.3319173455238342 0.936633825302124 0.112017810344696
  outer loop
    vertex 114.1672058105469 11.22500038146973 34.25175094604492
    vertex 114.9599914550781 11.00000095367432 33.78399276733398
    vertex 113.2742767333984 11.60000038146973 33.76200485229492
  endloop
endfacet
facet normal -0.9335805773735046 0 0.3583676218986511
  outer loop
    vertex 65.86897277832031 23.20000076293945 33.78399276733398
    vertex 66.83708190917969 22.20000076293945 36.30600738525391
    vertex 66.83708190917969 23.20000076293945 36.30600738525391
  endloop
endfacet
facet normal -0.9335805773735046 -1.552433118351515e-16 0.3583676218986511
  outer loop
    vertex 65.86897277832031 23.20000076293945 33.78399276733398
    vertex 65.86897277832031 22.20000076293945 33.78399276733398
    vertex 66.83708190917969 22.20000076293945 36.30600738525391
  endloop
endfacet
facet normal 0.9335806369781494 7.762166253502066e-17 0.3583674430847168
  outer loop
    vertex 113.9918823242188 23.20000076293945 36.30600738525391
    vertex 114.9599914550781 22.20000076293945 33.78399276733398
    vertex 114.9599914550781 23.20000076293945 33.78399276733398
  endloop
endfacet
facet normal -0.3414831757545471 -0.9307021498680115 0.1310829818248749
  outer loop
    vertex 66.83708190917969 22.20000076293945 36.30600738525391
    vertex 65.86897277832031 22.20000076293945 33.78399276733398
    vertex 66.66175842285156 21.97500038146973 34.25175094604492
  endloop
endfacet
facet normal 0.9335806369781494 1.552433250700413e-16 0.3583674430847168
  outer loop
    vertex 113.9918823242188 23.20000076293945 36.30600738525391
    vertex 113.9918823242188 22.20000076293945 36.30600738525391
    vertex 114.9599914550781 22.20000076293945 33.78399276733398
  endloop
endfacet
facet normal 0.3383605182170868 -0.9327003359794617 0.1248286962509155
  outer loop
    vertex 113.9595336914062 21.97500038146973 34.81466674804688
    vertex 114.1672058105469 21.97500038146973 34.25175094604492
    vertex 114.9599914550781 22.20000076293945 33.78399276733398
  endloop
endfacet
facet normal 0.3455853760242462 -0.9289632439613342 0.1326575875282288
  outer loop
    vertex 113.9918823242188 22.20000076293945 36.30600738525391
    vertex 113.9595336914062 21.97500038146973 34.81466674804688
    vertex 114.9599914550781 22.20000076293945 33.78399276733398
  endloop
endfacet
facet normal -0.9335805773735046 -2.328645773234781e-16 0.3583676218986511
  outer loop
    vertex 65.86897277832031 11.00000095367432 33.78399276733398
    vertex 65.86897277832031 10 33.78399276733398
    vertex 66.83708190917969 10 36.30600738525391
  endloop
endfacet
facet normal -0.9335805773735046 -7.762153018612265e-17 0.3583676218986511
  outer loop
    vertex 65.86897277832031 11.00000095367432 33.78399276733398
    vertex 66.83708190917969 10 36.30600738525391
    vertex 66.83708190917969 11.00000095367432 36.30600738525391
  endloop
endfacet
facet normal -0.3383584022521973 0.9327014088630676 0.1248266249895096
  outer loop
    vertex 66.86943054199219 11.22500038146973 34.81466674804688
    vertex 66.66175842285156 11.22500038146973 34.25175094604492
    vertex 65.86897277832031 11.00000095367432 33.78399276733398
  endloop
endfacet
facet normal -0.3455851972103119 0.928963303565979 0.13265760242939
  outer loop
    vertex 66.83708190917969 11.00000095367432 36.30600738525391
    vertex 66.86943054199219 11.22500038146973 34.81466674804688
    vertex 65.86897277832031 11.00000095367432 33.78399276733398
  endloop
endfacet
facet normal 0.9335806369781494 7.762153680356755e-17 0.3583674430847168
  outer loop
    vertex 113.9918823242188 11.00000095367432 36.30600738525391
    vertex 114.9599914550781 10 33.78399276733398
    vertex 114.9599914550781 11.00000095367432 33.78399276733398
  endloop
endfacet
facet normal 0.3414826095104218 0.9307023882865906 0.1310826689004898
  outer loop
    vertex 113.9918823242188 11.00000095367432 36.30600738525391
    vertex 114.9599914550781 11.00000095367432 33.78399276733398
    vertex 114.1672058105469 11.22500038146973 34.25175094604492
  endloop
endfacet
facet normal 0.9335806369781494 1.552430736071351e-16 0.3583674430847168
  outer loop
    vertex 113.9918823242188 11.00000095367432 36.30600738525391
    vertex 113.9918823242188 10 36.30600738525391
    vertex 114.9599914550781 10 33.78399276733398
  endloop
endfacet
facet normal -0.9381916522979736 9.857054756096302e-16 0.3461161255836487
  outer loop
    vertex 66.66175842285156 21.97500038146973 34.25175094604492
    vertex 66.66175842285156 11.22500038146973 34.25175094604492
    vertex 66.86943054199219 11.22500038146973 34.81466674804688
  endloop
endfacet
facet normal -0.9381916522979736 0 0.3461161255836487
  outer loop
    vertex 66.66175842285156 21.97500038146973 34.25175094604492
    vertex 66.86943054199219 11.22500038146973 34.81466674804688
    vertex 66.86943054199219 21.97500038146973 34.81466674804688
  endloop
endfacet
facet normal -0.3571628928184509 -0.9247015118598938 0.1317639499902725
  outer loop
    vertex 66.83708190917969 22.20000076293945 36.30600738525391
    vertex 66.66175842285156 21.97500038146973 34.25175094604492
    vertex 66.86943054199219 21.97500038146973 34.81466674804688
  endloop
endfacet
facet normal 0.9381905198097229 -1.96971497950062e-15 0.3461192846298218
  outer loop
    vertex 113.9595336914062 21.97500038146973 34.81466674804688
    vertex 114.1672058105469 11.22500038146973 34.25175094604492
    vertex 114.1672058105469 21.97500038146973 34.25175094604492
  endloop
endfacet
facet normal 0.9381905198097229 0 0.3461192846298218
  outer loop
    vertex 113.9595336914062 21.97500038146973 34.81466674804688
    vertex 113.9595336914062 11.22500038146973 34.81466674804688
    vertex 114.1672058105469 11.22500038146973 34.25175094604492
  endloop
endfacet
facet normal 0.3571578860282898 0.9247035384178162 0.1317634582519531
  outer loop
    vertex 113.9918823242188 11.00000095367432 36.30600738525391
    vertex 114.1672058105469 11.22500038146973 34.25175094604492
    vertex 113.9595336914062 11.22500038146973 34.81466674804688
  endloop
endfacet
facet normal -0.9220277667045593 2.862516412382631e-18 0.387123703956604
  outer loop
    vertex 67.86167907714844 21.60000038146973 34.6081657409668
    vertex 67.86167907714844 11.60000038146973 34.6081657409668
    vertex 68.24916076660156 11.60000038146973 35.53104782104492
  endloop
endfacet
facet normal -0.9238794445991516 -0.0004815477295778692 0.3826833069324493
  outer loop
    vertex 67.86167907714844 21.60000038146973 34.6081657409668
    vertex 68.24916076660156 11.60000038146973 35.53104782104492
    vertex 68.24506378173828 21.60000038146973 35.53373336791992
  endloop
endfacet
facet normal 0.9220279455184937 -0.0004811620165128261 0.3871230781078339
  outer loop
    vertex 112.5798034667969 21.60000038146973 35.53104782104492
    vertex 112.9624862670898 11.60000038146973 34.6071662902832
    vertex 112.96728515625 21.60000038146973 34.6081657409668
  endloop
endfacet
facet normal 0.9257093667984009 0.0004808385856449604 0.3782353401184082
  outer loop
    vertex 112.5798034667969 21.60000038146973 35.53104782104492
    vertex 112.5839004516602 11.60000038146973 35.53373336791992
    vertex 112.9624862670898 11.60000038146973 34.6071662902832
  endloop
endfacet
facet normal 0.2037484049797058 0 0.979023277759552
  outer loop
    vertex 67.86167907714844 21.60000038146973 34.6081657409668
    vertex 66.86943054199219 11.22500038146973 34.81466674804688
    vertex 67.86167907714844 11.60000038146973 34.6081657409668
  endloop
endfacet
facet normal 0.2037484049797058 -2.275257468549078e-18 0.979023277759552
  outer loop
    vertex 67.86167907714844 21.60000038146973 34.6081657409668
    vertex 66.86943054199219 21.97500038146973 34.81466674804688
    vertex 66.86943054199219 11.22500038146973 34.81466674804688
  endloop
endfacet
facet normal -0.3256102204322815 -0.9358351230621338 0.1348724216222763
  outer loop
    vertex 67.54844665527344 21.9081859588623 35.99034881591797
    vertex 66.86943054199219 21.97500038146973 34.81466674804688
    vertex 67.86167907714844 21.60000038146973 34.6081657409668
  endloop
endfacet
facet normal -0.3256106376647949 -0.9358350038528442 0.1348723024129868
  outer loop
    vertex 67.54844665527344 21.9081859588623 35.99034881591797
    vertex 67.86167907714844 21.60000038146973 34.6081657409668
    vertex 68.24506378173828 21.60000038146973 35.53373336791992
  endloop
endfacet
facet normal -0.2037486284971237 0 0.9790232181549072
  outer loop
    vertex 113.9595336914062 21.97500038146973 34.81466674804688
    vertex 112.96728515625 21.60000038146973 34.6081657409668
    vertex 113.9595336914062 11.22500038146973 34.81466674804688
  endloop
endfacet
facet normal -0.203749343752861 -7.14742114382716e-08 0.9790230989456177
  outer loop
    vertex 113.9595336914062 11.22500038146973 34.81466674804688
    vertex 112.96728515625 21.60000038146973 34.6081657409668
    vertex 112.9624862670898 11.60000038146973 34.6071662902832
  endloop
endfacet
facet normal 0.3230366408824921 -0.9366171956062317 0.1356303095817566
  outer loop
    vertex 113.280517578125 21.9081859588623 35.99034881591797
    vertex 112.5798034667969 21.60000038146973 35.53104782104492
    vertex 112.96728515625 21.60000038146973 34.6081657409668
  endloop
endfacet
facet normal 0.3256105482578278 -0.9358350038528442 0.1348726004362106
  outer loop
    vertex 113.280517578125 21.9081859588623 35.99034881591797
    vertex 112.96728515625 21.60000038146973 34.6081657409668
    vertex 113.9595336914062 21.97500038146973 34.81466674804688
  endloop
endfacet
facet normal -0.3230354785919189 0.9366176128387451 0.1356300711631775
  outer loop
    vertex 67.54844665527344 11.29181575775146 35.99034881591797
    vertex 68.24916076660156 11.60000038146973 35.53104782104492
    vertex 67.86167907714844 11.60000038146973 34.6081657409668
  endloop
endfacet
facet normal -0.3256105184555054 0.9358351230621338 0.1348720192909241
  outer loop
    vertex 67.54844665527344 11.29181575775146 35.99034881591797
    vertex 67.86167907714844 11.60000038146973 34.6081657409668
    vertex 66.86943054199219 11.22500038146973 34.81466674804688
  endloop
endfacet
facet normal 0.3242895305156708 0.9364079236984253 0.1340765208005905
  outer loop
    vertex 113.280517578125 11.29181575775146 35.99034881591797
    vertex 113.9595336914062 11.22500038146973 34.81466674804688
    vertex 112.9624862670898 11.60000038146973 34.6071662902832
  endloop
endfacet
facet normal 0.3265190720558167 0.9357277750968933 0.1334123462438583
  outer loop
    vertex 113.280517578125 11.29181575775146 35.99034881591797
    vertex 112.9624862670898 11.60000038146973 34.6071662902832
    vertex 112.5839004516602 11.60000038146973 35.53373336791992
  endloop
endfacet
facet normal -0.3245304226875305 -0.9363036155700684 0.134222149848938
  outer loop
    vertex 66.83708190917969 22.20000076293945 36.30600738525391
    vertex 66.86943054199219 21.97500038146973 34.81466674804688
    vertex 67.54844665527344 21.9081859588623 35.99034881591797
  endloop
endfacet
facet normal 0.3245298266410828 -0.9363038539886475 0.1342217922210693
  outer loop
    vertex 113.9918823242188 22.20000076293945 36.30600738525391
    vertex 113.280517578125 21.9081859588623 35.99034881591797
    vertex 113.9595336914062 21.97500038146973 34.81466674804688
  endloop
endfacet
facet normal -0.3245306313037872 0.9363036155700684 0.1342217028141022
  outer loop
    vertex 66.83708190917969 11.00000095367432 36.30600738525391
    vertex 67.54844665527344 11.29181575775146 35.99034881591797
    vertex 66.86943054199219 11.22500038146973 34.81466674804688
  endloop
endfacet
facet normal 0.3245300054550171 0.9363038539886475 0.1342213302850723
  outer loop
    vertex 113.9918823242188 11.00000095367432 36.30600738525391
    vertex 113.9595336914062 11.22500038146973 34.81466674804688
    vertex 113.280517578125 11.29181575775146 35.99034881591797
  endloop
endfacet
facet normal -0.5482040643692017 2.500398181837227e-07 -0.8363445997238159
  outer loop
    vertex 68.24506378173828 21.60000038146973 35.53373336791992
    vertex 67.39742279052734 11.22500038146973 36.08934020996094
    vertex 67.54844665527344 21.9081859588623 35.99034881591797
  endloop
endfacet
facet normal -0.5481913089752197 -1.239827270183014e-06 -0.8363530039787292
  outer loop
    vertex 68.24506378173828 21.60000038146973 35.53373336791992
    vertex 67.54844665527344 11.29181575775146 35.99034881591797
    vertex 67.39742279052734 11.22500038146973 36.08934020996094
  endloop
endfacet
facet normal -0.5482025742530823 -1.500724948755305e-07 -0.8363456130027771
  outer loop
    vertex 68.24916076660156 11.60000038146973 35.53104782104492
    vertex 67.54844665527344 11.29181575775146 35.99034881591797
    vertex 68.24506378173828 21.60000038146973 35.53373336791992
  endloop
endfacet
facet normal 0.5482036471366882 -6.130009833071881e-09 -0.8363448977470398
  outer loop
    vertex 113.280517578125 21.9081859588623 35.99034881591797
    vertex 112.5839004516602 11.60000038146973 35.53373336791992
    vertex 112.5798034667969 21.60000038146973 35.53104782104492
  endloop
endfacet
facet normal 0.5482035279273987 -2.759711605904158e-07 -0.8363449573516846
  outer loop
    vertex 113.4315414428711 21.97500038146973 36.08934020996094
    vertex 113.280517578125 11.29181575775146 35.99034881591797
    vertex 112.5839004516602 11.60000038146973 35.53373336791992
  endloop
endfacet
facet normal 0.5481894016265869 1.368404468848894e-06 -0.8363541960716248
  outer loop
    vertex 113.4315414428711 21.97500038146973 36.08934020996094
    vertex 112.5839004516602 11.60000038146973 35.53373336791992
    vertex 113.280517578125 21.9081859588623 35.99034881591797
  endloop
endfacet
facet normal -0.5481916666030884 6.554657756028384e-19 -0.8363527059555054
  outer loop
    vertex 67.54844665527344 21.9081859588623 35.99034881591797
    vertex 67.39742279052734 11.22500038146973 36.08934020996094
    vertex 67.39742279052734 21.97500038146973 36.08934020996094
  endloop
endfacet
facet normal -0.3209472000598907 -0.9363410472869873 0.1423318535089493
  outer loop
    vertex 66.83708190917969 22.20000076293945 36.30600738525391
    vertex 67.54844665527344 21.9081859588623 35.99034881591797
    vertex 67.39742279052734 21.97500038146973 36.08934020996094
  endloop
endfacet
facet normal 0.3209477961063385 -0.9363412857055664 0.1423287838697433
  outer loop
    vertex 113.9918823242188 22.20000076293945 36.30600738525391
    vertex 113.4315414428711 21.97500038146973 36.08934020996094
    vertex 113.280517578125 21.9081859588623 35.99034881591797
  endloop
endfacet
facet normal -0.3209379017353058 0.9363410472869873 0.1423528045415878
  outer loop
    vertex 66.83708190917969 11.00000095367432 36.30600738525391
    vertex 67.39742279052734 11.22500038146973 36.08934020996094
    vertex 67.54844665527344 11.29181575775146 35.99034881591797
  endloop
endfacet
facet normal 0.5481898784637451 -1.1503332110512e-15 -0.8363538980484009
  outer loop
    vertex 113.4315414428711 21.97500038146973 36.08934020996094
    vertex 113.4315414428711 11.22500038146973 36.08934020996094
    vertex 113.280517578125 11.29181575775146 35.99034881591797
  endloop
endfacet
facet normal 0.3209384977817535 0.9363412857055664 0.1423497200012207
  outer loop
    vertex 113.9918823242188 11.00000095367432 36.30600738525391
    vertex 113.280517578125 11.29181575775146 35.99034881591797
    vertex 113.4315414428711 11.22500038146973 36.08934020996094
  endloop
endfacet
facet normal -0.9081445336341858 -3.49937682805762e-18 0.4186568260192871
  outer loop
    vertex 67.39742279052734 21.97500038146973 36.08934020996094
    vertex 67.39742279052734 11.22500038146973 36.08934020996094
    vertex 67.64861297607422 11.22500038146973 36.63422775268555
  endloop
endfacet
facet normal -0.9081445336341858 9.535801628982347e-16 0.4186568260192871
  outer loop
    vertex 67.39742279052734 21.97500038146973 36.08934020996094
    vertex 67.64861297607422 11.22500038146973 36.63422775268555
    vertex 67.64861297607422 21.97500038146973 36.63422775268555
  endloop
endfacet
facet normal -0.3190690875053406 -0.9362472891807556 0.1470916122198105
  outer loop
    vertex 67.64861297607422 21.97500038146973 36.63422775268555
    vertex 66.83708190917969 22.20000076293945 36.30600738525391
    vertex 67.39742279052734 21.97500038146973 36.08934020996094
  endloop
endfacet
facet normal 0.9081448316574097 -1.903661656207836e-15 0.4186561703681946
  outer loop
    vertex 113.1803512573242 21.97500038146973 36.63422775268555
    vertex 113.4315414428711 11.22500038146973 36.08934020996094
    vertex 113.4315414428711 21.97500038146973 36.08934020996094
  endloop
endfacet
facet normal 0.3190686702728271 -0.9362475275993347 0.1470911502838135
  outer loop
    vertex 113.1803512573242 21.97500038146973 36.63422775268555
    vertex 113.4315414428711 21.97500038146973 36.08934020996094
    vertex 113.9918823242188 22.20000076293945 36.30600738525391
  endloop
endfacet
facet normal -0.3190681934356689 0.9362476468086243 0.1470912098884583
  outer loop
    vertex 67.64861297607422 11.22500038146973 36.63422775268555
    vertex 67.39742279052734 11.22500038146973 36.08934020996094
    vertex 66.83708190917969 11.00000095367432 36.30600738525391
  endloop
endfacet
facet normal 0.9081448316574097 -1.74968903441427e-18 0.4186561703681946
  outer loop
    vertex 113.1803512573242 21.97500038146973 36.63422775268555
    vertex 113.1803512573242 11.22500038146973 36.63422775268555
    vertex 113.4315414428711 11.22500038146973 36.08934020996094
  endloop
endfacet
facet normal 0.3190677762031555 0.9362478852272034 0.1470907330513
  outer loop
    vertex 113.1803512573242 11.22500038146973 36.63422775268555
    vertex 113.9918823242188 11.00000095367432 36.30600738525391
    vertex 113.4315414428711 11.22500038146973 36.08934020996094
  endloop
endfacet
facet normal -0.8910067677497864 0 0.4539900720119476
  outer loop
    vertex 66.83708190917969 23.20000076293945 36.30600738525391
    vertex 68.06351470947266 22.20000076293945 38.7130126953125
    vertex 68.06351470947266 23.20000076293945 38.7130126953125
  endloop
endfacet
facet normal -0.8910067677497864 0 0.4539900720119476
  outer loop
    vertex 66.83708190917969 23.20000076293945 36.30600738525391
    vertex 66.83708190917969 22.20000076293945 36.30600738525391
    vertex 68.06351470947266 22.20000076293945 38.7130126953125
  endloop
endfacet
facet normal 0.8910067677497864 -1.626609117031554e-16 0.4539900720119476
  outer loop
    vertex 112.7654495239258 23.20000076293945 38.7130126953125
    vertex 113.9918823242188 22.20000076293945 36.30600738525391
    vertex 113.9918823242188 23.20000076293945 36.30600738525391
  endloop
endfacet
facet normal -0.3251384198665619 -0.9310422539710999 0.165666326880455
  outer loop
    vertex 68.27498626708984 21.97500038146973 37.86354827880859
    vertex 66.83708190917969 22.20000076293945 36.30600738525391
    vertex 67.64861297607422 21.97500038146973 36.63422775268555
  endloop
endfacet
facet normal -0.3251379728317261 -0.931042492389679 0.165665864944458
  outer loop
    vertex 68.06351470947266 22.20000076293945 38.7130126953125
    vertex 66.83708190917969 22.20000076293945 36.30600738525391
    vertex 68.27498626708984 21.97500038146973 37.86354827880859
  endloop
endfacet
facet normal 0.8910067677497864 8.133045585157771e-17 0.4539900720119476
  outer loop
    vertex 112.7654495239258 23.20000076293945 38.7130126953125
    vertex 112.7654495239258 22.20000076293945 38.7130126953125
    vertex 113.9918823242188 22.20000076293945 36.30600738525391
  endloop
endfacet
facet normal 0.3251380324363708 -0.931042492389679 0.1656658947467804
  outer loop
    vertex 112.7654495239258 22.20000076293945 38.7130126953125
    vertex 113.1803512573242 21.97500038146973 36.63422775268555
    vertex 113.9918823242188 22.20000076293945 36.30600738525391
  endloop
endfacet
facet normal -0.8910067677497864 0 0.4539900720119476
  outer loop
    vertex 66.83708190917969 11.00000095367432 36.30600738525391
    vertex 66.83708190917969 10 36.30600738525391
    vertex 68.06351470947266 10 38.7130126953125
  endloop
endfacet
facet normal -0.8910067677497864 -8.13303235026797e-17 0.4539900720119476
  outer loop
    vertex 66.83708190917969 11.00000095367432 36.30600738525391
    vertex 68.06351470947266 10 38.7130126953125
    vertex 68.06351470947266 11.00000095367432 38.7130126953125
  endloop
endfacet
facet normal -0.3251370787620544 0.9310429096221924 0.1656654179096222
  outer loop
    vertex 68.06351470947266 11.00000095367432 38.7130126953125
    vertex 68.27498626708984 11.22500038146973 37.86354827880859
    vertex 66.83708190917969 11.00000095367432 36.30600738525391
  endloop
endfacet
facet normal -0.3251375257968903 0.9310426712036133 0.1656658798456192
  outer loop
    vertex 68.27498626708984 11.22500038146973 37.86354827880859
    vertex 67.64861297607422 11.22500038146973 36.63422775268555
    vertex 66.83708190917969 11.00000095367432 36.30600738525391
  endloop
endfacet
facet normal 0.8910067677497864 -2.439909638905942e-16 0.4539900720119476
  outer loop
    vertex 112.7654495239258 11.00000095367432 38.7130126953125
    vertex 113.9918823242188 10 36.30600738525391
    vertex 113.9918823242188 11.00000095367432 36.30600738525391
  endloop
endfacet
facet normal 0.3251371383666992 0.9310428500175476 0.1656654477119446
  outer loop
    vertex 112.7654495239258 11.00000095367432 38.7130126953125
    vertex 113.9918823242188 11.00000095367432 36.30600738525391
    vertex 113.1803512573242 11.22500038146973 36.63422775268555
  endloop
endfacet
facet normal 0.8910067677497864 1.626606470053594e-16 0.4539900720119476
  outer loop
    vertex 112.7654495239258 11.00000095367432 38.7130126953125
    vertex 112.7654495239258 10 38.7130126953125
    vertex 113.9918823242188 10 36.30600738525391
  endloop
endfacet
facet normal -0.8888114094734192 5.939010387162317e-18 0.4582731425762177
  outer loop
    vertex 68.62160491943359 21.60000038146973 36.35051345825195
    vertex 68.62160491943359 11.60000038146973 36.35051345825195
    vertex 69.08029937744141 11.60000038146973 37.24014663696289
  endloop
endfacet
facet normal -0.8910063505172729 -0.0004816682485397905 0.4539906084537506
  outer loop
    vertex 68.62160491943359 21.60000038146973 36.35051345825195
    vertex 69.08029937744141 11.60000038146973 37.24014663696289
    vertex 69.07642364501953 21.60000038146973 37.24314880371094
  endloop
endfacet
facet normal 0.8888107538223267 -0.0004813274717889726 0.4582742154598236
  outer loop
    vertex 111.748664855957 21.60000038146973 37.24014663696289
    vertex 112.2026519775391 11.60000038146973 36.34914016723633
    vertex 112.2073593139648 21.60000038146973 36.35051345825195
  endloop
endfacet
facet normal 0.8931804299354553 0.0004811797116417438 0.4496982097625732
  outer loop
    vertex 111.748664855957 21.60000038146973 37.24014663696289
    vertex 111.7525405883789 11.60000038146973 37.24314880371094
    vertex 112.2026519775391 11.60000038146973 36.34914016723633
  endloop
endfacet
facet normal 0.2799328565597534 5.362800094770634e-18 0.960019588470459
  outer loop
    vertex 68.62160491943359 21.60000038146973 36.35051345825195
    vertex 67.64861297607422 21.97500038146973 36.63422775268555
    vertex 68.62160491943359 11.60000038146973 36.35051345825195
  endloop
endfacet
facet normal -0.3140250146389008 -0.9358349442481995 0.1600037962198257
  outer loop
    vertex 69.07642364501953 21.60000038146973 37.24314880371094
    vertex 67.64861297607422 21.97500038146973 36.63422775268555
    vertex 68.62160491943359 21.60000038146973 36.35051345825195
  endloop
endfacet
facet normal -0.2799327969551086 2.320302002395959e-18 0.960019588470459
  outer loop
    vertex 113.1803512573242 21.97500038146973 36.63422775268555
    vertex 112.2073593139648 21.60000038146973 36.35051345825195
    vertex 113.1803512573242 11.22500038146973 36.63422775268555
  endloop
endfacet
facet normal -0.2799334228038788 -6.452240342014193e-08 0.9600194096565247
  outer loop
    vertex 113.1803512573242 11.22500038146973 36.63422775268555
    vertex 112.2073593139648 21.60000038146973 36.35051345825195
    vertex 112.2026519775391 11.60000038146973 36.34914016723633
  endloop
endfacet
facet normal 0.311682254076004 -0.9364978671073914 0.1607045531272888
  outer loop
    vertex 112.5539779663086 21.97500038146973 37.86354827880859
    vertex 111.748664855957 21.60000038146973 37.24014663696289
    vertex 112.2073593139648 21.60000038146973 36.35051345825195
  endloop
endfacet
facet normal 0.3140250146389008 -0.9358350038528442 0.1600035727024078
  outer loop
    vertex 112.5539779663086 21.97500038146973 37.86354827880859
    vertex 112.2073593139648 21.60000038146973 36.35051345825195
    vertex 113.1803512573242 21.97500038146973 36.63422775268555
  endloop
endfacet
facet normal 0.2799328565597534 -2.993191030656859e-16 0.960019588470459
  outer loop
    vertex 68.62160491943359 11.60000038146973 36.35051345825195
    vertex 67.64861297607422 21.97500038146973 36.63422775268555
    vertex 67.64861297607422 11.22500038146973 36.63422775268555
  endloop
endfacet
facet normal -0.3116832673549652 0.9364975094795227 0.1607045829296112
  outer loop
    vertex 68.27498626708984 11.22500038146973 37.86354827880859
    vertex 69.08029937744141 11.60000038146973 37.24014663696289
    vertex 68.62160491943359 11.60000038146973 36.35051345825195
  endloop
endfacet
facet normal -0.3140251934528351 0.9358348846435547 0.1600038558244705
  outer loop
    vertex 68.27498626708984 11.22500038146973 37.86354827880859
    vertex 68.62160491943359 11.60000038146973 36.35051345825195
    vertex 67.64861297607422 11.22500038146973 36.63422775268555
  endloop
endfacet
facet normal 0.3132151365280151 0.9364976286888123 0.157697468996048
  outer loop
    vertex 111.7525405883789 11.60000038146973 37.24314880371094
    vertex 113.1803512573242 11.22500038146973 36.63422775268555
    vertex 112.2026519775391 11.60000038146973 36.34914016723633
  endloop
endfacet
facet normal -0.3140249848365784 -0.9358350038528442 0.1600037515163422
  outer loop
    vertex 68.27498626708984 21.97500038146973 37.86354827880859
    vertex 67.64861297607422 21.97500038146973 36.63422775268555
    vertex 69.07642364501953 21.60000038146973 37.24314880371094
  endloop
endfacet
facet normal 0.3251379132270813 -0.931042492389679 0.1656658798456192
  outer loop
    vertex 112.7654495239258 22.20000076293945 38.7130126953125
    vertex 112.5539779663086 21.97500038146973 37.86354827880859
    vertex 113.1803512573242 21.97500038146973 36.63422775268555
  endloop
endfacet
facet normal 0.3140245378017426 0.9358351826667786 0.1600033491849899
  outer loop
    vertex 112.5539779663086 11.22500038146973 37.86354827880859
    vertex 113.1803512573242 11.22500038146973 36.63422775268555
    vertex 111.7525405883789 11.60000038146973 37.24314880371094
  endloop
endfacet
facet normal 0.3251370191574097 0.9310429096221924 0.1656654328107834
  outer loop
    vertex 112.7654495239258 11.00000095367432 38.7130126953125
    vertex 113.1803512573242 11.22500038146973 36.63422775268555
    vertex 112.5539779663086 11.22500038146973 37.86354827880859
  endloop
endfacet
facet normal -0.6121307015419006 0 -0.7907566428184509
  outer loop
    vertex 69.07642364501953 21.60000038146973 37.24314880371094
    vertex 68.27498626708984 11.22500038146973 37.86354827880859
    vertex 68.27498626708984 21.97500038146973 37.86354827880859
  endloop
endfacet
facet normal -0.612131655216217 1.230440034305502e-07 -0.7907558679580688
  outer loop
    vertex 69.08029937744141 11.60000038146973 37.24014663696289
    vertex 68.27498626708984 11.22500038146973 37.86354827880859
    vertex 69.07642364501953 21.60000038146973 37.24314880371094
  endloop
endfacet
facet normal 0.612129271030426 -1.537252387606713e-07 -0.7907577157020569
  outer loop
    vertex 112.5539779663086 11.22500038146973 37.86354827880859
    vertex 111.7525405883789 11.60000038146973 37.24314880371094
    vertex 111.748664855957 21.60000038146973 37.24014663696289
  endloop
endfacet
facet normal 0.6121305227279663 -1.283354335582449e-15 -0.7907567620277405
  outer loop
    vertex 112.5539779663086 21.97500038146973 37.86354827880859
    vertex 112.5539779663086 11.22500038146973 37.86354827880859
    vertex 111.748664855957 21.60000038146973 37.24014663696289
  endloop
endfacet
facet normal -0.8724961280822754 -1.821176671288093e-18 0.4886209964752197
  outer loop
    vertex 68.27498626708984 21.97500038146973 37.86354827880859
    vertex 68.27498626708984 11.22500038146973 37.86354827880859
    vertex 68.56816101074219 11.22500038146973 38.38704681396484
  endloop
endfacet
facet normal -0.8724961280822754 -3.642353342576186e-18 0.4886209964752197
  outer loop
    vertex 68.27498626708984 21.97500038146973 37.86354827880859
    vertex 68.56816101074219 11.22500038146973 38.38704681396484
    vertex 68.56816101074219 21.97500038146973 38.38704681396484
  endloop
endfacet
facet normal -0.306544691324234 -0.9362471103668213 0.1716731637716293
  outer loop
    vertex 68.06351470947266 22.20000076293945 38.7130126953125
    vertex 68.27498626708984 21.97500038146973 37.86354827880859
    vertex 68.56816101074219 21.97500038146973 38.38704681396484
  endloop
endfacet
facet normal 0.8724949359893799 -1.828458894777047e-15 0.4886231124401093
  outer loop
    vertex 112.2608032226562 21.97500038146973 38.38704681396484
    vertex 112.5539779663086 11.22500038146973 37.86354827880859
    vertex 112.5539779663086 21.97500038146973 37.86354827880859
  endloop
endfacet
facet normal 0.3065435886383057 -0.9362474083900452 0.171673521399498
  outer loop
    vertex 112.7654495239258 22.20000076293945 38.7130126953125
    vertex 112.2608032226562 21.97500038146973 38.38704681396484
    vertex 112.5539779663086 21.97500038146973 37.86354827880859
  endloop
endfacet
facet normal -0.3065438568592072 0.9362474679946899 0.1716726869344711
  outer loop
    vertex 68.06351470947266 11.00000095367432 38.7130126953125
    vertex 68.56816101074219 11.22500038146973 38.38704681396484
    vertex 68.27498626708984 11.22500038146973 37.86354827880859
  endloop
endfacet
facet normal 0.8724949359893799 -1.83210113645024e-15 0.4886231124401093
  outer loop
    vertex 112.2608032226562 21.97500038146973 38.38704681396484
    vertex 112.2608032226562 11.22500038146973 38.38704681396484
    vertex 112.5539779663086 11.22500038146973 37.86354827880859
  endloop
endfacet
facet normal 0.3065427243709564 0.9362477660179138 0.1716730445623398
  outer loop
    vertex 112.7654495239258 11.00000095367432 38.7130126953125
    vertex 112.5539779663086 11.22500038146973 37.86354827880859
    vertex 112.2608032226562 11.22500038146973 38.38704681396484
  endloop
endfacet
facet normal -0.8501163125038147 9.500282361130422e-16 0.5265949368476868
  outer loop
    vertex 69.51588439941406 21.60000038146973 38.02786636352539
    vertex 69.51588439941406 11.60000038146973 38.02786636352539
    vertex 70.04296875 11.60000038146973 38.87876892089844
  endloop
endfacet
facet normal -0.8526401519775391 -0.0004816102737095207 0.5224983096122742
  outer loop
    vertex 69.51588439941406 21.60000038146973 38.02786636352539
    vertex 70.04296875 11.60000038146973 38.87876892089844
    vertex 70.03934478759766 21.60000038146973 38.88206481933594
  endloop
endfacet
facet normal 0.850115180015564 -0.0004814019775949419 0.5265966057777405
  outer loop
    vertex 110.7859954833984 21.60000038146973 38.87876892089844
    vertex 111.3084945678711 11.60000038146973 38.02612686157227
    vertex 111.3130798339844 21.60000038146973 38.02786636352539
  endloop
endfacet
facet normal 0.8551458120346069 0.0004814092244487256 0.5183873176574707
  outer loop
    vertex 110.7859954833984 21.60000038146973 38.87876892089844
    vertex 110.7896270751953 11.60000038146973 38.88206481933594
    vertex 111.3084945678711 11.60000038146973 38.02612686157227
  endloop
endfacet
facet normal 0.354389876127243 -3.95363110163667e-16 0.9350977540016174
  outer loop
    vertex 69.51588439941406 21.60000038146973 38.02786636352539
    vertex 68.73702239990234 21.9081859588623 38.32304763793945
    vertex 69.51588439941406 11.60000038146973 38.02786636352539
  endloop
endfacet
facet normal -0.3005037009716034 -0.9358347654342651 0.1841488182544708
  outer loop
    vertex 70.03934478759766 21.60000038146973 38.88206481933594
    vertex 68.73702239990234 21.9081859588623 38.32304763793945
    vertex 69.51588439941406 21.60000038146973 38.02786636352539
  endloop
endfacet
facet normal -0.3543896377086639 -1.633744943774218e-07 0.935097873210907
  outer loop
    vertex 112.0919494628906 21.9081859588623 38.32304763793945
    vertex 111.3130798339844 21.60000038146973 38.02786636352539
    vertex 111.3084945678711 11.60000038146973 38.02612686157227
  endloop
endfacet
facet normal 0.2998565435409546 -0.9357271790504456 0.18574358522892
  outer loop
    vertex 110.7859954833984 21.60000038146973 38.87876892089844
    vertex 111.3130798339844 21.60000038146973 38.02786636352539
    vertex 112.0919494628906 21.9081859588623 38.32304763793945
  endloop
endfacet
facet normal 0.3543899953365326 -3.078575616655144e-07 0.9350976943969727
  outer loop
    vertex 69.51588439941406 11.60000038146973 38.02786636352539
    vertex 68.56816101074219 21.97500038146973 38.38704681396484
    vertex 68.73702239990234 11.29181575775146 38.32304763793945
  endloop
endfacet
facet normal 0.3544075489044189 1.526488517811231e-06 0.9350910782814026
  outer loop
    vertex 69.51588439941406 11.60000038146973 38.02786636352539
    vertex 68.73702239990234 21.9081859588623 38.32304763793945
    vertex 68.56816101074219 21.97500038146973 38.38704681396484
  endloop
endfacet
facet normal -0.2998565435409546 0.9357273578643799 0.1857427358627319
  outer loop
    vertex 70.04296875 11.60000038146973 38.87876892089844
    vertex 69.51588439941406 11.60000038146973 38.02786636352539
    vertex 68.73702239990234 11.29181575775146 38.32304763793945
  endloop
endfacet
facet normal -0.3543916344642639 -3.492670543892018e-07 0.9350970983505249
  outer loop
    vertex 112.2608032226562 21.97500038146973 38.38704681396484
    vertex 111.3084945678711 11.60000038146973 38.02612686157227
    vertex 112.0919494628906 11.29181575775146 38.32304763793945
  endloop
endfacet
facet normal -0.3544115722179413 1.742284666761407e-06 0.9350895285606384
  outer loop
    vertex 112.2608032226562 21.97500038146973 38.38704681396484
    vertex 112.0919494628906 21.9081859588623 38.32304763793945
    vertex 111.3084945678711 11.60000038146973 38.02612686157227
  endloop
endfacet
facet normal 0.2996024489402771 0.9366179704666138 0.1816182732582092
  outer loop
    vertex 110.7896270751953 11.60000038146973 38.88206481933594
    vertex 112.0919494628906 11.29181575775146 38.32304763793945
    vertex 111.3084945678711 11.60000038146973 38.02612686157227
  endloop
endfacet
facet normal -0.3005035817623138 -0.9358348846435547 0.1841484606266022
  outer loop
    vertex 69.28904724121094 21.97500038146973 39.56343078613281
    vertex 68.73702239990234 21.9081859588623 38.32304763793945
    vertex 70.03934478759766 21.60000038146973 38.88206481933594
  endloop
endfacet
facet normal -0.2993413805961609 -0.9363039135932922 0.1836564987897873
  outer loop
    vertex 69.28904724121094 21.97500038146973 39.56343078613281
    vertex 68.06351470947266 22.20000076293945 38.7130126953125
    vertex 68.73702239990234 21.9081859588623 38.32304763793945
  endloop
endfacet
facet normal -0.3037813305854797 -0.9363413453102112 0.1760163605213165
  outer loop
    vertex 68.06351470947266 22.20000076293945 38.7130126953125
    vertex 68.56816101074219 21.97500038146973 38.38704681396484
    vertex 68.73702239990234 21.9081859588623 38.32304763793945
  endloop
endfacet
facet normal 0.3037920594215393 -0.9363412857055664 0.1759981215000153
  outer loop
    vertex 112.7654495239258 22.20000076293945 38.7130126953125
    vertex 112.0919494628906 21.9081859588623 38.32304763793945
    vertex 112.2608032226562 21.97500038146973 38.38704681396484
  endloop
endfacet
facet normal 0.2993413209915161 -0.9363038539886475 0.1836569309234619
  outer loop
    vertex 111.5399169921875 21.97500038146973 39.56343078613281
    vertex 112.0919494628906 21.9081859588623 38.32304763793945
    vertex 112.7654495239258 22.20000076293945 38.7130126953125
  endloop
endfacet
facet normal 0.2990826666355133 -0.9364079833030701 0.1835474222898483
  outer loop
    vertex 111.5399169921875 21.97500038146973 39.56343078613281
    vertex 110.7859954833984 21.60000038146973 38.87876892089844
    vertex 112.0919494628906 21.9081859588623 38.32304763793945
  endloop
endfacet
facet normal 0.354407012462616 0 0.9350912570953369
  outer loop
    vertex 68.73702239990234 11.29181575775146 38.32304763793945
    vertex 68.56816101074219 21.97500038146973 38.38704681396484
    vertex 68.56816101074219 11.22500038146973 38.38704681396484
  endloop
endfacet
facet normal -0.303792804479599 0.9363413453102112 0.1759965270757675
  outer loop
    vertex 68.06351470947266 11.00000095367432 38.7130126953125
    vertex 68.73702239990234 11.29181575775146 38.32304763793945
    vertex 68.56816101074219 11.22500038146973 38.38704681396484
  endloop
endfacet
facet normal -0.2993411421775818 0.9363039135932922 0.1836569309234619
  outer loop
    vertex 69.28904724121094 11.22500038146973 39.56343078613281
    vertex 68.73702239990234 11.29181575775146 38.32304763793945
    vertex 68.06351470947266 11.00000095367432 38.7130126953125
  endloop
endfacet
facet normal -0.299083024263382 0.9364078044891357 0.1835476607084274
  outer loop
    vertex 69.28904724121094 11.22500038146973 39.56343078613281
    vertex 70.04296875 11.60000038146973 38.87876892089844
    vertex 68.73702239990234 11.29181575775146 38.32304763793945
  endloop
endfacet
facet normal -0.3544109463691711 7.439493552108072e-16 0.9350897669792175
  outer loop
    vertex 112.2608032226562 21.97500038146973 38.38704681396484
    vertex 112.0919494628906 11.29181575775146 38.32304763793945
    vertex 112.2608032226562 11.22500038146973 38.38704681396484
  endloop
endfacet
facet normal 0.3005036115646362 0.9358347058296204 0.1841494739055634
  outer loop
    vertex 111.5399169921875 11.22500038146973 39.56343078613281
    vertex 112.0919494628906 11.29181575775146 38.32304763793945
    vertex 110.7896270751953 11.60000038146973 38.88206481933594
  endloop
endfacet
facet normal 0.299341082572937 0.9363038539886475 0.1836573481559753
  outer loop
    vertex 111.5399169921875 11.22500038146973 39.56343078613281
    vertex 112.7654495239258 11.00000095367432 38.7130126953125
    vertex 112.0919494628906 11.29181575775146 38.32304763793945
  endloop
endfacet
facet normal 0.303803563117981 0.9363412857055664 0.1759782880544662
  outer loop
    vertex 112.7654495239258 11.00000095367432 38.7130126953125
    vertex 112.2608032226562 11.22500038146973 38.38704681396484
    vertex 112.0919494628906 11.29181575775146 38.32304763793945
  endloop
endfacet
facet normal -0.8386704325675964 -1.728116618988224e-16 0.5446392893791199
  outer loop
    vertex 68.06351470947266 23.20000076293945 38.7130126953125
    vertex 69.53482818603516 22.20000076293945 40.97863388061523
    vertex 69.53482818603516 23.20000076293945 40.97863388061523
  endloop
endfacet
facet normal -0.8386704325675964 -1.728116618988224e-16 0.5446392893791199
  outer loop
    vertex 68.06351470947266 23.20000076293945 38.7130126953125
    vertex 68.06351470947266 22.20000076293945 38.7130126953125
    vertex 69.53482818603516 22.20000076293945 40.97863388061523
  endloop
endfacet
facet normal 0.8386702537536621 0 0.544639527797699
  outer loop
    vertex 111.2941360473633 23.20000076293945 40.97863388061523
    vertex 112.7654495239258 22.20000076293945 38.7130126953125
    vertex 112.7654495239258 23.20000076293945 38.7130126953125
  endloop
endfacet
facet normal -0.3104518949985504 -0.9289634227752686 0.2016099542379379
  outer loop
    vertex 69.53482818603516 22.20000076293945 40.97863388061523
    vertex 68.06351470947266 22.20000076293945 38.7130126953125
    vertex 69.28904724121094 21.97500038146973 39.56343078613281
  endloop
endfacet
facet normal 0.8386702537536621 1.728116354290428e-16 0.544639527797699
  outer loop
    vertex 111.2941360473633 23.20000076293945 40.97863388061523
    vertex 111.2941360473633 22.20000076293945 40.97863388061523
    vertex 112.7654495239258 22.20000076293945 38.7130126953125
  endloop
endfacet
facet normal 0.306765615940094 -0.9307028651237488 0.1992161720991135
  outer loop
    vertex 111.2941360473633 22.20000076293945 40.97863388061523
    vertex 111.2065734863281 21.97500038146973 40.06231307983398
    vertex 112.7654495239258 22.20000076293945 38.7130126953125
  endloop
endfacet
facet normal 0.3165328800678253 -0.9247022271156311 0.2115011364221573
  outer loop
    vertex 111.2065734863281 21.97500038146973 40.06231307983398
    vertex 111.5399169921875 21.97500038146973 39.56343078613281
    vertex 112.7654495239258 22.20000076293945 38.7130126953125
  endloop
endfacet
facet normal -0.8386704325675964 -3.456227414624935e-16 0.5446392893791199
  outer loop
    vertex 68.06351470947266 11.00000095367432 38.7130126953125
    vertex 68.06351470947266 10 38.7130126953125
    vertex 69.53482818603516 10 40.97863388061523
  endloop
endfacet
facet normal -0.8386704325675964 -3.456227414624935e-16 0.5446392893791199
  outer loop
    vertex 68.06351470947266 11.00000095367432 38.7130126953125
    vertex 69.53482818603516 10 40.97863388061523
    vertex 69.53482818603516 11.00000095367432 40.97863388061523
  endloop
endfacet
facet normal -0.3067654669284821 0.9307029247283936 0.1992159485816956
  outer loop
    vertex 69.53482818603516 11.00000095367432 40.97863388061523
    vertex 69.62239074707031 11.22500038146973 40.06231307983398
    vertex 68.06351470947266 11.00000095367432 38.7130126953125
  endloop
endfacet
facet normal -0.3165319561958313 0.9247028231620789 0.2114999294281006
  outer loop
    vertex 69.62239074707031 11.22500038146973 40.06231307983398
    vertex 69.28904724121094 11.22500038146973 39.56343078613281
    vertex 68.06351470947266 11.00000095367432 38.7130126953125
  endloop
endfacet
facet normal 0.8386702537536621 1.728113442614671e-16 0.544639527797699
  outer loop
    vertex 111.2941360473633 11.00000095367432 40.97863388061523
    vertex 112.7654495239258 10 38.7130126953125
    vertex 112.7654495239258 11.00000095367432 38.7130126953125
  endloop
endfacet
facet normal 0.3104506134986877 0.9289640188217163 0.2016092538833618
  outer loop
    vertex 111.2941360473633 11.00000095367432 40.97863388061523
    vertex 112.7654495239258 11.00000095367432 38.7130126953125
    vertex 111.5399169921875 11.22500038146973 39.56343078613281
  endloop
endfacet
facet normal 0.8386702537536621 0 0.544639527797699
  outer loop
    vertex 111.2941360473633 11.00000095367432 40.97863388061523
    vertex 111.2941360473633 10 40.97863388061523
    vertex 112.7654495239258 10 38.7130126953125
  endloop
endfacet
facet normal -0.6722850799560547 7.1012420619295e-16 -0.7402923703193665
  outer loop
    vertex 70.03934478759766 21.60000038146973 38.88206481933594
    vertex 69.28904724121094 11.22500038146973 39.56343078613281
    vertex 69.28904724121094 21.97500038146973 39.56343078613281
  endloop
endfacet
facet normal -0.6722853779792786 3.848439078524279e-08 -0.7402920722961426
  outer loop
    vertex 70.04296875 11.60000038146973 38.87876892089844
    vertex 69.28904724121094 11.22500038146973 39.56343078613281
    vertex 70.03934478759766 21.60000038146973 38.88206481933594
  endloop
endfacet
facet normal 0.6722860932350159 1.543132697179317e-07 -0.7402914762496948
  outer loop
    vertex 111.5399169921875 11.22500038146973 39.56343078613281
    vertex 110.7896270751953 11.60000038146973 38.88206481933594
    vertex 110.7859954833984 21.60000038146973 38.87876892089844
  endloop
endfacet
facet normal 0.6722849011421204 5.960196550601331e-18 -0.740292489528656
  outer loop
    vertex 111.5399169921875 11.22500038146973 39.56343078613281
    vertex 110.7859954833984 21.60000038146973 38.87876892089844
    vertex 111.5399169921875 21.97500038146973 39.56343078613281
  endloop
endfacet
facet normal -0.8314695358276367 8.695229954928821e-16 0.5555703043937683
  outer loop
    vertex 69.28904724121094 21.97500038146973 39.56343078613281
    vertex 69.28904724121094 11.22500038146973 39.56343078613281
    vertex 69.62239074707031 11.22500038146973 40.06231307983398
  endloop
endfacet
facet normal -0.8314695358276367 8.714340606405654e-16 0.5555703043937683
  outer loop
    vertex 69.28904724121094 21.97500038146973 39.56343078613281
    vertex 69.62239074707031 11.22500038146973 40.06231307983398
    vertex 69.62239074707031 21.97500038146973 40.06231307983398
  endloop
endfacet
facet normal -0.2998694181442261 -0.9327012896537781 0.2003663629293442
  outer loop
    vertex 69.53482818603516 22.20000076293945 40.97863388061523
    vertex 69.28904724121094 21.97500038146973 39.56343078613281
    vertex 69.62239074707031 21.97500038146973 40.06231307983398
  endloop
endfacet
facet normal 0.8314688205718994 -1.911037850723097e-18 0.5555713772773743
  outer loop
    vertex 111.2065734863281 21.97500038146973 40.06231307983398
    vertex 111.5399169921875 11.22500038146973 39.56343078613281
    vertex 111.5399169921875 21.97500038146973 39.56343078613281
  endloop
endfacet
facet normal 0.8314688205718994 0 0.5555713772773743
  outer loop
    vertex 111.2065734863281 21.97500038146973 40.06231307983398
    vertex 111.2065734863281 11.22500038146973 40.06231307983398
    vertex 111.5399169921875 11.22500038146973 39.56343078613281
  endloop
endfacet
facet normal 0.2998673617839813 0.9327021241188049 0.2003655731678009
  outer loop
    vertex 111.2941360473633 11.00000095367432 40.97863388061523
    vertex 111.5399169921875 11.22500038146973 39.56343078613281
    vertex 111.2065734863281 11.22500038146973 40.06231307983398
  endloop
endfacet
facet normal -0.8061791062355042 9.035845725821417e-16 0.5916715860366821
  outer loop
    vertex 70.53901672363281 21.60000038146973 39.6298828125
    vertex 70.53901672363281 11.60000038146973 39.6298828125
    vertex 71.13123321533203 11.60000038146973 40.43680953979492
  endloop
endfacet
facet normal -0.8061791062355042 -6.547714401966614e-18 0.5916715860366821
  outer loop
    vertex 70.53901672363281 21.60000038146973 39.6298828125
    vertex 71.13123321533203 11.60000038146973 40.43680953979492
    vertex 71.13123321533203 21.60000038146973 40.43680953979492
  endloop
endfacet
facet normal 0.8090177178382874 -1.817246084379531e-15 0.5877842307090759
  outer loop
    vertex 109.6977310180664 21.60000038146973 40.43680953979492
    vertex 110.285514831543 11.60000038146973 39.62779235839844
    vertex 110.285514831543 21.60000038146973 39.62779235839844
  endloop
endfacet
facet normal 0.8090177178382874 0 0.5877842307090759
  outer loop
    vertex 109.6977310180664 21.60000038146973 40.43680953979492
    vertex 109.6977310180664 11.60000038146973 40.43680953979492
    vertex 110.285514831543 11.60000038146973 39.62779235839844
  endloop
endfacet
facet normal 0.4266672730445862 -4.895607442553112e-16 0.9044086933135986
  outer loop
    vertex 70.53901672363281 21.60000038146973 39.6298828125
    vertex 69.62239074707031 11.22500038146973 40.06231307983398
    vertex 70.53901672363281 11.60000038146973 39.6298828125
  endloop
endfacet
facet normal 0.4266672730445862 -4.531886730441788e-16 0.9044086933135986
  outer loop
    vertex 70.53901672363281 21.60000038146973 39.6298828125
    vertex 69.62239074707031 21.97500038146973 40.06231307983398
    vertex 69.62239074707031 11.22500038146973 40.06231307983398
  endloop
endfacet
facet normal -0.2867773473262787 -0.9360562562942505 0.2038564831018448
  outer loop
    vertex 69.62239074707031 21.97500038146973 40.06231307983398
    vertex 70.53901672363281 21.60000038146973 39.6298828125
    vertex 70.82925415039062 21.60000038146973 40.03817749023438
  endloop
endfacet
facet normal -0.4266661405563354 0 0.9044092297554016
  outer loop
    vertex 111.2065734863281 21.97500038146973 40.06231307983398
    vertex 110.285514831543 21.60000038146973 39.62779235839844
    vertex 111.2065734863281 11.22500038146973 40.06231307983398
  endloop
endfacet
facet normal -0.4266661405563354 9.640796656750438e-16 0.9044092297554016
  outer loop
    vertex 111.2065734863281 11.22500038146973 40.06231307983398
    vertex 110.285514831543 21.60000038146973 39.62779235839844
    vertex 110.285514831543 11.60000038146973 39.62779235839844
  endloop
endfacet
facet normal 0.2881857752799988 -0.9363060593605042 0.2006987035274506
  outer loop
    vertex 111.2941360473633 22.20000076293945 40.97863388061523
    vertex 109.9997100830078 21.60000038146973 40.03817749023438
    vertex 110.285514831543 21.60000038146973 39.62779235839844
  endloop
endfacet
facet normal 0.2857224941253662 -0.9366334080696106 0.2026833444833755
  outer loop
    vertex 111.2941360473633 22.20000076293945 40.97863388061523
    vertex 110.285514831543 21.60000038146973 39.62779235839844
    vertex 111.2065734863281 21.97500038146973 40.06231307983398
  endloop
endfacet
facet normal -0.2861980497837067 0.9363231062889099 0.2034446895122528
  outer loop
    vertex 69.53482818603516 11.00000095367432 40.97863388061523
    vertex 70.82925415039062 11.60000038146973 40.03817749023438
    vertex 70.53901672363281 11.60000038146973 39.6298828125
  endloop
endfacet
facet normal -0.2875059545040131 0.936150074005127 0.202393963932991
  outer loop
    vertex 69.53482818603516 11.00000095367432 40.97863388061523
    vertex 70.53901672363281 11.60000038146973 39.6298828125
    vertex 69.62239074707031 11.22500038146973 40.06231307983398
  endloop
endfacet
facet normal 0.2870894968509674 0.9368060231208801 0.1999352276325226
  outer loop
    vertex 111.2065734863281 11.22500038146973 40.06231307983398
    vertex 110.285514831543 11.60000038146973 39.62779235839844
    vertex 109.9997100830078 11.60000038146973 40.03817749023438
  endloop
endfacet
facet normal -0.2799305319786072 -0.9363061189651489 0.212060809135437
  outer loop
    vertex 69.53482818603516 22.20000076293945 40.97863388061523
    vertex 70.82925415039062 21.60000038146973 40.03817749023438
    vertex 71.13123321533203 21.60000038146973 40.43680953979492
  endloop
endfacet
facet normal -0.2868860065937042 -0.9363183975219727 0.2024952471256256
  outer loop
    vertex 69.53482818603516 22.20000076293945 40.97863388061523
    vertex 69.62239074707031 21.97500038146973 40.06231307983398
    vertex 70.82925415039062 21.60000038146973 40.03817749023438
  endloop
endfacet
facet normal 0.2788660824298859 -0.9368059039115906 0.2112544178962708
  outer loop
    vertex 110.3956069946289 21.97500038146973 41.17851257324219
    vertex 109.6977310180664 21.60000038146973 40.43680953979492
    vertex 109.9997100830078 21.60000038146973 40.03817749023438
  endloop
endfacet
facet normal 0.2812367379665375 -0.9363183379173279 0.2102710455656052
  outer loop
    vertex 110.3956069946289 21.97500038146973 41.17851257324219
    vertex 109.9997100830078 21.60000038146973 40.03817749023438
    vertex 111.2941360473633 22.20000076293945 40.97863388061523
  endloop
endfacet
facet normal -0.2788656949996948 0.9368060827255249 0.2112541198730469
  outer loop
    vertex 70.43335723876953 11.22500038146973 41.17851257324219
    vertex 71.13123321533203 11.60000038146973 40.43680953979492
    vertex 70.82925415039062 11.60000038146973 40.03817749023438
  endloop
endfacet
facet normal -0.2812365293502808 0.9363184571266174 0.2102706581354141
  outer loop
    vertex 70.43335723876953 11.22500038146973 41.17851257324219
    vertex 70.82925415039062 11.60000038146973 40.03817749023438
    vertex 69.53482818603516 11.00000095367432 40.97863388061523
  endloop
endfacet
facet normal 0.2799304723739624 0.9363061189651489 0.2120607495307922
  outer loop
    vertex 111.2941360473633 11.00000095367432 40.97863388061523
    vertex 109.9997100830078 11.60000038146973 40.03817749023438
    vertex 109.6977310180664 11.60000038146973 40.43680953979492
  endloop
endfacet
facet normal 0.2868868112564087 0.9363183975219727 0.2024939954280853
  outer loop
    vertex 111.2941360473633 11.00000095367432 40.97863388061523
    vertex 111.2065734863281 11.22500038146973 40.06231307983398
    vertex 109.9997100830078 11.60000038146973 40.03817749023438
  endloop
endfacet
facet normal -0.7282953262329102 7.633566270378569e-16 -0.6852633357048035
  outer loop
    vertex 70.43335723876953 21.97500038146973 41.17851257324219
    vertex 71.13123321533203 21.60000038146973 40.43680953979492
    vertex 70.43335723876953 11.22500038146973 41.17851257324219
  endloop
endfacet
facet normal -0.7282953262329102 -7.001221963063099e-18 -0.6852633357048035
  outer loop
    vertex 71.13123321533203 21.60000038146973 40.43680953979492
    vertex 71.13123321533203 11.60000038146973 40.43680953979492
    vertex 70.43335723876953 11.22500038146973 41.17851257324219
  endloop
endfacet
facet normal -0.281056821346283 -0.9366334676742554 0.2091048508882523
  outer loop
    vertex 70.43335723876953 21.97500038146973 41.17851257324219
    vertex 69.53482818603516 22.20000076293945 40.97863388061523
    vertex 71.13123321533203 21.60000038146973 40.43680953979492
  endloop
endfacet
facet normal 0.7282967567443848 0 -0.6852618455886841
  outer loop
    vertex 109.6977310180664 21.60000038146973 40.43680953979492
    vertex 110.3956069946289 11.22500038146973 41.17851257324219
    vertex 109.6977310180664 11.60000038146973 40.43680953979492
  endloop
endfacet
facet normal 0.7282967567443848 6.058397364972095e-18 -0.6852618455886841
  outer loop
    vertex 110.3956069946289 21.97500038146973 41.17851257324219
    vertex 110.3956069946289 11.22500038146973 41.17851257324219
    vertex 109.6977310180664 21.60000038146973 40.43680953979492
  endloop
endfacet
facet normal 0.2810559272766113 0.9366332292556763 0.2091069966554642
  outer loop
    vertex 110.3956069946289 11.22500038146973 41.17851257324219
    vertex 111.2941360473633 11.00000095367432 40.97863388061523
    vertex 109.6977310180664 11.60000038146973 40.43680953979492
  endloop
endfacet
facet normal -0.7771457433700562 0 0.6293206214904785
  outer loop
    vertex 69.53482818603516 23.20000076293945 40.97863388061523
    vertex 71.23490142822266 22.20000076293945 43.07804870605469
    vertex 71.23490142822266 23.20000076293945 43.07804870605469
  endloop
endfacet
facet normal -0.7771457433700562 0 0.6293206214904785
  outer loop
    vertex 69.53482818603516 23.20000076293945 40.97863388061523
    vertex 69.53482818603516 22.20000076293945 40.97863388061523
    vertex 71.23490142822266 22.20000076293945 43.07804870605469
  endloop
endfacet
facet normal 0.7771458625793457 1.864929115930942e-16 0.6293205618858337
  outer loop
    vertex 109.5940628051758 23.20000076293945 43.07804870605469
    vertex 111.2941360473633 22.20000076293945 40.97863388061523
    vertex 111.2941360473633 23.20000076293945 40.97863388061523
  endloop
endfacet
facet normal -0.2842623293399811 -0.9307023882865906 0.2301912307739258
  outer loop
    vertex 71.23490142822266 22.20000076293945 43.07804870605469
    vertex 69.53482818603516 22.20000076293945 40.97863388061523
    vertex 70.43335723876953 21.97500038146973 41.17851257324219
  endloop
endfacet
facet normal 0.7771458625793457 1.864929115930942e-16 0.6293205618858337
  outer loop
    vertex 109.5940628051758 23.20000076293945 43.07804870605469
    vertex 109.5940628051758 22.20000076293945 43.07804870605469
    vertex 111.2941360473633 22.20000076293945 40.97863388061523
  endloop
endfacet
facet normal 0.2832238376140594 -0.9327017664909363 0.2232749462127686
  outer loop
    vertex 110.0241470336914 21.97500038146973 41.64970397949219
    vertex 110.3956069946289 21.97500038146973 41.17851257324219
    vertex 111.2941360473633 22.20000076293945 40.97863388061523
  endloop
endfacet
facet normal 0.2876774072647095 -0.9289633631706238 0.2329566478729248
  outer loop
    vertex 109.5940628051758 22.20000076293945 43.07804870605469
    vertex 110.0241470336914 21.97500038146973 41.64970397949219
    vertex 111.2941360473633 22.20000076293945 40.97863388061523
  endloop
endfacet
facet normal -0.7771457433700562 1.864925807208492e-16 0.6293206214904785
  outer loop
    vertex 69.53482818603516 11.00000095367432 40.97863388061523
    vertex 69.53482818603516 10 40.97863388061523
    vertex 71.23490142822266 10 43.07804870605469
  endloop
endfacet
facet normal -0.7771457433700562 1.864925807208492e-16 0.6293206214904785
  outer loop
    vertex 69.53482818603516 11.00000095367432 40.97863388061523
    vertex 71.23490142822266 10 43.07804870605469
    vertex 71.23490142822266 11.00000095367432 43.07804870605469
  endloop
endfacet
facet normal -0.2832236886024475 0.9327018260955811 0.223274827003479
  outer loop
    vertex 70.80481719970703 11.22500038146973 41.64970397949219
    vertex 70.43335723876953 11.22500038146973 41.17851257324219
    vertex 69.53482818603516 11.00000095367432 40.97863388061523
  endloop
endfacet
facet normal -0.2876772880554199 0.9289633631706238 0.2329566329717636
  outer loop
    vertex 71.23490142822266 11.00000095367432 43.07804870605469
    vertex 70.80481719970703 11.22500038146973 41.64970397949219
    vertex 69.53482818603516 11.00000095367432 40.97863388061523
  endloop
endfacet
facet normal 0.7771458625793457 0 0.6293205618858337
  outer loop
    vertex 109.5940628051758 11.00000095367432 43.07804870605469
    vertex 111.2941360473633 10 40.97863388061523
    vertex 111.2941360473633 11.00000095367432 40.97863388061523
  endloop
endfacet
facet normal 0.2842608988285065 0.9307031035423279 0.2301900088787079
  outer loop
    vertex 109.5940628051758 11.00000095367432 43.07804870605469
    vertex 111.2941360473633 11.00000095367432 40.97863388061523
    vertex 110.3956069946289 11.22500038146973 41.17851257324219
  endloop
endfacet
facet normal 0.7771458625793457 0 0.6293205618858337
  outer loop
    vertex 109.5940628051758 11.00000095367432 43.07804870605469
    vertex 109.5940628051758 10 43.07804870605469
    vertex 111.2941360473633 10 40.97863388061523
  endloop
endfacet
facet normal -0.7572716474533081 1.394122594335237e-17 0.6531000137329102
  outer loop
    vertex 71.68468475341797 21.60000038146973 41.14668655395508
    vertex 71.68468475341797 11.60000038146973 41.14668655395508
    vertex 72.33839416503906 11.60000038146973 41.90465927124023
  endloop
endfacet
facet normal -0.7604070901870728 -0.0004818868183065206 0.6494465470314026
  outer loop
    vertex 71.68468475341797 21.60000038146973 41.14668655395508
    vertex 72.33839416503906 11.60000038146973 41.90465927124023
    vertex 72.33531951904297 21.60000038146973 41.90848541259766
  endloop
endfacet
facet normal 0.7572711110115051 -0.0004813356790691614 0.6531004905700684
  outer loop
    vertex 108.4905700683594 21.60000038146973 41.90465927124023
    vertex 109.140022277832 11.60000038146973 41.14425277709961
    vertex 109.1442794799805 21.60000038146973 41.14668655395508
  endloop
endfacet
facet normal 0.7635245323181152 0.0004815495340153575 0.6457786560058594
  outer loop
    vertex 108.4905700683594 21.60000038146973 41.90465927124023
    vertex 108.4936447143555 11.60000038146973 41.90848541259766
    vertex 109.140022277832 11.60000038146973 41.14425277709961
  endloop
endfacet
facet normal 0.4963124096393585 5.930329953814185e-18 0.8681439757347107
  outer loop
    vertex 71.68468475341797 21.60000038146973 41.14668655395508
    vertex 70.80481719970703 11.22500038146973 41.64970397949219
    vertex 71.68468475341797 11.60000038146973 41.14668655395508
  endloop
endfacet
facet normal 0.4963124096393585 -5.131708165499857e-18 0.8681439757347107
  outer loop
    vertex 71.68468475341797 21.60000038146973 41.14668655395508
    vertex 70.80481719970703 21.97500038146973 41.64970397949219
    vertex 70.80481719970703 11.22500038146973 41.64970397949219
  endloop
endfacet
facet normal -0.2679958343505859 -0.9358351826667786 0.2288903445005417
  outer loop
    vertex 71.81390380859375 21.9081859588623 42.55801391601562
    vertex 70.80481719970703 21.97500038146973 41.64970397949219
    vertex 71.68468475341797 21.60000038146973 41.14668655395508
  endloop
endfacet
facet normal -0.2679972350597382 -0.9358347654342651 0.2288903892040253
  outer loop
    vertex 71.81390380859375 21.9081859588623 42.55801391601562
    vertex 71.68468475341797 21.60000038146973 41.14668655395508
    vertex 72.33531951904297 21.60000038146973 41.90848541259766
  endloop
endfacet
facet normal -0.4963128268718719 -5.131717678076902e-18 0.8681437373161316
  outer loop
    vertex 110.0241470336914 21.97500038146973 41.64970397949219
    vertex 109.1442794799805 21.60000038146973 41.14668655395508
    vertex 110.0241470336914 11.22500038146973 41.64970397949219
  endloop
endfacet
facet normal -0.4963127970695496 3.562989903116431e-09 0.8681437969207764
  outer loop
    vertex 110.0241470336914 11.22500038146973 41.64970397949219
    vertex 109.1442794799805 21.60000038146973 41.14668655395508
    vertex 109.140022277832 11.60000038146973 41.14425277709961
  endloop
endfacet
facet normal 0.2653114795684814 -0.9366180896759033 0.228815108537674
  outer loop
    vertex 109.0150680541992 21.9081859588623 42.55801391601562
    vertex 108.4905700683594 21.60000038146973 41.90465927124023
    vertex 109.1442794799805 21.60000038146973 41.14668655395508
  endloop
endfacet
facet normal 0.2679963409900665 -0.9358351230621338 0.2288899421691895
  outer loop
    vertex 109.0150680541992 21.9081859588623 42.55801391601562
    vertex 109.1442794799805 21.60000038146973 41.14668655395508
    vertex 110.0241470336914 21.97500038146973 41.64970397949219
  endloop
endfacet
facet normal -0.2653120458126068 0.936617910861969 0.2288152426481247
  outer loop
    vertex 71.81390380859375 11.29181575775146 42.55801391601562
    vertex 72.33839416503906 11.60000038146973 41.90465927124023
    vertex 71.68468475341797 11.60000038146973 41.14668655395508
  endloop
endfacet
facet normal -0.2679962515830994 0.9358351230621338 0.228890061378479
  outer loop
    vertex 71.81390380859375 11.29181575775146 42.55801391601562
    vertex 71.68468475341797 11.60000038146973 41.14668655395508
    vertex 70.80481719970703 11.22500038146973 41.64970397949219
  endloop
endfacet
facet normal 0.2669856250286102 0.9364082217216492 0.2277241796255112
  outer loop
    vertex 109.0150680541992 11.29181575775146 42.55801391601562
    vertex 110.0241470336914 11.22500038146973 41.64970397949219
    vertex 109.140022277832 11.60000038146973 41.14425277709961
  endloop
endfacet
facet normal 0.2693133056163788 0.9357274770736694 0.2277815192937851
  outer loop
    vertex 109.0150680541992 11.29181575775146 42.55801391601562
    vertex 109.140022277832 11.60000038146973 41.14425277709961
    vertex 108.4936447143555 11.60000038146973 41.90848541259766
  endloop
endfacet
facet normal -0.7853178977966309 8.194553544367132e-16 0.6190927028656006
  outer loop
    vertex 70.43335723876953 21.97500038146973 41.17851257324219
    vertex 70.43335723876953 11.22500038146973 41.17851257324219
    vertex 70.80481719970703 11.22500038146973 41.64970397949219
  endloop
endfacet
facet normal -0.7853178977966309 -2.02334664403126e-18 0.6190927028656006
  outer loop
    vertex 70.43335723876953 21.97500038146973 41.17851257324219
    vertex 70.80481719970703 11.22500038146973 41.64970397949219
    vertex 70.80481719970703 21.97500038146973 41.64970397949219
  endloop
endfacet
facet normal -0.2989655733108521 -0.9247012138366699 0.2356846928596497
  outer loop
    vertex 71.23490142822266 22.20000076293945 43.07804870605469
    vertex 70.43335723876953 21.97500038146973 41.17851257324219
    vertex 70.80481719970703 21.97500038146973 41.64970397949219
  endloop
endfacet
facet normal 0.7853178977966309 2.02334664403126e-18 0.6190927028656006
  outer loop
    vertex 110.0241470336914 21.97500038146973 41.64970397949219
    vertex 110.3956069946289 11.22500038146973 41.17851257324219
    vertex 110.3956069946289 21.97500038146973 41.17851257324219
  endloop
endfacet
facet normal 0.7853178977966309 2.02334664403126e-18 0.6190927028656006
  outer loop
    vertex 110.0241470336914 21.97500038146973 41.64970397949219
    vertex 110.0241470336914 11.22500038146973 41.64970397949219
    vertex 110.3956069946289 11.22500038146973 41.17851257324219
  endloop
endfacet
facet normal 0.2989639043807983 0.9247021079063416 0.2356833666563034
  outer loop
    vertex 109.5940628051758 11.00000095367432 43.07804870605469
    vertex 110.3956069946289 11.22500038146973 41.17851257324219
    vertex 110.0241470336914 11.22500038146973 41.64970397949219
  endloop
endfacet
facet normal -0.2671700119972229 -0.9363034963607788 0.2279384434223175
  outer loop
    vertex 71.23490142822266 22.20000076293945 43.07804870605469
    vertex 70.80481719970703 21.97500038146973 41.64970397949219
    vertex 71.81390380859375 21.9081859588623 42.55801391601562
  endloop
endfacet
facet normal 0.267170637845993 -0.9363033771514893 0.2279381603002548
  outer loop
    vertex 109.5940628051758 22.20000076293945 43.07804870605469
    vertex 109.0150680541992 21.9081859588623 42.55801391601562
    vertex 110.0241470336914 21.97500038146973 41.64970397949219
  endloop
endfacet
facet normal -0.2671703398227692 0.9363034963607788 0.2279380708932877
  outer loop
    vertex 71.23490142822266 11.00000095367432 43.07804870605469
    vertex 71.81390380859375 11.29181575775146 42.55801391601562
    vertex 70.80481719970703 11.22500038146973 41.64970397949219
  endloop
endfacet
facet normal 0.2671709656715393 0.9363033771514893 0.227937787771225
  outer loop
    vertex 109.5940628051758 11.00000095367432 43.07804870605469
    vertex 110.0241470336914 11.22500038146973 41.64970397949219
    vertex 109.0150680541992 11.29181575775146 42.55801391601562
  endloop
endfacet
facet normal -0.7798143625259399 -1.307466988009764e-07 -0.6260108351707458
  outer loop
    vertex 71.81390380859375 21.9081859588623 42.55801391601562
    vertex 72.33531951904297 21.60000038146973 41.90848541259766
    vertex 71.70085906982422 11.22500038146973 42.69883346557617
  endloop
endfacet
facet normal -0.7798193693161011 6.483018637482019e-07 -0.6260046362876892
  outer loop
    vertex 72.33531951904297 21.60000038146973 41.90848541259766
    vertex 71.81390380859375 11.29181575775146 42.55801391601562
    vertex 71.70085906982422 11.22500038146973 42.69883346557617
  endloop
endfacet
facet normal -0.7798156142234802 1.633454331795292e-07 -0.6260092854499817
  outer loop
    vertex 72.33531951904297 21.60000038146973 41.90848541259766
    vertex 72.33839416503906 11.60000038146973 41.90465927124023
    vertex 71.81390380859375 11.29181575775146 42.55801391601562
  endloop
endfacet
facet normal 0.7798136472702026 -5.333594543799336e-08 -0.6260117292404175
  outer loop
    vertex 109.0150680541992 21.9081859588623 42.55801391601562
    vertex 108.4936447143555 11.60000038146973 41.90848541259766
    vertex 108.4905700683594 21.60000038146973 41.90465927124023
  endloop
endfacet
facet normal 0.779813289642334 3.6828427596447e-07 -0.6260121464729309
  outer loop
    vertex 109.1281051635742 21.97500038146973 42.69883346557617
    vertex 109.0150680541992 11.29181575775146 42.55801391601562
    vertex 108.4936447143555 11.60000038146973 41.90848541259766
  endloop
endfacet
facet normal 0.779827356338501 -1.82614212462795e-06 -0.6259946227073669
  outer loop
    vertex 109.1281051635742 21.97500038146973 42.69883346557617
    vertex 108.4936447143555 11.60000038146973 41.90848541259766
    vertex 109.0150680541992 21.9081859588623 42.55801391601562
  endloop
endfacet
facet normal -0.7798191905021667 8.189614812889048e-16 -0.6260048151016235
  outer loop
    vertex 71.70085906982422 21.97500038146973 42.69883346557617
    vertex 71.81390380859375 21.9081859588623 42.55801391601562
    vertex 71.70085906982422 11.22500038146973 42.69883346557617
  endloop
endfacet
facet normal -0.2612662315368652 -0.9363409876823425 0.2345326244831085
  outer loop
    vertex 71.23490142822266 22.20000076293945 43.07804870605469
    vertex 71.81390380859375 21.9081859588623 42.55801391601562
    vertex 71.70085906982422 21.97500038146973 42.69883346557617
  endloop
endfacet
facet normal 0.2612506747245789 -0.936340868473053 0.2345503866672516
  outer loop
    vertex 109.5940628051758 22.20000076293945 43.07804870605469
    vertex 109.1281051635742 21.97500038146973 42.69883346557617
    vertex 109.0150680541992 21.9081859588623 42.55801391601562
  endloop
endfacet
facet normal -0.2612509429454803 0.9363409876823425 0.2345496714115143
  outer loop
    vertex 71.23490142822266 11.00000095367432 43.07804870605469
    vertex 71.70085906982422 11.22500038146973 42.69883346557617
    vertex 71.81390380859375 11.29181575775146 42.55801391601562
  endloop
endfacet
facet normal 0.7798269391059875 7.029782028072717e-19 -0.6259951591491699
  outer loop
    vertex 109.1281051635742 21.97500038146973 42.69883346557617
    vertex 109.1281051635742 11.22500038146973 42.69883346557617
    vertex 109.0150680541992 11.29181575775146 42.55801391601562
  endloop
endfacet
facet normal 0.2612353563308716 0.936340868473053 0.2345674335956573
  outer loop
    vertex 109.5940628051758 11.00000095367432 43.07804870605469
    vertex 109.0150680541992 11.29181575775146 42.55801391601562
    vertex 109.1281051635742 11.22500038146973 42.69883346557617
  endloop
endfacet
facet normal -0.7036961913108826 -3.714716343333244e-18 0.7105010151863098
  outer loop
    vertex 73.65699005126953 11.60000038146973 43.27327728271484
    vertex 72.94583129882812 21.60000038146973 42.56892776489258
    vertex 72.94583129882812 11.60000038146973 42.56892776489258
  endloop
endfacet
facet normal -0.7071071863174438 -0.000481687777210027 0.7071062326431274
  outer loop
    vertex 72.94583129882812 21.60000038146973 42.56892776489258
    vertex 73.65699005126953 11.60000038146973 43.27327728271484
    vertex 73.65422821044922 21.60000038146973 43.27732849121094
  endloop
endfacet
facet normal 0.7036970257759094 -0.0004810400714632124 0.7105000019073486
  outer loop
    vertex 107.8831329345703 21.60000038146973 42.56892776489258
    vertex 107.1719741821289 21.60000038146973 43.27327728271484
    vertex 107.8790817260742 11.60000038146973 42.56616973876953
  endloop
endfacet
facet normal 0.7105000019073486 0.0004810400714632124 0.7036970257759094
  outer loop
    vertex 107.1719741821289 21.60000038146973 43.27327728271484
    vertex 107.1747360229492 11.60000038146973 43.27732849121094
    vertex 107.8790817260742 11.60000038146973 42.56616973876953
  endloop
endfacet
facet normal 0.5628957748413086 6.228943809307053e-18 0.8265278935432434
  outer loop
    vertex 72.94583129882812 21.60000038146973 42.56892776489258
    vertex 72.10813903808594 11.22500038146973 43.13942718505859
    vertex 72.94583129882812 11.60000038146973 42.56892776489258
  endloop
endfacet
facet normal 0.5628957748413086 -5.875218516107248e-16 0.8265278935432434
  outer loop
    vertex 72.94583129882812 21.60000038146973 42.56892776489258
    vertex 72.10813903808594 21.97500038146973 43.13942718505859
    vertex 72.10813903808594 11.22500038146973 43.13942718505859
  endloop
endfacet
facet normal -0.2492117881774902 -0.9358350038528442 0.249211460351944
  outer loop
    vertex 73.65422821044922 21.60000038146973 43.27732849121094
    vertex 72.10813903808594 21.97500038146973 43.13942718505859
    vertex 72.94583129882812 21.60000038146973 42.56892776489258
  endloop
endfacet
facet normal -0.5628959536552429 5.390113598597135e-18 0.8265277743339539
  outer loop
    vertex 108.7208251953125 21.97500038146973 43.13942718505859
    vertex 107.8831329345703 21.60000038146973 42.56892776489258
    vertex 108.7208251953125 11.22500038146973 43.13942718505859
  endloop
endfacet
facet normal -0.5628952980041504 8.197191903036583e-08 0.8265282511711121
  outer loop
    vertex 108.7208251953125 11.22500038146973 43.13942718505859
    vertex 107.8831329345703 21.60000038146973 42.56892776489258
    vertex 107.8790817260742 11.60000038146973 42.56616973876953
  endloop
endfacet
facet normal 0.2467688769102097 -0.9364972710609436 0.2491544932126999
  outer loop
    vertex 107.745231628418 21.97500038146973 44.11502075195312
    vertex 107.1719741821289 21.60000038146973 43.27327728271484
    vertex 107.8831329345703 21.60000038146973 42.56892776489258
  endloop
endfacet
facet normal 0.2492117285728455 -0.9358349442481995 0.2492117285728455
  outer loop
    vertex 107.745231628418 21.97500038146973 44.11502075195312
    vertex 107.8831329345703 21.60000038146973 42.56892776489258
    vertex 108.7208251953125 21.97500038146973 43.13942718505859
  endloop
endfacet
facet normal -0.2467683404684067 0.9364973902702332 0.2491546124219894
  outer loop
    vertex 73.08373260498047 11.22500038146973 44.11502075195312
    vertex 73.65699005126953 11.60000038146973 43.27327728271484
    vertex 72.94583129882812 11.60000038146973 42.56892776489258
  endloop
endfacet
facet normal -0.2492117434740067 0.9358348846435547 0.2492118626832962
  outer loop
    vertex 73.08373260498047 11.22500038146973 44.11502075195312
    vertex 72.94583129882812 11.60000038146973 42.56892776489258
    vertex 72.10813903808594 11.22500038146973 43.13942718505859
  endloop
endfacet
facet normal 0.2491546273231506 0.9364972114562988 0.2467690110206604
  outer loop
    vertex 107.1747360229492 11.60000038146973 43.27732849121094
    vertex 108.7208251953125 11.22500038146973 43.13942718505859
    vertex 107.8790817260742 11.60000038146973 42.56616973876953
  endloop
endfacet
facet normal -0.7343230843544006 7.74663511032077e-16 0.6788001656532288
  outer loop
    vertex 71.70085906982422 21.97500038146973 42.69883346557617
    vertex 71.70085906982422 11.22500038146973 42.69883346557617
    vertex 72.10813903808594 11.22500038146973 43.13942718505859
  endloop
endfacet
facet normal -0.7343230843544006 7.724996594891975e-16 0.6788001656532288
  outer loop
    vertex 71.70085906982422 21.97500038146973 42.69883346557617
    vertex 72.10813903808594 11.22500038146973 43.13942718505859
    vertex 72.10813903808594 21.97500038146973 43.13942718505859
  endloop
endfacet
facet normal -0.2579990029335022 -0.936246931552887 0.2384914308786392
  outer loop
    vertex 72.10813903808594 21.97500038146973 43.13942718505859
    vertex 71.23490142822266 22.20000076293945 43.07804870605469
    vertex 71.70085906982422 21.97500038146973 42.69883346557617
  endloop
endfacet
facet normal 0.7343230843544006 -6.491593506127341e-18 0.6788001656532288
  outer loop
    vertex 108.7208251953125 21.97500038146973 43.13942718505859
    vertex 109.1281051635742 11.22500038146973 42.69883346557617
    vertex 109.1281051635742 21.97500038146973 42.69883346557617
  endloop
endfacet
facet normal 0.2579984664916992 -0.9362472295761108 0.2384909391403198
  outer loop
    vertex 108.7208251953125 21.97500038146973 43.13942718505859
    vertex 109.1281051635742 21.97500038146973 42.69883346557617
    vertex 109.5940628051758 22.20000076293945 43.07804870605469
  endloop
endfacet
facet normal -0.2579982876777649 0.9362473487854004 0.2384907603263855
  outer loop
    vertex 72.10813903808594 11.22500038146973 43.13942718505859
    vertex 71.70085906982422 11.22500038146973 42.69883346557617
    vertex 71.23490142822266 11.00000095367432 43.07804870605469
  endloop
endfacet
facet normal 0.7343230843544006 -2.163864570974165e-18 0.6788001656532288
  outer loop
    vertex 108.7208251953125 21.97500038146973 43.13942718505859
    vertex 108.7208251953125 11.22500038146973 43.13942718505859
    vertex 109.1281051635742 11.22500038146973 42.69883346557617
  endloop
endfacet
facet normal 0.2579977512359619 0.9362475872039795 0.2384902685880661
  outer loop
    vertex 108.7208251953125 11.22500038146973 43.13942718505859
    vertex 109.5940628051758 11.00000095367432 43.07804870605469
    vertex 109.1281051635742 11.22500038146973 42.69883346557617
  endloop
endfacet
facet normal -0.7071072459220886 2.049649134625874e-16 0.707106351852417
  outer loop
    vertex 71.23490142822266 23.20000076293945 43.07804870605469
    vertex 73.14511108398438 22.20000076293945 44.98825836181641
    vertex 73.14511108398438 23.20000076293945 44.98825836181641
  endloop
endfacet
facet normal -0.7071072459220886 0 0.707106351852417
  outer loop
    vertex 71.23490142822266 23.20000076293945 43.07804870605469
    vertex 71.23490142822266 22.20000076293945 43.07804870605469
    vertex 73.14511108398438 22.20000076293945 44.98825836181641
  endloop
endfacet
facet normal 0.7071067690849304 0 0.7071067690849304
  outer loop
    vertex 107.6838531494141 23.20000076293945 44.98825836181641
    vertex 109.5940628051758 22.20000076293945 43.07804870605469
    vertex 109.5940628051758 23.20000076293945 43.07804870605469
  endloop
endfacet
facet normal -0.2580313682556152 -0.9310421943664551 0.2580314874649048
  outer loop
    vertex 73.08373260498047 21.97500038146973 44.11502075195312
    vertex 71.23490142822266 22.20000076293945 43.07804870605469
    vertex 72.10813903808594 21.97500038146973 43.13942718505859
  endloop
endfacet
facet normal -0.258030891418457 -0.9310425519943237 0.2580305933952332
  outer loop
    vertex 73.14511108398438 22.20000076293945 44.98825836181641
    vertex 71.23490142822266 22.20000076293945 43.07804870605469
    vertex 73.08373260498047 21.97500038146973 44.11502075195312
  endloop
endfacet
facet normal 0.7071067690849304 0 0.7071067690849304
  outer loop
    vertex 107.6838531494141 23.20000076293945 44.98825836181641
    vertex 107.6838531494141 22.20000076293945 44.98825836181641
    vertex 109.5940628051758 22.20000076293945 43.07804870605469
  endloop
endfacet
facet normal 0.2580308616161346 -0.931042492389679 0.2580308616161346
  outer loop
    vertex 107.6838531494141 22.20000076293945 44.98825836181641
    vertex 108.7208251953125 21.97500038146973 43.13942718505859
    vertex 109.5940628051758 22.20000076293945 43.07804870605469
  endloop
endfacet
facet normal -0.7071072459220886 -1.024822846777263e-16 0.707106351852417
  outer loop
    vertex 71.23490142822266 11.00000095367432 43.07804870605469
    vertex 71.23490142822266 10 43.07804870605469
    vertex 73.14511108398438 10 44.98825836181641
  endloop
endfacet
facet normal -0.7071072459220886 0 0.707106351852417
  outer loop
    vertex 71.23490142822266 11.00000095367432 43.07804870605469
    vertex 73.14511108398438 10 44.98825836181641
    vertex 73.14511108398438 11.00000095367432 44.98825836181641
  endloop
endfacet
facet normal -0.2580302059650421 0.9310429692268372 0.2580298781394958
  outer loop
    vertex 73.14511108398438 11.00000095367432 44.98825836181641
    vertex 73.08373260498047 11.22500038146973 44.11502075195312
    vertex 71.23490142822266 11.00000095367432 43.07804870605469
  endloop
endfacet
facet normal -0.2580306529998779 0.9310426115989685 0.2580308020114899
  outer loop
    vertex 73.08373260498047 11.22500038146973 44.11502075195312
    vertex 72.10813903808594 11.22500038146973 43.13942718505859
    vertex 71.23490142822266 11.00000095367432 43.07804870605469
  endloop
endfacet
facet normal 0.7071067690849304 0 0.7071067690849304
  outer loop
    vertex 107.6838531494141 11.00000095367432 44.98825836181641
    vertex 109.5940628051758 10 43.07804870605469
    vertex 109.5940628051758 11.00000095367432 43.07804870605469
  endloop
endfacet
facet normal 0.2580301463603973 0.9310429096221924 0.2580301463603973
  outer loop
    vertex 107.6838531494141 11.00000095367432 44.98825836181641
    vertex 109.5940628051758 11.00000095367432 43.07804870605469
    vertex 108.7208251953125 11.22500038146973 43.13942718505859
  endloop
endfacet
facet normal 0.7071067690849304 0 0.7071067690849304
  outer loop
    vertex 107.6838531494141 11.00000095367432 44.98825836181641
    vertex 107.6838531494141 10 44.98825836181641
    vertex 109.5940628051758 10 43.07804870605469
  endloop
endfacet
facet normal -0.2492118030786514 -0.9358348846435547 0.249211922287941
  outer loop
    vertex 73.08373260498047 21.97500038146973 44.11502075195312
    vertex 72.10813903808594 21.97500038146973 43.13942718505859
    vertex 73.65422821044922 21.60000038146973 43.27732849121094
  endloop
endfacet
facet normal 0.2580308616161346 -0.931042492389679 0.2580308616161346
  outer loop
    vertex 107.6838531494141 22.20000076293945 44.98825836181641
    vertex 107.745231628418 21.97500038146973 44.11502075195312
    vertex 108.7208251953125 21.97500038146973 43.13942718505859
  endloop
endfacet
facet normal 0.2492118626832962 0.9358348846435547 0.2492118626832962
  outer loop
    vertex 107.745231628418 11.22500038146973 44.11502075195312
    vertex 108.7208251953125 11.22500038146973 43.13942718505859
    vertex 107.1747360229492 11.60000038146973 43.27732849121094
  endloop
endfacet
facet normal 0.2580301463603973 0.9310429096221924 0.2580301463603973
  outer loop
    vertex 107.6838531494141 11.00000095367432 44.98825836181641
    vertex 108.7208251953125 11.22500038146973 43.13942718505859
    vertex 107.745231628418 11.22500038146973 44.11502075195312
  endloop
endfacet
facet normal -0.8265281915664673 8.67808759626317e-16 -0.5628953576087952
  outer loop
    vertex 73.08373260498047 21.97500038146973 44.11502075195312
    vertex 73.65422821044922 21.60000038146973 43.27732849121094
    vertex 73.08373260498047 11.22500038146973 44.11502075195312
  endloop
endfacet
facet normal -0.8265272974967957 -1.536982523475672e-07 -0.5628966093063354
  outer loop
    vertex 73.65422821044922 21.60000038146973 43.27732849121094
    vertex 73.65699005126953 11.60000038146973 43.27327728271484
    vertex 73.08373260498047 11.22500038146973 44.11502075195312
  endloop
endfacet
facet normal 0.8265277147293091 -8.239810966870209e-08 -0.5628960132598877
  outer loop
    vertex 107.1719741821289 21.60000038146973 43.27327728271484
    vertex 107.745231628418 11.22500038146973 44.11502075195312
    vertex 107.1747360229492 11.60000038146973 43.27732849121094
  endloop
endfacet
facet normal 0.8265281915664673 -5.338357734850305e-18 -0.5628952980041504
  outer loop
    vertex 107.745231628418 21.97500038146973 44.11502075195312
    vertex 107.745231628418 11.22500038146973 44.11502075195312
    vertex 107.1719741821289 21.60000038146973 43.27327728271484
  endloop
endfacet
facet normal -0.6457801461219788 7.328358594263572e-16 0.7635233998298645
  outer loop
    vertex 75.07890319824219 11.60000038146973 44.53421401977539
    vertex 74.31467437744141 21.60000038146973 43.88783645629883
    vertex 74.31467437744141 11.60000038146973 43.88783645629883
  endloop
endfacet
facet normal -0.6494476795196533 -0.0004817813169211149 0.7604061365127563
  outer loop
    vertex 75.07890319824219 11.60000038146973 44.53421401977539
    vertex 75.07646942138672 21.60000038146973 44.53847122192383
    vertex 74.31467437744141 21.60000038146973 43.88783645629883
  endloop
endfacet
facet normal 0.6457786560058594 -0.0004815495340153575 0.7635245323181152
  outer loop
    vertex 106.514289855957 21.60000038146973 43.88783645629883
    vertex 105.7500610351562 21.60000038146973 44.53421401977539
    vertex 106.5104675292969 11.60000038146973 43.884765625
  endloop
endfacet
facet normal 0.6531004905700684 0.0004813356790691614 0.7572711110115051
  outer loop
    vertex 106.5104675292969 11.60000038146973 43.884765625
    vertex 105.7500610351562 21.60000038146973 44.53421401977539
    vertex 105.7524948120117 11.60000038146973 44.53847122192383
  endloop
endfacet
facet normal 0.626011073589325 -3.442040110712696e-07 0.7798141837120056
  outer loop
    vertex 74.31467437744141 21.60000038146973 43.88783645629883
    vertex 73.66514587402344 21.9081859588623 44.40925979614258
    vertex 73.52432250976562 11.22500038146973 44.52230072021484
  endloop
endfacet
facet normal 0.6260111331939697 -7.038027993075912e-16 0.7798141241073608
  outer loop
    vertex 74.31467437744141 21.60000038146973 43.88783645629883
    vertex 73.66514587402344 11.29181575775146 44.40925979614258
    vertex 74.31467437744141 11.60000038146973 43.88783645629883
  endloop
endfacet
facet normal 0.6259946823120117 1.706743773866037e-06 0.779827356338501
  outer loop
    vertex 74.31467437744141 21.60000038146973 43.88783645629883
    vertex 73.52432250976562 11.22500038146973 44.52230072021484
    vertex 73.66514587402344 11.29181575775146 44.40925979614258
  endloop
endfacet
facet normal -0.2288900762796402 -0.9358351826667786 0.2679960429668427
  outer loop
    vertex 75.07646942138672 21.60000038146973 44.53847122192383
    vertex 73.66514587402344 21.9081859588623 44.40925979614258
    vertex 74.31467437744141 21.60000038146973 43.88783645629883
  endloop
endfacet
facet normal -0.6260122656822205 5.366952393615065e-08 0.7798131704330444
  outer loop
    vertex 107.163818359375 21.9081859588623 44.40925979614258
    vertex 106.514289855957 21.60000038146973 43.88783645629883
    vertex 106.5104675292969 11.60000038146973 43.884765625
  endloop
endfacet
facet normal 0.2277818322181702 -0.9357272982597351 0.2693136632442474
  outer loop
    vertex 105.7500610351562 21.60000038146973 44.53421401977539
    vertex 106.514289855957 21.60000038146973 43.88783645629883
    vertex 107.163818359375 21.9081859588623 44.40925979614258
  endloop
endfacet
facet normal -0.2277816385030746 0.9357277154922485 0.2693124413490295
  outer loop
    vertex 75.07890319824219 11.60000038146973 44.53421401977539
    vertex 74.31467437744141 11.60000038146973 43.88783645629883
    vertex 73.66514587402344 11.29181575775146 44.40925979614258
  endloop
endfacet
facet normal -0.6260116696357727 3.575389087018266e-07 0.7798137068748474
  outer loop
    vertex 107.3046417236328 21.97500038146973 44.52230072021484
    vertex 106.5104675292969 11.60000038146973 43.884765625
    vertex 107.163818359375 11.29181575775146 44.40925979614258
  endloop
endfacet
facet normal -0.6259946823120117 -1.783562311175046e-06 0.779827356338501
  outer loop
    vertex 107.3046417236328 21.97500038146973 44.52230072021484
    vertex 107.163818359375 21.9081859588623 44.40925979614258
    vertex 106.5104675292969 11.60000038146973 43.884765625
  endloop
endfacet
facet normal 0.2288147956132889 0.9366182684898376 0.2653111219406128
  outer loop
    vertex 105.7524948120117 11.60000038146973 44.53847122192383
    vertex 107.163818359375 11.29181575775146 44.40925979614258
    vertex 106.5104675292969 11.60000038146973 43.884765625
  endloop
endfacet
facet normal -0.6788001656532288 7.097475941687771e-16 0.7343230843544006
  outer loop
    vertex 73.52432250976562 11.22500038146973 44.52230072021484
    vertex 73.08373260498047 21.97500038146973 44.11502075195312
    vertex 73.08373260498047 11.22500038146973 44.11502075195312
  endloop
endfacet
facet normal -0.6788001656532288 -2.163864570974165e-18 0.7343230843544006
  outer loop
    vertex 73.52432250976562 21.97500038146973 44.52230072021484
    vertex 73.08373260498047 21.97500038146973 44.11502075195312
    vertex 73.52432250976562 11.22500038146973 44.52230072021484
  endloop
endfacet
facet normal -0.2384907156229019 -0.9362473487854004 0.2579982280731201
  outer loop
    vertex 73.14511108398438 22.20000076293945 44.98825836181641
    vertex 73.08373260498047 21.97500038146973 44.11502075195312
    vertex 73.52432250976562 21.97500038146973 44.52230072021484
  endloop
endfacet
facet normal 0.6788001656532288 4.327729141948329e-18 0.7343230843544006
  outer loop
    vertex 107.745231628418 21.97500038146973 44.11502075195312
    vertex 107.3046417236328 21.97500038146973 44.52230072021484
    vertex 107.745231628418 11.22500038146973 44.11502075195312
  endloop
endfacet
facet normal 0.2384909391403198 -0.9362472295761108 0.2579984664916992
  outer loop
    vertex 107.6838531494141 22.20000076293945 44.98825836181641
    vertex 107.3046417236328 21.97500038146973 44.52230072021484
    vertex 107.745231628418 21.97500038146973 44.11502075195312
  endloop
endfacet
facet normal -0.2384900450706482 0.936247706413269 0.2579975128173828
  outer loop
    vertex 73.14511108398438 11.00000095367432 44.98825836181641
    vertex 73.52432250976562 11.22500038146973 44.52230072021484
    vertex 73.08373260498047 11.22500038146973 44.11502075195312
  endloop
endfacet
facet normal 0.6788001656532288 -1.423822891423313e-15 0.7343230843544006
  outer loop
    vertex 107.745231628418 11.22500038146973 44.11502075195312
    vertex 107.3046417236328 21.97500038146973 44.52230072021484
    vertex 107.3046417236328 11.22500038146973 44.52230072021484
  endloop
endfacet
facet normal 0.2384902685880661 0.9362475872039795 0.2579977512359619
  outer loop
    vertex 107.6838531494141 11.00000095367432 44.98825836181641
    vertex 107.745231628418 11.22500038146973 44.11502075195312
    vertex 107.3046417236328 11.22500038146973 44.52230072021484
  endloop
endfacet
facet normal 0.6259951591491699 0 0.7798269391059875
  outer loop
    vertex 73.66514587402344 21.9081859588623 44.40925979614258
    vertex 73.52432250976562 21.97500038146973 44.52230072021484
    vertex 73.52432250976562 11.22500038146973 44.52230072021484
  endloop
endfacet
facet normal -0.2288900911808014 -0.9358348846435547 0.2679969072341919
  outer loop
    vertex 74.57345581054688 21.97500038146973 45.41834259033203
    vertex 73.66514587402344 21.9081859588623 44.40925979614258
    vertex 75.07646942138672 21.60000038146973 44.53847122192383
  endloop
endfacet
facet normal -0.2279377430677414 -0.9363034963607788 0.2671706974506378
  outer loop
    vertex 74.57345581054688 21.97500038146973 45.41834259033203
    vertex 73.14511108398438 22.20000076293945 44.98825836181641
    vertex 73.66514587402344 21.9081859588623 44.40925979614258
  endloop
endfacet
facet normal -0.2345515191555023 -0.9363409280776978 0.261249303817749
  outer loop
    vertex 73.14511108398438 22.20000076293945 44.98825836181641
    vertex 73.52432250976562 21.97500038146973 44.52230072021484
    vertex 73.66514587402344 21.9081859588623 44.40925979614258
  endloop
endfacet
facet normal 0.2345503866672516 -0.936340868473053 0.2612506747245789
  outer loop
    vertex 107.6838531494141 22.20000076293945 44.98825836181641
    vertex 107.163818359375 21.9081859588623 44.40925979614258
    vertex 107.3046417236328 21.97500038146973 44.52230072021484
  endloop
endfacet
facet normal 0.2279381603002548 -0.9363033771514893 0.267170637845993
  outer loop
    vertex 106.2555084228516 21.97500038146973 45.41834259033203
    vertex 107.163818359375 21.9081859588623 44.40925979614258
    vertex 107.6838531494141 22.20000076293945 44.98825836181641
  endloop
endfacet
facet normal 0.227724477648735 -0.9364082813262939 0.2669852375984192
  outer loop
    vertex 106.2555084228516 21.97500038146973 45.41834259033203
    vertex 105.7500610351562 21.60000038146973 44.53421401977539
    vertex 107.163818359375 21.9081859588623 44.40925979614258
  endloop
endfacet
facet normal -0.2345685660839081 0.9363409280776978 0.2612339854240417
  outer loop
    vertex 73.14511108398438 11.00000095367432 44.98825836181641
    vertex 73.66514587402344 11.29181575775146 44.40925979614258
    vertex 73.52432250976562 11.22500038146973 44.52230072021484
  endloop
endfacet
facet normal -0.2279373705387115 0.9363034963607788 0.2671710252761841
  outer loop
    vertex 74.57345581054688 11.22500038146973 45.41834259033203
    vertex 73.66514587402344 11.29181575775146 44.40925979614258
    vertex 73.14511108398438 11.00000095367432 44.98825836181641
  endloop
endfacet
facet normal -0.2277243435382843 0.9364080429077148 0.2669861912727356
  outer loop
    vertex 74.57345581054688 11.22500038146973 45.41834259033203
    vertex 75.07890319824219 11.60000038146973 44.53421401977539
    vertex 73.66514587402344 11.29181575775146 44.40925979614258
  endloop
endfacet
facet normal -0.6259951591491699 1.312460293474238e-15 0.7798269391059875
  outer loop
    vertex 107.3046417236328 21.97500038146973 44.52230072021484
    vertex 107.163818359375 11.29181575775146 44.40925979614258
    vertex 107.3046417236328 11.22500038146973 44.52230072021484
  endloop
endfacet
facet normal 0.2288896441459656 0.935835063457489 0.26799675822258
  outer loop
    vertex 106.2555084228516 11.22500038146973 45.41834259033203
    vertex 107.163818359375 11.29181575775146 44.40925979614258
    vertex 105.7524948120117 11.60000038146973 44.53847122192383
  endloop
endfacet
facet normal 0.227937787771225 0.9363033771514893 0.2671709656715393
  outer loop
    vertex 106.2555084228516 11.22500038146973 45.41834259033203
    vertex 107.6838531494141 11.00000095367432 44.98825836181641
    vertex 107.163818359375 11.29181575775146 44.40925979614258
  endloop
endfacet
facet normal 0.2345674335956573 0.936340868473053 0.2612353563308716
  outer loop
    vertex 107.6838531494141 11.00000095367432 44.98825836181641
    vertex 107.3046417236328 11.22500038146973 44.52230072021484
    vertex 107.163818359375 11.29181575775146 44.40925979614258
  endloop
endfacet
facet normal -0.8681449890136719 5.131725122702415e-18 -0.49631068110466
  outer loop
    vertex 74.57345581054688 21.97500038146973 45.41834259033203
    vertex 75.07646942138672 21.60000038146973 44.53847122192383
    vertex 74.57345581054688 11.22500038146973 45.41834259033203
  endloop
endfacet
facet normal -0.8681449890136719 2.367234186451128e-09 -0.49631068110466
  outer loop
    vertex 75.07646942138672 21.60000038146973 44.53847122192383
    vertex 75.07890319824219 11.60000038146973 44.53421401977539
    vertex 74.57345581054688 11.22500038146973 45.41834259033203
  endloop
endfacet
facet normal 0.8681437373161316 -3.581525742646363e-09 -0.4963128268718719
  outer loop
    vertex 105.7500610351562 21.60000038146973 44.53421401977539
    vertex 106.2555084228516 11.22500038146973 45.41834259033203
    vertex 105.7524948120117 11.60000038146973 44.53847122192383
  endloop
endfacet
facet normal 0.8681437969207764 5.082416886388129e-18 -0.4963127970695496
  outer loop
    vertex 106.2555084228516 21.97500038146973 45.41834259033203
    vertex 106.2555084228516 11.22500038146973 45.41834259033203
    vertex 105.7500610351562 21.60000038146973 44.53421401977539
  endloop
endfacet
facet normal -0.6293202042579651 -1.864926468952982e-16 0.7771461009979248
  outer loop
    vertex 75.24452209472656 23.20000076293945 46.68833160400391
    vertex 73.14511108398438 23.20000076293945 44.98825836181641
    vertex 75.24452209472656 22.20000076293945 46.68833160400391
  endloop
endfacet
facet normal -0.6293202042579651 0 0.7771461009979248
  outer loop
    vertex 75.24452209472656 22.20000076293945 46.68833160400391
    vertex 73.14511108398438 23.20000076293945 44.98825836181641
    vertex 73.14511108398438 22.20000076293945 44.98825836181641
  endloop
endfacet
facet normal 0.6293205618858337 0 0.7771458625793457
  outer loop
    vertex 107.6838531494141 23.20000076293945 44.98825836181641
    vertex 105.5844421386719 23.20000076293945 46.68833160400391
    vertex 107.6838531494141 22.20000076293945 44.98825836181641
  endloop
endfacet
facet normal -0.2329560965299606 -0.9289636015892029 0.2876769602298737
  outer loop
    vertex 75.24452209472656 22.20000076293945 46.68833160400391
    vertex 73.14511108398438 22.20000076293945 44.98825836181641
    vertex 74.57345581054688 21.97500038146973 45.41834259033203
  endloop
endfacet
facet normal 0.6293205618858337 0 0.7771458625793457
  outer loop
    vertex 107.6838531494141 22.20000076293945 44.98825836181641
    vertex 105.5844421386719 23.20000076293945 46.68833160400391
    vertex 105.5844421386719 22.20000076293945 46.68833160400391
  endloop
endfacet
facet normal 0.2301906496286392 -0.9307027459144592 0.2842616736888885
  outer loop
    vertex 105.5844421386719 22.20000076293945 46.68833160400391
    vertex 105.7843170166016 21.97500038146973 45.78979873657227
    vertex 107.6838531494141 22.20000076293945 44.98825836181641
  endloop
endfacet
facet normal 0.2356840074062347 -0.9247016310691833 0.2989647090435028
  outer loop
    vertex 105.7843170166016 21.97500038146973 45.78979873657227
    vertex 106.2555084228516 21.97500038146973 45.41834259033203
    vertex 107.6838531494141 22.20000076293945 44.98825836181641
  endloop
endfacet
facet normal -0.6293202042579651 0 0.7771461009979248
  outer loop
    vertex 75.24452209472656 10 46.68833160400391
    vertex 73.14511108398438 11.00000095367432 44.98825836181641
    vertex 73.14511108398438 10 44.98825836181641
  endloop
endfacet
facet normal -0.6293202042579651 0 0.7771461009979248
  outer loop
    vertex 75.24452209472656 11.00000095367432 46.68833160400391
    vertex 73.14511108398438 11.00000095367432 44.98825836181641
    vertex 75.24452209472656 10 46.68833160400391
  endloop
endfacet
facet normal -0.2301899790763855 0.9307030439376831 0.2842611074447632
  outer loop
    vertex 75.24452209472656 11.00000095367432 46.68833160400391
    vertex 75.04464721679688 11.22500038146973 45.78979873657227
    vertex 73.14511108398438 11.00000095367432 44.98825836181641
  endloop
endfacet
facet normal -0.2356822937726974 0.9247031807899475 0.298961341381073
  outer loop
    vertex 75.04464721679688 11.22500038146973 45.78979873657227
    vertex 74.57345581054688 11.22500038146973 45.41834259033203
    vertex 73.14511108398438 11.00000095367432 44.98825836181641
  endloop
endfacet
facet normal 0.6293205618858337 0 0.7771458625793457
  outer loop
    vertex 107.6838531494141 11.00000095367432 44.98825836181641
    vertex 105.5844421386719 11.00000095367432 46.68833160400391
    vertex 107.6838531494141 10 44.98825836181641
  endloop
endfacet
facet normal 0.2329560071229935 0.9289637804031372 0.287676602602005
  outer loop
    vertex 105.5844421386719 11.00000095367432 46.68833160400391
    vertex 107.6838531494141 11.00000095367432 44.98825836181641
    vertex 106.2555084228516 11.22500038146973 45.41834259033203
  endloop
endfacet
facet normal 0.6293205618858337 0 0.7771458625793457
  outer loop
    vertex 107.6838531494141 10 44.98825836181641
    vertex 105.5844421386719 11.00000095367432 46.68833160400391
    vertex 105.5844421386719 10 46.68833160400391
  endloop
endfacet
facet normal -0.5838830471038818 6.567127966983764e-16 0.8118377923965454
  outer loop
    vertex 76.59536743164062 11.60000038146973 45.67970657348633
    vertex 75.78277587890625 21.60000038146973 45.09528350830078
    vertex 75.78277587890625 11.60000038146973 45.09528350830078
  endloop
endfacet
facet normal -0.5838830471038818 6.567127966983764e-16 0.8118377923965454
  outer loop
    vertex 76.59536743164062 21.60000038146973 45.67970657348633
    vertex 75.78277587890625 21.60000038146973 45.09528350830078
    vertex 76.59536743164062 11.60000038146973 45.67970657348633
  endloop
endfacet
facet normal 0.5877842307090759 -1.333518697213282e-15 0.8090177178382874
  outer loop
    vertex 105.0426177978516 21.60000038146973 45.09192276000977
    vertex 104.2335968017578 21.60000038146973 45.67970657348633
    vertex 105.0426177978516 11.60000038146973 45.09192276000977
  endloop
endfacet
facet normal 0.5877842307090759 0 0.8090177178382874
  outer loop
    vertex 105.0426177978516 11.60000038146973 45.09192276000977
    vertex 104.2335968017578 21.60000038146973 45.67970657348633
    vertex 104.2335968017578 11.60000038146973 45.67970657348633
  endloop
endfacet
facet normal 0.6852602958679199 -7.634639355243622e-16 0.7282982468605042
  outer loop
    vertex 75.78277587890625 21.60000038146973 45.09528350830078
    vertex 75.04464721679688 11.22500038146973 45.78979873657227
    vertex 75.78277587890625 11.60000038146973 45.09528350830078
  endloop
endfacet
facet normal 0.6852602958679199 -7.095873461230684e-16 0.7282982468605042
  outer loop
    vertex 75.78277587890625 21.60000038146973 45.09528350830078
    vertex 75.04464721679688 21.97500038146973 45.78979873657227
    vertex 75.04464721679688 11.22500038146973 45.78979873657227
  endloop
endfacet
facet normal -0.2097461968660355 -0.9360560178756714 0.2824990451335907
  outer loop
    vertex 75.04464721679688 21.97500038146973 45.78979873657227
    vertex 75.78277587890625 21.60000038146973 45.09528350830078
    vertex 76.18498229980469 21.60000038146973 45.39390563964844
  endloop
endfacet
facet normal -0.6852618455886841 -6.058397364972095e-18 0.7282967567443848
  outer loop
    vertex 105.7843170166016 21.97500038146973 45.78979873657227
    vertex 105.0426177978516 21.60000038146973 45.09192276000977
    vertex 105.7843170166016 11.22500038146973 45.78979873657227
  endloop
endfacet
facet normal -0.6852618455886841 1.547272967167062e-15 0.7282967567443848
  outer loop
    vertex 105.7843170166016 11.22500038146973 45.78979873657227
    vertex 105.0426177978516 21.60000038146973 45.09192276000977
    vertex 105.0426177978516 11.60000038146973 45.09192276000977
  endloop
endfacet
facet normal 0.212060883641243 -0.9363060593605042 0.2799306511878967
  outer loop
    vertex 105.5844421386719 22.20000076293945 46.68833160400391
    vertex 104.6439819335938 21.60000038146973 45.39390563964844
    vertex 105.0426177978516 21.60000038146973 45.09192276000977
  endloop
endfacet
facet normal 0.2091061770915985 -0.936633288860321 0.2810564935207367
  outer loop
    vertex 105.5844421386719 22.20000076293945 46.68833160400391
    vertex 105.0426177978516 21.60000038146973 45.09192276000977
    vertex 105.7843170166016 21.97500038146973 45.78979873657227
  endloop
endfacet
facet normal -0.2093221247196198 0.9363231062889099 0.2819278836250305
  outer loop
    vertex 75.24452209472656 11.00000095367432 46.68833160400391
    vertex 76.18498229980469 11.60000038146973 45.39390563964844
    vertex 75.78277587890625 11.60000038146973 45.09528350830078
  endloop
endfacet
facet normal -0.2108921110630035 0.9361499547958374 0.2813322246074677
  outer loop
    vertex 75.24452209472656 11.00000095367432 46.68833160400391
    vertex 75.78277587890625 11.60000038146973 45.09528350830078
    vertex 75.04464721679688 11.22500038146973 45.78979873657227
  endloop
endfacet
facet normal 0.2112545371055603 0.9368058443069458 0.2788662314414978
  outer loop
    vertex 105.7843170166016 11.22500038146973 45.78979873657227
    vertex 105.0426177978516 11.60000038146973 45.09192276000977
    vertex 104.6439819335938 11.60000038146973 45.39390563964844
  endloop
endfacet
facet normal -0.2006983309984207 -0.9363060593605042 0.2881859242916107
  outer loop
    vertex 75.24452209472656 22.20000076293945 46.68833160400391
    vertex 76.18498229980469 21.60000038146973 45.39390563964844
    vertex 76.59536743164062 21.60000038146973 45.67970657348633
  endloop
endfacet
facet normal -0.2102706581354141 -0.9363183379173279 0.2812368869781494
  outer loop
    vertex 75.24452209472656 22.20000076293945 46.68833160400391
    vertex 75.04464721679688 21.97500038146973 45.78979873657227
    vertex 76.18498229980469 21.60000038146973 45.39390563964844
  endloop
endfacet
facet normal 0.199935108423233 -0.9368060827255249 0.2870893180370331
  outer loop
    vertex 104.6681213378906 21.97500038146973 46.60076522827148
    vertex 104.2335968017578 21.60000038146973 45.67970657348633
    vertex 104.6439819335938 21.60000038146973 45.39390563964844
  endloop
endfacet
facet normal 0.202494740486145 -0.9363183379173279 0.2868865728378296
  outer loop
    vertex 105.5844421386719 22.20000076293945 46.68833160400391
    vertex 104.6681213378906 21.97500038146973 46.60076522827148
    vertex 104.6439819335938 21.60000038146973 45.39390563964844
  endloop
endfacet
facet normal -0.1999346017837524 0.9368062615394592 0.2870892584323883
  outer loop
    vertex 76.16084289550781 11.22500038146973 46.60076522827148
    vertex 76.59536743164062 11.60000038146973 45.67970657348633
    vertex 76.18498229980469 11.60000038146973 45.39390563964844
  endloop
endfacet
facet normal -0.2024942487478256 0.9363184571266174 0.2868864834308624
  outer loop
    vertex 75.24452209472656 11.00000095367432 46.68833160400391
    vertex 76.16084289550781 11.22500038146973 46.60076522827148
    vertex 76.18498229980469 11.60000038146973 45.39390563964844
  endloop
endfacet
facet normal 0.2006985694169998 0.9363061189651489 0.2881855666637421
  outer loop
    vertex 105.5844421386719 11.00000095367432 46.68833160400391
    vertex 104.6439819335938 11.60000038146973 45.39390563964844
    vertex 104.2335968017578 11.60000038146973 45.67970657348633
  endloop
endfacet
facet normal 0.210271492600441 0.9363183975219727 0.2812361121177673
  outer loop
    vertex 105.5844421386719 11.00000095367432 46.68833160400391
    vertex 105.7843170166016 11.22500038146973 45.78979873657227
    vertex 104.6439819335938 11.60000038146973 45.39390563964844
  endloop
endfacet
facet normal -0.6190942525863647 0 0.7853167057037354
  outer loop
    vertex 75.04464721679688 11.22500038146973 45.78979873657227
    vertex 74.57345581054688 21.97500038146973 45.41834259033203
    vertex 74.57345581054688 11.22500038146973 45.41834259033203
  endloop
endfacet
facet normal -0.6190942525863647 6.494985112074931e-16 0.7853167057037354
  outer loop
    vertex 75.04464721679688 21.97500038146973 45.78979873657227
    vertex 74.57345581054688 21.97500038146973 45.41834259033203
    vertex 75.04464721679688 11.22500038146973 45.78979873657227
  endloop
endfacet
facet normal -0.2232761681079865 -0.9327013492584229 0.2832242548465729
  outer loop
    vertex 75.24452209472656 22.20000076293945 46.68833160400391
    vertex 74.57345581054688 21.97500038146973 45.41834259033203
    vertex 75.04464721679688 21.97500038146973 45.78979873657227
  endloop
endfacet
facet normal 0.6190927028656006 0 0.7853178977966309
  outer loop
    vertex 106.2555084228516 21.97500038146973 45.41834259033203
    vertex 105.7843170166016 21.97500038146973 45.78979873657227
    vertex 106.2555084228516 11.22500038146973 45.41834259033203
  endloop
endfacet
facet normal 0.6190927028656006 0 0.7853178977966309
  outer loop
    vertex 106.2555084228516 11.22500038146973 45.41834259033203
    vertex 105.7843170166016 21.97500038146973 45.78979873657227
    vertex 105.7843170166016 11.22500038146973 45.78979873657227
  endloop
endfacet
facet normal 0.2232743352651596 0.9327021241188049 0.2832230627536774
  outer loop
    vertex 105.5844421386719 11.00000095367432 46.68833160400391
    vertex 106.2555084228516 11.22500038146973 45.41834259033203
    vertex 105.7843170166016 11.22500038146973 45.78979873657227
  endloop
endfacet
facet normal -0.9044080972671509 9.415787648268253e-16 -0.4266684353351593
  outer loop
    vertex 76.16084289550781 21.97500038146973 46.60076522827148
    vertex 76.59536743164062 21.60000038146973 45.67970657348633
    vertex 76.16084289550781 11.22500038146973 46.60076522827148
  endloop
endfacet
facet normal -0.9044080972671509 1.026095182908267e-15 -0.4266684353351593
  outer loop
    vertex 76.59536743164062 21.60000038146973 45.67970657348633
    vertex 76.59536743164062 11.60000038146973 45.67970657348633
    vertex 76.16084289550781 11.22500038146973 46.60076522827148
  endloop
endfacet
facet normal -0.2026836574077606 -0.9366335272789001 0.2857217788696289
  outer loop
    vertex 75.24452209472656 22.20000076293945 46.68833160400391
    vertex 76.59536743164062 21.60000038146973 45.67970657348633
    vertex 76.16084289550781 21.97500038146973 46.60076522827148
  endloop
endfacet
facet normal 0.9044092297554016 -5.637892655955251e-18 -0.4266661405563354
  outer loop
    vertex 104.2335968017578 21.60000038146973 45.67970657348633
    vertex 104.6681213378906 11.22500038146973 46.60076522827148
    vertex 104.2335968017578 11.60000038146973 45.67970657348633
  endloop
endfacet
facet normal 0.9044092297554016 -4.878652523014266e-18 -0.4266661405563354
  outer loop
    vertex 104.6681213378906 21.97500038146973 46.60076522827148
    vertex 104.6681213378906 11.22500038146973 46.60076522827148
    vertex 104.2335968017578 21.60000038146973 45.67970657348633
  endloop
endfacet
facet normal 0.2026825547218323 0.9366333484649658 0.2857231199741364
  outer loop
    vertex 105.5844421386719 11.00000095367432 46.68833160400391
    vertex 104.2335968017578 11.60000038146973 45.67970657348633
    vertex 104.6681213378906 11.22500038146973 46.60076522827148
  endloop
endfacet
facet normal -0.5183877944946289 -6.17280967857798e-18 0.8551456928253174
  outer loop
    vertex 78.19702911376953 11.60000038146973 46.70268630981445
    vertex 77.34109497070312 21.60000038146973 46.18381881713867
    vertex 77.34109497070312 11.60000038146973 46.18381881713867
  endloop
endfacet
facet normal -0.5224979519844055 -0.0004817970911972225 0.8526403903961182
  outer loop
    vertex 78.19702911376953 11.60000038146973 46.70268630981445
    vertex 78.19528961181641 21.60000038146973 46.70727157592773
    vertex 77.34109497070312 21.60000038146973 46.18381881713867
  endloop
endfacet
facet normal 0.5183873176574707 -0.0004814092244487256 0.8551458120346069
  outer loop
    vertex 103.4878692626953 21.60000038146973 46.18381881713867
    vertex 102.6319351196289 21.60000038146973 46.70268630981445
    vertex 103.4845733642578 11.60000038146973 46.1801872253418
  endloop
endfacet
facet normal 0.5265966057777405 0.0004814019775949419 0.850115180015564
  outer loop
    vertex 103.4845733642578 11.60000038146973 46.1801872253418
    vertex 102.6319351196289 21.60000038146973 46.70268630981445
    vertex 102.633674621582 11.60000038146973 46.70727157592773
  endloop
endfacet
facet normal 0.7402909994125366 0 0.6722865700721741
  outer loop
    vertex 77.34109497070312 21.60000038146973 46.18381881713867
    vertex 76.65972900390625 11.22500038146973 46.93410873413086
    vertex 77.34109497070312 11.60000038146973 46.18381881713867
  endloop
endfacet
facet normal 0.7402909994125366 0 0.6722865700721741
  outer loop
    vertex 76.65972900390625 21.97500038146973 46.93410873413086
    vertex 76.65972900390625 11.22500038146973 46.93410873413086
    vertex 77.34109497070312 21.60000038146973 46.18381881713867
  endloop
endfacet
facet normal -0.1841490417718887 -0.9358348250389099 0.3005035221576691
  outer loop
    vertex 77.90010833740234 21.9081859588623 47.48614120483398
    vertex 76.65972900390625 21.97500038146973 46.93410873413086
    vertex 77.34109497070312 21.60000038146973 46.18381881713867
  endloop
endfacet
facet normal -0.1841484010219574 -0.9358350038528442 0.30050328373909
  outer loop
    vertex 77.90010833740234 21.9081859588623 47.48614120483398
    vertex 77.34109497070312 21.60000038146973 46.18381881713867
    vertex 78.19528961181641 21.60000038146973 46.70727157592773
  endloop
endfacet
facet normal -0.7402914762496948 0 0.6722860336303711
  outer loop
    vertex 104.1692352294922 21.97500038146973 46.93410873413086
    vertex 103.4878692626953 21.60000038146973 46.18381881713867
    vertex 104.1692352294922 11.22500038146973 46.93410873413086
  endloop
endfacet
facet normal -0.7402925491333008 -1.535145770503732e-07 0.6722848415374756
  outer loop
    vertex 103.4878692626953 21.60000038146973 46.18381881713867
    vertex 103.4845733642578 11.60000038146973 46.1801872253418
    vertex 104.1692352294922 11.22500038146973 46.93410873413086
  endloop
endfacet
facet normal 0.1816185265779495 -0.9366177916526794 0.2996028661727905
  outer loop
    vertex 102.9288558959961 21.9081859588623 47.48614120483398
    vertex 102.6319351196289 21.60000038146973 46.70268630981445
    vertex 103.4878692626953 21.60000038146973 46.18381881713867
  endloop
endfacet
facet normal 0.1841489970684052 -0.9358347058296204 0.3005037605762482
  outer loop
    vertex 102.9288558959961 21.9081859588623 47.48614120483398
    vertex 103.4878692626953 21.60000038146973 46.18381881713867
    vertex 104.1692352294922 21.97500038146973 46.93410873413086
  endloop
endfacet
facet normal -0.1816183477640152 0.9366180300712585 0.2996022403240204
  outer loop
    vertex 77.90010833740234 11.29181575775146 47.48614120483398
    vertex 78.19702911376953 11.60000038146973 46.70268630981445
    vertex 77.34109497070312 11.60000038146973 46.18381881713867
  endloop
endfacet
facet normal -0.1841495037078857 0.9358347654342651 0.3005033731460571
  outer loop
    vertex 77.90010833740234 11.29181575775146 47.48614120483398
    vertex 77.34109497070312 11.60000038146973 46.18381881713867
    vertex 76.65972900390625 11.22500038146973 46.93410873413086
  endloop
endfacet
facet normal 0.1835478842258453 0.9364079236984253 0.2990825176239014
  outer loop
    vertex 102.9288558959961 11.29181575775146 47.48614120483398
    vertex 104.1692352294922 11.22500038146973 46.93410873413086
    vertex 103.4845733642578 11.60000038146973 46.1801872253418
  endloop
endfacet
facet normal 0.1857433319091797 0.9357273578643799 0.2998561263084412
  outer loop
    vertex 102.9288558959961 11.29181575775146 47.48614120483398
    vertex 103.4845733642578 11.60000038146973 46.1801872253418
    vertex 102.633674621582 11.60000038146973 46.70727157592773
  endloop
endfacet
facet normal -0.5555713772773743 5.809554933849318e-16 0.8314688205718994
  outer loop
    vertex 76.65972900390625 11.22500038146973 46.93410873413086
    vertex 76.16084289550781 21.97500038146973 46.60076522827148
    vertex 76.16084289550781 11.22500038146973 46.60076522827148
  endloop
endfacet
facet normal -0.5555713772773743 -3.822075701446195e-18 0.8314688205718994
  outer loop
    vertex 76.65972900390625 21.97500038146973 46.93410873413086
    vertex 76.16084289550781 21.97500038146973 46.60076522827148
    vertex 76.65972900390625 11.22500038146973 46.93410873413086
  endloop
endfacet
facet normal -0.1992163211107254 -0.9307027459144592 0.3067658543586731
  outer loop
    vertex 77.51014709472656 22.20000076293945 48.15964508056641
    vertex 75.24452209472656 22.20000076293945 46.68833160400391
    vertex 76.16084289550781 21.97500038146973 46.60076522827148
  endloop
endfacet
facet normal -0.2115013152360916 -0.9247021079063416 0.3165331184864044
  outer loop
    vertex 77.51014709472656 22.20000076293945 48.15964508056641
    vertex 76.16084289550781 21.97500038146973 46.60076522827148
    vertex 76.65972900390625 21.97500038146973 46.93410873413086
  endloop
endfacet
facet normal 0.5555713772773743 -3.822075701446195e-18 0.8314688205718994
  outer loop
    vertex 104.6681213378906 21.97500038146973 46.60076522827148
    vertex 104.1692352294922 21.97500038146973 46.93410873413086
    vertex 104.6681213378906 11.22500038146973 46.60076522827148
  endloop
endfacet
facet normal 0.2003661245107651 -0.9327017068862915 0.2998681962490082
  outer loop
    vertex 104.1692352294922 21.97500038146973 46.93410873413086
    vertex 104.6681213378906 21.97500038146973 46.60076522827148
    vertex 105.5844421386719 22.20000076293945 46.68833160400391
  endloop
endfacet
facet normal -0.200365737080574 0.9327020049095154 0.2998676002025604
  outer loop
    vertex 76.65972900390625 11.22500038146973 46.93410873413086
    vertex 76.16084289550781 11.22500038146973 46.60076522827148
    vertex 75.24452209472656 11.00000095367432 46.68833160400391
  endloop
endfacet
facet normal 0.5555713772773743 -3.822075701446195e-18 0.8314688205718994
  outer loop
    vertex 104.6681213378906 11.22500038146973 46.60076522827148
    vertex 104.1692352294922 21.97500038146973 46.93410873413086
    vertex 104.1692352294922 11.22500038146973 46.93410873413086
  endloop
endfacet
facet normal 0.1992156207561493 0.9307032227516174 0.3067647516727448
  outer loop
    vertex 103.3188171386719 11.00000095367432 48.15964508056641
    vertex 105.5844421386719 11.00000095367432 46.68833160400391
    vertex 104.6681213378906 11.22500038146973 46.60076522827148
  endloop
endfacet
facet normal 0.2115005701780319 0.9247026443481445 0.3165320158004761
  outer loop
    vertex 103.3188171386719 11.00000095367432 48.15964508056641
    vertex 104.6681213378906 11.22500038146973 46.60076522827148
    vertex 104.1692352294922 11.22500038146973 46.93410873413086
  endloop
endfacet
facet normal -0.544639527797699 0 0.8386702537536621
  outer loop
    vertex 77.51014709472656 23.20000076293945 48.15964508056641
    vertex 75.24452209472656 23.20000076293945 46.68833160400391
    vertex 77.51014709472656 22.20000076293945 48.15964508056641
  endloop
endfacet
facet normal -0.544639527797699 1.728116354290428e-16 0.8386702537536621
  outer loop
    vertex 77.51014709472656 22.20000076293945 48.15964508056641
    vertex 75.24452209472656 23.20000076293945 46.68833160400391
    vertex 75.24452209472656 22.20000076293945 46.68833160400391
  endloop
endfacet
facet normal 0.544639527797699 1.728116354290428e-16 0.8386702537536621
  outer loop
    vertex 105.5844421386719 23.20000076293945 46.68833160400391
    vertex 103.3188171386719 23.20000076293945 48.15964508056641
    vertex 105.5844421386719 22.20000076293945 46.68833160400391
  endloop
endfacet
facet normal 0.544639527797699 0 0.8386702537536621
  outer loop
    vertex 105.5844421386719 22.20000076293945 46.68833160400391
    vertex 103.3188171386719 23.20000076293945 48.15964508056641
    vertex 103.3188171386719 22.20000076293945 48.15964508056641
  endloop
endfacet
facet normal 0.201609805226326 -0.9289636015892029 0.310451477766037
  outer loop
    vertex 103.3188171386719 22.20000076293945 48.15964508056641
    vertex 104.1692352294922 21.97500038146973 46.93410873413086
    vertex 105.5844421386719 22.20000076293945 46.68833160400391
  endloop
endfacet
facet normal -0.544639527797699 -3.456226885229343e-16 0.8386702537536621
  outer loop
    vertex 77.51014709472656 10 48.15964508056641
    vertex 75.24452209472656 11.00000095367432 46.68833160400391
    vertex 75.24452209472656 10 46.68833160400391
  endloop
endfacet
facet normal -0.544639527797699 -1.728113442614671e-16 0.8386702537536621
  outer loop
    vertex 77.51014709472656 11.00000095367432 48.15964508056641
    vertex 75.24452209472656 11.00000095367432 46.68833160400391
    vertex 77.51014709472656 10 48.15964508056641
  endloop
endfacet
facet normal -0.2016094028949738 0.9289638996124268 0.3104508817195892
  outer loop
    vertex 77.51014709472656 11.00000095367432 48.15964508056641
    vertex 76.65972900390625 11.22500038146973 46.93410873413086
    vertex 75.24452209472656 11.00000095367432 46.68833160400391
  endloop
endfacet
facet normal 0.544639527797699 0 0.8386702537536621
  outer loop
    vertex 105.5844421386719 11.00000095367432 46.68833160400391
    vertex 103.3188171386719 11.00000095367432 48.15964508056641
    vertex 105.5844421386719 10 46.68833160400391
  endloop
endfacet
facet normal 0.544639527797699 0 0.8386702537536621
  outer loop
    vertex 105.5844421386719 10 46.68833160400391
    vertex 103.3188171386719 11.00000095367432 48.15964508056641
    vertex 103.3188171386719 10 48.15964508056641
  endloop
endfacet
facet normal -0.9350970387458801 9.716593751818436e-08 -0.3543917238712311
  outer loop
    vertex 77.90010833740234 21.9081859588623 47.48614120483398
    vertex 78.19528961181641 21.60000038146973 46.70727157592773
    vertex 77.83611297607422 11.22500038146973 47.65499877929688
  endloop
endfacet
facet normal -0.935094952583313 -4.817991339223227e-07 -0.3543972671031952
  outer loop
    vertex 78.19528961181641 21.60000038146973 46.70727157592773
    vertex 77.90010833740234 11.29181575775146 47.48614120483398
    vertex 77.83611297607422 11.22500038146973 47.65499877929688
  endloop
endfacet
facet normal -0.9350967407226562 -7.267586710213436e-08 -0.3543925285339355
  outer loop
    vertex 78.19528961181641 21.60000038146973 46.70727157592773
    vertex 78.19702911376953 11.60000038146973 46.70268630981445
    vertex 77.90010833740234 11.29181575775146 47.48614120483398
  endloop
endfacet
facet normal 0.9350970983505249 1.623594414468243e-07 -0.3543915748596191
  outer loop
    vertex 102.9288558959961 21.9081859588623 47.48614120483398
    vertex 102.633674621582 11.60000038146973 46.70727157592773
    vertex 102.6319351196289 21.60000038146973 46.70268630981445
  endloop
endfacet
facet normal 0.9350977540016174 -3.820040319624241e-07 -0.3543898165225983
  outer loop
    vertex 102.9928512573242 21.97500038146973 47.65499877929688
    vertex 102.9288558959961 11.29181575775146 47.48614120483398
    vertex 102.633674621582 11.60000038146973 46.70727157592773
  endloop
endfacet
facet normal 0.9350895285606384 1.894160845949955e-06 -0.3544116020202637
  outer loop
    vertex 102.9928512573242 21.97500038146973 47.65499877929688
    vertex 102.633674621582 11.60000038146973 46.70727157592773
    vertex 102.9288558959961 21.9081859588623 47.48614120483398
  endloop
endfacet
facet normal -0.1836571991443634 -0.9363036751747131 0.29934161901474
  outer loop
    vertex 77.51014709472656 22.20000076293945 48.15964508056641
    vertex 76.65972900390625 21.97500038146973 46.93410873413086
    vertex 77.90010833740234 21.9081859588623 47.48614120483398
  endloop
endfacet
facet normal 0.1836569309234619 -0.9363038539886475 0.2993413209915161
  outer loop
    vertex 103.3188171386719 22.20000076293945 48.15964508056641
    vertex 102.9288558959961 21.9081859588623 47.48614120483398
    vertex 104.1692352294922 21.97500038146973 46.93410873413086
  endloop
endfacet
facet normal -0.1836576163768768 0.9363036751747131 0.2993413805961609
  outer loop
    vertex 77.51014709472656 11.00000095367432 48.15964508056641
    vertex 77.90010833740234 11.29181575775146 47.48614120483398
    vertex 76.65972900390625 11.22500038146973 46.93410873413086
  endloop
endfacet
facet normal 0.1836573481559753 0.9363038539886475 0.299341082572937
  outer loop
    vertex 103.3188171386719 11.00000095367432 48.15964508056641
    vertex 104.1692352294922 11.22500038146973 46.93410873413086
    vertex 102.9288558959961 11.29181575775146 47.48614120483398
  endloop
endfacet
facet normal -0.449698269367218 5.023439007974771e-16 0.8931805491447449
  outer loop
    vertex 79.87401580810547 11.60000038146973 47.59684753417969
    vertex 78.98001098632812 21.60000038146973 47.14673233032227
    vertex 78.98001098632812 11.60000038146973 47.14673233032227
  endloop
endfacet
facet normal -0.4539921283721924 -0.0004817726148758084 0.8910055756568909
  outer loop
    vertex 79.87401580810547 11.60000038146973 47.59684753417969
    vertex 79.87264251708984 21.60000038146973 47.60155487060547
    vertex 78.98001098632812 21.60000038146973 47.14673233032227
  endloop
endfacet
facet normal 0.4496982097625732 -0.0004811797116417438 0.8931804299354553
  outer loop
    vertex 101.8489532470703 21.60000038146973 47.14673233032227
    vertex 100.954948425293 21.60000038146973 47.59684753417969
    vertex 101.8459548950195 11.60000038146973 47.14285659790039
  endloop
endfacet
facet normal 0.4582742154598236 0.0004813274717889726 0.8888107538223267
  outer loop
    vertex 101.8459548950195 11.60000038146973 47.14285659790039
    vertex 100.954948425293 21.60000038146973 47.59684753417969
    vertex 100.9563217163086 11.60000038146973 47.60155487060547
  endloop
endfacet
facet normal 0.7907576560974121 -8.919634923040495e-16 0.6121293306350708
  outer loop
    vertex 78.35961151123047 21.97500038146973 47.94817352294922
    vertex 78.98001098632812 11.60000038146973 47.14673233032227
    vertex 78.98001098632812 21.60000038146973 47.14673233032227
  endloop
endfacet
facet normal -0.1600039005279541 -0.9358353018760681 0.31402388215065
  outer loop
    vertex 78.35961151123047 21.97500038146973 47.94817352294922
    vertex 78.98001098632812 21.60000038146973 47.14673233032227
    vertex 79.87264251708984 21.60000038146973 47.60155487060547
  endloop
endfacet
facet normal -0.7907576560974121 0 0.6121293306350708
  outer loop
    vertex 102.469352722168 21.97500038146973 47.94817352294922
    vertex 101.8489532470703 21.60000038146973 47.14673233032227
    vertex 102.469352722168 11.22500038146973 47.94817352294922
  endloop
endfacet
facet normal -0.7907567024230957 1.529298714331162e-07 0.6121305227279663
  outer loop
    vertex 101.8489532470703 21.60000038146973 47.14673233032227
    vertex 101.8459548950195 11.60000038146973 47.14285659790039
    vertex 102.469352722168 11.22500038146973 47.94817352294922
  endloop
endfacet
facet normal 0.1576973795890808 -0.936497688293457 0.3132149577140808
  outer loop
    vertex 101.2400360107422 21.97500038146973 48.57454299926758
    vertex 100.954948425293 21.60000038146973 47.59684753417969
    vertex 101.8489532470703 21.60000038146973 47.14673233032227
  endloop
endfacet
facet normal 0.1600032597780228 -0.9358352422714233 0.3140243887901306
  outer loop
    vertex 101.2400360107422 21.97500038146973 48.57454299926758
    vertex 101.8489532470703 21.60000038146973 47.14673233032227
    vertex 102.469352722168 21.97500038146973 47.94817352294922
  endloop
endfacet
facet normal 0.7907576560974121 -5.633906058993051e-18 0.6121293306350708
  outer loop
    vertex 78.35961151123047 21.97500038146973 47.94817352294922
    vertex 78.35961151123047 11.22500038146973 47.94817352294922
    vertex 78.98001098632812 11.60000038146973 47.14673233032227
  endloop
endfacet
facet normal -0.1576974093914032 0.936497688293457 0.3132150173187256
  outer loop
    vertex 79.58892822265625 11.22500038146973 48.57454299926758
    vertex 79.87401580810547 11.60000038146973 47.59684753417969
    vertex 78.98001098632812 11.60000038146973 47.14673233032227
  endloop
endfacet
facet normal -0.1600034385919571 0.9358351826667786 0.3140244781970978
  outer loop
    vertex 79.58892822265625 11.22500038146973 48.57454299926758
    vertex 78.98001098632812 11.60000038146973 47.14673233032227
    vertex 78.35961151123047 11.22500038146973 47.94817352294922
  endloop
endfacet
facet normal 0.160704642534256 0.9364977478981018 0.311682403087616
  outer loop
    vertex 102.469352722168 11.22500038146973 47.94817352294922
    vertex 101.8459548950195 11.60000038146973 47.14285659790039
    vertex 100.9563217163086 11.60000038146973 47.60155487060547
  endloop
endfacet
facet normal -0.9350950121879578 -5.862517997389818e-19 -0.3543971180915833
  outer loop
    vertex 77.83611297607422 21.97500038146973 47.65499877929688
    vertex 77.90010833740234 21.9081859588623 47.48614120483398
    vertex 77.83611297607422 11.22500038146973 47.65499877929688
  endloop
endfacet
facet normal -0.1759856790304184 -0.9363411664962769 0.3037997186183929
  outer loop
    vertex 77.51014709472656 22.20000076293945 48.15964508056641
    vertex 77.90010833740234 21.9081859588623 47.48614120483398
    vertex 77.83611297607422 21.97500038146973 47.65499877929688
  endloop
endfacet
facet normal 0.1759981215000153 -0.9363412857055664 0.3037920594215393
  outer loop
    vertex 103.3188171386719 22.20000076293945 48.15964508056641
    vertex 102.9928512573242 21.97500038146973 47.65499877929688
    vertex 102.9288558959961 21.9081859588623 47.48614120483398
  endloop
endfacet
facet normal -0.1759658455848694 0.9363411664962769 0.3038111925125122
  outer loop
    vertex 77.51014709472656 11.00000095367432 48.15964508056641
    vertex 77.83611297607422 11.22500038146973 47.65499877929688
    vertex 77.90010833740234 11.29181575775146 47.48614120483398
  endloop
endfacet
facet normal 0.9350897669792175 0 -0.3544109463691711
  outer loop
    vertex 102.9928512573242 21.97500038146973 47.65499877929688
    vertex 102.9928512573242 11.22500038146973 47.65499877929688
    vertex 102.9288558959961 11.29181575775146 47.48614120483398
  endloop
endfacet
facet normal 0.1759782880544662 0.9363412857055664 0.303803563117981
  outer loop
    vertex 103.3188171386719 11.00000095367432 48.15964508056641
    vertex 102.9288558959961 11.29181575775146 47.48614120483398
    vertex 102.9928512573242 11.22500038146973 47.65499877929688
  endloop
endfacet
facet normal -0.9600193500518799 1.009331130332684e-15 -0.2799336612224579
  outer loop
    vertex 79.58892822265625 21.97500038146973 48.57454299926758
    vertex 79.87264251708984 21.60000038146973 47.60155487060547
    vertex 79.58892822265625 11.22500038146973 48.57454299926758
  endloop
endfacet
facet normal -0.9600191712379456 -6.408165376114994e-08 -0.279934287071228
  outer loop
    vertex 79.87264251708984 21.60000038146973 47.60155487060547
    vertex 79.87401580810547 11.60000038146973 47.59684753417969
    vertex 79.58892822265625 11.22500038146973 48.57454299926758
  endloop
endfacet
facet normal -0.1600036174058914 -0.935835063457489 0.3140248656272888
  outer loop
    vertex 79.58892822265625 21.97500038146973 48.57454299926758
    vertex 78.35961151123047 21.97500038146973 47.94817352294922
    vertex 79.87264251708984 21.60000038146973 47.60155487060547
  endloop
endfacet
facet normal 0.960019588470459 6.485804959766028e-08 -0.2799327671527863
  outer loop
    vertex 100.954948425293 21.60000038146973 47.59684753417969
    vertex 101.2400360107422 11.22500038146973 48.57454299926758
    vertex 100.9563217163086 11.60000038146973 47.60155487060547
  endloop
endfacet
facet normal 0.9600194096565247 -1.006529251222285e-15 -0.2799333930015564
  outer loop
    vertex 101.2400360107422 21.97500038146973 48.57454299926758
    vertex 101.2400360107422 11.22500038146973 48.57454299926758
    vertex 100.954948425293 21.60000038146973 47.59684753417969
  endloop
endfacet
facet normal 0.160003662109375 0.9358349442481995 0.3140251934528351
  outer loop
    vertex 101.2400360107422 11.22500038146973 48.57454299926758
    vertex 102.469352722168 11.22500038146973 47.94817352294922
    vertex 100.9563217163086 11.60000038146973 47.60155487060547
  endloop
endfacet
facet normal -0.4886237978935242 3.642359960021087e-18 0.8724945783615112
  outer loop
    vertex 78.35961151123047 11.22500038146973 47.94817352294922
    vertex 77.83611297607422 21.97500038146973 47.65499877929688
    vertex 77.83611297607422 11.22500038146973 47.65499877929688
  endloop
endfacet
facet normal -0.4886237978935242 0 0.8724945783615112
  outer loop
    vertex 78.35961151123047 21.97500038146973 47.94817352294922
    vertex 77.83611297607422 21.97500038146973 47.65499877929688
    vertex 78.35961151123047 11.22500038146973 47.94817352294922
  endloop
endfacet
facet normal -0.1716736406087875 -0.9362475275993347 0.306543231010437
  outer loop
    vertex 77.51014709472656 22.20000076293945 48.15964508056641
    vertex 77.83611297607422 21.97500038146973 47.65499877929688
    vertex 78.35961151123047 21.97500038146973 47.94817352294922
  endloop
endfacet
facet normal 0.4886231124401093 5.463522569238766e-18 0.8724949359893799
  outer loop
    vertex 102.9928512573242 21.97500038146973 47.65499877929688
    vertex 102.469352722168 21.97500038146973 47.94817352294922
    vertex 102.9928512573242 11.22500038146973 47.65499877929688
  endloop
endfacet
facet normal 0.171673521399498 -0.9362474083900452 0.3065435886383057
  outer loop
    vertex 103.3188171386719 22.20000076293945 48.15964508056641
    vertex 102.469352722168 21.97500038146973 47.94817352294922
    vertex 102.9928512573242 21.97500038146973 47.65499877929688
  endloop
endfacet
facet normal -0.1716731637716293 0.9362478852272034 0.3065423965454102
  outer loop
    vertex 77.51014709472656 11.00000095367432 48.15964508056641
    vertex 78.35961151123047 11.22500038146973 47.94817352294922
    vertex 77.83611297607422 11.22500038146973 47.65499877929688
  endloop
endfacet
facet normal 0.4886231124401093 -1.821174189746255e-18 0.8724949359893799
  outer loop
    vertex 102.9928512573242 11.22500038146973 47.65499877929688
    vertex 102.469352722168 21.97500038146973 47.94817352294922
    vertex 102.469352722168 11.22500038146973 47.94817352294922
  endloop
endfacet
facet normal 0.1716730445623398 0.9362477660179138 0.3065427243709564
  outer loop
    vertex 103.3188171386719 11.00000095367432 48.15964508056641
    vertex 102.9928512573242 11.22500038146973 47.65499877929688
    vertex 102.469352722168 11.22500038146973 47.94817352294922
  endloop
endfacet
facet normal -0.165665939450264 -0.9310425519943237 0.3251377642154694
  outer loop
    vertex 79.58892822265625 21.97500038146973 48.57454299926758
    vertex 77.51014709472656 22.20000076293945 48.15964508056641
    vertex 78.35961151123047 21.97500038146973 47.94817352294922
  endloop
endfacet
facet normal 0.165665939450264 -0.9310424327850342 0.3251380324363708
  outer loop
    vertex 100.9118118286133 22.20000076293945 49.38607406616211
    vertex 101.2400360107422 21.97500038146973 48.57454299926758
    vertex 102.469352722168 21.97500038146973 47.94817352294922
  endloop
endfacet
facet normal 0.165665864944458 -0.931042492389679 0.3251379728317261
  outer loop
    vertex 100.9118118286133 22.20000076293945 49.38607406616211
    vertex 102.469352722168 21.97500038146973 47.94817352294922
    vertex 103.3188171386719 22.20000076293945 48.15964508056641
  endloop
endfacet
facet normal -0.165665477514267 0.9310429692268372 0.3251368701457977
  outer loop
    vertex 79.58892822265625 11.22500038146973 48.57454299926758
    vertex 78.35961151123047 11.22500038146973 47.94817352294922
    vertex 77.51014709472656 11.00000095367432 48.15964508056641
  endloop
endfacet
facet normal 0.1656654179096222 0.9310429096221924 0.3251370787620544
  outer loop
    vertex 100.9118118286133 11.00000095367432 49.38607406616211
    vertex 103.3188171386719 11.00000095367432 48.15964508056641
    vertex 102.469352722168 11.22500038146973 47.94817352294922
  endloop
endfacet
facet normal 0.1656654924154282 0.9310428500175476 0.3251371383666992
  outer loop
    vertex 100.9118118286133 11.00000095367432 49.38607406616211
    vertex 102.469352722168 11.22500038146973 47.94817352294922
    vertex 101.2400360107422 11.22500038146973 48.57454299926758
  endloop
endfacet
facet normal -0.378235399723053 2.85113233920237e-18 0.9257094264030457
  outer loop
    vertex 81.61598968505859 11.60000038146973 48.3566780090332
    vertex 80.68942260742188 21.60000038146973 47.97809219360352
    vertex 80.68942260742188 11.60000038146973 47.97809219360352
  endloop
endfacet
facet normal -0.382685124874115 -0.0004816066357307136 0.9238787293434143
  outer loop
    vertex 81.61598968505859 11.60000038146973 48.3566780090332
    vertex 81.614990234375 21.60000038146973 48.36147689819336
    vertex 80.68942260742188 21.60000038146973 47.97809219360352
  endloop
endfacet
facet normal 0.3782353401184082 -0.0004808385856449604 0.9257093667984009
  outer loop
    vertex 100.1395416259766 21.60000038146973 47.97809219360352
    vertex 99.21297454833984 21.60000038146973 48.3566780090332
    vertex 100.1368560791016 11.60000038146973 47.97399520874023
  endloop
endfacet
facet normal 0.3871230781078339 0.0004811620165128261 0.9220279455184937
  outer loop
    vertex 100.1368560791016 11.60000038146973 47.97399520874023
    vertex 99.21297454833984 21.60000038146973 48.3566780090332
    vertex 99.21397399902344 11.60000038146973 48.36147689819336
  endloop
endfacet
facet normal 0.8363459706306458 4.557158024597569e-18 0.5482019782066345
  outer loop
    vertex 80.23281097412109 21.9081859588623 48.67470932006836
    vertex 80.68942260742188 11.60000038146973 47.97809219360352
    vertex 80.68942260742188 21.60000038146973 47.97809219360352
  endloop
endfacet
facet normal -0.1348728835582733 -0.935835063457489 0.3256101906299591
  outer loop
    vertex 80.23281097412109 21.9081859588623 48.67470932006836
    vertex 80.68942260742188 21.60000038146973 47.97809219360352
    vertex 81.614990234375 21.60000038146973 48.36147689819336
  endloop
endfacet
facet normal -0.8363448977470398 6.168292099317796e-09 0.5482035875320435
  outer loop
    vertex 100.5961532592773 21.9081859588623 48.67470932006836
    vertex 100.1395416259766 21.60000038146973 47.97809219360352
    vertex 100.1368560791016 11.60000038146973 47.97399520874023
  endloop
endfacet
facet normal 0.1334125250577927 -0.935727596282959 0.3265195190906525
  outer loop
    vertex 100.5961532592773 21.9081859588623 48.67470932006836
    vertex 99.21297454833984 21.60000038146973 48.3566780090332
    vertex 100.1395416259766 21.60000038146973 47.97809219360352
  endloop
endfacet
facet normal 0.8363459706306458 -2.121357667306256e-08 0.5482019782066345
  outer loop
    vertex 80.13381958007812 21.97500038146973 48.82573699951172
    vertex 80.23281097412109 11.29181575775146 48.67470932006836
    vertex 80.68942260742188 11.60000038146973 47.97809219360352
  endloop
endfacet
facet normal 0.8363466858863831 1.051865439194444e-07 0.5482009053230286
  outer loop
    vertex 80.13381958007812 21.97500038146973 48.82573699951172
    vertex 80.68942260742188 11.60000038146973 47.97809219360352
    vertex 80.23281097412109 21.9081859588623 48.67470932006836
  endloop
endfacet
facet normal -0.1334124505519867 0.9357276558876038 0.3265193104743958
  outer loop
    vertex 80.23281097412109 11.29181575775146 48.67470932006836
    vertex 81.61598968505859 11.60000038146973 48.3566780090332
    vertex 80.68942260742188 11.60000038146973 47.97809219360352
  endloop
endfacet
facet normal -0.8363449573516846 -2.772177367660333e-07 0.5482035875320435
  outer loop
    vertex 100.6951446533203 21.97500038146973 48.82573699951172
    vertex 100.1368560791016 11.60000038146973 47.97399520874023
    vertex 100.5961532592773 11.29181575775146 48.67470932006836
  endloop
endfacet
facet normal -0.8363541960716248 1.382870209454268e-06 0.5481894016265869
  outer loop
    vertex 100.6951446533203 21.97500038146973 48.82573699951172
    vertex 100.5961532592773 21.9081859588623 48.67470932006836
    vertex 100.1368560791016 11.60000038146973 47.97399520874023
  endloop
endfacet
facet normal 0.1356301158666611 0.936617374420166 0.3230361938476562
  outer loop
    vertex 100.5961532592773 11.29181575775146 48.67470932006836
    vertex 100.1368560791016 11.60000038146973 47.97399520874023
    vertex 99.21397399902344 11.60000038146973 48.36147689819336
  endloop
endfacet
facet normal -0.4539903402328491 0 0.8910065889358521
  outer loop
    vertex 79.91715240478516 23.20000076293945 49.38607406616211
    vertex 77.51014709472656 23.20000076293945 48.15964508056641
    vertex 79.91715240478516 22.20000076293945 49.38607406616211
  endloop
endfacet
facet normal -0.4539903402328491 0 0.8910065889358521
  outer loop
    vertex 79.91715240478516 22.20000076293945 49.38607406616211
    vertex 77.51014709472656 23.20000076293945 48.15964508056641
    vertex 77.51014709472656 22.20000076293945 48.15964508056641
  endloop
endfacet
facet normal 0.4539900720119476 0 0.8910067677497864
  outer loop
    vertex 103.3188171386719 23.20000076293945 48.15964508056641
    vertex 100.9118118286133 23.20000076293945 49.38607406616211
    vertex 103.3188171386719 22.20000076293945 48.15964508056641
  endloop
endfacet
facet normal -0.1656659543514252 -0.931042492389679 0.3251378536224365
  outer loop
    vertex 79.91715240478516 22.20000076293945 49.38607406616211
    vertex 77.51014709472656 22.20000076293945 48.15964508056641
    vertex 79.58892822265625 21.97500038146973 48.57454299926758
  endloop
endfacet
facet normal 0.4539900720119476 -8.133045585157771e-17 0.8910067677497864
  outer loop
    vertex 103.3188171386719 22.20000076293945 48.15964508056641
    vertex 100.9118118286133 23.20000076293945 49.38607406616211
    vertex 100.9118118286133 22.20000076293945 49.38607406616211
  endloop
endfacet
facet normal -0.4539903402328491 2.43991307997729e-16 0.8910065889358521
  outer loop
    vertex 79.91715240478516 10 49.38607406616211
    vertex 77.51014709472656 11.00000095367432 48.15964508056641
    vertex 77.51014709472656 10 48.15964508056641
  endloop
endfacet
facet normal -0.4539903402328491 0 0.8910065889358521
  outer loop
    vertex 79.91715240478516 11.00000095367432 49.38607406616211
    vertex 77.51014709472656 11.00000095367432 48.15964508056641
    vertex 79.91715240478516 10 49.38607406616211
  endloop
endfacet
facet normal -0.1656654924154282 0.9310429096221924 0.3251369595527649
  outer loop
    vertex 79.91715240478516 11.00000095367432 49.38607406616211
    vertex 79.58892822265625 11.22500038146973 48.57454299926758
    vertex 77.51014709472656 11.00000095367432 48.15964508056641
  endloop
endfacet
facet normal 0.4539900720119476 2.439909638905942e-16 0.8910067677497864
  outer loop
    vertex 103.3188171386719 11.00000095367432 48.15964508056641
    vertex 100.9118118286133 11.00000095367432 49.38607406616211
    vertex 103.3188171386719 10 48.15964508056641
  endloop
endfacet
facet normal 0.4539900720119476 -8.13303235026797e-17 0.8910067677497864
  outer loop
    vertex 103.3188171386719 10 48.15964508056641
    vertex 100.9118118286133 11.00000095367432 49.38607406616211
    vertex 100.9118118286133 10 49.38607406616211
  endloop
endfacet
facet normal -0.9790232181549072 0 -0.2037486284971237
  outer loop
    vertex 81.40849304199219 21.97500038146973 49.35372543334961
    vertex 81.614990234375 21.60000038146973 48.36147689819336
    vertex 81.40849304199219 11.22500038146973 49.35372543334961
  endloop
endfacet
facet normal -0.9790230989456177 -7.14742114382716e-08 -0.203749343752861
  outer loop
    vertex 81.614990234375 21.60000038146973 48.36147689819336
    vertex 81.61598968505859 11.60000038146973 48.3566780090332
    vertex 81.40849304199219 11.22500038146973 49.35372543334961
  endloop
endfacet
facet normal -0.1348727941513062 -0.9358350038528442 0.325610488653183
  outer loop
    vertex 81.40849304199219 21.97500038146973 49.35372543334961
    vertex 80.23281097412109 21.9081859588623 48.67470932006836
    vertex 81.614990234375 21.60000038146973 48.36147689819336
  endloop
endfacet
facet normal 0.9790230989456177 7.14742114382716e-08 -0.203749343752861
  outer loop
    vertex 99.42047119140625 21.97500038146973 49.35372543334961
    vertex 99.21397399902344 11.60000038146973 48.36147689819336
    vertex 99.21297454833984 21.60000038146973 48.3566780090332
  endloop
endfacet
facet normal 0.1340769231319427 -0.9364079833030701 0.3242892324924469
  outer loop
    vertex 99.42047119140625 21.97500038146973 49.35372543334961
    vertex 99.21297454833984 21.60000038146973 48.3566780090332
    vertex 100.5961532592773 21.9081859588623 48.67470932006836
  endloop
endfacet
facet normal -0.134076714515686 0.9364079236984253 0.324289470911026
  outer loop
    vertex 81.40849304199219 11.22500038146973 49.35372543334961
    vertex 81.61598968505859 11.60000038146973 48.3566780090332
    vertex 80.23281097412109 11.29181575775146 48.67470932006836
  endloop
endfacet
facet normal 0.9790232181549072 0 -0.2037486284971237
  outer loop
    vertex 99.42047119140625 21.97500038146973 49.35372543334961
    vertex 99.42047119140625 11.22500038146973 49.35372543334961
    vertex 99.21397399902344 11.60000038146973 48.36147689819336
  endloop
endfacet
facet normal 0.1348721981048584 0.9358349442481995 0.3256108164787292
  outer loop
    vertex 99.42047119140625 11.22500038146973 49.35372543334961
    vertex 100.5961532592773 11.29181575775146 48.67470932006836
    vertex 99.21397399902344 11.60000038146973 48.36147689819336
  endloop
endfacet
facet normal -0.4186567664146423 4.374236428903225e-16 0.9081445336341858
  outer loop
    vertex 80.13381958007812 11.22500038146973 48.82573699951172
    vertex 79.58892822265625 21.97500038146973 48.57454299926758
    vertex 79.58892822265625 11.22500038146973 48.57454299926758
  endloop
endfacet
facet normal -0.4186567664146423 3.499389235766809e-18 0.9081445336341858
  outer loop
    vertex 80.13381958007812 21.97500038146973 48.82573699951172
    vertex 79.58892822265625 21.97500038146973 48.57454299926758
    vertex 80.13381958007812 11.22500038146973 48.82573699951172
  endloop
endfacet
facet normal -0.1470913589000702 -0.9362474679946899 0.31906858086586
  outer loop
    vertex 79.91715240478516 22.20000076293945 49.38607406616211
    vertex 79.58892822265625 21.97500038146973 48.57454299926758
    vertex 80.13381958007812 21.97500038146973 48.82573699951172
  endloop
endfacet
facet normal 0.4186561703681946 -4.409216242646868e-16 0.9081448316574097
  outer loop
    vertex 101.2400360107422 21.97500038146973 48.57454299926758
    vertex 100.6951446533203 21.97500038146973 48.82573699951172
    vertex 101.2400360107422 11.22500038146973 48.57454299926758
  endloop
endfacet
facet normal 0.1470911502838135 -0.9362475275993347 0.3190686702728271
  outer loop
    vertex 100.9118118286133 22.20000076293945 49.38607406616211
    vertex 100.6951446533203 21.97500038146973 48.82573699951172
    vertex 101.2400360107422 21.97500038146973 48.57454299926758
  endloop
endfacet
facet normal -0.147090956568718 0.9362478852272034 0.3190676867961884
  outer loop
    vertex 79.91715240478516 11.00000095367432 49.38607406616211
    vertex 80.13381958007812 11.22500038146973 48.82573699951172
    vertex 79.58892822265625 11.22500038146973 48.57454299926758
  endloop
endfacet
facet normal 0.4186561703681946 -3.499378068828539e-18 0.9081448316574097
  outer loop
    vertex 101.2400360107422 11.22500038146973 48.57454299926758
    vertex 100.6951446533203 21.97500038146973 48.82573699951172
    vertex 100.6951446533203 11.22500038146973 48.82573699951172
  endloop
endfacet
facet normal 0.1470907330513 0.9362478852272034 0.3190677762031555
  outer loop
    vertex 100.9118118286133 11.00000095367432 49.38607406616211
    vertex 101.2400360107422 11.22500038146973 48.57454299926758
    vertex 100.6951446533203 11.22500038146973 48.82573699951172
  endloop
endfacet
facet normal -0.3044360876083374 3.435849390100772e-16 0.9525327682495117
  outer loop
    vertex 83.41220855712891 11.60000038146973 48.97748947143555
    vertex 82.45879364013672 21.60000038146973 48.67277145385742
    vertex 82.45879364013672 11.60000038146973 48.67277145385742
  endloop
endfacet
facet normal -0.3044360876083374 0 0.9525327682495117
  outer loop
    vertex 83.41220855712891 21.60000038146973 48.97748947143555
    vertex 82.45879364013672 21.60000038146973 48.67277145385742
    vertex 83.41220855712891 11.60000038146973 48.97748947143555
  endloop
endfacet
facet normal 0.3090168833732605 -2.780284526532356e-18 0.9510565400123596
  outer loop
    vertex 98.36781311035156 21.60000038146973 48.66847229003906
    vertex 97.41675567626953 21.60000038146973 48.97748947143555
    vertex 98.36781311035156 11.60000038146973 48.66847229003906
  endloop
endfacet
facet normal 0.3090168833732605 5.560569053064713e-18 0.9510565400123596
  outer loop
    vertex 98.36781311035156 11.60000038146973 48.66847229003906
    vertex 97.41675567626953 21.60000038146973 48.97748947143555
    vertex 97.41675567626953 11.60000038146973 48.97748947143555
  endloop
endfacet
facet normal 0.8767801523208618 -9.864799813607758e-16 0.4808914065361023
  outer loop
    vertex 82.45879364013672 21.60000038146973 48.67277145385742
    vertex 81.97140502929688 11.22500038146973 49.56139755249023
    vertex 82.45879364013672 11.60000038146973 48.67277145385742
  endloop
endfacet
facet normal 0.8767801523208618 0 0.4808914065361023
  outer loop
    vertex 81.97140502929688 21.97500038146973 49.56139755249023
    vertex 81.97140502929688 11.22500038146973 49.56139755249023
    vertex 82.45879364013672 21.60000038146973 48.67277145385742
  endloop
endfacet
facet normal -0.1121843606233597 -0.9360567927360535 0.3334852457046509
  outer loop
    vertex 81.97140502929688 21.97500038146973 49.56139755249023
    vertex 82.45879364013672 21.60000038146973 48.67277145385742
    vertex 82.93359375 21.60000038146973 48.83249282836914
  endloop
endfacet
facet normal -0.8767803907394409 -5.0323414400557e-18 0.4808910489082336
  outer loop
    vertex 98.85755920410156 21.97500038146973 49.56139755249023
    vertex 98.36781311035156 21.60000038146973 48.66847229003906
    vertex 98.85755920410156 11.22500038146973 49.56139755249023
  endloop
endfacet
facet normal -0.8767803907394409 0 0.4808910489082336
  outer loop
    vertex 98.36781311035156 21.60000038146973 48.66847229003906
    vertex 98.36781311035156 11.60000038146973 48.66847229003906
    vertex 98.85755920410156 11.22500038146973 49.56139755249023
  endloop
endfacet
facet normal 0.1151798069477081 -0.9363060593605042 0.3317597210407257
  outer loop
    vertex 98.38980102539062 22.20000076293945 50.35418319702148
    vertex 97.89537048339844 21.60000038146973 48.83249282836914
    vertex 98.36781311035156 21.60000038146973 48.66847229003906
  endloop
endfacet
facet normal 0.112016849219799 -0.936633825302124 0.3319176435470581
  outer loop
    vertex 98.38980102539062 22.20000076293945 50.35418319702148
    vertex 98.36781311035156 21.60000038146973 48.66847229003906
    vertex 98.85755920410156 21.97500038146973 49.56139755249023
  endloop
endfacet
facet normal -0.1119581535458565 0.9363231062889099 0.3328127861022949
  outer loop
    vertex 82.43916320800781 11.00000095367432 50.35418319702148
    vertex 82.93359375 11.60000038146973 48.83249282836914
    vertex 82.45879364013672 11.60000038146973 48.67277145385742
  endloop
endfacet
facet normal -0.1136308759450912 0.9361504316329956 0.3327316343784332
  outer loop
    vertex 82.43916320800781 11.00000095367432 50.35418319702148
    vertex 82.45879364013672 11.60000038146973 48.67277145385742
    vertex 81.97140502929688 11.22500038146973 49.56139755249023
  endloop
endfacet
facet normal 0.1147411540150642 0.9368066191673279 0.3304962515830994
  outer loop
    vertex 98.85755920410156 11.22500038146973 49.56139755249023
    vertex 98.36781311035156 11.60000038146973 48.66847229003906
    vertex 97.89537048339844 11.60000038146973 48.83249282836914
  endloop
endfacet
facet normal -0.1342217326164246 -0.9363040328025818 0.3245293498039246
  outer loop
    vertex 79.91715240478516 22.20000076293945 49.38607406616211
    vertex 80.23281097412109 21.9081859588623 48.67470932006836
    vertex 81.40849304199219 21.97500038146973 49.35372543334961
  endloop
endfacet
facet normal -0.1423187702894211 -0.9363414645195007 0.3209517300128937
  outer loop
    vertex 79.91715240478516 22.20000076293945 49.38607406616211
    vertex 80.13381958007812 21.97500038146973 48.82573699951172
    vertex 80.23281097412109 21.9081859588623 48.67470932006836
  endloop
endfacet
facet normal 0.1423287838697433 -0.9363412857055664 0.3209477961063385
  outer loop
    vertex 100.9118118286133 22.20000076293945 49.38607406616211
    vertex 100.5961532592773 21.9081859588623 48.67470932006836
    vertex 100.6951446533203 21.97500038146973 48.82573699951172
  endloop
endfacet
facet normal 0.1342217922210693 -0.9363038539886475 0.3245298266410828
  outer loop
    vertex 100.9118118286133 22.20000076293945 49.38607406616211
    vertex 99.42047119140625 21.97500038146973 49.35372543334961
    vertex 100.5961532592773 21.9081859588623 48.67470932006836
  endloop
endfacet
facet normal 0.8363466858863831 1.310909630919444e-18 0.5482009053230286
  outer loop
    vertex 80.13381958007812 21.97500038146973 48.82573699951172
    vertex 80.13381958007812 11.22500038146973 48.82573699951172
    vertex 80.23281097412109 11.29181575775146 48.67470932006836
  endloop
endfacet
facet normal -0.1423397213220596 0.9363414645195007 0.3209424614906311
  outer loop
    vertex 79.91715240478516 11.00000095367432 49.38607406616211
    vertex 80.23281097412109 11.29181575775146 48.67470932006836
    vertex 80.13381958007812 11.22500038146973 48.82573699951172
  endloop
endfacet
facet normal -0.1342212855815887 0.9363040328025818 0.3245295584201813
  outer loop
    vertex 79.91715240478516 11.00000095367432 49.38607406616211
    vertex 81.40849304199219 11.22500038146973 49.35372543334961
    vertex 80.23281097412109 11.29181575775146 48.67470932006836
  endloop
endfacet
facet normal -0.8363538980484009 0 0.5481898784637451
  outer loop
    vertex 100.6951446533203 21.97500038146973 48.82573699951172
    vertex 100.5961532592773 11.29181575775146 48.67470932006836
    vertex 100.6951446533203 11.22500038146973 48.82573699951172
  endloop
endfacet
facet normal 0.1342213302850723 0.9363038539886475 0.3245300054550171
  outer loop
    vertex 100.9118118286133 11.00000095367432 49.38607406616211
    vertex 100.5961532592773 11.29181575775146 48.67470932006836
    vertex 99.42047119140625 11.22500038146973 49.35372543334961
  endloop
endfacet
facet normal 0.1423497200012207 0.9363412857055664 0.3209384977817535
  outer loop
    vertex 100.9118118286133 11.00000095367432 49.38607406616211
    vertex 100.6951446533203 11.22500038146973 48.82573699951172
    vertex 100.5961532592773 11.29181575775146 48.67470932006836
  endloop
endfacet
facet normal -0.1018209382891655 -0.9363061189651489 0.3361001908779144
  outer loop
    vertex 82.43916320800781 22.20000076293945 50.35418319702148
    vertex 82.93359375 21.60000038146973 48.83249282836914
    vertex 83.41220855712891 21.60000038146973 48.97748947143555
  endloop
endfacet
facet normal -0.1130708009004593 -0.9363183975219727 0.3324497044086456
  outer loop
    vertex 82.43916320800781 22.20000076293945 50.35418319702148
    vertex 81.97140502929688 21.97500038146973 49.56139755249023
    vertex 82.93359375 21.60000038146973 48.83249282836914
  endloop
endfacet
facet normal 0.101433090865612 -0.9368067979812622 0.3348199427127838
  outer loop
    vertex 97.54538726806641 21.97500038146973 49.98774719238281
    vertex 97.41675567626953 21.60000038146973 48.97748947143555
    vertex 97.89537048339844 21.60000038146973 48.83249282836914
  endloop
endfacet
facet normal 0.1039332151412964 -0.9363183975219727 0.3354188203811646
  outer loop
    vertex 98.38980102539062 22.20000076293945 50.35418319702148
    vertex 97.54538726806641 21.97500038146973 49.98774719238281
    vertex 97.89537048339844 21.60000038146973 48.83249282836914
  endloop
endfacet
facet normal -0.101433202624321 0.9368066191673279 0.3348203003406525
  outer loop
    vertex 83.28357696533203 11.22500038146973 49.98774719238281
    vertex 83.41220855712891 11.60000038146973 48.97748947143555
    vertex 82.93359375 11.60000038146973 48.83249282836914
  endloop
endfacet
facet normal -0.1039319708943367 0.9363185167312622 0.3354188501834869
  outer loop
    vertex 82.43916320800781 11.00000095367432 50.35418319702148
    vertex 83.28357696533203 11.22500038146973 49.98774719238281
    vertex 82.93359375 11.60000038146973 48.83249282836914
  endloop
endfacet
facet normal 0.1018209010362625 0.9363061785697937 0.3361000418663025
  outer loop
    vertex 98.38980102539062 11.00000095367432 50.35418319702148
    vertex 97.89537048339844 11.60000038146973 48.83249282836914
    vertex 97.41675567626953 11.60000038146973 48.97748947143555
  endloop
endfacet
facet normal 0.1130712702870369 0.9363184571266174 0.3324494361877441
  outer loop
    vertex 98.38980102539062 11.00000095367432 50.35418319702148
    vertex 98.85755920410156 11.22500038146973 49.56139755249023
    vertex 97.89537048339844 11.60000038146973 48.83249282836914
  endloop
endfacet
facet normal -0.9919911026954651 2.223939183346288e-18 -0.1263076663017273
  outer loop
    vertex 83.28357696533203 21.97500038146973 49.98774719238281
    vertex 83.41220855712891 21.60000038146973 48.97748947143555
    vertex 83.28357696533203 11.22500038146973 49.98774719238281
  endloop
endfacet
facet normal -0.9919911026954651 -1.285019808324723e-18 -0.1263076663017273
  outer loop
    vertex 83.41220855712891 21.60000038146973 48.97748947143555
    vertex 83.41220855712891 11.60000038146973 48.97748947143555
    vertex 83.28357696533203 11.22500038146973 49.98774719238281
  endloop
endfacet
facet normal -0.104472391307354 -0.936633825302124 0.3343689441680908
  outer loop
    vertex 82.43916320800781 22.20000076293945 50.35418319702148
    vertex 83.41220855712891 21.60000038146973 48.97748947143555
    vertex 83.28357696533203 21.97500038146973 49.98774719238281
  endloop
endfacet
facet normal 0.991990864276886 0 -0.1263094991445541
  outer loop
    vertex 97.41675567626953 21.60000038146973 48.97748947143555
    vertex 97.54538726806641 11.22500038146973 49.98774719238281
    vertex 97.41675567626953 11.60000038146973 48.97748947143555
  endloop
endfacet
facet normal 0.991990864276886 -1.03969133226112e-15 -0.1263094991445541
  outer loop
    vertex 97.54538726806641 21.97500038146973 49.98774719238281
    vertex 97.54538726806641 11.22500038146973 49.98774719238281
    vertex 97.41675567626953 21.60000038146973 48.97748947143555
  endloop
endfacet
facet normal 0.1044720411300659 0.936633825302124 0.334369033575058
  outer loop
    vertex 98.38980102539062 11.00000095367432 50.35418319702148
    vertex 97.41675567626953 11.60000038146973 48.97748947143555
    vertex 97.54538726806641 11.22500038146973 49.98774719238281
  endloop
endfacet
facet normal -0.2287650853395462 2.60276442850979e-16 0.9734816551208496
  outer loop
    vertex 85.25160217285156 11.60000038146973 49.45546340942383
    vertex 84.27721405029297 21.60000038146973 49.22648620605469
    vertex 84.27721405029297 11.60000038146973 49.22648620605469
  endloop
endfacet
facet normal -0.2334446460008621 -0.0004814240382984281 0.9723699688911438
  outer loop
    vertex 85.25160217285156 11.60000038146973 49.45546340942383
    vertex 85.25136566162109 21.60000038146973 49.46035766601562
    vertex 84.27721405029297 21.60000038146973 49.22648620605469
  endloop
endfacet
facet normal 0.2287654876708984 -0.0004813035484403372 0.9734814167022705
  outer loop
    vertex 96.55175018310547 21.60000038146973 49.22648620605469
    vertex 95.57736968994141 21.60000038146973 49.45546340942383
    vertex 96.54973602294922 11.60000038146973 49.22201538085938
  endloop
endfacet
facet normal 0.2381220012903214 0.0004809338133782148 0.9712351560592651
  outer loop
    vertex 96.54973602294922 11.60000038146973 49.22201538085938
    vertex 95.57736968994141 21.60000038146973 49.45546340942383
    vertex 95.57759857177734 11.60000038146973 49.46035766601562
  endloop
endfacet
facet normal 0.911807119846344 -1.033280881037181e-15 0.4106188118457794
  outer loop
    vertex 84.27721405029297 21.60000038146973 49.22648620605469
    vertex 83.86104583740234 11.22500038146973 50.15061187744141
    vertex 84.27721405029297 11.60000038146973 49.22648620605469
  endloop
endfacet
facet normal 0.911807119846344 -2.442982813404924e-18 0.4106188118457794
  outer loop
    vertex 83.86104583740234 21.97500038146973 50.15061187744141
    vertex 83.86104583740234 11.22500038146973 50.15061187744141
    vertex 84.27721405029297 21.60000038146973 49.22648620605469
  endloop
endfacet
facet normal -0.08227464556694031 -0.9358351826667786 0.342700183391571
  outer loop
    vertex 85.21131134033203 21.9081859588623 50.29232406616211
    vertex 83.86104583740234 21.97500038146973 50.15061187744141
    vertex 84.27721405029297 21.60000038146973 49.22648620605469
  endloop
endfacet
facet normal -0.08227480202913284 -0.9358351230621338 0.3427003026008606
  outer loop
    vertex 85.21131134033203 21.9081859588623 50.29232406616211
    vertex 84.27721405029297 21.60000038146973 49.22648620605469
    vertex 85.25136566162109 21.60000038146973 49.46035766601562
  endloop
endfacet
facet normal -0.9118077754974365 -4.885969349122604e-18 0.4106172621250153
  outer loop
    vertex 96.96791076660156 21.97500038146973 50.15061187744141
    vertex 96.55175018310547 21.60000038146973 49.22648620605469
    vertex 96.96791076660156 11.22500038146973 50.15061187744141
  endloop
endfacet
facet normal -0.9118074774742126 7.253408540464079e-08 0.4106179177761078
  outer loop
    vertex 96.55175018310547 21.60000038146973 49.22648620605469
    vertex 96.54973602294922 11.60000038146973 49.22201538085938
    vertex 96.96791076660156 11.22500038146973 50.15061187744141
  endloop
endfacet
facet normal 0.08014896512031555 -0.9366172552108765 0.341063380241394
  outer loop
    vertex 95.61765289306641 21.9081859588623 50.29232406616211
    vertex 95.57736968994141 21.60000038146973 49.45546340942383
    vertex 96.55175018310547 21.60000038146973 49.22648620605469
  endloop
endfacet
facet normal 0.08227477222681046 -0.9358351230621338 0.3427002727985382
  outer loop
    vertex 95.61765289306641 21.9081859588623 50.29232406616211
    vertex 96.55175018310547 21.60000038146973 49.22648620605469
    vertex 96.96791076660156 21.97500038146973 50.15061187744141
  endloop
endfacet
facet normal -0.08014865964651108 0.9366174936294556 0.3410627841949463
  outer loop
    vertex 85.21131134033203 11.29181575775146 50.29232406616211
    vertex 85.25160217285156 11.60000038146973 49.45546340942383
    vertex 84.27721405029297 11.60000038146973 49.22648620605469
  endloop
endfacet
facet normal -0.0822751373052597 0.9358351230621338 0.342700183391571
  outer loop
    vertex 85.21131134033203 11.29181575775146 50.29232406616211
    vertex 84.27721405029297 11.60000038146973 49.22648620605469
    vertex 83.86104583740234 11.22500038146973 50.15061187744141
  endloop
endfacet
facet normal 0.08214230090379715 0.9364082217216492 0.3411631882190704
  outer loop
    vertex 95.61765289306641 11.29181575775146 50.29232406616211
    vertex 96.96791076660156 11.22500038146973 50.15061187744141
    vertex 96.54973602294922 11.60000038146973 49.22201538085938
  endloop
endfacet
facet normal 0.08399119228124619 0.9357276558876038 0.342577338218689
  outer loop
    vertex 95.61765289306641 11.29181575775146 50.29232406616211
    vertex 96.54973602294922 11.60000038146973 49.22201538085938
    vertex 95.57759857177734 11.60000038146973 49.46035766601562
  endloop
endfacet
facet normal -0.3461192846298218 0 0.9381905198097229
  outer loop
    vertex 81.97140502929688 11.22500038146973 49.56139755249023
    vertex 81.40849304199219 21.97500038146973 49.35372543334961
    vertex 81.40849304199219 11.22500038146973 49.35372543334961
  endloop
endfacet
facet normal -0.3461192846298218 0 0.9381905198097229
  outer loop
    vertex 81.97140502929688 21.97500038146973 49.56139755249023
    vertex 81.40849304199219 21.97500038146973 49.35372543334961
    vertex 81.97140502929688 11.22500038146973 49.56139755249023
  endloop
endfacet
facet normal -0.1248285695910454 -0.932700514793396 0.3383601903915405
  outer loop
    vertex 82.43916320800781 22.20000076293945 50.35418319702148
    vertex 81.40849304199219 21.97500038146973 49.35372543334961
    vertex 81.97140502929688 21.97500038146973 49.56139755249023
  endloop
endfacet
facet normal -0.132657527923584 -0.9289633631706238 0.3455851078033447
  outer loop
    vertex 82.43916320800781 22.20000076293945 50.35418319702148
    vertex 79.91715240478516 22.20000076293945 49.38607406616211
    vertex 81.40849304199219 21.97500038146973 49.35372543334961
  endloop
endfacet
facet normal 0.3461192846298218 0 0.9381905198097229
  outer loop
    vertex 99.42047119140625 21.97500038146973 49.35372543334961
    vertex 98.85755920410156 21.97500038146973 49.56139755249023
    vertex 99.42047119140625 11.22500038146973 49.35372543334961
  endloop
endfacet
facet normal 0.1317638158798218 -0.9247031211853027 0.3571588397026062
  outer loop
    vertex 98.85755920410156 21.97500038146973 49.56139755249023
    vertex 99.42047119140625 21.97500038146973 49.35372543334961
    vertex 100.9118118286133 22.20000076293945 49.38607406616211
  endloop
endfacet
facet normal -0.1317633837461472 0.9247035980224609 0.3571576774120331
  outer loop
    vertex 81.97140502929688 11.22500038146973 49.56139755249023
    vertex 81.40849304199219 11.22500038146973 49.35372543334961
    vertex 79.91715240478516 11.00000095367432 49.38607406616211
  endloop
endfacet
facet normal 0.3461192846298218 0 0.9381905198097229
  outer loop
    vertex 99.42047119140625 11.22500038146973 49.35372543334961
    vertex 98.85755920410156 21.97500038146973 49.56139755249023
    vertex 98.85755920410156 11.22500038146973 49.56139755249023
  endloop
endfacet
facet normal 0.1248283460736275 0.9327007532119751 0.3383595645427704
  outer loop
    vertex 98.38980102539062 11.00000095367432 50.35418319702148
    vertex 99.42047119140625 11.22500038146973 49.35372543334961
    vertex 98.85755920410156 11.22500038146973 49.56139755249023
  endloop
endfacet
facet normal 0.1326572149991989 0.9289636611938477 0.3455844521522522
  outer loop
    vertex 98.38980102539062 11.00000095367432 50.35418319702148
    vertex 100.9118118286133 11.00000095367432 49.38607406616211
    vertex 99.42047119140625 11.22500038146973 49.35372543334961
  endloop
endfacet
facet normal -0.3583675622940063 7.762172209202476e-17 0.9335805773735046
  outer loop
    vertex 82.43916320800781 23.20000076293945 50.35418319702148
    vertex 79.91715240478516 23.20000076293945 49.38607406616211
    vertex 82.43916320800781 22.20000076293945 50.35418319702148
  endloop
endfacet
facet normal -0.3583675622940063 2.328651596586294e-16 0.9335805773735046
  outer loop
    vertex 82.43916320800781 22.20000076293945 50.35418319702148
    vertex 79.91715240478516 23.20000076293945 49.38607406616211
    vertex 79.91715240478516 22.20000076293945 49.38607406616211
  endloop
endfacet
facet normal 0.3583674430847168 0 0.9335806369781494
  outer loop
    vertex 100.9118118286133 23.20000076293945 49.38607406616211
    vertex 98.38980102539062 23.20000076293945 50.35418319702148
    vertex 100.9118118286133 22.20000076293945 49.38607406616211
  endloop
endfacet
facet normal 0.3583674430847168 0 0.9335806369781494
  outer loop
    vertex 100.9118118286133 22.20000076293945 49.38607406616211
    vertex 98.38980102539062 23.20000076293945 50.35418319702148
    vertex 98.38980102539062 22.20000076293945 50.35418319702148
  endloop
endfacet
facet normal 0.1310830414295197 -0.9307020306587219 0.3414835333824158
  outer loop
    vertex 98.38980102539062 22.20000076293945 50.35418319702148
    vertex 98.85755920410156 21.97500038146973 49.56139755249023
    vertex 100.9118118286133 22.20000076293945 49.38607406616211
  endloop
endfacet
facet normal -0.3583675622940063 0 0.9335805773735046
  outer loop
    vertex 82.43916320800781 10 50.35418319702148
    vertex 79.91715240478516 11.00000095367432 49.38607406616211
    vertex 79.91715240478516 10 49.38607406616211
  endloop
endfacet
facet normal -0.3583675622940063 7.762158974312675e-17 0.9335805773735046
  outer loop
    vertex 82.43916320800781 11.00000095367432 50.35418319702148
    vertex 79.91715240478516 11.00000095367432 49.38607406616211
    vertex 82.43916320800781 10 50.35418319702148
  endloop
endfacet
facet normal -0.1310825943946838 0.9307025074958801 0.3414822816848755
  outer loop
    vertex 82.43916320800781 11.00000095367432 50.35418319702148
    vertex 81.97140502929688 11.22500038146973 49.56139755249023
    vertex 79.91715240478516 11.00000095367432 49.38607406616211
  endloop
endfacet
facet normal 0.3583674430847168 -7.762153680356755e-17 0.9335806369781494
  outer loop
    vertex 100.9118118286133 11.00000095367432 49.38607406616211
    vertex 98.38980102539062 11.00000095367432 50.35418319702148
    vertex 100.9118118286133 10 49.38607406616211
  endloop
endfacet
facet normal 0.3583674430847168 -1.552430736071351e-16 0.9335806369781494
  outer loop
    vertex 100.9118118286133 10 49.38607406616211
    vertex 98.38980102539062 11.00000095367432 50.35418319702148
    vertex 98.38980102539062 10 50.35418319702148
  endloop
endfacet
facet normal -0.9988431930541992 7.379809829899386e-08 -0.04808619990944862
  outer loop
    vertex 85.21131134033203 21.9081859588623 50.29232406616211
    vertex 85.25136566162109 21.60000038146973 49.46035766601562
    vertex 85.20262908935547 11.22500038146973 50.47269439697266
  endloop
endfacet
facet normal -0.9988429546356201 -3.659269509626029e-07 -0.04809069633483887
  outer loop
    vertex 85.25136566162109 21.60000038146973 49.46035766601562
    vertex 85.21131134033203 11.29181575775146 50.29232406616211
    vertex 85.20262908935547 11.22500038146973 50.47269439697266
  endloop
endfacet
facet normal -0.9988431334495544 -8.861849210006767e-08 -0.04808726906776428
  outer loop
    vertex 85.25136566162109 21.60000038146973 49.46035766601562
    vertex 85.25160217285156 11.60000038146973 49.45546340942383
    vertex 85.21131134033203 11.29181575775146 50.29232406616211
  endloop
endfacet
facet normal 0.998843252658844 -1.007473997560737e-07 -0.04808492958545685
  outer loop
    vertex 95.61765289306641 21.9081859588623 50.29232406616211
    vertex 95.57759857177734 11.60000038146973 49.46035766601562
    vertex 95.57736968994141 21.60000038146973 49.45546340942383
  endloop
endfacet
facet normal 0.9988431930541992 -7.379809829899386e-08 -0.04808619990944862
  outer loop
    vertex 95.62633514404297 21.97500038146973 50.47269439697266
    vertex 95.61765289306641 11.29181575775146 50.29232406616211
    vertex 95.57759857177734 11.60000038146973 49.46035766601562
  endloop
endfacet
facet normal 0.9988429546356201 3.659268088540557e-07 -0.04809069633483887
  outer loop
    vertex 95.62633514404297 21.97500038146973 50.47269439697266
    vertex 95.57759857177734 11.60000038146973 49.46035766601562
    vertex 95.61765289306641 21.9081859588623 50.29232406616211
  endloop
endfacet
facet normal -0.1516768485307693 5.580751217763435e-16 0.9884301424026489
  outer loop
    vertex 87.12281799316406 11.60000038146973 49.78763961791992
    vertex 86.13347625732422 21.60000038146973 49.63582229614258
    vertex 86.13347625732422 11.60000038146973 49.63582229614258
  endloop
endfacet
facet normal -0.156433179974556 -0.0004818262823391706 0.987688422203064
  outer loop
    vertex 87.12297058105469 21.60000038146973 49.79254150390625
    vertex 86.13347625732422 21.60000038146973 49.63582229614258
    vertex 87.12281799316406 11.60000038146973 49.78763961791992
  endloop
endfacet
facet normal 0.1516771167516708 -0.0004813492123503238 0.9884299635887146
  outer loop
    vertex 94.69548797607422 21.60000038146973 49.63582229614258
    vertex 93.70614624023438 21.60000038146973 49.78763961791992
    vertex 94.69383239746094 11.60000038146973 49.63120651245117
  endloop
endfacet
facet normal 0.1611858904361725 0.0004813808482140303 0.9869239330291748
  outer loop
    vertex 94.69383239746094 11.60000038146973 49.63120651245117
    vertex 93.70614624023438 21.60000038146973 49.78763961791992
    vertex 93.70599365234375 11.60000038146973 49.79254150390625
  endloop
endfacet
facet normal 0.9412129521369934 1.887139246250236e-16 0.3378137946128845
  outer loop
    vertex 86.13347625732422 21.60000038146973 49.63582229614258
    vertex 85.79109954833984 11.22500038146973 50.58974838256836
    vertex 86.13347625732422 11.60000038146973 49.63582229614258
  endloop
endfacet
facet normal 0.9412129521369934 -7.100013797981532e-18 0.3378137946128845
  outer loop
    vertex 85.79109954833984 21.97500038146973 50.58974838256836
    vertex 85.79109954833984 11.22500038146973 50.58974838256836
    vertex 86.13347625732422 21.60000038146973 49.63582229614258
  endloop
endfacet
facet normal -0.0551331453025341 -0.9358348250389099 0.3480998575687408
  outer loop
    vertex 85.79109954833984 21.97500038146973 50.58974838256836
    vertex 86.13347625732422 21.60000038146973 49.63582229614258
    vertex 87.12297058105469 21.60000038146973 49.79254150390625
  endloop
endfacet
facet normal -0.9412123560905457 -4.733339636855544e-18 0.3378154635429382
  outer loop
    vertex 95.03786468505859 21.97500038146973 50.58974838256836
    vertex 94.69548797607422 21.60000038146973 49.63582229614258
    vertex 95.03786468505859 11.22500038146973 50.58974838256836
  endloop
endfacet
facet normal -0.9412127137184143 -1.026910325663266e-07 0.3378144800662994
  outer loop
    vertex 94.69548797607422 21.60000038146973 49.63582229614258
    vertex 94.69383239746094 11.60000038146973 49.63120651245117
    vertex 95.03786468505859 11.22500038146973 50.58974838256836
  endloop
endfacet
facet normal 0.05318916589021683 -0.9364977478981018 0.3466163277626038
  outer loop
    vertex 93.67515563964844 21.97500038146973 50.80558013916016
    vertex 93.70614624023438 21.60000038146973 49.78763961791992
    vertex 94.69548797607422 21.60000038146973 49.63582229614258
  endloop
endfacet
facet normal 0.05513337999582291 -0.9358348846435547 0.3480996787548065
  outer loop
    vertex 93.67515563964844 21.97500038146973 50.80558013916016
    vertex 94.69548797607422 21.60000038146973 49.63582229614258
    vertex 95.03786468505859 21.97500038146973 50.58974838256836
  endloop
endfacet
facet normal -0.05318907648324966 0.936497688293457 0.3466164171695709
  outer loop
    vertex 87.15380859375 11.22500038146973 50.80558013916016
    vertex 87.12281799316406 11.60000038146973 49.78763961791992
    vertex 86.13347625732422 11.60000038146973 49.63582229614258
  endloop
endfacet
facet normal -0.05513349920511246 0.9358347654342651 0.348099946975708
  outer loop
    vertex 87.15380859375 11.22500038146973 50.80558013916016
    vertex 86.13347625732422 11.60000038146973 49.63582229614258
    vertex 85.79109954833984 11.22500038146973 50.58974838256836
  endloop
endfacet
facet normal 0.05652372166514397 0.9364975690841675 0.3460886776447296
  outer loop
    vertex 95.03786468505859 11.22500038146973 50.58974838256836
    vertex 94.69383239746094 11.60000038146973 49.63120651245117
    vertex 93.70599365234375 11.60000038146973 49.79254150390625
  endloop
endfacet
facet normal -0.99953693151474 0 0.03042888827621937
  outer loop
    vertex 87.15380859375 21.97500038146973 50.80558013916016
    vertex 87.12297058105469 21.60000038146973 49.79254150390625
    vertex 87.15380859375 11.22500038146973 50.80558013916016
  endloop
endfacet
facet normal -0.99953693151474 -4.523668906131206e-08 0.03042842447757721
  outer loop
    vertex 87.12297058105469 21.60000038146973 49.79254150390625
    vertex 87.12281799316406 11.60000038146973 49.78763961791992
    vertex 87.15380859375 11.22500038146973 50.80558013916016
  endloop
endfacet
facet normal -0.05513342097401619 -0.9358349442481995 0.3480994701385498
  outer loop
    vertex 87.15380859375 21.97500038146973 50.80558013916016
    vertex 85.79109954833984 21.97500038146973 50.58974838256836
    vertex 87.12297058105469 21.60000038146973 49.79254150390625
  endloop
endfacet
facet normal 0.9995368719100952 4.639470319034444e-08 0.03043078444898129
  outer loop
    vertex 93.70614624023438 21.60000038146973 49.78763961791992
    vertex 93.67515563964844 11.22500038146973 50.80558013916016
    vertex 93.70599365234375 11.60000038146973 49.79254150390625
  endloop
endfacet
facet normal 0.9995368719100952 -5.517895942636444e-19 0.03043031319975853
  outer loop
    vertex 93.67515563964844 21.97500038146973 50.80558013916016
    vertex 93.67515563964844 11.22500038146973 50.80558013916016
    vertex 93.70614624023438 21.60000038146973 49.78763961791992
  endloop
endfacet
facet normal 0.0551333874464035 0.9358348846435547 0.3480997383594513
  outer loop
    vertex 93.67515563964844 11.22500038146973 50.80558013916016
    vertex 95.03786468505859 11.22500038146973 50.58974838256836
    vertex 93.70599365234375 11.60000038146973 49.79254150390625
  endloop
endfacet
facet normal -0.07365844398736954 6.450871106786335e-16 0.9972835183143616
  outer loop
    vertex 89.01433563232422 11.60000038146973 49.97198104858398
    vertex 88.01612854003906 21.60000038146973 49.89825439453125
    vertex 88.01612854003906 11.60000038146973 49.89825439453125
  endloop
endfacet
facet normal -0.07845829427242279 -0.000481825292808935 0.9969173073768616
  outer loop
    vertex 89.01486968994141 21.60000038146973 49.97685623168945
    vertex 88.01612854003906 21.60000038146973 49.89825439453125
    vertex 89.01433563232422 11.60000038146973 49.97198104858398
  endloop
endfacet
facet normal 0.07365842908620834 -0.000481234717881307 0.997283399105072
  outer loop
    vertex 92.81283569335938 21.60000038146973 49.89825439453125
    vertex 91.81462860107422 21.60000038146973 49.97198104858398
    vertex 92.81154632568359 11.60000038146973 49.89352416992188
  endloop
endfacet
facet normal 0.08325506001710892 0.0004813952837139368 0.996528148651123
  outer loop
    vertex 92.81154632568359 11.60000038146973 49.89352416992188
    vertex 91.81462860107422 21.60000038146973 49.97198104858398
    vertex 91.81409454345703 11.60000038146973 49.97685623168945
  endloop
endfacet
facet normal 0.9648162126541138 -9.421595117912866e-16 0.2629251778125763
  outer loop
    vertex 87.79712677001953 21.9081859588623 50.70187759399414
    vertex 88.01612854003906 11.60000038146973 49.89825439453125
    vertex 88.01612854003906 21.60000038146973 49.89825439453125
  endloop
endfacet
facet normal -0.02765173092484474 -0.9358349442481995 0.3513521254062653
  outer loop
    vertex 87.79712677001953 21.9081859588623 50.70187759399414
    vertex 88.01612854003906 21.60000038146973 49.89825439453125
    vertex 89.01486968994141 21.60000038146973 49.97685623168945
  endloop
endfacet
facet normal -0.9648162126541138 3.077162702425085e-08 0.2629251778125763
  outer loop
    vertex 93.03183746337891 21.9081859588623 50.70187759399414
    vertex 92.81283569335938 21.60000038146973 49.89825439453125
    vertex 92.81154632568359 11.60000038146973 49.89352416992188
  endloop
endfacet
facet normal 0.02598111890256405 -0.9357272982597351 0.3517661094665527
  outer loop
    vertex 93.03183746337891 21.9081859588623 50.70187759399414
    vertex 91.81462860107422 21.60000038146973 49.97198104858398
    vertex 92.81283569335938 21.60000038146973 49.89825439453125
  endloop
endfacet
facet normal 0.9648162126541138 9.438203818490365e-08 0.2629252076148987
  outer loop
    vertex 87.74964904785156 21.97500038146973 50.87610244750977
    vertex 87.79712677001953 11.29181575775146 50.70187759399414
    vertex 88.01612854003906 11.60000038146973 49.89825439453125
  endloop
endfacet
facet normal 0.9648147225379944 -4.679931748796662e-07 0.2629307806491852
  outer loop
    vertex 87.74964904785156 21.97500038146973 50.87610244750977
    vertex 88.01612854003906 11.60000038146973 49.89825439453125
    vertex 87.79712677001953 21.9081859588623 50.70187759399414
  endloop
endfacet
facet normal -0.02598108351230621 0.9357274770736694 0.3517656326293945
  outer loop
    vertex 87.79712677001953 11.29181575775146 50.70187759399414
    vertex 89.01433563232422 11.60000038146973 49.97198104858398
    vertex 88.01612854003906 11.60000038146973 49.89825439453125
  endloop
endfacet
facet normal -0.9648160934448242 8.821684360782456e-08 0.2629255652427673
  outer loop
    vertex 93.07931518554688 21.97500038146973 50.87610244750977
    vertex 92.81154632568359 11.60000038146973 49.89352416992188
    vertex 93.03183746337891 11.29181575775146 50.70187759399414
  endloop
endfacet
facet normal -0.9648147225379944 -4.400616546718084e-07 0.2629307508468628
  outer loop
    vertex 93.07931518554688 21.97500038146973 50.87610244750977
    vertex 93.03183746337891 21.9081859588623 50.70187759399414
    vertex 92.81154632568359 11.60000038146973 49.89352416992188
  endloop
endfacet
facet normal 0.02916865050792694 0.9366177916526794 0.3491365313529968
  outer loop
    vertex 93.03183746337891 11.29181575775146 50.70187759399414
    vertex 92.81154632568359 11.60000038146973 49.89352416992188
    vertex 91.81409454345703 11.60000038146973 49.97685623168945
  endloop
endfacet
facet normal -0.9940682053565979 1.041986473910824e-15 0.1087584942579269
  outer loop
    vertex 89.12509918212891 21.97500038146973 50.98435211181641
    vertex 89.01486968994141 21.60000038146973 49.97685623168945
    vertex 89.12509918212891 11.22500038146973 50.98435211181641
  endloop
endfacet
facet normal -0.9940681457519531 6.687535147875678e-08 0.1087591797113419
  outer loop
    vertex 89.01486968994141 21.60000038146973 49.97685623168945
    vertex 89.01433563232422 11.60000038146973 49.97198104858398
    vertex 89.12509918212891 11.22500038146973 50.98435211181641
  endloop
endfacet
facet normal -0.0276517029851675 -0.9358349442481995 0.3513521552085876
  outer loop
    vertex 89.12509918212891 21.97500038146973 50.98435211181641
    vertex 87.79712677001953 21.9081859588623 50.70187759399414
    vertex 89.01486968994141 21.60000038146973 49.97685623168945
  endloop
endfacet
facet normal 0.9940682053565979 1.224145762535045e-07 0.1087585389614105
  outer loop
    vertex 91.81462860107422 21.60000038146973 49.97198104858398
    vertex 91.70387268066406 11.22500038146973 50.98435211181641
    vertex 91.81409454345703 11.60000038146973 49.97685623168945
  endloop
endfacet
facet normal 0.9940683245658875 -1.109650694223428e-18 0.1087573021650314
  outer loop
    vertex 91.70387268066406 21.97500038146973 50.98435211181641
    vertex 91.70387268066406 11.22500038146973 50.98435211181641
    vertex 91.81462860107422 21.60000038146973 49.97198104858398
  endloop
endfacet
facet normal 0.02730314247310162 -0.9364081621170044 0.3498489260673523
  outer loop
    vertex 91.70387268066406 21.97500038146973 50.98435211181641
    vertex 91.81462860107422 21.60000038146973 49.97198104858398
    vertex 93.03183746337891 21.9081859588623 50.70187759399414
  endloop
endfacet
facet normal -0.02730264328420162 0.9364081025123596 0.349849134683609
  outer loop
    vertex 89.12509918212891 11.22500038146973 50.98435211181641
    vertex 89.01433563232422 11.60000038146973 49.97198104858398
    vertex 87.79712677001953 11.29181575775146 50.70187759399414
  endloop
endfacet
facet normal 0.02765127457678318 0.9358348846435547 0.351352334022522
  outer loop
    vertex 91.70387268066406 11.22500038146973 50.98435211181641
    vertex 93.03183746337891 11.29181575775146 50.70187759399414
    vertex 91.81409454345703 11.60000038146973 49.97685623168945
  endloop
endfacet
facet normal -0.2714412808418274 1.650961822981192e-18 0.9624549746513367
  outer loop
    vertex 83.86104583740234 11.22500038146973 50.15061187744141
    vertex 83.28357696533203 21.97500038146973 49.98774719238281
    vertex 83.28357696533203 11.22500038146973 49.98774719238281
  endloop
endfacet
facet normal -0.2714412808418274 0 0.9624549746513367
  outer loop
    vertex 83.86104583740234 21.97500038146973 50.15061187744141
    vertex 83.28357696533203 21.97500038146973 49.98774719238281
    vertex 83.86104583740234 11.22500038146973 50.15061187744141
  endloop
endfacet
facet normal -0.09467028826475143 -0.9307020306587219 0.3533146381378174
  outer loop
    vertex 85.04855346679688 22.20000076293945 51.05336761474609
    vertex 82.43916320800781 22.20000076293945 50.35418319702148
    vertex 83.28357696533203 21.97500038146973 49.98774719238281
  endloop
endfacet
facet normal -0.103335976600647 -0.9247012138366699 0.3664005100727081
  outer loop
    vertex 85.04855346679688 22.20000076293945 51.05336761474609
    vertex 83.28357696533203 21.97500038146973 49.98774719238281
    vertex 83.86104583740234 21.97500038146973 50.15061187744141
  endloop
endfacet
facet normal 0.2714396417140961 -2.856127600203516e-16 0.9624554514884949
  outer loop
    vertex 97.54538726806641 21.97500038146973 49.98774719238281
    vertex 96.96791076660156 21.97500038146973 50.15061187744141
    vertex 97.54538726806641 11.22500038146973 49.98774719238281
  endloop
endfacet
facet normal 0.09789519011974335 -0.932700514793396 0.347111314535141
  outer loop
    vertex 98.38980102539062 22.20000076293945 50.35418319702148
    vertex 96.96791076660156 21.97500038146973 50.15061187744141
    vertex 97.54538726806641 21.97500038146973 49.98774719238281
  endloop
endfacet
facet normal -0.09789519011974335 0.9327014088630676 0.3471089899539948
  outer loop
    vertex 82.43916320800781 11.00000095367432 50.35418319702148
    vertex 83.86104583740234 11.22500038146973 50.15061187744141
    vertex 83.28357696533203 11.22500038146973 49.98774719238281
  endloop
endfacet
facet normal 0.2714396417140961 1.650940833273149e-18 0.9624554514884949
  outer loop
    vertex 97.54538726806641 11.22500038146973 49.98774719238281
    vertex 96.96791076660156 21.97500038146973 50.15061187744141
    vertex 96.96791076660156 11.22500038146973 50.15061187744141
  endloop
endfacet
facet normal 0.09467021375894547 0.930702269077301 0.3533141016960144
  outer loop
    vertex 95.78041076660156 11.00000095367432 51.05336761474609
    vertex 98.38980102539062 11.00000095367432 50.35418319702148
    vertex 97.54538726806641 11.22500038146973 49.98774719238281
  endloop
endfacet
facet normal 0.1033345907926559 0.9247023463249207 0.36639803647995
  outer loop
    vertex 95.78041076660156 11.00000095367432 51.05336761474609
    vertex 97.54538726806641 11.22500038146973 49.98774719238281
    vertex 96.96791076660156 11.22500038146973 50.15061187744141
  endloop
endfacet
facet normal 0.004813509061932564 5.639151492498658e-16 0.9999884366989136
  outer loop
    vertex 90.91448211669922 11.60000038146973 50.00735092163086
    vertex 89.91356658935547 21.60000038146973 50.01216888427734
    vertex 89.91356658935547 11.60000038146973 50.01216888427734
  endloop
endfacet
facet normal 0.004813509061932564 5.639563891664853e-16 0.9999884366989136
  outer loop
    vertex 90.91448211669922 21.60000038146973 50.00735092163086
    vertex 89.91356658935547 21.60000038146973 50.01216888427734
    vertex 90.91448211669922 11.60000038146973 50.00735092163086
  endloop
endfacet
facet normal 0.9824703931808472 1.074258270382535e-16 0.1864185929298401
  outer loop
    vertex 89.91356658935547 21.60000038146973 50.01216888427734
    vertex 89.72463226318359 11.22500038146973 51.00790786743164
    vertex 89.91356658935547 11.60000038146973 50.01216888427734
  endloop
endfacet
facet normal 0.9824703931808472 0 0.1864185929298401
  outer loop
    vertex 89.72463226318359 21.97500038146973 51.00790786743164
    vertex 89.72463226318359 11.22500038146973 51.00790786743164
    vertex 89.91356658935547 21.60000038146973 50.01216888427734
  endloop
endfacet
facet normal -0.003638588124886155 -0.9360558986663818 0.3518324494361877
  outer loop
    vertex 89.72463226318359 21.97500038146973 51.00790786743164
    vertex 89.91356658935547 21.60000038146973 50.01216888427734
    vertex 90.41448211669922 21.60000038146973 50.01734924316406
  endloop
endfacet
facet normal -0.9824708700180054 0 0.1864162534475327
  outer loop
    vertex 91.10433197021484 21.97500038146973 51.00790786743164
    vertex 90.91448211669922 21.60000038146973 50.00735092163086
    vertex 91.10433197021484 11.22500038146973 51.00790786743164
  endloop
endfacet
facet normal -0.9824708700180054 1.063937968013629e-16 0.1864162534475327
  outer loop
    vertex 90.91448211669922 21.60000038146973 50.00735092163086
    vertex 90.91448211669922 11.60000038146973 50.00735092163086
    vertex 91.10433197021484 11.22500038146973 51.00790786743164
  endloop
endfacet
facet normal 0.007021107245236635 -0.9363062977790833 0.3511143028736115
  outer loop
    vertex 90.41448211669922 22.20000076293945 51.61735153198242
    vertex 90.41448211669922 21.60000038146973 50.01734924316406
    vertex 90.91448211669922 21.60000038146973 50.00735092163086
  endloop
endfacet
facet normal 0.003969714511185884 -0.9366334080696106 0.3502885699272156
  outer loop
    vertex 90.41448211669922 22.20000076293945 51.61735153198242
    vertex 90.91448211669922 21.60000038146973 50.00735092163086
    vertex 91.10433197021484 21.97500038146973 51.00790786743164
  endloop
endfacet
facet normal -0.003631224157288671 0.9363232851028442 0.3511203825473785
  outer loop
    vertex 90.41448211669922 11.00000095367432 51.61735153198242
    vertex 90.41448211669922 11.60000038146973 50.01734924316406
    vertex 89.91356658935547 11.60000038146973 50.01216888427734
  endloop
endfacet
facet normal -0.00525312777608633 0.9361499547958374 0.3515617251396179
  outer loop
    vertex 90.41448211669922 11.00000095367432 51.61735153198242
    vertex 89.91356658935547 11.60000038146973 50.01216888427734
    vertex 89.72463226318359 11.22500038146973 51.00790786743164
  endloop
endfacet
facet normal 0.00699441647157073 0.9368059039115906 0.3497795462608337
  outer loop
    vertex 91.10433197021484 11.22500038146973 51.00790786743164
    vertex 90.91448211669922 11.60000038146973 50.00735092163086
    vertex 90.41448211669922 11.60000038146973 50.01734924316406
  endloop
endfacet
facet normal -0.004805944859981537 -0.936318576335907 0.3511188924312592
  outer loop
    vertex 90.41448211669922 22.20000076293945 51.61735153198242
    vertex 89.72463226318359 21.97500038146973 51.00790786743164
    vertex 90.41448211669922 21.60000038146973 50.01734924316406
  endloop
endfacet
facet normal 0.00480668293312192 0.9363186359405518 0.3511186540126801
  outer loop
    vertex 90.41448211669922 11.00000095367432 51.61735153198242
    vertex 91.10433197021484 11.22500038146973 51.00790786743164
    vertex 90.41448211669922 11.60000038146973 50.01734924316406
  endloop
endfacet
facet normal -0.08216606080532074 -0.9363034963607788 0.3414447903633118
  outer loop
    vertex 85.04855346679688 22.20000076293945 51.05336761474609
    vertex 83.86104583740234 21.97500038146973 50.15061187744141
    vertex 85.21131134033203 21.9081859588623 50.29232406616211
  endloop
endfacet
facet normal 0.09580782800912857 -0.9289628267288208 0.3575597405433655
  outer loop
    vertex 95.78041076660156 22.20000076293945 51.05336761474609
    vertex 96.96791076660156 21.97500038146973 50.15061187744141
    vertex 98.38980102539062 22.20000076293945 50.35418319702148
  endloop
endfacet
facet normal 0.08216618001461029 -0.9363034963607788 0.3414447605609894
  outer loop
    vertex 95.78041076660156 22.20000076293945 51.05336761474609
    vertex 95.61765289306641 21.9081859588623 50.29232406616211
    vertex 96.96791076660156 21.97500038146973 50.15061187744141
  endloop
endfacet
facet normal -0.09580753743648529 0.9289631247520447 0.3575589060783386
  outer loop
    vertex 85.04855346679688 11.00000095367432 51.05336761474609
    vertex 83.86104583740234 11.22500038146973 50.15061187744141
    vertex 82.43916320800781 11.00000095367432 50.35418319702148
  endloop
endfacet
facet normal -0.08216654509305954 0.9363034963607788 0.3414446711540222
  outer loop
    vertex 85.04855346679688 11.00000095367432 51.05336761474609
    vertex 85.21131134033203 11.29181575775146 50.29232406616211
    vertex 83.86104583740234 11.22500038146973 50.15061187744141
  endloop
endfacet
facet normal 0.08216666430234909 0.9363034963607788 0.3414446711540222
  outer loop
    vertex 95.78041076660156 11.00000095367432 51.05336761474609
    vertex 96.96791076660156 11.22500038146973 50.15061187744141
    vertex 95.61765289306641 11.29181575775146 50.29232406616211
  endloop
endfacet
facet normal -0.9988429546356201 0 -0.04809056222438812
  outer loop
    vertex 85.20262908935547 21.97500038146973 50.47269439697266
    vertex 85.21131134033203 21.9081859588623 50.29232406616211
    vertex 85.20262908935547 11.22500038146973 50.47269439697266
  endloop
endfacet
facet normal -0.07351215183734894 -0.9363409280776978 0.3433098495006561
  outer loop
    vertex 85.04855346679688 22.20000076293945 51.05336761474609
    vertex 85.21131134033203 21.9081859588623 50.29232406616211
    vertex 85.20262908935547 21.97500038146973 50.47269439697266
  endloop
endfacet
facet normal 0.07351215183734894 -0.9363409280776978 0.3433098495006561
  outer loop
    vertex 95.78041076660156 22.20000076293945 51.05336761474609
    vertex 95.62633514404297 21.97500038146973 50.47269439697266
    vertex 95.61765289306641 21.9081859588623 50.29232406616211
  endloop
endfacet
facet normal -0.07348974049091339 0.9363409280776978 0.3433146476745605
  outer loop
    vertex 85.04855346679688 11.00000095367432 51.05336761474609
    vertex 85.20262908935547 11.22500038146973 50.47269439697266
    vertex 85.21131134033203 11.29181575775146 50.29232406616211
  endloop
endfacet
facet normal 0.9988429546356201 0 -0.04809056222438812
  outer loop
    vertex 95.62633514404297 21.97500038146973 50.47269439697266
    vertex 95.62633514404297 11.22500038146973 50.47269439697266
    vertex 95.61765289306641 11.29181575775146 50.29232406616211
  endloop
endfacet
facet normal 0.07348974049091339 0.9363409280776978 0.3433146476745605
  outer loop
    vertex 95.78041076660156 11.00000095367432 51.05336761474609
    vertex 95.61765289306641 11.29181575775146 50.29232406616211
    vertex 95.62633514404297 11.22500038146973 50.47269439697266
  endloop
endfacet
facet normal -0.2588188350200653 0 0.9659258723258972
  outer loop
    vertex 85.04855346679688 23.20000076293945 51.05336761474609
    vertex 82.43916320800781 23.20000076293945 50.35418319702148
    vertex 85.04855346679688 22.20000076293945 51.05336761474609
  endloop
endfacet
facet normal -0.2588188350200653 -7.502236988280342e-17 0.9659258723258972
  outer loop
    vertex 85.04855346679688 22.20000076293945 51.05336761474609
    vertex 82.43916320800781 23.20000076293945 50.35418319702148
    vertex 82.43916320800781 22.20000076293945 50.35418319702148
  endloop
endfacet
facet normal 0.2588190138339996 0 0.9659258127212524
  outer loop
    vertex 98.38980102539062 23.20000076293945 50.35418319702148
    vertex 95.78041076660156 23.20000076293945 51.05336761474609
    vertex 98.38980102539062 22.20000076293945 50.35418319702148
  endloop
endfacet
facet normal 0.2588190138339996 -7.502247576192183e-17 0.9659258127212524
  outer loop
    vertex 98.38980102539062 22.20000076293945 50.35418319702148
    vertex 95.78041076660156 23.20000076293945 51.05336761474609
    vertex 95.78041076660156 22.20000076293945 51.05336761474609
  endloop
endfacet
facet normal -0.2588188350200653 -7.502224415135032e-17 0.9659258723258972
  outer loop
    vertex 85.04855346679688 10 51.05336761474609
    vertex 82.43916320800781 11.00000095367432 50.35418319702148
    vertex 82.43916320800781 10 50.35418319702148
  endloop
endfacet
facet normal -0.2588188350200653 0 0.9659258723258972
  outer loop
    vertex 85.04855346679688 11.00000095367432 51.05336761474609
    vertex 82.43916320800781 11.00000095367432 50.35418319702148
    vertex 85.04855346679688 10 51.05336761474609
  endloop
endfacet
facet normal 0.2588190138339996 0 0.9659258127212524
  outer loop
    vertex 98.38980102539062 11.00000095367432 50.35418319702148
    vertex 95.78041076660156 11.00000095367432 51.05336761474609
    vertex 98.38980102539062 10 50.35418319702148
  endloop
endfacet
facet normal 0.2588190138339996 -1.500447000609374e-16 0.9659258127212524
  outer loop
    vertex 98.38980102539062 10 50.35418319702148
    vertex 95.78041076660156 11.00000095367432 51.05336761474609
    vertex 95.78041076660156 10 51.05336761474609
  endloop
endfacet
facet normal -0.1950896084308624 2.430147451839938e-18 0.9807854294776917
  outer loop
    vertex 85.79109954833984 11.22500038146973 50.58974838256836
    vertex 85.20262908935547 21.97500038146973 50.47269439697266
    vertex 85.20262908935547 11.22500038146973 50.47269439697266
  endloop
endfacet
facet normal -0.1950896084308624 8.100491333803833e-19 0.9807854294776917
  outer loop
    vertex 85.79109954833984 21.97500038146973 50.58974838256836
    vertex 85.20262908935547 21.97500038146973 50.47269439697266
    vertex 85.79109954833984 11.22500038146973 50.58974838256836
  endloop
endfacet
facet normal -0.06854330748319626 -0.936246931552887 0.3445917963981628
  outer loop
    vertex 85.04855346679688 22.20000076293945 51.05336761474609
    vertex 85.20262908935547 21.97500038146973 50.47269439697266
    vertex 85.79109954833984 21.97500038146973 50.58974838256836
  endloop
endfacet
facet normal 0.1950902193784714 0 0.9807853102684021
  outer loop
    vertex 95.62633514404297 21.97500038146973 50.47269439697266
    vertex 95.03786468505859 21.97500038146973 50.58974838256836
    vertex 95.62633514404297 11.22500038146973 50.47269439697266
  endloop
endfacet
facet normal 0.06854352355003357 -0.936246931552887 0.3445917367935181
  outer loop
    vertex 95.78041076660156 22.20000076293945 51.05336761474609
    vertex 95.03786468505859 21.97500038146973 50.58974838256836
    vertex 95.62633514404297 21.97500038146973 50.47269439697266
  endloop
endfacet
facet normal -0.06854312121868134 0.9362472891807556 0.3445908427238464
  outer loop
    vertex 85.04855346679688 11.00000095367432 51.05336761474609
    vertex 85.79109954833984 11.22500038146973 50.58974838256836
    vertex 85.20262908935547 11.22500038146973 50.47269439697266
  endloop
endfacet
facet normal 0.1950902193784714 -1.620108606518424e-18 0.9807853102684021
  outer loop
    vertex 95.62633514404297 11.22500038146973 50.47269439697266
    vertex 95.03786468505859 21.97500038146973 50.58974838256836
    vertex 95.03786468505859 11.22500038146973 50.58974838256836
  endloop
endfacet
facet normal 0.06854332983493805 0.9362472891807556 0.3445907831192017
  outer loop
    vertex 95.78041076660156 11.00000095367432 51.05336761474609
    vertex 95.62633514404297 11.22500038146973 50.47269439697266
    vertex 95.03786468505859 11.22500038146973 50.58974838256836
  endloop
endfacet
facet normal -0.05708456411957741 -0.9310423135757446 0.3604185283184052
  outer loop
    vertex 85.04855346679688 22.20000076293945 51.05336761474609
    vertex 85.79109954833984 21.97500038146973 50.58974838256836
    vertex 87.15380859375 21.97500038146973 50.80558013916016
  endloop
endfacet
facet normal 0.05708432197570801 -0.9310427308082581 0.3604174852371216
  outer loop
    vertex 93.11222076416016 22.20000076293945 51.47596740722656
    vertex 93.67515563964844 21.97500038146973 50.80558013916016
    vertex 95.03786468505859 21.97500038146973 50.58974838256836
  endloop
endfacet
facet normal 0.05708479136228561 -0.9310423731803894 0.3604184091091156
  outer loop
    vertex 93.11222076416016 22.20000076293945 51.47596740722656
    vertex 95.03786468505859 21.97500038146973 50.58974838256836
    vertex 95.78041076660156 22.20000076293945 51.05336761474609
  endloop
endfacet
facet normal -0.05708440765738487 0.9310427308082581 0.360417515039444
  outer loop
    vertex 85.04855346679688 11.00000095367432 51.05336761474609
    vertex 87.15380859375 11.22500038146973 50.80558013916016
    vertex 85.79109954833984 11.22500038146973 50.58974838256836
  endloop
endfacet
facet normal 0.05708463490009308 0.9310427904129028 0.3604174256324768
  outer loop
    vertex 93.11222076416016 11.00000095367432 51.47596740722656
    vertex 95.78041076660156 11.00000095367432 51.05336761474609
    vertex 95.03786468505859 11.22500038146973 50.58974838256836
  endloop
endfacet
facet normal 0.05708416551351547 0.9310431480407715 0.3604165017604828
  outer loop
    vertex 93.11222076416016 11.00000095367432 51.47596740722656
    vertex 95.03786468505859 11.22500038146973 50.58974838256836
    vertex 93.67515563964844 11.22500038146973 50.80558013916016
  endloop
endfacet
facet normal -0.02736683189868927 -0.9363035559654236 0.350123792886734
  outer loop
    vertex 87.71674346923828 22.20000076293945 51.47596740722656
    vertex 87.79712677001953 21.9081859588623 50.70187759399414
    vertex 89.12509918212891 21.97500038146973 50.98435211181641
  endloop
endfacet
facet normal -0.03618781641125679 -0.9363410472869873 0.3492218554019928
  outer loop
    vertex 87.71674346923828 22.20000076293945 51.47596740722656
    vertex 87.74964904785156 21.97500038146973 50.87610244750977
    vertex 87.79712677001953 21.9081859588623 50.70187759399414
  endloop
endfacet
facet normal 0.03618781641125679 -0.9363410472869873 0.3492218554019928
  outer loop
    vertex 93.11222076416016 22.20000076293945 51.47596740722656
    vertex 93.03183746337891 21.9081859588623 50.70187759399414
    vertex 93.07931518554688 21.97500038146973 50.87610244750977
  endloop
endfacet
facet normal 0.02736686915159225 -0.9363035559654236 0.350123792886734
  outer loop
    vertex 93.11222076416016 22.20000076293945 51.47596740722656
    vertex 91.70387268066406 21.97500038146973 50.98435211181641
    vertex 93.03183746337891 21.9081859588623 50.70187759399414
  endloop
endfacet
facet normal 0.9648147225379944 -5.681895355820622e-19 0.2629306018352509
  outer loop
    vertex 87.74964904785156 21.97500038146973 50.87610244750977
    vertex 87.74964904785156 11.22500038146973 50.87610244750977
    vertex 87.79712677001953 11.29181575775146 50.70187759399414
  endloop
endfacet
facet normal -0.03621060773730278 0.9363410472869873 0.3492194712162018
  outer loop
    vertex 87.71674346923828 11.00000095367432 51.47596740722656
    vertex 87.79712677001953 11.29181575775146 50.70187759399414
    vertex 87.74964904785156 11.22500038146973 50.87610244750977
  endloop
endfacet
facet normal -0.02736633829772472 0.9363035559654236 0.3501238226890564
  outer loop
    vertex 87.71674346923828 11.00000095367432 51.47596740722656
    vertex 89.12509918212891 11.22500038146973 50.98435211181641
    vertex 87.79712677001953 11.29181575775146 50.70187759399414
  endloop
endfacet
facet normal -0.9648147225379944 -5.681895355820622e-19 0.2629306018352509
  outer loop
    vertex 93.07931518554688 21.97500038146973 50.87610244750977
    vertex 93.03183746337891 11.29181575775146 50.70187759399414
    vertex 93.07931518554688 11.22500038146973 50.87610244750977
  endloop
endfacet
facet normal 0.02736637555062771 0.9363035559654236 0.3501238226890564
  outer loop
    vertex 93.11222076416016 11.00000095367432 51.47596740722656
    vertex 93.03183746337891 11.29181575775146 50.70187759399414
    vertex 91.70387268066406 11.22500038146973 50.98435211181641
  endloop
endfacet
facet normal 0.03621060773730278 0.9363410472869873 0.3492194712162018
  outer loop
    vertex 93.11222076416016 11.00000095367432 51.47596740722656
    vertex 93.07931518554688 11.22500038146973 50.87610244750977
    vertex 93.03183746337891 11.29181575775146 50.70187759399414
  endloop
endfacet
facet normal -0.1175373047590256 0 0.9930684566497803
  outer loop
    vertex 87.74964904785156 11.22500038146973 50.87610244750977
    vertex 87.15380859375 21.97500038146973 50.80558013916016
    vertex 87.15380859375 11.22500038146973 50.80558013916016
  endloop
endfacet
facet normal -0.1175373047590256 8.000345094029921e-19 0.9930684566497803
  outer loop
    vertex 87.74964904785156 21.97500038146973 50.87610244750977
    vertex 87.15380859375 21.97500038146973 50.80558013916016
    vertex 87.74964904785156 11.22500038146973 50.87610244750977
  endloop
endfacet
facet normal -0.05708468705415726 -0.9310426115989685 0.3604177534580231
  outer loop
    vertex 87.71674346923828 22.20000076293945 51.47596740722656
    vertex 85.04855346679688 22.20000076293945 51.05336761474609
    vertex 87.15380859375 21.97500038146973 50.80558013916016
  endloop
endfacet
facet normal -0.04129576683044434 -0.9362472891807556 0.3489064574241638
  outer loop
    vertex 87.71674346923828 22.20000076293945 51.47596740722656
    vertex 87.15380859375 21.97500038146973 50.80558013916016
    vertex 87.74964904785156 21.97500038146973 50.87610244750977
  endloop
endfacet
facet normal 0.1175373047590256 0 0.9930684566497803
  outer loop
    vertex 93.67515563964844 21.97500038146973 50.80558013916016
    vertex 93.07931518554688 21.97500038146973 50.87610244750977
    vertex 93.67515563964844 11.22500038146973 50.80558013916016
  endloop
endfacet
facet normal 0.04129576683044434 -0.9362472891807556 0.3489064574241638
  outer loop
    vertex 93.11222076416016 22.20000076293945 51.47596740722656
    vertex 93.07931518554688 21.97500038146973 50.87610244750977
    vertex 93.67515563964844 21.97500038146973 50.80558013916016
  endloop
endfacet
facet normal -0.04129565134644508 0.9362476468086243 0.348905473947525
  outer loop
    vertex 87.71674346923828 11.00000095367432 51.47596740722656
    vertex 87.74964904785156 11.22500038146973 50.87610244750977
    vertex 87.15380859375 11.22500038146973 50.80558013916016
  endloop
endfacet
facet normal -0.05708453059196472 0.9310430288314819 0.3604167401790619
  outer loop
    vertex 87.71674346923828 11.00000095367432 51.47596740722656
    vertex 87.15380859375 11.22500038146973 50.80558013916016
    vertex 85.04855346679688 11.00000095367432 51.05336761474609
  endloop
endfacet
facet normal 0.1175373047590256 8.000345094029921e-19 0.9930684566497803
  outer loop
    vertex 93.67515563964844 11.22500038146973 50.80558013916016
    vertex 93.07931518554688 21.97500038146973 50.87610244750977
    vertex 93.07931518554688 11.22500038146973 50.87610244750977
  endloop
endfacet
facet normal 0.04129565134644508 0.9362476468086243 0.348905473947525
  outer loop
    vertex 93.11222076416016 11.00000095367432 51.47596740722656
    vertex 93.67515563964844 11.22500038146973 50.80558013916016
    vertex 93.07931518554688 11.22500038146973 50.87610244750977
  endloop
endfacet
facet normal -0.03925962746143341 4.13452928120381e-17 0.9992290139198303
  outer loop
    vertex 89.72463226318359 11.22500038146973 51.00790786743164
    vertex 89.12509918212891 21.97500038146973 50.98435211181641
    vertex 89.12509918212891 11.22500038146973 50.98435211181641
  endloop
endfacet
facet normal -0.03925962746143341 0 0.9992290139198303
  outer loop
    vertex 89.72463226318359 21.97500038146973 51.00790786743164
    vertex 89.12509918212891 21.97500038146973 50.98435211181641
    vertex 89.72463226318359 11.22500038146973 51.00790786743164
  endloop
endfacet
facet normal -0.01415893062949181 -0.9327017664909363 0.3603705763816833
  outer loop
    vertex 90.41448211669922 22.20000076293945 51.61735153198242
    vertex 89.12509918212891 21.97500038146973 50.98435211181641
    vertex 89.72463226318359 21.97500038146973 51.00790786743164
  endloop
endfacet
facet normal -0.01937344297766685 -0.9289636611938477 0.3696635663509369
  outer loop
    vertex 90.41448211669922 22.20000076293945 51.61735153198242
    vertex 87.71674346923828 22.20000076293945 51.47596740722656
    vertex 89.12509918212891 21.97500038146973 50.98435211181641
  endloop
endfacet
facet normal 0.03925950452685356 0 0.9992290735244751
  outer loop
    vertex 91.70387268066406 21.97500038146973 50.98435211181641
    vertex 91.10433197021484 21.97500038146973 51.00790786743164
    vertex 91.70387268066406 11.22500038146973 50.98435211181641
  endloop
endfacet
facet normal 0.01494574081152678 -0.9247022867202759 0.3803975582122803
  outer loop
    vertex 93.11222076416016 22.20000076293945 51.47596740722656
    vertex 91.10433197021484 21.97500038146973 51.00790786743164
    vertex 91.70387268066406 21.97500038146973 50.98435211181641
  endloop
endfacet
facet normal -0.01494574267417192 0.9247027635574341 0.3803963661193848
  outer loop
    vertex 87.71674346923828 11.00000095367432 51.47596740722656
    vertex 89.72463226318359 11.22500038146973 51.00790786743164
    vertex 89.12509918212891 11.22500038146973 50.98435211181641
  endloop
endfacet
facet normal 0.03925950452685356 1.987741766087863e-19 0.9992290735244751
  outer loop
    vertex 91.70387268066406 11.22500038146973 50.98435211181641
    vertex 91.10433197021484 21.97500038146973 51.00790786743164
    vertex 91.10433197021484 11.22500038146973 51.00790786743164
  endloop
endfacet
facet normal 0.01415884308516979 0.9327021837234497 0.3603695034980774
  outer loop
    vertex 90.41448211669922 11.00000095367432 51.61735153198242
    vertex 91.70387268066406 11.22500038146973 50.98435211181641
    vertex 91.10433197021484 11.22500038146973 51.00790786743164
  endloop
endfacet
facet normal 0.01937340572476387 0.9289640784263611 0.3696625828742981
  outer loop
    vertex 90.41448211669922 11.00000095367432 51.61735153198242
    vertex 93.11222076416016 11.00000095367432 51.47596740722656
    vertex 91.70387268066406 11.22500038146973 50.98435211181641
  endloop
endfacet
facet normal 0.01914344355463982 -0.9307029247283936 0.3652746975421906
  outer loop
    vertex 90.41448211669922 22.20000076293945 51.61735153198242
    vertex 91.10433197021484 21.97500038146973 51.00790786743164
    vertex 93.11222076416016 22.20000076293945 51.47596740722656
  endloop
endfacet
facet normal -0.01914338022470474 0.9307032823562622 0.3652737438678741
  outer loop
    vertex 90.41448211669922 11.00000095367432 51.61735153198242
    vertex 89.72463226318359 11.22500038146973 51.00790786743164
    vertex 87.71674346923828 11.00000095367432 51.47596740722656
  endloop
endfacet
facet normal -0.1564347892999649 3.668466938206118e-17 0.9876883029937744
  outer loop
    vertex 87.71674346923828 23.20000076293945 51.47596740722656
    vertex 85.04855346679688 23.20000076293945 51.05336761474609
    vertex 87.71674346923828 22.20000076293945 51.47596740722656
  endloop
endfacet
facet normal -0.1564347892999649 0 0.9876883029937744
  outer loop
    vertex 87.71674346923828 22.20000076293945 51.47596740722656
    vertex 85.04855346679688 23.20000076293945 51.05336761474609
    vertex 85.04855346679688 22.20000076293945 51.05336761474609
  endloop
endfacet
facet normal 0.1564347892999649 0 0.9876883029937744
  outer loop
    vertex 95.78041076660156 23.20000076293945 51.05336761474609
    vertex 93.11222076416016 23.20000076293945 51.47596740722656
    vertex 95.78041076660156 22.20000076293945 51.05336761474609
  endloop
endfacet
facet normal 0.1564347892999649 -3.668466938206118e-17 0.9876883029937744
  outer loop
    vertex 95.78041076660156 22.20000076293945 51.05336761474609
    vertex 93.11222076416016 23.20000076293945 51.47596740722656
    vertex 93.11222076416016 22.20000076293945 51.47596740722656
  endloop
endfacet
facet normal -0.1564347892999649 -3.668460651633462e-17 0.9876883029937744
  outer loop
    vertex 87.71674346923828 10 51.47596740722656
    vertex 85.04855346679688 11.00000095367432 51.05336761474609
    vertex 85.04855346679688 10 51.05336761474609
  endloop
endfacet
facet normal -0.1564347892999649 0 0.9876883029937744
  outer loop
    vertex 87.71674346923828 11.00000095367432 51.47596740722656
    vertex 85.04855346679688 11.00000095367432 51.05336761474609
    vertex 87.71674346923828 10 51.47596740722656
  endloop
endfacet
facet normal 0.1564347892999649 0 0.9876883029937744
  outer loop
    vertex 95.78041076660156 11.00000095367432 51.05336761474609
    vertex 93.11222076416016 11.00000095367432 51.47596740722656
    vertex 95.78041076660156 10 51.05336761474609
  endloop
endfacet
facet normal 0.1564347892999649 0 0.9876883029937744
  outer loop
    vertex 95.78041076660156 10 51.05336761474609
    vertex 93.11222076416016 11.00000095367432 51.47596740722656
    vertex 93.11222076416016 10 51.47596740722656
  endloop
endfacet
facet normal -0.05233648419380188 0 0.9986295104026794
  outer loop
    vertex 90.41448211669922 23.20000076293945 51.61735153198242
    vertex 87.71674346923828 23.20000076293945 51.47596740722656
    vertex 90.41448211669922 22.20000076293945 51.61735153198242
  endloop
endfacet
facet normal -0.05233648419380188 -1.81413562719598e-17 0.9986295104026794
  outer loop
    vertex 90.41448211669922 22.20000076293945 51.61735153198242
    vertex 87.71674346923828 23.20000076293945 51.47596740722656
    vertex 87.71674346923828 22.20000076293945 51.47596740722656
  endloop
endfacet
facet normal 0.05233652144670486 0 0.9986295104026794
  outer loop
    vertex 93.11222076416016 23.20000076293945 51.47596740722656
    vertex 90.41448211669922 23.20000076293945 51.61735153198242
    vertex 93.11222076416016 22.20000076293945 51.47596740722656
  endloop
endfacet
facet normal 0.05233652144670486 1.814138108737818e-17 0.9986295104026794
  outer loop
    vertex 93.11222076416016 22.20000076293945 51.47596740722656
    vertex 90.41448211669922 23.20000076293945 51.61735153198242
    vertex 90.41448211669922 22.20000076293945 51.61735153198242
  endloop
endfacet
facet normal -0.05233648419380188 0 0.9986295104026794
  outer loop
    vertex 90.41448211669922 10 51.61735153198242
    vertex 87.71674346923828 11.00000095367432 51.47596740722656
    vertex 87.71674346923828 10 51.47596740722656
  endloop
endfacet
facet normal -0.05233648419380188 0 0.9986295104026794
  outer loop
    vertex 90.41448211669922 11.00000095367432 51.61735153198242
    vertex 87.71674346923828 11.00000095367432 51.47596740722656
    vertex 90.41448211669922 10 51.61735153198242
  endloop
endfacet
facet normal 0.05233652144670486 1.814135130887613e-17 0.9986295104026794
  outer loop
    vertex 93.11222076416016 11.00000095367432 51.47596740722656
    vertex 90.41448211669922 11.00000095367432 51.61735153198242
    vertex 93.11222076416016 10 51.47596740722656
  endloop
endfacet
facet normal 0.05233652144670486 -1.814135130887613e-17 0.9986295104026794
  outer loop
    vertex 93.11222076416016 10 51.47596740722656
    vertex 90.41448211669922 11.00000095367432 51.61735153198242
    vertex 90.41448211669922 10 51.61735153198242
  endloop
endfacet
facet normal 0.7843827605247498 0 -0.6202771067619324
  outer loop
    vertex 82.07374572753906 23.20000076293945 31.76460075378418
    vertex 82.67936706542969 10 32.53045654296875
    vertex 82.07374572753906 10 31.76460075378418
  endloop
endfacet
facet normal 0.7843827605247498 0 -0.6202771067619324
  outer loop
    vertex 82.67936706542969 10 32.53045654296875
    vertex 82.07374572753906 23.20000076293945 31.76460075378418
    vertex 82.67936706542969 23.20000076293945 32.53045654296875
  endloop
endfacet
facet normal 0.721869945526123 0 -0.6920287609100342
  outer loop
    vertex 82.67936706542969 23.20000076293945 32.53045654296875
    vertex 83.35504913330078 10 33.23527526855469
    vertex 82.67936706542969 10 32.53045654296875
  endloop
endfacet
facet normal 0.721869945526123 0 -0.6920287609100342
  outer loop
    vertex 83.35504913330078 10 33.23527526855469
    vertex 82.67936706542969 23.20000076293945 32.53045654296875
    vertex 83.35504913330078 23.20000076293945 33.23527526855469
  endloop
endfacet
facet normal 0.6528197526931763 0 -0.7575132846832275
  outer loop
    vertex 84.09467315673828 23.20000076293945 33.87267684936523
    vertex 83.35504913330078 10 33.23527526855469
    vertex 83.35504913330078 23.20000076293945 33.23527526855469
  endloop
endfacet
facet normal 0.6528197526931763 0 -0.7575132846832275
  outer loop
    vertex 83.35504913330078 10 33.23527526855469
    vertex 84.09467315673828 23.20000076293945 33.87267684936523
    vertex 84.09467315673828 10 33.87267684936523
  endloop
endfacet
facet normal 0.1396442949771881 2.114779615522625e-16 -0.9902017116546631
  outer loop
    vertex 89.46748352050781 23.20000076293945 36.00682830810547
    vertex 88.50067138671875 10 35.8704833984375
    vertex 88.50067138671875 23.20000076293945 35.8704833984375
  endloop
endfacet
facet normal 0.1396442949771881 2.114779615522625e-16 -0.9902017116546631
  outer loop
    vertex 88.50067138671875 10 35.8704833984375
    vertex 89.46748352050781 23.20000076293945 36.00682830810547
    vertex 89.46748352050781 10 36.00682830810547
  endloop
endfacet
facet normal 0.8397921323776245 1.18169526766778e-16 -0.5429081320762634
  outer loop
    vertex 81.54365539550781 23.20000076293945 30.94464302062988
    vertex 82.07374572753906 10 31.76460075378418
    vertex 81.54365539550781 10 30.94464302062988
  endloop
endfacet
facet normal 0.8397921323776245 1.18169526766778e-16 -0.5429081320762634
  outer loop
    vertex 82.07374572753906 10 31.76460075378418
    vertex 81.54365539550781 23.20000076293945 30.94464302062988
    vertex 82.07374572753906 23.20000076293945 31.76460075378418
  endloop
endfacet
facet normal -0.8900682926177979 -2.849947436062112e-16 -0.4558272361755371
  outer loop
    vertex 99.31443023681641 23.20000076293945 30.89670562744141
    vertex 99.75949859619141 10 30.02766036987305
    vertex 99.31443023681641 10 30.89670562744141
  endloop
endfacet
facet normal -0.8900682926177979 -2.849947436062112e-16 -0.4558272361755371
  outer loop
    vertex 99.75949859619141 10 30.02766036987305
    vertex 99.31443023681641 23.20000076293945 30.89670562744141
    vertex 99.75949859619141 23.20000076293945 30.02766036987305
  endloop
endfacet
facet normal -0.1449843347072601 2.64679979791389e-32 -0.9894339442253113
  outer loop
    vertex 92.38409423828125 23.20000076293945 35.86000823974609
    vertex 91.41802978515625 10 36.00156784057617
    vertex 91.41802978515625 23.20000076293945 36.00156784057617
  endloop
endfacet
facet normal -0.1449843347072601 2.64679979791389e-32 -0.9894339442253113
  outer loop
    vertex 91.41802978515625 10 36.00156784057617
    vertex 92.38409423828125 23.20000076293945 35.86000823974609
    vertex 92.38409423828125 10 35.86000823974609
  endloop
endfacet
facet normal -0.5822520852088928 1.736346470513085e-16 -0.8130083084106445
  outer loop
    vertex 96.77925109863281 23.20000076293945 33.83845901489258
    vertex 95.98544311523438 10 34.40695953369141
    vertex 95.98544311523438 23.20000076293945 34.40695953369141
  endloop
endfacet
facet normal -0.5822520852088928 1.736346470513085e-16 -0.8130083084106445
  outer loop
    vertex 95.98544311523438 10 34.40695953369141
    vertex 96.77925109863281 23.20000076293945 33.83845901489258
    vertex 96.77925109863281 10 33.83845901489258
  endloop
endfacet
facet normal -0.9293671250343323 -3.17537114165011e-16 -0.3691568672657013
  outer loop
    vertex 99.75949859619141 23.20000076293945 30.02766036987305
    vertex 100.1199340820312 10 29.1202449798584
    vertex 99.75949859619141 10 30.02766036987305
  endloop
endfacet
facet normal -0.9293671250343323 -3.17537114165011e-16 -0.3691568672657013
  outer loop
    vertex 100.1199340820312 10 29.1202449798584
    vertex 99.75949859619141 23.20000076293945 30.02766036987305
    vertex 100.1199340820312 23.20000076293945 29.1202449798584
  endloop
endfacet
facet normal 0.9587295055389404 -1.750233858395537e-31 -0.2843197286128998
  outer loop
    vertex 80.45098114013672 23.20000076293945 28.2364673614502
    vertex 80.72858428955078 10 29.17255210876465
    vertex 80.45098114013672 10 28.2364673614502
  endloop
endfacet
facet normal 0.9587295055389404 -1.750233858395537e-31 -0.2843197286128998
  outer loop
    vertex 80.72858428955078 10 29.17255210876465
    vertex 80.45098114013672 23.20000076293945 28.2364673614502
    vertex 80.72858428955078 23.20000076293945 29.17255210876465
  endloop
endfacet
facet normal 0.8875961303710938 9.758170938693752e-17 -0.4606224596500397
  outer loop
    vertex 81.09391784667969 10 30.07801055908203
    vertex 81.54365539550781 23.20000076293945 30.94464302062988
    vertex 81.54365539550781 10 30.94464302062988
  endloop
endfacet
facet normal 0.8875961303710938 9.758170938693752e-17 -0.4606224596500397
  outer loop
    vertex 81.54365539550781 23.20000076293945 30.94464302062988
    vertex 81.09391784667969 10 30.07801055908203
    vertex 81.09391784667969 23.20000076293945 30.07801055908203
  endloop
endfacet
facet normal -0.9824356436729431 4.482676697009824e-17 -0.1866018325090408
  outer loop
    vertex 100.3924865722656 23.20000076293945 28.18267440795898
    vertex 100.4147033691406 10 28.06569290161133
    vertex 100.3924865722656 10 28.18267440795898
  endloop
endfacet
facet normal -0.9824356436729431 4.482676697009824e-17 -0.1866018325090408
  outer loop
    vertex 100.4147033691406 10 28.06569290161133
    vertex 100.3924865722656 23.20000076293945 28.18267440795898
    vertex 100.4147033691406 13 28.06569290161133
  endloop
endfacet
facet normal -0.9824356436729431 4.482676697009824e-17 -0.1866018325090408
  outer loop
    vertex 100.4147033691406 13 28.06569290161133
    vertex 100.3924865722656 23.20000076293945 28.18267440795898
    vertex 100.4147033691406 23.20000076293945 28.06569290161133
  endloop
endfacet
facet normal -0.2383795231580734 0 -0.9711720943450928
  outer loop
    vertex 93.33232879638672 23.20000076293945 35.62725830078125
    vertex 92.38409423828125 10 35.86000823974609
    vertex 92.38409423828125 23.20000076293945 35.86000823974609
  endloop
endfacet
facet normal -0.2383795231580734 0 -0.9711720943450928
  outer loop
    vertex 92.38409423828125 10 35.86000823974609
    vertex 93.33232879638672 23.20000076293945 35.62725830078125
    vertex 93.33232879638672 10 35.62725830078125
  endloop
endfacet
facet normal 0.9814146161079407 4.619612807823282e-17 -0.1918992847204208
  outer loop
    vertex 80.41758728027344 13 28.06569290161133
    vertex 80.45098114013672 10 28.2364673614502
    vertex 80.41758728027344 10 28.06569290161133
  endloop
endfacet
facet normal 0.9814146161079407 4.619612807823282e-17 -0.1918992847204208
  outer loop
    vertex 80.45098114013672 10 28.2364673614502
    vertex 80.41758728027344 13 28.06569290161133
    vertex 80.45098114013672 23.20000076293945 28.2364673614502
  endloop
endfacet
facet normal 0.9814146161079407 4.619612807823282e-17 -0.1918992847204208
  outer loop
    vertex 80.45098114013672 23.20000076293945 28.2364673614502
    vertex 80.41758728027344 13 28.06569290161133
    vertex 80.41758728027344 23.20000076293945 28.06569290161133
  endloop
endfacet
facet normal 0.9273620247840881 1.692970003743535e-31 -0.3741653561592102
  outer loop
    vertex 80.72858428955078 23.20000076293945 29.17255210876465
    vertex 81.09391784667969 10 30.07801055908203
    vertex 80.72858428955078 10 29.17255210876465
  endloop
endfacet
facet normal 0.9273620247840881 1.692970003743535e-31 -0.3741653561592102
  outer loop
    vertex 81.09391784667969 10 30.07801055908203
    vertex 80.72858428955078 23.20000076293945 29.17255210876465
    vertex 81.09391784667969 23.20000076293945 30.07801055908203
  endloop
endfacet
facet normal 0.577857494354248 1.743029957513616e-16 -0.8161376714706421
  outer loop
    vertex 84.89153289794922 23.20000076293945 34.43688583374023
    vertex 84.09467315673828 10 33.87267684936523
    vertex 84.09467315673828 23.20000076293945 33.87267684936523
  endloop
endfacet
facet normal 0.577857494354248 1.743029957513616e-16 -0.8161376714706421
  outer loop
    vertex 84.09467315673828 10 33.87267684936523
    vertex 84.89153289794922 23.20000076293945 34.43688583374023
    vertex 84.89153289794922 10 34.43688583374023
  endloop
endfacet
facet normal -0.7877177000045776 2.642372218518993e-16 -0.6160363554954529
  outer loop
    vertex 98.18729400634766 23.20000076293945 32.48862457275391
    vertex 98.78878021240234 10 31.71951103210449
    vertex 98.18729400634766 10 32.48862457275391
  endloop
endfacet
facet normal -0.7877177000045776 2.642372218518993e-16 -0.6160363554954529
  outer loop
    vertex 98.78878021240234 10 31.71951103210449
    vertex 98.18729400634766 23.20000076293945 32.48862457275391
    vertex 98.78878021240234 23.20000076293945 31.71951103210449
  endloop
endfacet
facet normal -0.5023342370986938 4.496062671349555e-19 -0.8646734952926636
  outer loop
    vertex 95.98544311523438 23.20000076293945 34.40695953369141
    vertex 95.14119720458984 10 34.89743041992188
    vertex 95.14119720458984 23.20000076293945 34.89743041992188
  endloop
endfacet
facet normal -0.5023342370986938 4.496062671349555e-19 -0.8646734952926636
  outer loop
    vertex 95.14119720458984 10 34.89743041992188
    vertex 95.98544311523438 23.20000076293945 34.40695953369141
    vertex 95.98544311523438 10 34.40695953369141
  endloop
endfacet
facet normal 0.2331366389989853 4.153708489409812e-16 -0.9724439978599548
  outer loop
    vertex 88.50067138671875 23.20000076293945 35.8704833984375
    vertex 87.55120086669922 10 35.64285278320312
    vertex 87.55120086669922 23.20000076293945 35.64285278320312
  endloop
endfacet
facet normal 0.2331366389989853 4.153708489409812e-16 -0.9724439978599548
  outer loop
    vertex 87.55120086669922 10 35.64285278320312
    vertex 88.50067138671875 23.20000076293945 35.8704833984375
    vertex 88.50067138671875 10 35.8704833984375
  endloop
endfacet
facet normal -0.6568969488143921 1.60716229935378e-16 -0.7539803385734558
  outer loop
    vertex 97.51541900634766 23.20000076293945 33.19707870483398
    vertex 96.77925109863281 10 33.83845901489258
    vertex 96.77925109863281 23.20000076293945 33.83845901489258
  endloop
endfacet
facet normal -0.6568969488143921 1.60716229935378e-16 -0.7539803385734558
  outer loop
    vertex 96.77925109863281 10 33.83845901489258
    vertex 97.51541900634766 23.20000076293945 33.19707870483398
    vertex 97.51541900634766 10 33.19707870483398
  endloop
endfacet
facet normal -0.8427088260650635 2.299598101797675e-16 -0.5383695960044861
  outer loop
    vertex 98.78878021240234 23.20000076293945 31.71951103210449
    vertex 99.31443023681641 10 30.89670562744141
    vertex 98.78878021240234 10 31.71951103210449
  endloop
endfacet
facet normal -0.8427088260650635 2.299598101797675e-16 -0.5383695960044861
  outer loop
    vertex 99.31443023681641 10 30.89670562744141
    vertex 98.78878021240234 23.20000076293945 31.71951103210449
    vertex 99.31443023681641 23.20000076293945 30.89670562744141
  endloop
endfacet
facet normal -0.721869945526123 -9.747521242470533e-32 0.6920287609100342
  outer loop
    vertex 98.15104675292969 23.20000076293945 19.05093002319336
    vertex 97.47536468505859 10 18.34611129760742
    vertex 98.15104675292969 10 19.05093002319336
  endloop
endfacet
facet normal -0.721869945526123 -9.747521242470533e-32 0.6920287609100342
  outer loop
    vertex 97.47536468505859 10 18.34611129760742
    vertex 98.15104675292969 23.20000076293945 19.05093002319336
    vertex 97.47536468505859 23.20000076293945 18.34611129760742
  endloop
endfacet
facet normal -0.7843827605247498 0 0.6202771067619324
  outer loop
    vertex 98.75667572021484 23.20000076293945 19.81678581237793
    vertex 98.15104675292969 10 19.05093002319336
    vertex 98.75667572021484 10 19.81678581237793
  endloop
endfacet
facet normal -0.7843827605247498 0 0.6202771067619324
  outer loop
    vertex 98.15104675292969 10 19.05093002319336
    vertex 98.75667572021484 23.20000076293945 19.81678581237793
    vertex 98.15104675292969 23.20000076293945 19.05093002319336
  endloop
endfacet
facet normal -0.05027616396546364 2.132614820669351e-16 -0.9987353682518005
  outer loop
    vertex 91.41802978515625 23.20000076293945 36.00156784057617
    vertex 90.44288635253906 10 36.05065536499023
    vertex 90.44288635253906 23.20000076293945 36.05065536499023
  endloop
endfacet
facet normal -0.05027616396546364 2.132614820669351e-16 -0.9987353682518005
  outer loop
    vertex 90.44288635253906 10 36.05065536499023
    vertex 91.41802978515625 23.20000076293945 36.00156784057617
    vertex 91.41802978515625 10 36.00156784057617
  endloop
endfacet
facet normal -0.8875961303710938 -2.102253509263404e-32 0.4606224596500397
  outer loop
    vertex 99.73650360107422 23.20000076293945 21.50337600708008
    vertex 99.28675842285156 10 20.63674354553223
    vertex 99.73650360107422 10 21.50337600708008
  endloop
endfacet
facet normal -0.8875961303710938 -2.102253509263404e-32 0.4606224596500397
  outer loop
    vertex 99.28675842285156 10 20.63674354553223
    vertex 99.73650360107422 23.20000076293945 21.50337600708008
    vertex 99.28675842285156 23.20000076293945 20.63674354553223
  endloop
endfacet
facet normal -0.7255928516387939 1.458581073702351e-16 -0.6881242394447327
  outer loop
    vertex 97.51541900634766 23.20000076293945 33.19707870483398
    vertex 98.18729400634766 10 32.48862457275391
    vertex 97.51541900634766 10 33.19707870483398
  endloop
endfacet
facet normal -0.7255928516387939 1.458581073702351e-16 -0.6881242394447327
  outer loop
    vertex 98.18729400634766 10 32.48862457275391
    vertex 97.51541900634766 23.20000076293945 33.19707870483398
    vertex 98.18729400634766 23.20000076293945 32.48862457275391
  endloop
endfacet
facet normal 0.3245176672935486 2.020120639642303e-16 -0.9458796381950378
  outer loop
    vertex 87.55120086669922 23.20000076293945 35.64285278320312
    vertex 86.62765502929688 10 35.32600021362305
    vertex 86.62765502929688 23.20000076293945 35.32600021362305
  endloop
endfacet
facet normal 0.3245176672935486 2.020120639642303e-16 -0.9458796381950378
  outer loop
    vertex 86.62765502929688 10 35.32600021362305
    vertex 87.55120086669922 23.20000076293945 35.64285278320312
    vertex 87.55120086669922 10 35.64285278320312
  endloop
endfacet
facet normal -0.04488732293248177 -4.097261232239917e-33 0.9989920854568481
  outer loop
    vertex 91.36293029785156 10 15.57455730438232
    vertex 90.38753509521484 23.20000076293945 15.53073024749756
    vertex 90.38753509521484 10 15.53073024749756
  endloop
endfacet
facet normal -0.04488732293248177 -4.097261232239917e-33 0.9989920854568481
  outer loop
    vertex 90.38753509521484 23.20000076293945 15.53073024749756
    vertex 91.36293029785156 10 15.57455730438232
    vertex 91.36293029785156 23.20000076293945 15.57455730438232
  endloop
endfacet
facet normal 0.2383795231580734 -1.037068891786641e-16 0.9711720943450928
  outer loop
    vertex 88.44631958007812 10 15.72137928009033
    vertex 87.49808502197266 23.20000076293945 15.95412826538086
    vertex 87.49808502197266 10 15.95412826538086
  endloop
endfacet
facet normal 0.2383795231580734 -1.037068891786641e-16 0.9711720943450928
  outer loop
    vertex 87.49808502197266 23.20000076293945 15.95412826538086
    vertex 88.44631958007812 10 15.72137928009033
    vertex 88.44631958007812 23.20000076293945 15.72137928009033
  endloop
endfacet
facet normal 0.4178672134876251 0 0.9085081219673157
  outer loop
    vertex 86.57627105712891 10 16.27595901489258
    vertex 85.68922424316406 23.20000076293945 16.68395614624023
    vertex 85.68922424316406 10 16.68395614624023
  endloop
endfacet
facet normal 0.4178672134876251 0 0.9085081219673157
  outer loop
    vertex 85.68922424316406 23.20000076293945 16.68395614624023
    vertex 86.57627105712891 10 16.27595901489258
    vertex 86.57627105712891 23.20000076293945 16.27595901489258
  endloop
endfacet
facet normal -0.577857494354248 -5.274614774314824e-32 0.8161376714706421
  outer loop
    vertex 96.73574066162109 10 17.70870971679688
    vertex 95.93888092041016 23.20000076293945 17.14450073242188
    vertex 95.93888092041016 10 17.14450073242188
  endloop
endfacet
facet normal -0.577857494354248 -5.274614774314824e-32 0.8161376714706421
  outer loop
    vertex 95.93888092041016 23.20000076293945 17.14450073242188
    vertex 96.73574066162109 10 17.70870971679688
    vertex 96.73574066162109 23.20000076293945 17.70870971679688
  endloop
endfacet
facet normal 0.4976620972156525 1.852449276593232e-16 -0.8673709630966187
  outer loop
    vertex 85.73841857910156 23.20000076293945 34.92279434204102
    vertex 84.89153289794922 10 34.43688583374023
    vertex 84.89153289794922 23.20000076293945 34.43688583374023
  endloop
endfacet
facet normal 0.4976620972156525 1.852449276593232e-16 -0.8673709630966187
  outer loop
    vertex 84.89153289794922 10 34.43688583374023
    vertex 85.73841857910156 23.20000076293945 34.92279434204102
    vertex 85.73841857910156 10 34.92279434204102
  endloop
endfacet
facet normal -0.9602494239807129 5.993953874117682e-17 -0.2791433334350586
  outer loop
    vertex 100.1199340820312 23.20000076293945 29.1202449798584
    vertex 100.3924865722656 10 28.18267440795898
    vertex 100.1199340820312 10 29.1202449798584
  endloop
endfacet
facet normal -0.9602494239807129 5.993953874117682e-17 -0.2791433334350586
  outer loop
    vertex 100.3924865722656 10 28.18267440795898
    vertex 100.1199340820312 23.20000076293945 29.1202449798584
    vertex 100.3924865722656 23.20000076293945 28.18267440795898
  endloop
endfacet
facet normal 0.4129597842693329 -4.543763210508163e-32 -0.9107492566108704
  outer loop
    vertex 86.62765502929688 23.20000076293945 35.32600021362305
    vertex 85.73841857910156 10 34.92279434204102
    vertex 85.73841857910156 23.20000076293945 34.92279434204102
  endloop
endfacet
facet normal 0.4129597842693329 -4.543763210508163e-32 -0.9107492566108704
  outer loop
    vertex 85.73841857910156 10 34.92279434204102
    vertex 86.62765502929688 23.20000076293945 35.32600021362305
    vertex 86.62765502929688 10 35.32600021362305
  endloop
endfacet
facet normal 0.04488732293248177 2.134555717258645e-16 -0.9989920854568481
  outer loop
    vertex 90.44288635253906 23.20000076293945 36.05065536499023
    vertex 89.46748352050781 10 36.00682830810547
    vertex 89.46748352050781 23.20000076293945 36.00682830810547
  endloop
endfacet
facet normal 0.04488732293248177 2.134555717258645e-16 -0.9989920854568481
  outer loop
    vertex 89.46748352050781 10 36.00682830810547
    vertex 90.44288635253906 23.20000076293945 36.05065536499023
    vertex 90.44288635253906 10 36.05065536499023
  endloop
endfacet
facet normal 0.3296158909797668 0 0.9441151022911072
  outer loop
    vertex 87.49808502197266 10 15.95412826538086
    vertex 86.57627105712891 23.20000076293945 16.27595901489258
    vertex 86.57627105712891 10 16.27595901489258
  endloop
endfacet
facet normal 0.3296158909797668 0 0.9441151022911072
  outer loop
    vertex 86.57627105712891 23.20000076293945 16.27595901489258
    vertex 87.49808502197266 10 15.95412826538086
    vertex 87.49808502197266 23.20000076293945 15.95412826538086
  endloop
endfacet
facet normal -0.4178672134876251 7.628484612613265e-32 -0.9085081219673157
  outer loop
    vertex 95.14119720458984 23.20000076293945 34.89743041992188
    vertex 94.25414276123047 10 35.30542755126953
    vertex 94.25414276123047 23.20000076293945 35.30542755126953
  endloop
endfacet
facet normal -0.4178672134876251 7.628484612613265e-32 -0.9085081219673157
  outer loop
    vertex 94.25414276123047 10 35.30542755126953
    vertex 95.14119720458984 23.20000076293945 34.89743041992188
    vertex 95.14119720458984 10 34.89743041992188
  endloop
endfacet
facet normal -0.4129597842693329 -2.078302811865399e-32 0.9107492566108704
  outer loop
    vertex 95.09199523925781 10 16.65859222412109
    vertex 94.2027587890625 23.20000076293945 16.25538635253906
    vertex 94.2027587890625 10 16.25538635253906
  endloop
endfacet
facet normal -0.4129597842693329 -2.078302811865399e-32 0.9107492566108704
  outer loop
    vertex 94.2027587890625 23.20000076293945 16.25538635253906
    vertex 95.09199523925781 10 16.65859222412109
    vertex 95.09199523925781 23.20000076293945 16.65859222412109
  endloop
endfacet
facet normal -0.3296158909797668 0 -0.9441151022911072
  outer loop
    vertex 94.25414276123047 23.20000076293945 35.30542755126953
    vertex 93.33232879638672 10 35.62725830078125
    vertex 93.33232879638672 23.20000076293945 35.62725830078125
  endloop
endfacet
facet normal -0.3296158909797668 0 -0.9441151022911072
  outer loop
    vertex 93.33232879638672 10 35.62725830078125
    vertex 94.25414276123047 23.20000076293945 35.30542755126953
    vertex 94.25414276123047 10 35.30542755126953
  endloop
endfacet
facet normal -0.2331366389989853 0 0.9724439978599548
  outer loop
    vertex 93.27922058105469 10 15.93853378295898
    vertex 92.32974243164062 23.20000076293945 15.71090412139893
    vertex 92.32974243164062 10 15.71090412139893
  endloop
endfacet
facet normal -0.2331366389989853 0 0.9724439978599548
  outer loop
    vertex 92.32974243164062 23.20000076293945 15.71090412139893
    vertex 93.27922058105469 10 15.93853378295898
    vertex 93.27922058105469 23.20000076293945 15.93853378295898
  endloop
endfacet
facet normal 0.9957247376441956 0 0.09237043559551239
  outer loop
    vertex 80.2557373046875 23.20000076293945 24.35794258117676
    vertex 80.16555023193359 13 25.33014869689941
    vertex 80.2557373046875 13 24.35794258117676
  endloop
endfacet
facet normal 0.9957247376441956 0 0.09237043559551239
  outer loop
    vertex 80.16555023193359 13 25.33014869689941
    vertex 80.2557373046875 23.20000076293945 24.35794258117676
    vertex 80.16555023193359 23.20000076293945 25.33014869689941
  endloop
endfacet
facet normal 0.1449843347072601 -1.057254150140854e-16 0.9894339442253113
  outer loop
    vertex 89.41238403320312 10 15.57981967926025
    vertex 88.44631958007812 23.20000076293945 15.72137928009033
    vertex 88.44631958007812 10 15.72137928009033
  endloop
endfacet
facet normal 0.1449843347072601 -1.057254150140854e-16 0.9894339442253113
  outer loop
    vertex 88.44631958007812 23.20000076293945 15.72137928009033
    vertex 89.41238403320312 10 15.57981967926025
    vertex 89.41238403320312 23.20000076293945 15.57981967926025
  endloop
endfacet
facet normal 0.9824356436729431 0 0.1866018325090408
  outer loop
    vertex 80.41571044921875 23.20000076293945 23.51569366455078
    vertex 80.2557373046875 13 24.35794258117676
    vertex 80.41571044921875 13 23.51569366455078
  endloop
endfacet
facet normal 0.9824356436729431 0 0.1866018325090408
  outer loop
    vertex 80.2557373046875 13 24.35794258117676
    vertex 80.41571044921875 23.20000076293945 23.51569366455078
    vertex 80.2557373046875 23.20000076293945 24.35794258117676
  endloop
endfacet
facet normal 0.9999963641166687 7.435648018391634e-19 -0.002697476418688893
  outer loop
    vertex 80.16555023193359 23.20000076293945 25.33014869689941
    vertex 80.16679382324219 13 25.79069328308105
    vertex 80.16555023193359 13 25.33014869689941
  endloop
endfacet
facet normal 0.9999963641166687 7.435648018391634e-19 -0.002697476418688893
  outer loop
    vertex 80.16679382324219 13 25.79069328308105
    vertex 80.16555023193359 23.20000076293945 25.33014869689941
    vertex 80.16679382324219 23.20000076293945 25.79069328308105
  endloop
endfacet
facet normal -0.9273620247840881 -2.874873456758408e-19 0.3741653561592102
  outer loop
    vertex 100.1018295288086 23.20000076293945 22.40883445739746
    vertex 99.73650360107422 10 21.50337600708008
    vertex 100.1018295288086 10 22.40883445739746
  endloop
endfacet
facet normal -0.9273620247840881 -2.874873456758408e-19 0.3741653561592102
  outer loop
    vertex 99.73650360107422 10 21.50337600708008
    vertex 100.1018295288086 23.20000076293945 22.40883445739746
    vertex 99.73650360107422 23.20000076293945 21.50337600708008
  endloop
endfacet
facet normal 0.9824356436729431 0 0.1866018325090408
  outer loop
    vertex 80.43793487548828 23.20000076293945 23.39871215820312
    vertex 80.41571044921875 10 23.51569366455078
    vertex 80.43793487548828 10 23.39871215820312
  endloop
endfacet
facet normal 0.9824356436729431 0 0.1866018325090408
  outer loop
    vertex 80.41571044921875 10 23.51569366455078
    vertex 80.43793487548828 23.20000076293945 23.39871215820312
    vertex 80.41571044921875 13 23.51569366455078
  endloop
endfacet
facet normal 0.9824356436729431 0 0.1866018325090408
  outer loop
    vertex 80.41571044921875 13 23.51569366455078
    vertex 80.43793487548828 23.20000076293945 23.39871215820312
    vertex 80.41571044921875 23.20000076293945 23.51569366455078
  endloop
endfacet
facet normal 0.5822520852088928 0 0.8130083084106445
  outer loop
    vertex 84.844970703125 10 17.1744270324707
    vertex 84.05116271972656 23.20000076293945 17.7429256439209
    vertex 84.05116271972656 10 17.7429256439209
  endloop
endfacet
facet normal 0.5822520852088928 0 0.8130083084106445
  outer loop
    vertex 84.05116271972656 23.20000076293945 17.7429256439209
    vertex 84.844970703125 10 17.1744270324707
    vertex 84.844970703125 23.20000076293945 17.1744270324707
  endloop
endfacet
facet normal -0.9814146161079407 -1.583867342340638e-19 0.1918992847204208
  outer loop
    vertex 100.4128265380859 13 23.51569366455078
    vertex 100.3794326782227 10 23.34491920471191
    vertex 100.4128265380859 10 23.51569366455078
  endloop
endfacet
facet normal -0.9814146161079407 -1.583867342340638e-19 0.1918992847204208
  outer loop
    vertex 100.3794326782227 10 23.34491920471191
    vertex 100.4128265380859 13 23.51569366455078
    vertex 100.3794326782227 23.20000076293945 23.34491920471191
  endloop
endfacet
facet normal -0.9814146161079407 -1.583867342340638e-19 0.1918992847204208
  outer loop
    vertex 100.3794326782227 23.20000076293945 23.34491920471191
    vertex 100.4128265380859 13 23.51569366455078
    vertex 100.4128265380859 23.20000076293945 23.51569366455078
  endloop
endfacet
facet normal -0.6528197526931763 5.958861219720846e-32 0.7575132846832275
  outer loop
    vertex 97.47536468505859 10 18.34611129760742
    vertex 96.73574066162109 23.20000076293945 17.70870971679688
    vertex 96.73574066162109 10 17.70870971679688
  endloop
endfacet
facet normal -0.6528197526931763 5.958861219720846e-32 0.7575132846832275
  outer loop
    vertex 96.73574066162109 23.20000076293945 17.70870971679688
    vertex 97.47536468505859 10 18.34611129760742
    vertex 97.47536468505859 23.20000076293945 18.34611129760742
  endloop
endfacet
facet normal -0.3245176672935486 2.962158483616616e-32 0.9458796381950378
  outer loop
    vertex 94.2027587890625 10 16.25538635253906
    vertex 93.27922058105469 23.20000076293945 15.93853378295898
    vertex 93.27922058105469 10 15.93853378295898
  endloop
endfacet
facet normal -0.3245176672935486 2.962158483616616e-32 0.9458796381950378
  outer loop
    vertex 93.27922058105469 23.20000076293945 15.93853378295898
    vertex 94.2027587890625 10 16.25538635253906
    vertex 94.2027587890625 23.20000076293945 16.25538635253906
  endloop
endfacet
facet normal 0.7877177000045776 1.264912185006902e-18 0.6160363554954529
  outer loop
    vertex 82.64311981201172 23.20000076293945 19.0927619934082
    vertex 82.04163360595703 10 19.86187553405762
    vertex 82.64311981201172 10 19.0927619934082
  endloop
endfacet
facet normal 0.7877177000045776 1.264912185006902e-18 0.6160363554954529
  outer loop
    vertex 82.04163360595703 10 19.86187553405762
    vertex 82.64311981201172 23.20000076293945 19.0927619934082
    vertex 82.04163360595703 23.20000076293945 19.86187553405762
  endloop
endfacet
facet normal -0.8397921323776245 -1.348533010503229e-18 0.5429081320762634
  outer loop
    vertex 99.28675842285156 23.20000076293945 20.63674354553223
    vertex 98.75667572021484 10 19.81678581237793
    vertex 99.28675842285156 10 20.63674354553223
  endloop
endfacet
facet normal -0.8397921323776245 -1.348533010503229e-18 0.5429081320762634
  outer loop
    vertex 98.75667572021484 10 19.81678581237793
    vertex 99.28675842285156 23.20000076293945 20.63674354553223
    vertex 98.75667572021484 23.20000076293945 19.81678581237793
  endloop
endfacet
facet normal 0.05027616396546364 2.737999351628086e-32 0.9987353682518005
  outer loop
    vertex 90.38753509521484 10 15.53073024749756
    vertex 89.41238403320312 23.20000076293945 15.57981967926025
    vertex 89.41238403320312 10 15.57981967926025
  endloop
endfacet
facet normal 0.05027616396546364 2.737999351628086e-32 0.9987353682518005
  outer loop
    vertex 89.41238403320312 23.20000076293945 15.57981967926025
    vertex 90.38753509521484 10 15.53073024749756
    vertex 90.38753509521484 23.20000076293945 15.53073024749756
  endloop
endfacet
facet normal -0.4976620972156525 4.542600352721612e-32 0.8673709630966187
  outer loop
    vertex 95.93888092041016 10 17.14450073242188
    vertex 95.09199523925781 23.20000076293945 16.65859222412109
    vertex 95.09199523925781 10 16.65859222412109
  endloop
endfacet
facet normal -0.4976620972156525 4.542600352721612e-32 0.8673709630966187
  outer loop
    vertex 95.09199523925781 23.20000076293945 16.65859222412109
    vertex 95.93888092041016 10 17.14450073242188
    vertex 95.93888092041016 23.20000076293945 17.14450073242188
  endloop
endfacet
facet normal 0.8900682926177979 1.039890236318009e-19 0.4558272361755371
  outer loop
    vertex 81.51598358154297 23.20000076293945 20.6846809387207
    vertex 81.0709228515625 10 21.55372619628906
    vertex 81.51598358154297 10 20.6846809387207
  endloop
endfacet
facet normal 0.8900682926177979 1.039890236318009e-19 0.4558272361755371
  outer loop
    vertex 81.0709228515625 10 21.55372619628906
    vertex 81.51598358154297 23.20000076293945 20.6846809387207
    vertex 81.0709228515625 23.20000076293945 21.55372619628906
  endloop
endfacet
facet normal -0.9587295055389404 0 0.2843197286128998
  outer loop
    vertex 100.3794326782227 23.20000076293945 23.34491920471191
    vertex 100.1018295288086 10 22.40883445739746
    vertex 100.3794326782227 10 23.34491920471191
  endloop
endfacet
facet normal -0.9587295055389404 0 0.2843197286128998
  outer loop
    vertex 100.1018295288086 10 22.40883445739746
    vertex 100.3794326782227 23.20000076293945 23.34491920471191
    vertex 100.1018295288086 23.20000076293945 22.40883445739746
  endloop
endfacet
facet normal -0.1396442949771881 3.534267469931595e-32 0.9902017116546631
  outer loop
    vertex 92.32974243164062 10 15.71090412139893
    vertex 91.36293029785156 23.20000076293945 15.57455730438232
    vertex 91.36293029785156 10 15.57455730438232
  endloop
endfacet
facet normal -0.1396442949771881 3.534267469931595e-32 0.9902017116546631
  outer loop
    vertex 91.36293029785156 23.20000076293945 15.57455730438232
    vertex 92.32974243164062 10 15.71090412139893
    vertex 92.32974243164062 23.20000076293945 15.71090412139893
  endloop
endfacet
facet normal 0.9952118992805481 2.707391757951989e-17 -0.09774096310138702
  outer loop
    vertex 80.16818237304688 23.20000076293945 26.30652618408203
    vertex 80.26361846923828 13 27.27823257446289
    vertex 80.16818237304688 13 26.30652618408203
  endloop
endfacet
facet normal 0.9952118992805481 2.707391757951989e-17 -0.09774096310138702
  outer loop
    vertex 80.26361846923828 13 27.27823257446289
    vertex 80.16818237304688 23.20000076293945 26.30652618408203
    vertex 80.26361846923828 23.20000076293945 27.27823257446289
  endloop
endfacet
facet normal 0.5023342370986938 0 0.8646734952926636
  outer loop
    vertex 85.68922424316406 10 16.68395614624023
    vertex 84.844970703125 23.20000076293945 17.1744270324707
    vertex 84.844970703125 10 17.1744270324707
  endloop
endfacet
facet normal 0.5023342370986938 0 0.8646734952926636
  outer loop
    vertex 84.844970703125 23.20000076293945 17.1744270324707
    vertex 85.68922424316406 10 16.68395614624023
    vertex 85.68922424316406 23.20000076293945 16.68395614624023
  endloop
endfacet
facet normal 0.9293671250343323 7.461859821039791e-19 0.3691568672657013
  outer loop
    vertex 81.0709228515625 23.20000076293945 21.55372619628906
    vertex 80.71047973632812 10 22.46114158630371
    vertex 81.0709228515625 10 21.55372619628906
  endloop
endfacet
facet normal 0.9293671250343323 7.461859821039791e-19 0.3691568672657013
  outer loop
    vertex 80.71047973632812 10 22.46114158630371
    vertex 81.0709228515625 23.20000076293945 21.55372619628906
    vertex 80.71047973632812 23.20000076293945 22.46114158630371
  endloop
endfacet
facet normal 0 0 1
  outer loop
    vertex 83.42313385009766 10 28.06569290161133
    vertex 80.41758728027344 13 28.06569290161133
    vertex 80.41758728027344 10 28.06569290161133
  endloop
endfacet
facet normal 0 0 1
  outer loop
    vertex 80.41758728027344 13 28.06569290161133
    vertex 83.42313385009766 10 28.06569290161133
    vertex 83.42313385009766 13 28.06569290161133
  endloop
endfacet
facet normal 0.9602494239807129 -8.12804620182572e-32 0.2791433334350586
  outer loop
    vertex 80.71047973632812 23.20000076293945 22.46114158630371
    vertex 80.43793487548828 10 23.39871215820312
    vertex 80.71047973632812 10 22.46114158630371
  endloop
endfacet
facet normal 0.9602494239807129 -8.12804620182572e-32 0.2791433334350586
  outer loop
    vertex 80.43793487548828 10 23.39871215820312
    vertex 80.71047973632812 23.20000076293945 22.46114158630371
    vertex 80.43793487548828 23.20000076293945 23.39871215820312
  endloop
endfacet
facet normal 1 0 0
  outer loop
    vertex 83.42313385009766 13 26.12376594543457
    vertex 83.42313385009766 10 28.06569290161133
    vertex 83.42313385009766 10 26.12376594543457
  endloop
endfacet
facet normal 1 0 0
  outer loop
    vertex 83.42313385009766 10 28.06569290161133
    vertex 83.42313385009766 13 26.12376594543457
    vertex 83.42313385009766 13 28.06569290161133
  endloop
endfacet
facet normal -0.9952118992805481 0 0.09774096310138702
  outer loop
    vertex 100.6622314453125 23.20000076293945 25.27486038208008
    vertex 100.5668029785156 13 24.30315399169922
    vertex 100.6622314453125 13 25.27486038208008
  endloop
endfacet
facet normal -0.9952118992805481 0 0.09774096310138702
  outer loop
    vertex 100.5668029785156 13 24.30315399169922
    vertex 100.6622314453125 23.20000076293945 25.27486038208008
    vertex 100.5668029785156 23.20000076293945 24.30315399169922
  endloop
endfacet
facet normal 0 0 -1
  outer loop
    vertex 100.4128265380859 13 23.51569366455078
    vertex 97.40727996826172 10 23.51569366455078
    vertex 97.40727996826172 13 23.51569366455078
  endloop
endfacet
facet normal 0 0 -1
  outer loop
    vertex 97.40727996826172 10 23.51569366455078
    vertex 100.4128265380859 13 23.51569366455078
    vertex 100.4128265380859 10 23.51569366455078
  endloop
endfacet
facet normal 1 0 0
  outer loop
    vertex 83.42313385009766 10 23.51569366455078
    vertex 83.42313385009766 13 25.45762062072754
    vertex 83.42313385009766 10 25.45762062072754
  endloop
endfacet
facet normal 1 0 0
  outer loop
    vertex 83.42313385009766 13 25.45762062072754
    vertex 83.42313385009766 10 23.51569366455078
    vertex 83.42313385009766 13 23.51569366455078
  endloop
endfacet
facet normal 0 0 1
  outer loop
    vertex 100.4147033691406 10 28.06569290161133
    vertex 98.40727996826172 13 28.06569290161133
    vertex 98.40727996826172 10 28.06569290161133
  endloop
endfacet
facet normal 0 0 1
  outer loop
    vertex 98.40727996826172 13 28.06569290161133
    vertex 100.4147033691406 10 28.06569290161133
    vertex 100.4147033691406 13 28.06569290161133
  endloop
endfacet
facet normal -0.9999963641166687 -1.490756790664372e-18 0.002697476418688893
  outer loop
    vertex 100.6648635864258 23.20000076293945 26.2512378692627
    vertex 100.6636199951172 13 25.79069328308105
    vertex 100.6648635864258 13 26.2512378692627
  endloop
endfacet
facet normal -0.9999963641166687 -1.490756790664372e-18 0.002697476418688893
  outer loop
    vertex 100.6636199951172 13 25.79069328308105
    vertex 100.6648635864258 23.20000076293945 26.2512378692627
    vertex 100.6636199951172 23.20000076293945 25.79069328308105
  endloop
endfacet
facet normal 0.8427088260650635 8.920689683298469e-32 0.5383695960044861
  outer loop
    vertex 82.04163360595703 23.20000076293945 19.86187553405762
    vertex 81.51598358154297 10 20.6846809387207
    vertex 82.04163360595703 10 19.86187553405762
  endloop
endfacet
facet normal 0.8427088260650635 8.920689683298469e-32 0.5383695960044861
  outer loop
    vertex 81.51598358154297 10 20.6846809387207
    vertex 82.04163360595703 23.20000076293945 19.86187553405762
    vertex 81.51598358154297 23.20000076293945 20.6846809387207
  endloop
endfacet
facet normal -0.9824356436729431 5.168808125871534e-17 -0.1866018325090408
  outer loop
    vertex 100.4147033691406 23.20000076293945 28.06569290161133
    vertex 100.5746765136719 13 27.22344398498535
    vertex 100.4147033691406 13 28.06569290161133
  endloop
endfacet
facet normal -0.9824356436729431 5.168808125871534e-17 -0.1866018325090408
  outer loop
    vertex 100.5746765136719 13 27.22344398498535
    vertex 100.4147033691406 23.20000076293945 28.06569290161133
    vertex 100.5746765136719 23.20000076293945 27.22344398498535
  endloop
endfacet
facet normal -1 0 0
  outer loop
    vertex 97.40727996826172 13 26.12376594543457
    vertex 97.40727996826172 10 25.79069328308105
    vertex 97.40727996826172 10 26.12376594543457
  endloop
endfacet
facet normal -1 0 0
  outer loop
    vertex 97.40727996826172 10 25.79069328308105
    vertex 97.40727996826172 13 26.12376594543457
    vertex 97.40727996826172 13 25.79069328308105
  endloop
endfacet
facet normal -0.9999963641166687 -7.471919371264202e-19 0.002697476418688893
  outer loop
    vertex 100.6636199951172 23.20000076293945 25.79069328308105
    vertex 100.6622314453125 13 25.27486038208008
    vertex 100.6636199951172 13 25.79069328308105
  endloop
endfacet
facet normal -0.9999963641166687 -7.471919371264202e-19 0.002697476418688893
  outer loop
    vertex 100.6622314453125 13 25.27486038208008
    vertex 100.6636199951172 23.20000076293945 25.79069328308105
    vertex 100.6622314453125 23.20000076293945 25.27486038208008
  endloop
endfacet
facet normal -1.020500530291653e-16 1 2.194703262145377e-16
  outer loop
    vertex 97.40727996826172 13 25.45762062072754
    vertex 100.4128265380859 13 23.51569366455078
    vertex 97.40727996826172 13 23.51569366455078
  endloop
endfacet
facet normal -1.020500530291653e-16 1 2.194703262145377e-16
  outer loop
    vertex 100.4128265380859 13 23.51569366455078
    vertex 97.40727996826172 13 25.45762062072754
    vertex 100.5668029785156 13 24.30315399169922
  endloop
endfacet
facet normal -1.020500530291653e-16 1 2.194703262145377e-16
  outer loop
    vertex 100.5668029785156 13 24.30315399169922
    vertex 97.40727996826172 13 25.45762062072754
    vertex 100.6622314453125 13 25.27486038208008
  endloop
endfacet
facet normal -1.020500530291653e-16 1 2.194703262145377e-16
  outer loop
    vertex 100.6622314453125 13 25.27486038208008
    vertex 97.40727996826172 13 25.45762062072754
    vertex 100.6636199951172 13 25.79069328308105
  endloop
endfacet
facet normal -1.020500530291653e-16 1 2.194703262145377e-16
  outer loop
    vertex 100.6636199951172 13 25.79069328308105
    vertex 97.40727996826172 13 25.45762062072754
    vertex 97.40727996826172 13 25.79069328308105
  endloop
endfacet
facet normal -1.020500530291653e-16 1 2.194703262145377e-16
  outer loop
    vertex 100.6636199951172 13 25.79069328308105
    vertex 97.40727996826172 13 25.79069328308105
    vertex 97.40727996826172 13 26.12376594543457
  endloop
endfacet
facet normal -1.020500530291653e-16 1 2.194703262145377e-16
  outer loop
    vertex 100.6636199951172 13 25.79069328308105
    vertex 97.40727996826172 13 26.12376594543457
    vertex 100.6648635864258 13 26.2512378692627
  endloop
endfacet
facet normal -1.020500530291653e-16 1 2.194703262145377e-16
  outer loop
    vertex 100.6648635864258 13 26.2512378692627
    vertex 97.40727996826172 13 26.12376594543457
    vertex 97.40727996826172 13 28.06569290161133
  endloop
endfacet
facet normal -1.020500530291653e-16 1 2.194703262145377e-16
  outer loop
    vertex 100.6648635864258 13 26.2512378692627
    vertex 97.40727996826172 13 28.06569290161133
    vertex 100.5746765136719 13 27.22344398498535
  endloop
endfacet
facet normal -1.020500530291653e-16 1 2.194703262145377e-16
  outer loop
    vertex 100.5746765136719 13 27.22344398498535
    vertex 97.40727996826172 13 28.06569290161133
    vertex 100.4147033691406 13 28.06569290161133
  endloop
endfacet
facet normal -1.020500530291653e-16 1 2.194703262145377e-16
  outer loop
    vertex 100.4147033691406 13 28.06569290161133
    vertex 97.40727996826172 13 28.06569290161133
    vertex 98.40727996826172 13 28.06569290161133
  endloop
endfacet
facet normal 0.9999963641166687 1.493631036497841e-18 -0.002697476418688893
  outer loop
    vertex 80.16679382324219 23.20000076293945 25.79069328308105
    vertex 80.16818237304688 13 26.30652618408203
    vertex 80.16679382324219 13 25.79069328308105
  endloop
endfacet
facet normal 0.9999963641166687 1.493631036497841e-18 -0.002697476418688893
  outer loop
    vertex 80.16818237304688 13 26.30652618408203
    vertex 80.16679382324219 23.20000076293945 25.79069328308105
    vertex 80.16818237304688 23.20000076293945 26.30652618408203
  endloop
endfacet
facet normal 0.6568969488143921 0 0.7539803385734558
  outer loop
    vertex 84.05116271972656 10 17.7429256439209
    vertex 83.31499481201172 23.20000076293945 18.38430786132812
    vertex 83.31499481201172 10 18.38430786132812
  endloop
endfacet
facet normal 0.6568969488143921 0 0.7539803385734558
  outer loop
    vertex 83.31499481201172 23.20000076293945 18.38430786132812
    vertex 84.05116271972656 10 17.7429256439209
    vertex 84.05116271972656 23.20000076293945 17.7429256439209
  endloop
endfacet
facet normal 0.7255928516387939 -1.20333789418422e-19 0.6881242394447327
  outer loop
    vertex 83.31499481201172 10 18.38430786132812
    vertex 82.64311981201172 23.20000076293945 19.0927619934082
    vertex 82.64311981201172 10 19.0927619934082
  endloop
endfacet
facet normal 0.7255928516387939 -1.20333789418422e-19 0.6881242394447327
  outer loop
    vertex 82.64311981201172 23.20000076293945 19.0927619934082
    vertex 83.31499481201172 10 18.38430786132812
    vertex 83.31499481201172 23.20000076293945 18.38430786132812
  endloop
endfacet
facet normal 0.9814146161079407 5.315545996071501e-17 -0.1918992847204208
  outer loop
    vertex 80.26361846923828 23.20000076293945 27.27823257446289
    vertex 80.41758728027344 13 28.06569290161133
    vertex 80.26361846923828 13 27.27823257446289
  endloop
endfacet
facet normal 0.9814146161079407 5.315545996071501e-17 -0.1918992847204208
  outer loop
    vertex 80.41758728027344 13 28.06569290161133
    vertex 80.26361846923828 23.20000076293945 27.27823257446289
    vertex 80.41758728027344 23.20000076293945 28.06569290161133
  endloop
endfacet
facet normal -0.9957247376441956 2.55863010766535e-17 -0.09237043559551239
  outer loop
    vertex 100.5746765136719 23.20000076293945 27.22344398498535
    vertex 100.6648635864258 13 26.2512378692627
    vertex 100.5746765136719 13 27.22344398498535
  endloop
endfacet
facet normal -0.9957247376441956 2.55863010766535e-17 -0.09237043559551239
  outer loop
    vertex 100.6648635864258 13 26.2512378692627
    vertex 100.5746765136719 23.20000076293945 27.22344398498535
    vertex 100.6648635864258 23.20000076293945 26.2512378692627
  endloop
endfacet
facet normal -0.9814146161079407 -4.312625806240089e-19 0.1918992847204208
  outer loop
    vertex 100.5668029785156 23.20000076293945 24.30315399169922
    vertex 100.4128265380859 13 23.51569366455078
    vertex 100.5668029785156 13 24.30315399169922
  endloop
endfacet
facet normal -0.9814146161079407 -4.312625806240089e-19 0.1918992847204208
  outer loop
    vertex 100.4128265380859 13 23.51569366455078
    vertex 100.5668029785156 23.20000076293945 24.30315399169922
    vertex 100.4128265380859 23.20000076293945 23.51569366455078
  endloop
endfacet
facet normal 0 0 -1
  outer loop
    vertex 83.42313385009766 13 23.51569366455078
    vertex 80.41571044921875 10 23.51569366455078
    vertex 80.41571044921875 13 23.51569366455078
  endloop
endfacet
facet normal 0 0 -1
  outer loop
    vertex 80.41571044921875 10 23.51569366455078
    vertex 83.42313385009766 13 23.51569366455078
    vertex 83.42313385009766 10 23.51569366455078
  endloop
endfacet
facet normal 0 1 0
  outer loop
    vertex 80.2557373046875 13 24.35794258117676
    vertex 83.42313385009766 13 23.51569366455078
    vertex 80.41571044921875 13 23.51569366455078
  endloop
endfacet
facet normal 0 1 0
  outer loop
    vertex 83.42313385009766 13 23.51569366455078
    vertex 80.2557373046875 13 24.35794258117676
    vertex 83.42313385009766 13 25.45762062072754
  endloop
endfacet
facet normal 0 1 0
  outer loop
    vertex 83.42313385009766 13 25.45762062072754
    vertex 80.2557373046875 13 24.35794258117676
    vertex 80.16555023193359 13 25.33014869689941
  endloop
endfacet
facet normal 0 1 0
  outer loop
    vertex 83.42313385009766 13 25.45762062072754
    vertex 80.16555023193359 13 25.33014869689941
    vertex 80.16679382324219 13 25.79069328308105
  endloop
endfacet
facet normal 0 1 0
  outer loop
    vertex 83.42313385009766 13 25.45762062072754
    vertex 80.16679382324219 13 25.79069328308105
    vertex 83.42313385009766 13 25.79069328308105
  endloop
endfacet
facet normal 0 1 0
  outer loop
    vertex 83.42313385009766 13 25.79069328308105
    vertex 80.16679382324219 13 25.79069328308105
    vertex 80.16818237304688 13 26.30652618408203
  endloop
endfacet
facet normal 0 1 0
  outer loop
    vertex 83.42313385009766 13 25.79069328308105
    vertex 80.16818237304688 13 26.30652618408203
    vertex 83.42313385009766 13 26.12376594543457
  endloop
endfacet
facet normal 0 1 0
  outer loop
    vertex 83.42313385009766 13 26.12376594543457
    vertex 80.16818237304688 13 26.30652618408203
    vertex 83.42313385009766 13 28.06569290161133
  endloop
endfacet
facet normal 0 1 0
  outer loop
    vertex 83.42313385009766 13 28.06569290161133
    vertex 80.16818237304688 13 26.30652618408203
    vertex 80.26361846923828 13 27.27823257446289
  endloop
endfacet
facet normal 0 1 0
  outer loop
    vertex 83.42313385009766 13 28.06569290161133
    vertex 80.26361846923828 13 27.27823257446289
    vertex 80.41758728027344 13 28.06569290161133
  endloop
endfacet
facet normal -1 0 0
  outer loop
    vertex 97.40727996826172 13 28.06569290161133
    vertex 97.40727996826172 10 26.12376594543457
    vertex 97.40727996826172 10 28.06569290161133
  endloop
endfacet
facet normal -1 0 0
  outer loop
    vertex 97.40727996826172 10 26.12376594543457
    vertex 97.40727996826172 13 28.06569290161133
    vertex 97.40727996826172 13 26.12376594543457
  endloop
endfacet
facet normal -1 0 0
  outer loop
    vertex 97.40727996826172 13 25.45762062072754
    vertex 97.40727996826172 10 23.51569366455078
    vertex 97.40727996826172 10 25.45762062072754
  endloop
endfacet
facet normal -1 0 0
  outer loop
    vertex 97.40727996826172 10 23.51569366455078
    vertex 97.40727996826172 13 25.45762062072754
    vertex 97.40727996826172 13 23.51569366455078
  endloop
endfacet
facet normal 1 0 0
  outer loop
    vertex 83.42313385009766 13 25.45762062072754
    vertex 83.42313385009766 10 25.79069328308105
    vertex 83.42313385009766 10 25.45762062072754
  endloop
endfacet
facet normal 1 0 0
  outer loop
    vertex 83.42313385009766 10 25.79069328308105
    vertex 83.42313385009766 13 25.45762062072754
    vertex 83.42313385009766 13 25.79069328308105
  endloop
endfacet
facet normal -1 0 0
  outer loop
    vertex 97.40727996826172 13 25.79069328308105
    vertex 97.40727996826172 10 25.45762062072754
    vertex 97.40727996826172 10 25.79069328308105
  endloop
endfacet
facet normal -1 0 0
  outer loop
    vertex 97.40727996826172 10 25.45762062072754
    vertex 97.40727996826172 13 25.79069328308105
    vertex 97.40727996826172 13 25.45762062072754
  endloop
endfacet
facet normal 0 0 1
  outer loop
    vertex 98.40727996826172 10 28.06569290161133
    vertex 97.40727996826172 13 28.06569290161133
    vertex 97.40727996826172 10 28.06569290161133
  endloop
endfacet
facet normal 0 0 1
  outer loop
    vertex 97.40727996826172 13 28.06569290161133
    vertex 98.40727996826172 10 28.06569290161133
    vertex 98.40727996826172 13 28.06569290161133
  endloop
endfacet
facet normal 1 0 0
  outer loop
    vertex 83.42313385009766 13 25.79069328308105
    vertex 83.42313385009766 10 26.12376594543457
    vertex 83.42313385009766 10 25.79069328308105
  endloop
endfacet
facet normal 1 0 0
  outer loop
    vertex 83.42313385009766 10 26.12376594543457
    vertex 83.42313385009766 13 25.79069328308105
    vertex 83.42313385009766 13 26.12376594543457
  endloop
endfacet
endsolid A9E5
