;FLAVOR:Marlin
;TIME:6888
;Filament used: 5.67423m
;Layer height: 0.28
;MINX:11.052
;MINY:0
;MINZ:0.2
;MAXX:216.024
;MAXY:230
;MAXZ:0.48
;TARGET_MACHINE.NAME:Creality Ender-3 v2 Neo
;Generated with Cura_SteamEngine 5.7.2
M140 S60
M105
M190 S60
M104 S218
M105
M109 S218
M82 ;absolute extrusion mode
G92 E0 ;Reset Extruder
G28 ;Home
G1 Z2.0 F3000 ;Move Z Axis up
G1 X10.1 Y20 Z0.28 F5000.0 ;Move to start position
G1 X10.1 Y200.0 Z0.28 F1500.0 E15 ;Draw the first line
G1 X10.4 Y200.0 Z0.28 F5000.0 ;Move to side a little
G1 X10.4 Y20 Z0.28 F1500.0 E30 ;Draw the second line
G92 E0 ;Reset Extruder
G1 Z2.0 F3000 ;Move Z Axis up
G92 E0
G92 E0
G1 F1500 E-4
;LAYER_COUNT:2
;LAYER:0
M107
G0 F6000 X58.492 Y0.00 Z0.2
;TYPE:SKIRT
G1 F1500 E0
G1 F1200 X58.248 Y0.998 E0.03417
G1 X58.1 Y1.959 E0.06651
G1 X58.038 Y2.932 E0.09894
G1 X58.025 Y3.632 E0.12222
G1 X58.024 Y18.554 E0.61853
G1 X58.015 Y19.851 E0.66167
G1 X57.942 Y22.41 E0.74682
G1 X57.801 Y24.925 E0.8306
G1 X57.586 Y27.432 E0.91429
G1 X57.304 Y29.92 E0.99757
G1 X56.95 Y32.409 E1.08119
G1 X56.523 Y34.907 E1.16548
G1 X56.039 Y37.314 E1.24714
G1 X55.46 Y39.836 E1.3332
G1 X54.841 Y42.219 E1.41509
G1 X54.129 Y44.669 E1.49995
G1 X53.364 Y47.052 E1.58319
G1 X52.526 Y49.428 E1.66699
G1 X51.637 Y51.736 E1.74925
G1 X50.644 Y54.113 E1.83493
G1 X49.602 Y56.42 E1.91913
G1 X48.51 Y58.666 E2.00219
G1 X47.338 Y60.913 E2.08648
G1 X46.114 Y63.105 E2.16998
G1 X44.824 Y65.269 E2.25378
G1 X43.473 Y67.399 E2.33767
G1 X42.076 Y69.466 E2.42065
G1 X40.578 Y71.557 E2.5062
G1 X39.106 Y73.492 E2.58706
G1 X37.497 Y75.484 E2.67223
G1 X35.862 Y77.399 E2.75598
G1 X34.19 Y79.246 E2.83884
G1 X32.41 Y81.106 E2.92447
G1 X30.657 Y82.836 E3.00639
G1 X28.805 Y84.562 E3.09059
G1 X26.908 Y86.235 E3.17472
G1 X24.976 Y87.843 E3.25832
G1 X22.977 Y89.412 E3.34284
G1 X20.998 Y90.878 E3.42475
G1 X18.919 Y92.329 E3.50908
G1 X16.743 Y93.758 E3.59566
G1 X16.153 Y94.134 E3.61893
G1 X15.257 Y94.77 E3.65548
G1 X14.515 Y95.411 E3.68809
G1 X13.837 Y96.11 E3.72048
G1 X13.224 Y96.865 E3.75283
G1 X12.679 Y97.672 E3.78521
G1 X12.208 Y98.525 E3.81762
G1 X11.789 Y99.481 E3.85234
G1 X11.501 Y100.337 E3.88238
G1 X11.27 Y101.285 E3.91483
G1 X11.124 Y102.248 E3.94723
G1 X11.065 Y103.22 E3.97962
G1 X11.053 Y103.956 E4.0041
G1 X11.052 Y219.064 E7.83261
G1 X11.066 Y219.715 E7.85426
G1 X11.164 Y220.894 E7.89361
G1 X11.342 Y221.863 E7.92638
G1 X11.602 Y222.801 E7.95876
G1 X11.944 Y223.713 E7.99115
G1 X12.366 Y224.591 E8.02355
G1 X12.902 Y225.488 E8.05831
G1 X13.432 Y226.219 E8.08834
G1 X14.069 Y226.955 E8.12071
G1 X14.822 Y227.68 E8.15548
G1 X15.526 Y228.246 E8.18552
G1 X16.365 Y228.807 E8.21909
G1 X17.188 Y229.258 E8.25031
G1 X18.078 Y229.65 E8.28265
G1 X19.002 Y229.962 E8.31509
G1 X19.159 Y230 E8.32046
G1 F1500 E4.32046
G0 F6000 X22.264 Y230
G1 F1500 E8.32046
G1 F1200 X21.906 Y229.995 E8.33237
G1 X20.97 Y229.941 E8.36355
G1 X20.041 Y229.802 E8.39479
G1 X19.129 Y229.583 E8.42599
G1 X18.239 Y229.284 E8.45722
G1 X17.38 Y228.907 E8.48842
G1 X16.557 Y228.456 E8.51963
G1 X15.777 Y227.934 E8.55085
G1 X15.073 Y227.368 E8.58089
G1 X14.371 Y226.693 E8.61328
G1 X13.756 Y225.984 E8.6445
G1 X13.226 Y225.253 E8.67453
G1 X12.726 Y224.417 E8.70693
G1 X12.318 Y223.572 E8.73814
G1 X11.987 Y222.694 E8.76935
G1 X11.735 Y221.79 E8.80056
G1 X11.563 Y220.861 E8.83199
G1 X11.465 Y219.682 E8.87134
G1 X11.452 Y219.064 E8.8919
G1 X11.453 Y103.962 E12.7202
G1 X11.464 Y103.244 E12.74409
G1 X11.52 Y102.307 E12.77531
G1 X11.659 Y101.379 E12.80652
G1 X11.88 Y100.465 E12.83779
G1 X12.168 Y99.609 E12.86783
G1 X12.558 Y98.718 E12.90018
G1 X13.011 Y97.895 E12.93143
G1 X13.535 Y97.117 E12.96262
G1 X14.125 Y96.388 E12.99382
G1 X14.777 Y95.713 E13.02503
G1 X15.489 Y95.096 E13.05637
G1 X16.368 Y94.471 E13.09224
G1 X16.958 Y94.095 E13.11551
G1 X19.139 Y92.663 E13.20229
G1 X21.227 Y91.206 E13.28697
G1 X23.224 Y89.727 E13.36962
G1 X25.223 Y88.158 E13.45415
G1 X27.164 Y86.542 E13.53815
G1 X29.078 Y84.855 E13.62301
G1 X30.93 Y83.129 E13.70721
G1 X32.691 Y81.391 E13.7895
G1 X34.479 Y79.523 E13.87551
G1 X36.159 Y77.667 E13.95877
G1 X37.801 Y75.744 E14.04287
G1 X39.417 Y73.743 E14.12842
G1 X40.903 Y71.79 E14.21004
G1 X42.401 Y69.699 E14.29559
G1 X43.811 Y67.613 E14.37934
G1 X45.168 Y65.474 E14.46359
G1 X46.458 Y63.31 E14.54738
G1 X47.693 Y61.098 E14.63165
G1 X48.865 Y58.851 E14.71594
G1 X49.962 Y56.595 E14.79937
G1 X51.009 Y54.278 E14.88394
G1 X52.006 Y51.89 E14.97001
G1 X52.899 Y49.572 E15.05263
G1 X53.741 Y47.185 E15.13681
G1 X54.51 Y44.791 E15.22045
G1 X55.225 Y42.331 E15.30565
G1 X55.847 Y39.937 E15.38792
G1 X56.429 Y37.404 E15.47436
G1 X56.915 Y34.986 E15.55639
G1 X57.344 Y32.476 E15.64109
G1 X57.7 Y29.976 E15.72508
G1 X57.985 Y27.466 E15.8091
G1 X58.199 Y24.959 E15.89278
G1 X58.342 Y22.421 E15.97733
G1 X58.415 Y19.862 E16.06248
G1 X58.424 Y18.557 E16.10588
G1 X58.425 Y3.639 E16.60206
G1 X58.437 Y2.957 E16.62475
G1 X58.495 Y2.02 E16.65597
G1 X58.637 Y1.093 E16.68716
G1 X58.86 Y0.181 E16.71839
G1 X58.921 Y0.00 E16.72474
G1 F1500 E12.72474
G0 F6000 X149.643 Y0.00
G1 F1500 E16.72474
G1 F1200 X150.252 Y1.401 E16.77555
G1 X151.309 Y3.652 E16.85826
G1 X152.445 Y5.901 E16.94207
G1 X153.656 Y8.141 E17.02676
G1 X154.907 Y10.301 E17.10978
G1 X156.227 Y12.444 E17.19349
G1 X157.621 Y14.567 E17.27797
G1 X159.056 Y16.623 E17.36136
G1 X160.539 Y18.624 E17.4442
G1 X162.115 Y20.631 E17.52907
G1 X163.699 Y22.535 E17.61145
G1 X165.389 Y24.452 E17.69645
G1 X167.1 Y26.287 E17.77989
G1 X168.848 Y28.06 E17.8627
G1 X170.696 Y29.829 E17.94779
G1 X172.542 Y31.499 E18.03059
G1 X174.485 Y33.159 E18.11558
G1 X176.407 Y34.711 E18.19775
G1 X178.42 Y36.243 E18.28189
G1 X180.46 Y37.705 E18.36536
G1 X182.582 Y39.137 E18.45051
G1 X184.674 Y40.466 E18.53294
G1 X186.835 Y41.754 E18.61661
G1 X189.049 Y42.989 E18.70093
G1 X191.279 Y44.154 E18.78462
G1 X193.523 Y45.244 E18.86759
G1 X195.83 Y46.287 E18.9518
G1 X198.159 Y47.26 E19.03575
G1 X200.512 Y48.168 E19.11964
G1 X202.88 Y49.003 E19.20315
G1 X205.284 Y49.775 E19.28713
G1 X208.11 Y50.594 E19.38499
G1 X209.031 Y50.909 E19.41736
G1 X209.922 Y51.305 E19.44979
G1 X210.772 Y51.777 E19.48213
G1 X211.579 Y52.322 E19.51452
G1 X212.281 Y52.891 E19.54457
G1 X213.031 Y53.618 E19.57932
G1 X213.666 Y54.356 E19.6117
G1 X214.214 Y55.118 E19.64291
G1 X214.728 Y55.987 E19.6765
G1 X215.147 Y56.867 E19.70891
G1 X215.486 Y57.778 E19.74124
G1 X215.727 Y58.649 E19.7713
G1 X215.917 Y59.685 E19.80633
G1 X216.01 Y60.822 E19.84428
G1 X216.024 Y61.471 E19.86587
G1 X216.023 Y166.556 E23.36101
G1 X216.011 Y167.321 E23.38645
G1 X215.953 Y168.293 E23.41884
G1 X215.807 Y169.257 E23.45127
G1 X215.576 Y170.203 E23.48366
G1 X215.264 Y171.125 E23.51603
G1 X214.871 Y172.016 E23.54842
G1 X214.402 Y172.868 E23.58077
G1 X213.9 Y173.619 E23.61081
G1 X213.243 Y174.433 E23.64561
G1 X212.565 Y175.132 E23.67799
G1 X211.829 Y175.769 E23.71037
G1 X211.069 Y176.318 E23.74155
G1 X210.239 Y176.815 E23.77373
G1 X207.701 Y178.185 E23.86966
G1 X205.517 Y179.447 E23.95355
G1 X203.411 Y180.746 E24.03585
G1 X201.289 Y182.139 E24.12028
G1 X199.228 Y183.577 E24.20386
G1 X197.215 Y185.068 E24.28718
G1 X195.235 Y186.623 E24.37092
G1 X193.285 Y188.244 E24.45526
G1 X191.378 Y189.925 E24.53981
G1 X189.56 Y191.62 E24.62248
G1 X187.762 Y193.394 E24.70649
G1 X186.014 Y195.221 E24.79059
G1 X184.334 Y197.078 E24.87388
G1 X182.681 Y199.012 E24.9585
G1 X181.112 Y200.956 E25.04159
G1 X179.609 Y202.933 E25.12419
G1 X178.129 Y204.995 E25.20861
G1 X176.73 Y207.068 E25.29179
G1 X175.369 Y209.212 E25.37625
G1 X174.085 Y211.365 E25.45963
G1 X172.858 Y213.561 E25.54329
G1 X171.688 Y215.805 E25.62747
G1 X170.588 Y218.068 E25.71115
G1 X169.55 Y220.361 E25.79487
G1 X168.547 Y222.761 E25.88139
G1 X168.238 Y223.529 E25.90892
G1 X167.832 Y224.415 E25.94133
G1 X167.35 Y225.262 E25.97375
G1 X166.795 Y226.06 E26.00608
G1 X166.171 Y226.81 E26.03853
G1 X165.535 Y227.451 E26.06856
G1 X164.738 Y228.125 E26.10328
G1 X163.939 Y228.683 E26.13569
G1 X163.095 Y229.167 E26.16805
G1 X162.244 Y229.563 E26.19927
G1 X161.294 Y229.905 E26.23285
G1 X160.932 Y230 E26.2453
G1 F1500 E22.2453
G0 F6000 X157.981 Y230
G1 F1500 E26.2453
G1 F1200 X158.37 Y229.991 E26.25824
G1 X159.358 Y229.914 E26.2912
G1 X160.285 Y229.756 E26.32248
G1 X161.192 Y229.518 E26.35367
G1 X162.075 Y229.2 E26.38488
G1 X162.926 Y228.804 E26.4161
G1 X163.739 Y228.336 E26.4473
G1 X164.508 Y227.797 E26.47854
G1 X165.251 Y227.169 E26.51089
G1 X165.887 Y226.528 E26.54093
G1 X166.487 Y225.805 E26.57217
G1 X167.021 Y225.034 E26.60337
G1 X167.484 Y224.218 E26.63457
G1 X167.874 Y223.363 E26.66583
G1 X168.178 Y222.607 E26.69293
G1 X169.186 Y220.196 E26.77985
G1 X170.228 Y217.893 E26.86392
G1 X171.333 Y215.62 E26.94798
G1 X172.503 Y213.376 E27.03215
G1 X173.741 Y211.16 E27.11658
G1 X175.025 Y209.007 E27.19996
G1 X176.398 Y206.844 E27.28517
G1 X177.797 Y204.771 E27.36835
G1 X179.284 Y202.7 E27.45315
G1 X180.801 Y200.705 E27.5365
G1 X182.377 Y198.752 E27.61997
G1 X184.037 Y196.81 E27.70495
G1 X185.725 Y194.944 E27.78864
G1 X187.481 Y193.109 E27.87311
G1 X189.287 Y191.327 E27.9575
G1 X191.113 Y189.625 E28.04052
G1 X193.029 Y187.936 E28.12547
G1 X194.979 Y186.315 E28.20981
G1 X196.968 Y184.753 E28.29393
G1 X198.999 Y183.249 E28.37799
G1 X201.06 Y181.811 E28.46157
G1 X203.201 Y180.406 E28.54674
G1 X205.317 Y179.101 E28.62943
G1 X207.511 Y177.833 E28.71371
G1 X210.049 Y176.463 E28.80964
G1 X210.863 Y175.975 E28.84121
G1 X211.594 Y175.445 E28.87124
G1 X212.303 Y174.83 E28.90246
G1 X212.955 Y174.155 E28.93367
G1 X213.567 Y173.397 E28.96607
G1 X214.069 Y172.646 E28.99612
G1 X214.52 Y171.824 E29.0273
G1 X214.898 Y170.964 E29.05855
G1 X215.197 Y170.075 E29.08974
G1 X215.418 Y169.163 E29.12095
G1 X215.557 Y168.234 E29.1522
G1 X215.612 Y167.298 E29.18338
G1 X215.623 Y166.55 E29.20826
G1 X215.624 Y61.471 E32.7032
G1 X215.611 Y60.855 E32.7237
G1 X215.518 Y59.718 E32.76164
G1 X215.341 Y58.756 E32.79417
G1 X215.1 Y57.885 E32.82423
G1 X214.772 Y57.007 E32.85541
G1 X214.367 Y56.16 E32.88663
G1 X213.889 Y55.352 E32.91786
G1 X213.341 Y54.59 E32.94907
G1 X212.728 Y53.879 E32.9803
G1 X212.029 Y53.202 E33.01266
G1 X211.327 Y52.633 E33.04272
G1 X210.549 Y52.109 E33.07392
G1 X209.728 Y51.655 E33.10512
G1 X208.869 Y51.275 E33.13636
G1 X207.981 Y50.973 E33.16756
G1 X205.162 Y50.156 E33.26518
G1 X202.758 Y49.384 E33.34916
G1 X200.372 Y48.542 E33.43331
G1 X198.015 Y47.633 E33.51733
G1 X195.665 Y46.651 E33.60204
G1 X193.358 Y45.609 E33.68624
G1 X191.104 Y44.514 E33.76959
G1 X188.864 Y43.344 E33.85364
G1 X186.63 Y42.098 E33.93872
G1 X184.469 Y40.81 E34.02239
G1 X182.358 Y39.469 E34.10557
G1 X180.236 Y38.037 E34.19072
G1 X178.187 Y36.568 E34.27457
G1 X176.165 Y35.029 E34.35909
G1 X174.225 Y33.463 E34.44201
G1 X172.282 Y31.803 E34.52701
G1 X170.419 Y30.118 E34.61056
G1 X168.571 Y28.349 E34.69564
G1 X166.807 Y26.56 E34.77921
G1 X165.096 Y24.725 E34.86266
G1 X163.399 Y22.8 E34.94801
G1 X161.8 Y20.878 E35.03116
G1 X160.224 Y18.871 E35.11604
G1 X158.728 Y16.852 E35.19962
G1 X157.293 Y14.796 E35.28301
G1 X155.887 Y12.654 E35.36823
G1 X154.566 Y10.511 E35.45196
G1 X153.304 Y8.331 E35.53574
G1 X152.093 Y6.091 E35.62043
G1 X150.952 Y3.832 E35.70461
G1 X149.89 Y1.571 E35.78769
G1 X149.207 Y0.00 E35.84467
G0 F6000 X148.77 Y0.00
G1 F1200 X149.523 Y1.731 E35.90745
G1 X150.595 Y4.012 E35.99128
G1 X151.741 Y6.281 E36.07582
G1 X152.952 Y8.521 E36.16052
G1 X154.226 Y10.721 E36.24507
G1 X155.553 Y12.873 E36.32916
G1 X156.965 Y15.025 E36.41477
G1 X158.4 Y17.081 E36.49816
G1 X159.909 Y19.118 E36.58248
G1 X161.485 Y21.125 E36.66735
G1 X163.099 Y23.065 E36.75129
G1 X164.803 Y24.998 E36.83699
G1 X166.514 Y26.833 E36.92044
G1 X168.294 Y28.638 E37.00476
G1 X170.142 Y30.407 E37.08984
G1 X172.022 Y32.107 E37.17415
G1 X173.965 Y33.767 E37.25914
G1 X175.923 Y35.347 E37.34283
G1 X177.954 Y36.893 E37.42772
G1 X180.012 Y38.369 E37.51196
G1 X182.134 Y39.801 E37.5971
G1 X184.264 Y41.154 E37.68103
G1 X186.425 Y42.442 E37.7647
G1 X188.679 Y43.699 E37.85054
G1 X190.929 Y44.874 E37.93497
G1 X193.193 Y45.974 E38.01868
G1 X195.5 Y47.016 E38.10288
G1 X197.871 Y48.006 E38.18834
G1 X200.232 Y48.916 E38.2725
G1 X202.636 Y49.765 E38.35729
G1 X205.04 Y50.537 E38.44127
G1 X207.853 Y51.352 E38.53868
G1 X208.708 Y51.641 E38.5687
G1 X209.535 Y52.005 E38.59875
G1 X210.326 Y52.441 E38.62879
G1 X211.075 Y52.944 E38.6588
G1 X211.777 Y53.513 E38.68885
G1 X212.426 Y54.141 E38.71889
G1 X213.017 Y54.824 E38.74893
G1 X213.545 Y55.556 E38.77895
G1 X214.006 Y56.333 E38.809
G1 X214.397 Y57.147 E38.83904
G1 X214.714 Y57.992 E38.86905
G1 X214.955 Y58.863 E38.89911
G1 X215.119 Y59.751 E38.92915
G1 X215.211 Y60.864 E38.96629
G1 X215.224 Y61.471 E38.98648
G1 X215.223 Y166.545 E42.48126
G1 X215.213 Y167.275 E42.50554
G1 X215.161 Y168.176 E42.53556
G1 X215.029 Y169.07 E42.56562
G1 X214.818 Y169.948 E42.59565
G1 X214.531 Y170.804 E42.62568
G1 X214.169 Y171.632 E42.65573
G1 X213.736 Y172.424 E42.68576
G1 X213.234 Y173.175 E42.7158
G1 X212.667 Y173.878 E42.74584
G1 X212.041 Y174.528 E42.77586
G1 X211.359 Y175.121 E42.80591
G1 X210.628 Y175.651 E42.83595
G1 X209.859 Y176.111 E42.86575
G1 X207.321 Y177.481 E42.96168
G1 X205.117 Y178.755 E43.04635
G1 X202.991 Y180.066 E43.12942
G1 X200.831 Y181.483 E43.21534
G1 X198.77 Y182.921 E43.29893
G1 X196.721 Y184.438 E43.38372
G1 X194.723 Y186.007 E43.46822
G1 X192.773 Y187.628 E43.55256
G1 X190.848 Y189.325 E43.63791
G1 X189.014 Y191.034 E43.72129
G1 X187.2 Y192.824 E43.80605
G1 X185.436 Y194.667 E43.8909
G1 X183.74 Y196.542 E43.97499
G1 X182.073 Y198.492 E44.06032
G1 X180.49 Y200.454 E44.14417
G1 X178.959 Y202.467 E44.22828
G1 X177.465 Y204.547 E44.31346
G1 X176.066 Y206.62 E44.39664
G1 X174.681 Y208.802 E44.4826
G1 X173.397 Y210.955 E44.56598
G1 X172.148 Y213.191 E44.65116
G1 X170.978 Y215.435 E44.73533
G1 X169.868 Y217.718 E44.81977
G1 X168.822 Y220.031 E44.9042
G1 X167.809 Y222.453 E44.99152
G1 X167.51 Y223.198 E45.01822
G1 X167.136 Y224.021 E45.04828
G1 X166.692 Y224.807 E45.07831
G1 X166.179 Y225.55 E45.10834
G1 X165.603 Y226.246 E45.13839
G1 X164.967 Y226.887 E45.16842
G1 X164.278 Y227.47 E45.19844
G1 X163.539 Y227.99 E45.22849
G1 X162.757 Y228.442 E45.25854
G1 X161.939 Y228.824 E45.28856
G1 X161.09 Y229.131 E45.31859
G1 X160.217 Y229.362 E45.34863
G1 X159.327 Y229.515 E45.37866
G1 X158.361 Y229.591 E45.41089
G1 X157.722 Y229.606 E45.43215
G1 X22.627 Y229.605 E49.92543
G1 X21.929 Y229.596 E49.94864
G1 X21.028 Y229.545 E49.97866
G1 X20.134 Y229.413 E50.00872
G1 X19.256 Y229.204 E50.03874
G1 X18.399 Y228.917 E50.06879
G1 X17.572 Y228.556 E50.09881
G1 X16.779 Y228.123 E50.12886
G1 X16.028 Y227.622 E50.15888
G1 X15.324 Y227.056 E50.18893
G1 X14.673 Y226.43 E50.21897
G1 X14.08 Y225.749 E50.249
G1 X13.55 Y225.018 E50.27903
G1 X13.086 Y224.243 E50.30908
G1 X12.692 Y223.43 E50.33913
G1 X12.372 Y222.586 E50.36915
G1 X12.128 Y221.716 E50.3992
G1 X11.962 Y220.828 E50.42925
G1 X11.865 Y219.673 E50.4678
G1 X11.852 Y219.064 E50.48806
G1 X11.853 Y103.968 E54.31617
G1 X11.863 Y103.267 E54.33948
G1 X11.916 Y102.365 E54.36954
G1 X12.048 Y101.472 E54.39956
G1 X12.259 Y100.593 E54.42963
G1 X12.547 Y99.737 E54.45966
G1 X12.909 Y98.91 E54.48969
G1 X13.343 Y98.118 E54.51973
G1 X13.846 Y97.368 E54.54976
G1 X14.413 Y96.665 E54.5798
G1 X15.039 Y96.015 E54.60982
G1 X15.721 Y95.422 E54.63988
G1 X16.583 Y94.808 E54.67508
G1 X17.173 Y94.432 E54.69835
G1 X19.359 Y92.997 E54.78532
G1 X21.456 Y91.534 E54.87036
G1 X23.471 Y90.042 E54.95375
G1 X25.47 Y88.473 E55.03827
G1 X27.42 Y86.849 E55.12268
G1 X29.351 Y85.148 E55.20827
G1 X31.203 Y83.422 E55.29247
G1 X32.972 Y81.676 E55.37514
G1 X34.768 Y79.8 E55.46152
G1 X36.456 Y77.935 E55.54518
G1 X38.105 Y76.004 E55.62964
G1 X39.728 Y73.994 E55.71557
G1 X41.228 Y72.023 E55.79795
G1 X42.726 Y69.932 E55.8835
G1 X44.149 Y67.827 E55.96801
G1 X45.512 Y65.679 E56.05262
G1 X46.802 Y63.515 E56.13641
G1 X48.048 Y61.283 E56.22144
G1 X49.22 Y59.036 E56.30573
G1 X50.322 Y56.77 E56.38953
G1 X51.373 Y54.443 E56.47446
G1 X52.375 Y52.044 E56.56093
G1 X53.272 Y49.716 E56.64391
G1 X54.118 Y47.318 E56.72848
G1 X54.891 Y44.913 E56.8125
G1 X55.609 Y42.443 E56.89806
G1 X56.234 Y40.038 E56.9807
G1 X56.819 Y37.494 E57.06753
G1 X57.307 Y35.065 E57.14993
G1 X57.738 Y32.543 E57.23503
G1 X58.096 Y30.032 E57.31939
G1 X58.384 Y27.5 E57.40415
G1 X58.597 Y24.993 E57.48783
G1 X58.742 Y22.432 E57.57315
G1 X58.815 Y19.873 E57.65829
G1 X58.824 Y18.56 E57.70196
G1 X58.825 Y3.646 E58.19801
G1 X58.836 Y2.981 E58.22013
G1 X58.891 Y2.08 E58.25015
G1 X59.026 Y1.187 E58.28019
G1 X59.239 Y0.309 E58.31024
G1 X59.343 Y0.00 E58.32108
G1 F1500 E54.32108
;MESH:base_model_2.stl
G0 F6000 X74.277 Y23.85
G0 X76.464 Y29.746
;TYPE:WALL-INNER
G1 F1500 E58.32108
G1 F1200 X75.927 Y29.792 E58.33901
G1 X75.388 Y29.746 E58.357
G1 X74.866 Y29.612 E58.37493
G1 X74.372 Y29.379 E58.39309
G1 X73.93 Y29.068 E58.41107
G1 X73.551 Y28.689 E58.42889
G1 X73.244 Y28.249 E58.44674
G1 X73.011 Y27.761 E58.46473
G1 X72.87 Y27.231 E58.48297
G1 X72.824 Y26.692 E58.50096
G1 X72.87 Y26.153 E58.51895
G1 X73.011 Y25.623 E58.53719
G1 X73.244 Y25.135 E58.55518
G1 X73.551 Y24.695 E58.57302
G1 X73.93 Y24.316 E58.59085
G1 X74.372 Y24.005 E58.60882
G1 X74.864 Y23.778 E58.62685
G1 X75.388 Y23.638 E58.64489
G1 X75.925 Y23.589 E58.66282
G1 X76.468 Y23.641 E58.68096
G1 X76.951 Y23.768 E58.69757
G1 X77.496 Y24.017 E58.7175
G1 X77.906 Y24.306 E58.73419
G1 X78.29 Y24.686 E58.75216
G1 X78.6 Y25.125 E58.77003
G1 X78.849 Y25.656 E58.78954
G1 X78.984 Y26.181 E58.80757
G1 X79.024 Y26.723 E58.82564
G1 X78.983 Y27.212 E58.84196
G1 X78.837 Y27.763 E58.86092
G1 X78.611 Y28.24 E58.87848
G1 X78.302 Y28.688 E58.89658
G1 X77.93 Y29.058 E58.91403
G1 X77.507 Y29.36 E58.93132
G1 X76.989 Y29.611 E58.95046
G1 X76.464 Y29.746 E58.96849
G1 F1500 E54.96849
G0 F6000 X75.928 Y29.972
G0 X75.66 Y94.324
G0 X76.713 Y100.517
G1 F1500 E58.96849
G1 F1200 X76.186 Y100.657 E58.98663
G1 X75.659 Y100.704 E59.00423
G1 X75.117 Y100.658 E59.02232
G1 X74.592 Y100.518 E59.04039
G1 X74.1 Y100.291 E59.05841
G1 X73.658 Y99.98 E59.07639
G1 X73.279 Y99.601 E59.09421
G1 X72.972 Y99.161 E59.11206
G1 X72.739 Y98.672 E59.13007
G1 X72.6 Y98.144 E59.14823
G1 X72.556 Y97.604 E59.16625
G1 X72.598 Y97.065 E59.18424
G1 X72.739 Y96.535 E59.20248
G1 X72.972 Y96.047 E59.22046
G1 X73.279 Y95.607 E59.23831
G1 X73.658 Y95.228 E59.25613
G1 X74.1 Y94.917 E59.27411
G1 X74.599 Y94.683 E59.29244
G1 X75.116 Y94.55 E59.3102
G1 X75.659 Y94.504 E59.32832
G1 X76.193 Y94.55 E59.34615
G1 X76.697 Y94.682 E59.36348
G1 X77.207 Y94.916 E59.38214
G1 X77.625 Y95.211 E59.39916
G1 X78.026 Y95.607 E59.4179
G1 X78.334 Y96.047 E59.43576
G1 X78.557 Y96.513 E59.45295
G1 X78.705 Y97.048 E59.47141
G1 X78.756 Y97.587 E59.48942
G1 X78.706 Y98.152 E59.50828
G1 X78.564 Y98.678 E59.5264
G1 X78.34 Y99.155 E59.54393
G1 X78.043 Y99.58 E59.56117
G1 X77.627 Y99.996 E59.58074
G1 X77.226 Y100.278 E59.59705
G1 X76.713 Y100.517 E59.61587
G1 F1500 E55.61587
G0 F6000 X76.219 Y100.837
G0 X77.993 Y114.904
G0 X79.585 Y121.054
G1 F1500 E59.61587
G1 F1200 X79.058 Y121.194 E59.63401
G1 X78.524 Y121.24 E59.65183
G1 X77.984 Y121.194 E59.66986
G1 X77.47 Y121.055 E59.68757
G1 X76.97 Y120.829 E59.70582
G1 X76.526 Y120.516 E59.72389
G1 X76.147 Y120.137 E59.74171
G1 X75.837 Y119.692 E59.75975
G1 X75.607 Y119.207 E59.7776
G1 X75.468 Y118.68 E59.79573
G1 X75.424 Y118.14 E59.81375
G1 X75.466 Y117.601 E59.83173
G1 X75.607 Y117.072 E59.84994
G1 X75.837 Y116.588 E59.86777
G1 X76.147 Y116.143 E59.8858
G1 X76.526 Y115.764 E59.90363
G1 X76.969 Y115.452 E59.92165
G1 X77.466 Y115.222 E59.93987
G1 X77.997 Y115.086 E59.9581
G1 X78.554 Y115.04 E59.97669
G1 X79.03 Y115.084 E59.99259
G1 X79.609 Y115.234 E60.01248
G1 X80.1 Y115.47 E60.0306
G1 X80.498 Y115.751 E60.0468
G1 X80.881 Y116.128 E60.06468
G1 X81.194 Y116.57 E60.08269
G1 X81.444 Y117.101 E60.10221
G1 X81.579 Y117.623 E60.12015
G1 X81.627 Y118.138 E60.13735
G1 X81.578 Y118.663 E60.15489
G1 X81.436 Y119.202 E60.17343
G1 X81.208 Y119.691 E60.19137
G1 X80.897 Y120.133 E60.20935
G1 X80.518 Y120.516 E60.22727
G1 X80.076 Y120.824 E60.24519
G1 X79.585 Y121.054 E60.26322
G1 F1500 E56.26322
G0 F6000 X80.632 Y120.653
G0 X113.913 Y120.659
G0 X116.024 Y121.24
G1 F1500 E60.26322
G1 F1200 X115.485 Y121.194 E60.28121
G1 X114.959 Y121.054 E60.29932
G1 X114.468 Y120.824 E60.31735
G1 X114.026 Y120.516 E60.33527
G1 X113.647 Y120.133 E60.35319
G1 X113.34 Y119.693 E60.37103
G1 X113.107 Y119.207 E60.38896
G1 X112.965 Y118.66 E60.40776
G1 X112.924 Y118.156 E60.42457
G1 X112.965 Y117.623 E60.44235
G1 X113.1 Y117.101 E60.46029
G1 X113.333 Y116.599 E60.47869
G1 X113.644 Y116.15 E60.49686
G1 X114.058 Y115.741 E60.51622
G1 X114.464 Y115.458 E60.53268
G1 X114.962 Y115.22 E60.55103
G1 X115.497 Y115.086 E60.56938
G1 X115.995 Y115.04 E60.58601
G1 X116.558 Y115.088 E60.60481
G1 X117.066 Y115.218 E60.62225
G1 X117.556 Y115.444 E60.64019
G1 X118.015 Y115.764 E60.6588
G1 X118.393 Y116.142 E60.67658
G1 X118.697 Y116.575 E60.69418
G1 X118.932 Y117.066 E60.71229
G1 X119.078 Y117.617 E60.73124
G1 X119.124 Y118.119 E60.74801
G1 X119.078 Y118.663 E60.76617
G1 X118.936 Y119.202 E60.78471
G1 X118.708 Y119.691 E60.80265
G1 X118.397 Y120.133 E60.82063
G1 X118.018 Y120.516 E60.83855
G1 X117.576 Y120.824 E60.85647
G1 X117.085 Y121.054 E60.8745
G1 X116.558 Y121.194 E60.89264
G1 X116.024 Y121.24 E60.91046
G1 F1500 E56.91046
G0 F6000 X118.132 Y120.653
G0 X154.505 Y127.75
G0 X155.961 Y128.554
G1 F1500 E60.91046
G1 F1200 X155.468 Y128.328 E60.9285
G1 X155.026 Y128.016 E60.9465
G1 X154.647 Y127.637 E60.96432
G1 X154.337 Y127.192 E60.98236
G1 X154.107 Y126.708 E61.00019
G1 X153.967 Y126.181 E61.01832
G1 X153.921 Y125.645 E61.03621
G1 X153.969 Y125.098 E61.05448
G1 X154.103 Y124.591 E61.07192
G1 X154.336 Y124.09 E61.0903
G1 X154.641 Y123.654 E61.10799
G1 X155.024 Y123.268 E61.12608
G1 X155.455 Y122.963 E61.14364
G1 X155.977 Y122.718 E61.16282
G1 X156.485 Y122.588 E61.18026
G1 X157 Y122.54 E61.19746
G1 X157.553 Y122.587 E61.21592
G1 X158.061 Y122.716 E61.23336
G1 X158.581 Y122.958 E61.25243
G1 X159.007 Y123.258 E61.26976
G1 X159.378 Y123.625 E61.28712
G1 X159.698 Y124.077 E61.30554
G1 X159.932 Y124.566 E61.32357
G1 X160.08 Y125.128 E61.3429
G1 X160.124 Y125.673 E61.36108
G1 X160.072 Y126.199 E61.37866
G1 X159.94 Y126.692 E61.39564
G1 X159.708 Y127.19 E61.41391
G1 X159.396 Y127.638 E61.43207
G1 X159.017 Y128.014 E61.44983
G1 X158.561 Y128.333 E61.46834
G1 X158.083 Y128.554 E61.48585
G1 X157.56 Y128.692 E61.50384
G1 X157.025 Y128.743 E61.52172
G1 X156.483 Y128.693 E61.53982
G1 X155.961 Y128.554 E61.55779
G1 F1500 E57.55779
G0 F6000 X155.546 Y128.474
G0 X156.449 Y128.872
G0 X156.448 Y132.365
G0 X160.224 Y166.54
G1 F1500 E61.55779
G1 F1200 X204.424 Y166.54 E63.02788
G1 X204.424 Y61.74 E66.51355
G1 X138.939 Y61.735 E68.69159
G1 X138.726 Y61.662 E68.69908
G1 X138.592 Y61.558 E68.70472
G1 X138.451 Y61.321 E68.71389
G1 X138.424 Y61.169 E68.71902
G1 X138.424 Y3.74 E70.62912
G1 X69.624 Y3.74 E72.91742
G1 X69.625 Y132.539 E77.20129
G1 X159.696 Y132.544 E80.19706
G1 X159.94 Y132.629 E80.20566
G1 X160.1 Y132.773 E80.21282
G1 X160.224 Y133.051 E80.22294
G1 X160.224 Y166.54 E81.33679
G1 F1500 E77.33679
G0 F6000 X160.494 Y166.44
G0 X187.957 Y166.34
G0 X188.377 Y154.98
G0 X188.026 Y154.516
G1 F1500 E81.33679
G1 F1200 X187.647 Y154.133 E81.35471
G1 X187.34 Y153.693 E81.37256
G1 X187.107 Y153.207 E81.39048
G1 X186.965 Y152.66 E81.40928
G1 X186.924 Y152.121 E81.42726
G1 X186.972 Y151.583 E81.44522
G1 X187.102 Y151.094 E81.46205
G1 X187.349 Y150.572 E81.48126
G1 X187.665 Y150.126 E81.49944
G1 X188.01 Y149.781 E81.51567
G1 X188.49 Y149.443 E81.53519
G1 X188.959 Y149.222 E81.55244
G1 X189.46 Y149.093 E81.56964
G1 X190.003 Y149.04 E81.58779
G1 X190.558 Y149.088 E81.60632
G1 X191.078 Y149.222 E81.62418
G1 X191.577 Y149.456 E81.64251
G1 X192.018 Y149.764 E81.6604
G1 X192.396 Y150.146 E81.67827
G1 X192.707 Y150.587 E81.69622
G1 X192.937 Y151.072 E81.71408
G1 X193.078 Y151.601 E81.73228
G1 X193.124 Y152.14 E81.75028
G1 X193.076 Y152.68 E81.76831
G1 X192.937 Y153.207 E81.78644
G1 X192.707 Y153.693 E81.80432
G1 X192.396 Y154.134 E81.82227
G1 X192.018 Y154.516 E81.84014
G1 X191.576 Y154.824 E81.85806
G1 X191.085 Y155.054 E81.87609
G1 X190.558 Y155.194 E81.89423
G1 X190.024 Y155.24 E81.91206
G1 X189.485 Y155.194 E81.93005
G1 X188.959 Y155.054 E81.94815
G1 X188.468 Y154.824 E81.96619
G1 X188.026 Y154.516 E81.9841
G1 F1500 E77.9841
G0 F6000 X187.957 Y154.589
G0 X187.261 Y153.146
G0 X187.128 Y152.651
G0 X187.082 Y152.141
G0 X187.128 Y151.631
G0 X187.261 Y151.136
G0 X187.477 Y150.671
G0 X187.644 Y150.433
G0 X188.908 Y149.048
G0 X193.898 Y84.222
G0 X193.494 Y83.839
G1 F1500 E81.9841
G1 F1200 X193.037 Y83.522 E82.0026
G1 X192.654 Y83.142 E82.02055
G1 X192.354 Y82.716 E82.03788
G1 X192.109 Y82.206 E82.0567
G1 X191.963 Y81.645 E82.07598
G1 X191.924 Y81.116 E82.09362
G1 X191.973 Y80.576 E82.11165
G1 X192.102 Y80.095 E82.12822
G1 X192.336 Y79.589 E82.14676
G1 X192.647 Y79.147 E82.16473
G1 X193.026 Y78.764 E82.18266
G1 X193.465 Y78.457 E82.20047
G1 X193.962 Y78.22 E82.21879
G1 X194.485 Y78.088 E82.23673
G1 X195.024 Y78.04 E82.25472
G1 X195.558 Y78.088 E82.27256
G1 X196.078 Y78.222 E82.29042
G1 X196.575 Y78.452 E82.30863
G1 X197.018 Y78.764 E82.32665
G1 X197.396 Y79.142 E82.34443
G1 X197.706 Y79.585 E82.36242
G1 X197.937 Y80.072 E82.38034
G1 X198.078 Y80.601 E82.39855
G1 X198.124 Y81.14 E82.41655
G1 X198.076 Y81.68 E82.43458
G1 X197.937 Y82.207 E82.4527
G1 X197.706 Y82.695 E82.47066
G1 X197.396 Y83.138 E82.48865
G1 X197.018 Y83.516 E82.50643
G1 X196.576 Y83.828 E82.52442
G1 X196.083 Y84.054 E82.54246
G1 X195.56 Y84.192 E82.56045
G1 X195.024 Y84.243 E82.57836
G1 X194.464 Y84.188 E82.59707
G1 X193.938 Y84.043 E82.61522
G1 X193.494 Y83.839 E82.63147
G0 F6000 X193.676 Y83.483
;TYPE:WALL-OUTER
G1 F1200 X193.274 Y83.198 E82.64786
G1 X192.956 Y82.88 E82.66282
G1 X192.688 Y82.496 E82.67839
G1 X192.481 Y82.058 E82.69451
G1 X192.36 Y81.593 E82.71049
G1 X192.324 Y81.123 E82.72617
G1 X192.362 Y80.67 E82.74129
G1 X192.478 Y80.232 E82.75636
G1 X192.689 Y79.783 E82.77286
G1 X192.943 Y79.417 E82.78767
G1 X193.3 Y79.06 E82.80447
G1 X193.682 Y78.794 E82.81995
G1 X194.082 Y78.606 E82.83465
G1 X194.553 Y78.482 E82.85085
G1 X195.043 Y78.44 E82.8672
G1 X195.49 Y78.482 E82.88214
G1 X195.944 Y78.599 E82.89773
G1 X196.362 Y78.794 E82.91307
G1 X196.77 Y79.082 E82.92968
G1 X197.101 Y79.417 E82.94535
G1 X197.349 Y79.773 E82.95978
G1 X197.566 Y80.232 E82.97666
G1 X197.684 Y80.685 E82.99223
G1 X197.724 Y81.121 E83.0068
G1 X197.682 Y81.611 E83.02315
G1 X197.566 Y82.048 E83.03819
G1 X197.349 Y82.507 E83.05508
G1 X197.101 Y82.863 E83.06951
G1 X196.744 Y83.22 E83.0863
G1 X196.392 Y83.468 E83.10062
G1 X195.928 Y83.682 E83.11762
G1 X195.491 Y83.798 E83.13265
G1 X195.005 Y83.84 E83.14888
G1 X194.546 Y83.796 E83.16422
G1 X194.091 Y83.673 E83.17989
G1 X193.676 Y83.483 E83.19507
G1 F1500 E79.19507
G0 F6000 X193.388 Y83.893
G0 X192.923 Y83.663
G0 X159.121 Y123.117
G0 X156.116 Y128.182
G1 F1500 E83.19507
G1 F1200 X155.652 Y127.968 E83.21207
G1 X155.274 Y127.698 E83.22752
G1 X154.943 Y127.363 E83.24318
G1 X154.695 Y127.007 E83.25761
G1 X154.478 Y126.548 E83.2745
G1 X154.36 Y126.093 E83.29013
G1 X154.324 Y125.623 E83.30581
G1 X154.366 Y125.152 E83.32154
G1 X154.486 Y124.708 E83.33684
G1 X154.687 Y124.286 E83.35238
G1 X154.959 Y123.897 E83.36817
G1 X155.293 Y123.565 E83.38383
G1 X155.682 Y123.294 E83.3996
G1 X156.082 Y123.106 E83.4143
G1 X156.553 Y122.982 E83.4305
G1 X157.043 Y122.94 E83.44686
G1 X157.506 Y122.986 E83.46233
G1 X157.962 Y123.106 E83.47802
G1 X158.392 Y123.312 E83.49387
G1 X158.77 Y123.582 E83.50932
G1 X159.101 Y123.917 E83.52499
G1 X159.365 Y124.302 E83.54051
G1 X159.559 Y124.711 E83.55557
G1 X159.684 Y125.185 E83.57187
G1 X159.724 Y125.659 E83.5877
G1 X159.678 Y126.128 E83.60337
G1 X159.562 Y126.562 E83.61831
G1 X159.349 Y127.007 E83.63472
G1 X159.091 Y127.376 E83.6497
G1 X158.758 Y127.709 E83.66536
G1 X158.371 Y127.981 E83.68109
G1 X157.928 Y128.182 E83.69727
G1 X157.491 Y128.298 E83.71231
G1 X157.005 Y128.34 E83.72853
G1 X156.536 Y128.294 E83.74421
G1 X156.116 Y128.182 E83.75867
G1 F1500 E79.75867
G0 F6000 X155.546 Y128.474
G0 X156.449 Y128.872
G0 X156.448 Y132.365
G0 X159.824 Y166.94
G1 F1500 E83.75867
G1 F1200 X204.824 Y166.94 E85.25537
G1 X204.824 Y61.34 E88.76764
G1 X141.642 Y61.341 E90.86908
G1 X138.959 Y61.33 E90.95832
G1 X138.824 Y61.197 E90.96463
G1 X138.824 Y3.34 E92.88896
G1 X69.224 Y3.34 E95.20386
G1 X69.225 Y132.939 E99.51434
G1 X159.676 Y132.946 E102.52275
G1 X159.824 Y133.095 E102.52974
G1 X159.824 Y166.94 E103.65543
G1 F1500 E99.65543
G0 F6000 X160.094 Y166.671
G0 X187.922 Y166.34
G0 X188.377 Y154.98
G0 X188.274 Y154.198
G1 F1500 E103.65543
G1 F1200 X187.954 Y153.877 E103.6705
G1 X187.686 Y153.493 E103.68608
G1 X187.478 Y153.048 E103.70242
G1 X187.363 Y152.616 E103.71729
G1 X187.324 Y152.123 E103.73373
G1 X187.366 Y151.652 E103.74946
G1 X187.486 Y151.209 E103.76473
G1 X187.689 Y150.782 E103.78045
G1 X187.96 Y150.396 E103.79614
G1 X188.287 Y150.07 E103.8115
G1 X188.682 Y149.794 E103.82752
G1 X189.112 Y149.595 E103.84328
G1 X189.569 Y149.48 E103.85896
G1 X190.043 Y149.44 E103.87478
G1 X190.49 Y149.482 E103.88971
G1 X190.944 Y149.599 E103.9053
G1 X191.377 Y149.802 E103.92121
G1 X191.757 Y150.07 E103.93668
G1 X192.09 Y150.403 E103.95234
G1 X192.349 Y150.773 E103.96736
G1 X192.566 Y151.232 E103.98425
G1 X192.684 Y151.685 E103.99982
G1 X192.724 Y152.159 E104.01564
G1 X192.682 Y152.611 E104.03074
G1 X192.566 Y153.048 E104.04577
G1 X192.349 Y153.507 E104.06266
G1 X192.09 Y153.877 E104.07768
G1 X191.744 Y154.22 E104.09389
G1 X191.376 Y154.478 E104.10884
G1 X190.928 Y154.682 E104.12521
G1 X190.475 Y154.8 E104.14078
G1 X190.005 Y154.84 E104.15647
G1 X189.536 Y154.794 E104.17214
G1 X189.116 Y154.682 E104.1866
G1 X188.668 Y154.478 E104.20297
G1 X188.274 Y154.198 E104.21905
G1 F1500 E100.21905
G0 F6000 X187.922 Y154.553
G0 X186.938 Y153.264
G0 X117.666 Y120.98
G0 X116.005 Y120.84
G1 F1500 E104.21905
G1 F1200 X115.536 Y120.794 E104.23472
G1 X115.116 Y120.682 E104.24918
G1 X114.668 Y120.478 E104.26555
G1 X114.274 Y120.198 E104.28163
G1 X113.954 Y119.877 E104.2967
G1 X113.686 Y119.493 E104.31228
G1 X113.478 Y119.048 E104.32862
G1 X113.363 Y118.616 E104.34348
G1 X113.324 Y118.123 E104.35993
G1 X113.361 Y117.677 E104.37482
G1 X113.487 Y117.206 E104.39103
G1 X113.695 Y116.773 E104.40701
G1 X113.966 Y116.39 E104.42262
G1 X114.3 Y116.06 E104.43823
G1 X114.682 Y115.794 E104.45372
G1 X115.118 Y115.594 E104.46967
G1 X115.569 Y115.48 E104.48514
G1 X116.043 Y115.44 E104.50096
G1 X116.496 Y115.483 E104.5161
G1 X116.962 Y115.606 E104.53213
G1 X117.37 Y115.798 E104.54713
G1 X117.77 Y116.082 E104.56344
G1 X118.101 Y116.417 E104.5791
G1 X118.365 Y116.802 E104.59463
G1 X118.561 Y117.216 E104.60987
G1 X118.681 Y117.665 E104.62532
G1 X118.724 Y118.159 E104.64182
G1 X118.678 Y118.628 E104.65749
G1 X118.566 Y119.048 E104.67195
G1 X118.358 Y119.493 E104.68829
G1 X118.101 Y119.863 E104.70327
G1 X117.744 Y120.22 E104.72006
G1 X117.376 Y120.478 E104.73501
G1 X116.928 Y120.682 E104.75138
G1 X116.475 Y120.8 E104.76695
G1 X116.005 Y120.84 E104.78264
G1 F1500 E100.78264
G0 F6000 X115.979 Y121.138
G0 X113.913 Y120.659
G0 X80.632 Y120.653
G0 X79.428 Y120.682
G1 F1500 E104.78264
G1 F1200 X78.975 Y120.8 E104.79821
G1 X78.505 Y120.84 E104.8139
G1 X78.036 Y120.794 E104.82957
G1 X77.616 Y120.682 E104.84403
G1 X77.152 Y120.468 E104.86103
G1 X76.774 Y120.198 E104.87648
G1 X76.443 Y119.863 E104.89214
G1 X76.195 Y119.507 E104.90657
G1 X75.978 Y119.048 E104.92346
G1 X75.862 Y118.611 E104.93849
G1 X75.824 Y118.123 E104.95477
G1 X75.866 Y117.652 E104.9705
G1 X75.978 Y117.232 E104.98496
G1 X76.195 Y116.773 E105.00185
G1 X76.443 Y116.417 E105.01628
G1 X76.8 Y116.06 E105.03307
G1 X77.182 Y115.794 E105.04855
G1 X77.582 Y115.606 E105.06325
G1 X78.069 Y115.48 E105.07998
G1 X78.543 Y115.44 E105.0958
G1 X78.981 Y115.481 E105.11044
G1 X79.454 Y115.603 E105.12668
G1 X79.876 Y115.802 E105.1422
G1 X80.264 Y116.076 E105.158
G1 X80.601 Y116.417 E105.17394
G1 X80.863 Y116.796 E105.18927
G1 X81.06 Y117.214 E105.20464
G1 X81.18 Y117.66 E105.22
G1 X81.224 Y118.159 E105.23666
G1 X81.178 Y118.628 E105.25233
G1 X81.066 Y119.048 E105.26679
G1 X80.858 Y119.493 E105.28313
G1 X80.601 Y119.863 E105.29811
G1 X80.244 Y120.22 E105.31491
G1 X79.876 Y120.478 E105.32985
G1 X79.428 Y120.682 E105.34623
G1 F1500 E101.34623
G0 F6000 X79.505 Y120.973
G0 X80.414 Y120.394
G0 X80.777 Y120.031
G0 X81.071 Y119.611
G0 X81.287 Y119.146
G0 X81.42 Y118.651
G0 X81.466 Y118.141
G0 X81.42 Y117.631
G0 X81.287 Y117.136
G0 X81.071 Y116.671
G0 X80.777 Y116.251
G0 X80.414 Y115.888
G0 X79.994 Y115.594
G0 X79.731 Y115.472
G0 X77.993 Y114.904
G0 X76.219 Y100.837
G0 X76.577 Y100.141
G1 F1500 E105.34623
G1 F1200 X76.115 Y100.263 E105.36212
G1 X75.637 Y100.304 E105.37808
G1 X75.168 Y100.258 E105.39375
G1 X74.748 Y100.146 E105.40821
G1 X74.284 Y99.932 E105.4252
G1 X73.906 Y99.662 E105.44065
G1 X73.575 Y99.327 E105.45632
G1 X73.327 Y98.971 E105.47075
G1 X73.11 Y98.512 E105.48763
G1 X72.994 Y98.075 E105.50267
G1 X72.956 Y97.587 E105.51895
G1 X72.998 Y97.116 E105.53468
G1 X73.11 Y96.696 E105.54914
G1 X73.327 Y96.237 E105.56602
G1 X73.575 Y95.881 E105.58045
G1 X73.932 Y95.524 E105.59725
G1 X74.314 Y95.258 E105.61273
G1 X74.75 Y95.058 E105.62868
G1 X75.201 Y94.944 E105.64415
G1 X75.675 Y94.904 E105.65998
G1 X76.107 Y94.944 E105.67441
G1 X76.594 Y95.07 E105.69114
G1 X77.005 Y95.264 E105.70625
G1 X77.388 Y95.533 E105.72182
G1 X77.733 Y95.881 E105.73812
G1 X77.997 Y96.266 E105.75364
G1 X78.198 Y96.696 E105.76943
G1 X78.315 Y97.14 E105.7847
G1 X78.356 Y97.623 E105.80083
G1 X78.31 Y98.092 E105.8165
G1 X78.19 Y98.536 E105.8318
G1 X77.986 Y98.963 E105.84754
G1 X77.722 Y99.341 E105.86287
G1 X77.383 Y99.679 E105.87879
G1 X76.999 Y99.947 E105.89437
G1 X76.577 Y100.141 E105.90982
G1 F1500 E101.90982
G0 F6000 X76.704 Y100.415
G0 X77.546 Y99.858
G0 X77.909 Y99.495
G0 X78.203 Y99.075
G0 X78.419 Y98.61
G0 X78.552 Y98.115
G0 X78.598 Y97.605
G0 X78.552 Y97.095
G0 X78.419 Y96.6
G0 X78.203 Y96.135
G0 X77.909 Y95.715
G0 X77.546 Y95.352
G0 X77.308 Y95.185
G0 X75.66 Y94.324
G0 X75.928 Y29.972
G0 X76.379 Y29.352
G1 F1500 E105.90982
G1 F1200 X75.905 Y29.392 E105.92564
G1 X75.473 Y29.352 E105.94007
G1 X74.986 Y29.226 E105.9568
G1 X74.586 Y29.038 E105.9715
G1 X74.178 Y28.75 E105.98811
G1 X73.847 Y28.415 E106.00377
G1 X73.599 Y28.059 E106.0182
G1 X73.382 Y27.6 E106.03509
G1 X73.264 Y27.147 E106.05066
G1 X73.224 Y26.673 E106.06648
G1 X73.27 Y26.204 E106.08215
G1 X73.382 Y25.784 E106.09661
G1 X73.599 Y25.325 E106.1135
G1 X73.847 Y24.969 E106.12793
G1 X74.204 Y24.612 E106.14472
G1 X74.556 Y24.364 E106.15904
G1 X75.02 Y24.15 E106.17604
G1 X75.473 Y24.032 E106.19161
G1 X75.943 Y23.992 E106.2073
G1 X76.412 Y24.038 E106.22297
G1 X76.851 Y24.156 E106.23809
G1 X77.286 Y24.357 E106.25403
G1 X77.666 Y24.626 E106.26951
G1 X77.998 Y24.96 E106.28518
G1 X78.259 Y25.335 E106.30037
G1 X78.461 Y25.758 E106.31596
G1 X78.586 Y26.222 E106.33195
G1 X78.624 Y26.709 E106.34819
G1 X78.584 Y27.172 E106.36365
G1 X78.457 Y27.634 E106.37959
G1 X78.253 Y28.059 E106.39527
G1 X77.982 Y28.442 E106.41087
G1 X77.66 Y28.763 E106.42599
G1 X77.266 Y29.038 E106.44197
G1 X76.866 Y29.226 E106.45667
G1 X76.379 Y29.352 E106.4734
G1 F1500 E102.4734
G0 F6000 X76.405 Y29.653
G0 X77.571 Y29.536
G0 X191.935 Y82.266
G0 X193.273 Y84.127
;TYPE:SKIN
G1 F1500 E106.4734
G1 F1200 X193.826 Y84.385 E106.4937
G1 X194.417 Y84.542 E106.51404
G1 X195.001 Y84.6 E106.53356
G1 X195.623 Y84.546 E106.55432
G1 X196.184 Y84.398 E106.57362
G1 X196.744 Y84.142 E106.5941
G1 X197.267 Y83.777 E106.61531
G1 X197.663 Y83.377 E106.63403
G1 X198.025 Y82.859 E106.65505
G1 X198.269 Y82.347 E106.67392
G1 X198.43 Y81.743 E106.69471
G1 X198.484 Y81.118 E106.71557
G1 X198.43 Y80.523 E106.73544
G1 X198.278 Y79.959 E106.75487
G1 X198.021 Y79.417 E106.77482
G1 X197.663 Y78.899 E106.79577
G1 X197.267 Y78.499 E106.81449
G1 X196.77 Y78.151 E106.83467
G1 X196.217 Y77.89 E106.85501
G1 X195.603 Y77.732 E106.87609
G1 X195.043 Y77.68 E106.8948
G1 X194.417 Y77.734 E106.9157
G1 X193.84 Y77.883 E106.93552
G1 X193.303 Y78.134 E106.95523
G1 X192.79 Y78.491 E106.97602
G1 X192.369 Y78.916 E106.99592
G1 X192.023 Y79.413 E107.01606
G1 X191.786 Y79.91 E107.03437
G1 X191.606 Y80.542 E107.05623
G1 X191.56 Y81.153 E107.07661
G1 X191.616 Y81.748 E107.09648
G1 X191.765 Y82.318 E107.11608
G1 X192.025 Y82.871 E107.1364
G1 X192.372 Y83.368 E107.15657
G1 X192.795 Y83.787 E107.17637
G1 X193.273 Y84.127 E107.19588
G1 F1500 E103.19588
G0 F6000 X193.402 Y83.903
G0 X193.898 Y84.222
G0 X188.908 Y149.048
G0 X187.795 Y154.794
G1 F1500 E107.19588
G1 F1200 X188.303 Y155.142 E107.21636
G1 X188.823 Y155.386 E107.23546
G1 X189.4 Y155.542 E107.25534
G1 X190.001 Y155.6 E107.27543
G1 X190.619 Y155.542 E107.29607
G1 X191.217 Y155.386 E107.31663
G1 X191.741 Y155.142 E107.33585
G1 X192.236 Y154.796 E107.35594
G1 X192.676 Y154.36 E107.37654
G1 X193.008 Y153.888 E107.39573
G1 X193.278 Y153.316 E107.41677
G1 X193.43 Y152.743 E107.43649
G1 X193.484 Y152.155 E107.45613
G1 X193.436 Y151.558 E107.47605
G1 X193.282 Y150.961 E107.49655
G1 X193.025 Y150.417 E107.51657
G1 X192.68 Y149.924 E107.53658
G1 X192.245 Y149.486 E107.55711
G1 X191.756 Y149.142 E107.577
G1 X191.199 Y148.883 E107.59743
G1 X190.614 Y148.734 E107.61751
G1 X190.014 Y148.68 E107.63754
G1 X189.461 Y148.728 E107.656
G1 X188.857 Y148.875 E107.67668
G1 X188.303 Y149.13 E107.69696
G1 X187.78 Y149.502 E107.71831
G1 X187.349 Y149.939 E107.73873
G1 X187.032 Y150.391 E107.75709
G1 X186.782 Y150.916 E107.77643
G1 X186.62 Y151.506 E107.79678
G1 X186.56 Y152.096 E107.8165
G1 X186.612 Y152.738 E107.83793
G1 X186.767 Y153.324 E107.85809
G1 X187.014 Y153.857 E107.87762
G1 X187.37 Y154.365 E107.89826
G1 X187.795 Y154.794 E107.91834
G1 F1500 E103.91834
G0 F6000 X187.964 Y154.597
G0 X187.508 Y154.249
G0 X187.508 Y166.34
G0 X160.584 Y166.18
G1 F1500 E107.91834
G1 F1200 X160.581 Y132.999 E109.02195
G1 X160.481 Y132.698 E109.0325
G1 X160.216 Y132.353 E109.04696
G1 X159.743 Y132.184 E109.06367
G1 X69.984 Y132.176 E112.04907
G1 X69.984 Y4.1 E116.30889
G1 X138.064 Y4.1 E118.57324
G1 X138.065 Y61.2 E120.4724
G1 X138.18 Y61.613 E120.48665
G1 X138.449 Y61.91 E120.49998
G1 X138.68 Y62.038 E120.50877
G1 X138.917 Y62.092 E120.51685
G1 X204.064 Y62.1 E122.68365
G1 X204.064 Y166.18 E126.14536
G1 X160.584 Y166.18 E127.59151
G1 F1500 E123.59151
G0 F6000 X160.584 Y166.44
G0 X160.052 Y132.713
G0 X155.545 Y132.365
G0 X156.449 Y128.872
G0 X155.861 Y128.902
G1 F1500 E127.59151
G1 F1200 X156.401 Y129.042 E127.61007
G1 X157.001 Y129.1 E127.63012
G1 X157.611 Y129.048 E127.65048
G1 X158.213 Y128.89 E127.67118
G1 X158.738 Y128.645 E127.69045
G1 X159.235 Y128.301 E127.71055
G1 X159.685 Y127.847 E127.73181
G1 X160.025 Y127.355 E127.75171
G1 X160.284 Y126.795 E127.77223
G1 X160.426 Y126.259 E127.79067
G1 X160.488 Y125.668 E127.81043
G1 X160.428 Y125.028 E127.83181
G1 X160.278 Y124.462 E127.85129
G1 X160.03 Y123.931 E127.87078
G1 X159.679 Y123.419 E127.89143
G1 X159.249 Y122.993 E127.91156
G1 X158.752 Y122.64 E127.93184
G1 X158.226 Y122.387 E127.95125
G1 X157.612 Y122.233 E127.9723
G1 X156.973 Y122.176 E127.99364
G1 X156.414 Y122.233 E128.01233
G1 X155.804 Y122.399 E128.03336
G1 X155.286 Y122.643 E128.0524
G1 X154.829 Y122.958 E128.07086
G1 X154.368 Y123.413 E128.09241
G1 X154.013 Y123.931 E128.11329
G1 X153.762 Y124.472 E128.13313
G1 X153.618 Y125.017 E128.15188
G1 X153.56 Y125.617 E128.17193
G1 X153.608 Y126.217 E128.19195
G1 X153.758 Y126.807 E128.21219
G1 X154.019 Y127.359 E128.2325
G1 X154.378 Y127.878 E128.25349
G1 X154.778 Y128.278 E128.27231
G1 X155.272 Y128.632 E128.29252
G1 X155.861 Y128.902 E128.31407
G1 F1500 E124.31407
G0 F6000 X155.546 Y128.474
G0 X154.505 Y127.75
G0 X117.666 Y120.98
G0 X116.001 Y121.6
G1 F1500 E128.31407
G1 F1200 X116.619 Y121.542 E128.33471
G1 X117.217 Y121.386 E128.35527
G1 X117.741 Y121.142 E128.3745
G1 X118.232 Y120.8 E128.3944
G1 X118.681 Y120.351 E128.41552
G1 X119.009 Y119.879 E128.43463
G1 X119.277 Y119.328 E128.45501
G1 X119.434 Y118.709 E128.47625
G1 X119.484 Y118.129 E128.49562
G1 X119.433 Y117.552 E128.51488
G1 X119.269 Y116.936 E128.53608
G1 X119.021 Y116.42 E128.55512
G1 X118.673 Y115.917 E128.57547
G1 X118.262 Y115.502 E128.59489
G1 X117.8 Y115.172 E128.61378
G1 X117.237 Y114.892 E128.63469
G1 X116.64 Y114.735 E128.65522
G1 X116.04 Y114.672 E128.67529
G1 X115.44 Y114.728 E128.69533
G1 X114.855 Y114.874 E128.71539
G1 X114.278 Y115.144 E128.73657
G1 X113.786 Y115.498 E128.75673
G1 X113.406 Y115.874 E128.77451
G1 X113.049 Y116.367 E128.79476
G1 X112.775 Y116.938 E128.81582
G1 X112.613 Y117.54 E128.83656
G1 X112.56 Y118.138 E128.85653
G1 X112.618 Y118.777 E128.87787
G1 X112.767 Y119.325 E128.89675
G1 X113.014 Y119.857 E128.91626
G1 X113.37 Y120.365 E128.9369
G1 X113.795 Y120.794 E128.95698
G1 X114.274 Y121.125 E128.97635
G1 X114.823 Y121.386 E128.99656
G1 X115.4 Y121.542 E129.01644
G1 X116.001 Y121.6 E129.03653
G1 F1500 E125.03653
G0 F6000 X116.023 Y121.341
G0 X113.913 Y120.659
G0 X80.632 Y120.653
G0 X79.717 Y121.386
G1 F1500 E129.03653
G1 F1200 X80.241 Y121.142 E129.05575
G1 X80.732 Y120.8 E129.07565
G1 X81.181 Y120.351 E129.09677
G1 X81.509 Y119.879 E129.11589
G1 X81.777 Y119.328 E129.13627
G1 X81.934 Y118.709 E129.15751
G1 X81.984 Y118.099 E129.17787
G1 X81.928 Y117.524 E129.19708
G1 X81.772 Y116.946 E129.21699
G1 X81.509 Y116.397 E129.23724
G1 X81.155 Y115.893 E129.25772
G1 X80.757 Y115.493 E129.27649
G1 X80.264 Y115.146 E129.29654
G1 X79.718 Y114.887 E129.31664
G1 X79.159 Y114.74 E129.33587
G1 X78.551 Y114.676 E129.3562
G1 X77.979 Y114.724 E129.37529
G1 X77.359 Y114.878 E129.39654
G1 X76.776 Y115.144 E129.41786
G1 X76.304 Y115.476 E129.43705
G1 X75.878 Y115.898 E129.45699
G1 X75.535 Y116.39 E129.47694
G1 X75.275 Y116.929 E129.49684
G1 X75.114 Y117.524 E129.51735
G1 X75.056 Y118.121 E129.5373
G1 X75.108 Y118.727 E129.55753
G1 X75.262 Y119.312 E129.57765
G1 X75.519 Y119.859 E129.59775
G1 X75.878 Y120.378 E129.61874
G1 X76.282 Y120.782 E129.63774
G1 X76.809 Y121.151 E129.65914
G1 X77.342 Y121.39 E129.67857
G1 X77.929 Y121.548 E129.69878
G1 X78.501 Y121.6 E129.71789
G1 X79.108 Y121.544 E129.73816
G1 X79.717 Y121.386 E129.75909
G1 F1500 E125.75909
G0 F6000 X79.612 Y121.152
G0 X80.777 Y120.031
G0 X81.071 Y119.611
G0 X81.287 Y119.146
G0 X81.42 Y118.651
G0 X81.466 Y118.141
G0 X81.42 Y117.631
G0 X81.287 Y117.136
G0 X81.071 Y116.671
G0 X80.777 Y116.251
G0 X80.414 Y115.888
G0 X79.994 Y115.594
G0 X79.731 Y115.472
G0 X77.993 Y114.904
G0 X76.219 Y100.837
G0 X76.83 Y100.855
G1 F1500 E129.75909
G1 F1200 X77.36 Y100.614 E129.77845
G1 X77.839 Y100.285 E129.79778
G1 X78.308 Y99.826 E129.81961
G1 X78.658 Y99.315 E129.84021
G1 X78.907 Y98.79 E129.85953
G1 X79.058 Y98.217 E129.87924
G1 X79.116 Y97.615 E129.89936
G1 X79.057 Y96.976 E129.9207
G1 X78.905 Y96.423 E129.93978
G1 X78.659 Y95.892 E129.95924
G1 X78.297 Y95.369 E129.9804
G1 X77.896 Y94.965 E129.99933
G1 X77.368 Y94.596 E130.02075
G1 X76.816 Y94.343 E130.04095
G1 X76.239 Y94.196 E130.06075
G1 X75.675 Y94.144 E130.07959
G1 X75.075 Y94.192 E130.09961
G1 X74.449 Y94.351 E130.12109
G1 X73.937 Y94.595 E130.13996
G1 X73.437 Y94.939 E130.16014
G1 X73.01 Y95.362 E130.18013
G1 X72.667 Y95.854 E130.20008
G1 X72.407 Y96.393 E130.21999
G1 X72.246 Y96.988 E130.24049
G1 X72.188 Y97.585 E130.26044
G1 X72.242 Y98.203 E130.28107
G1 X72.394 Y98.776 E130.30079
G1 X72.651 Y99.323 E130.32089
G1 X73.01 Y99.842 E130.34188
G1 X73.41 Y100.242 E130.36069
G1 X73.904 Y100.596 E130.38091
G1 X74.493 Y100.866 E130.40246
G1 X75.033 Y101.006 E130.42101
G1 X75.637 Y101.064 E130.44119
G1 X76.23 Y101.016 E130.46098
G1 X76.83 Y100.855 E130.48164
G1 F1500 E126.48164
G0 F6000 X76.747 Y100.611
G0 X77.909 Y99.495
G0 X78.203 Y99.075
G0 X78.419 Y98.61
G0 X78.552 Y98.115
G0 X78.598 Y97.605
G0 X78.552 Y97.095
G0 X78.419 Y96.6
G0 X78.203 Y96.135
G0 X77.909 Y95.715
G0 X77.546 Y95.352
G0 X77.308 Y95.185
G0 X75.66 Y94.324
G0 X75.928 Y29.972
G0 X76.516 Y30.096
G1 F1500 E130.48164
G1 F1200 X77.143 Y29.934 E130.50318
G1 X77.655 Y29.693 E130.522
G1 X78.155 Y29.339 E130.54238
G1 X78.591 Y28.897 E130.56303
G1 X78.938 Y28.393 E130.58338
G1 X79.182 Y27.864 E130.60276
G1 X79.336 Y27.292 E130.62246
G1 X79.38 Y26.662 E130.64346
G1 X79.338 Y26.099 E130.66224
G1 X79.181 Y25.507 E130.68261
G1 X78.933 Y24.981 E130.70195
G1 X78.587 Y24.48 E130.7222
G1 X78.138 Y24.026 E130.74344
G1 X77.677 Y23.706 E130.76211
G1 X77.1 Y23.435 E130.78331
G1 X76.552 Y23.29 E130.80216
G1 X75.942 Y23.232 E130.82254
G1 X75.343 Y23.28 E130.84253
G1 X74.764 Y23.43 E130.86242
G1 X74.205 Y23.681 E130.8828
G1 X73.712 Y24.024 E130.90278
G1 X73.285 Y24.451 E130.92286
G1 X72.939 Y24.941 E130.94282
G1 X72.675 Y25.485 E130.96293
G1 X72.512 Y26.107 E130.98431
G1 X72.464 Y26.707 E131.00433
G1 X72.518 Y27.291 E131.02384
G1 X72.662 Y27.858 E131.0433
G1 X72.936 Y28.44 E131.06469
G1 X73.264 Y28.904 E131.08359
G1 X73.712 Y29.356 E131.10476
G1 X74.172 Y29.68 E131.12347
G1 X74.755 Y29.955 E131.14491
G1 X75.315 Y30.095 E131.16411
G1 X75.905 Y30.152 E131.18383
G1 X76.516 Y30.096 E131.20423
G1 F1500 E127.20423
G0 F6000 X76.483 Y29.842
G0 X75.928 Y29.972
G0 X69.824 Y29.972
G0 X70.317 Y131.977
G1 F1500 E131.20423
G1 F1200 X70.184 Y131.844 E131.21049
G0 F6000 X70.184 Y131.278
G1 F1200 X70.883 Y131.977 E131.24337
G0 F6000 X71.448 Y131.977
G1 F1200 X70.184 Y130.712 E131.30285
G0 F6000 X70.184 Y130.147
G1 F1200 X72.014 Y131.977 E131.38892
G0 F6000 X72.58 Y131.977
G1 F1200 X70.184 Y129.581 E131.50162
G0 F6000 X70.184 Y129.015
G1 F1200 X73.145 Y131.977 E131.64092
G0 F6000 X73.711 Y131.977
G1 F1200 X70.184 Y128.449 E131.80685
G0 F6000 X70.184 Y127.884
G1 F1200 X74.277 Y131.977 E131.99937
G0 F6000 X74.842 Y131.977
G1 F1200 X70.184 Y127.318 E132.21849
G0 F6000 X70.184 Y126.752
G1 F1200 X75.408 Y131.977 E132.46423
G0 F6000 X75.974 Y131.977
G1 F1200 X70.184 Y126.187 E132.73658
G0 F6000 X70.184 Y125.621
G1 F1200 X76.539 Y131.977 E133.03552
G0 F6000 X77.105 Y131.977
G1 F1200 X70.184 Y125.055 E133.36109
G0 F6000 X70.184 Y124.49
G1 F1200 X77.671 Y131.977 E133.71325
G0 F6000 X78.237 Y131.977
G1 F1200 X70.184 Y123.924 E134.09204
G0 F6000 X70.184 Y123.358
G1 F1200 X78.803 Y131.977 E134.49745
G0 F6000 X79.368 Y131.977
G1 F1200 X70.184 Y122.793 E134.92944
G0 F6000 X70.184 Y122.227
G1 F1200 X79.934 Y131.977 E135.38805
G0 F6000 X80.5 Y131.977
G1 F1200 X70.184 Y121.661 E135.87328
G0 F6000 X70.184 Y121.096
G1 F1200 X81.066 Y131.977 E136.38512
G0 F6000 X81.631 Y131.977
G1 F1200 X70.184 Y120.53 E136.92355
G0 F6000 X70.184 Y119.964
G1 F1200 X82.197 Y131.977 E137.4886
G0 F6000 X82.763 Y131.977
G1 F1200 X70.184 Y119.399 E138.08026
G0 F6000 X70.184 Y118.833
G1 F1200 X83.328 Y131.977 E138.69851
G0 F6000 X83.894 Y131.977
G1 F1200 X70.184 Y118.267 E139.34339
G0 F6000 X70.184 Y117.701
G1 F1200 X84.46 Y131.977 E140.01489
G0 F6000 X85.025 Y131.977
G1 F1200 X70.184 Y117.136 E140.71296
G0 F6000 X70.184 Y116.57
G1 F1200 X85.592 Y131.978 E141.43771
G0 F6000 X86.157 Y131.978
G1 F1200 X70.184 Y116.004 E142.18905
G0 F6000 X70.184 Y115.439
G1 F1200 X86.723 Y131.978 E142.96699
G0 F6000 X87.289 Y131.978
G1 F1200 X76.469 Y121.158 E143.47593
G0 F6000 X76.733 Y120.785
G0 X76.955 Y120.932
G0 X77.523 Y121.646
G1 F1200 X87.854 Y131.978 E143.9619
G0 F6000 X88.42 Y131.978
G1 F1200 X78.214 Y121.772 E144.44195
G0 F6000 X78.785 Y121.777
G1 F1200 X88.986 Y131.978 E144.92178
G0 F6000 X89.552 Y131.978
G1 F1200 X79.279 Y121.705 E145.40499
G0 F6000 X79.731 Y121.592
G1 F1200 X90.117 Y131.978 E145.89351
G0 F6000 X90.683 Y131.978
G1 F1200 X80.12 Y121.415 E146.39037
G0 F6000 X80.488 Y121.217
G1 F1200 X91.249 Y131.978 E146.89653
G0 F6000 X91.814 Y131.978
G1 F1200 X80.819 Y120.983 E147.4137
G0 F6000 X81.108 Y120.706
G1 F1200 X92.38 Y131.978 E147.9439
G0 F6000 X92.946 Y131.979
G1 F1200 X81.38 Y120.412 E148.48795
G0 F6000 X81.61 Y120.077
G1 F1200 X93.512 Y131.979 E149.04779
G0 F6000 X94.078 Y131.979
G1 F1200 X81.812 Y119.713 E149.62474
G0 F6000 X81.984 Y119.319
G1 F1200 X94.643 Y131.979 E150.22021
G0 F6000 X95.209 Y131.979
G1 F1200 X82.099 Y118.868 E150.83688
G0 F6000 X82.162 Y118.366
G1 F1200 X95.775 Y131.979 E151.4772
G0 F6000 X96.34 Y131.979
G1 F1200 X82.154 Y117.792 E152.14449
G0 F6000 X82.018 Y117.091
G1 F1200 X96.906 Y131.979 E152.84477
G0 F6000 X97.472 Y131.979
G1 F1200 X81.429 Y115.936 E153.59939
G0 F6000 X81.054 Y116.201
G0 X80.436 Y115.582
G0 X80.701 Y115.208
G1 F1200 X70.184 Y104.691 E154.09407
G0 F6000 X70.184 Y105.256
G1 F1200 X79.566 Y114.639 E154.5354
G0 F6000 X78.87 Y114.508
G1 F1200 X70.184 Y105.822 E154.94396
G0 F6000 X70.184 Y106.388
G1 F1200 X78.295 Y114.499 E155.32548
G0 F6000 X77.794 Y114.564
G1 F1200 X70.184 Y106.953 E155.68345
G0 F6000 X70.184 Y107.519
G1 F1200 X77.345 Y114.68 E156.02028
G0 F6000 X76.945 Y114.846
G1 F1200 X70.184 Y108.085 E156.3383
G0 F6000 X70.184 Y108.65
G1 F1200 X76.574 Y115.041 E156.63889
G0 F6000 X76.242 Y115.275
G1 F1200 X70.184 Y109.216 E156.92386
G0 F6000 X70.184 Y109.782
G1 F1200 X75.952 Y115.55 E157.19517
G0 F6000 X75.673 Y115.837
G1 F1200 X70.184 Y110.348 E157.45336
G0 F6000 X70.184 Y110.913
G1 F1200 X75.442 Y116.171 E157.70068
G0 F6000 X75.243 Y116.538
G1 F1200 X70.184 Y111.479 E157.93864
G0 F6000 X70.184 Y112.045
G1 F1200 X75.066 Y116.926 E158.16825
G0 F6000 X74.95 Y117.377
G1 F1200 X70.184 Y112.61 E158.39245
G0 F6000 X70.184 Y113.176
G1 F1200 X74.878 Y117.87 E158.61324
G0 F6000 X74.885 Y118.443
G1 F1200 X70.184 Y113.742 E158.83436
G0 F6000 X70.184 Y114.307
G1 F1200 X75.015 Y119.138 E159.0616
G0 F6000 X75.455 Y119.023
G0 X75.887 Y119.939
G0 X75.511 Y120.2
G1 F1200 X70.184 Y114.873 E159.31216
G0 F6000 X69.724 Y114.873
G0 X69.724 Y104.125
G0 X70.184 Y104.125
G1 F1200 X98.038 Y131.979 E160.62233
G0 F6000 X98.603 Y131.979
G1 F1200 X70.184 Y103.559 E161.9591
G0 F6000 X70.184 Y102.994
G1 F1200 X99.169 Y131.979 E163.32246
G0 F6000 X99.735 Y131.979
G1 F1200 X70.184 Y102.428 E164.71245
G0 F6000 X70.184 Y101.862
G1 F1200 X100.301 Y131.979 E166.12906
G0 F6000 X100.867 Y131.979
G1 F1200 X70.184 Y101.297 E167.57227
G0 F6000 X70.184 Y100.731
G1 F1200 X101.432 Y131.979 E169.04208
G0 F6000 X101.998 Y131.979
G1 F1200 X70.184 Y100.165 E170.53852
G0 F6000 X70.184 Y99.6
G1 F1200 X102.564 Y131.979 E172.06155
G0 F6000 X103.129 Y131.979
G1 F1200 X70.184 Y99.034 E173.61118
G0 F6000 X70.184 Y98.468
G1 F1200 X103.695 Y131.979 E175.18744
G0 F6000 X104.261 Y131.979
G1 F1200 X70.184 Y97.902 E176.79031
G0 F6000 X70.184 Y97.337
G1 F1200 X104.826 Y131.979 E178.41977
G0 F6000 X105.392 Y131.979
G1 F1200 X74.476 Y101.063 E179.87396
G0 F6000 X75.199 Y101.221
G1 F1200 X105.958 Y131.979 E181.32075
G0 F6000 X106.524 Y131.979
G1 F1200 X75.797 Y101.253 E182.76603
G0 F6000 X76.313 Y101.203
G1 F1200 X107.089 Y131.979 E184.21363
G0 F6000 X107.656 Y131.98
G1 F1200 X76.756 Y101.081 E185.66705
G0 F6000 X77.163 Y100.922
G1 F1200 X108.221 Y131.98 E187.12793
G0 F6000 X108.787 Y131.98
G1 F1200 X77.542 Y100.735 E188.59759
G0 F6000 X77.876 Y100.503
G1 F1200 X109.353 Y131.98 E190.07818
G0 F6000 X109.918 Y131.98
G1 F1200 X78.174 Y100.236 E191.57132
G0 F6000 X78.459 Y99.955
G1 F1200 X110.484 Y131.98 E193.07767
G0 F6000 X111.05 Y131.98
G1 F1200 X78.689 Y99.619 E194.59984
G0 F6000 X78.902 Y99.266
G1 F1200 X111.615 Y131.98 E196.13858
G0 F6000 X112.181 Y131.98
G1 F1200 X79.082 Y98.881 E197.69545
G0 F6000 X79.207 Y98.44
G1 F1200 X112.747 Y131.98 E199.27307
G0 F6000 X113.312 Y131.98
G1 F1200 X79.282 Y97.95 E200.87374
G0 F6000 X79.297 Y97.399
G1 F1200 X113.878 Y131.98 E202.50032
G0 F6000 X114.444 Y131.98
G1 F1200 X79.197 Y96.733 E204.15824
G0 F6000 X78.843 Y95.814
G1 F1200 X115.01 Y131.981 E205.85942
G0 F6000 X115.576 Y131.981
G1 F1200 X70.184 Y86.589 E207.99452
G0 F6000 X70.184 Y87.154
G1 F1200 X77.437 Y94.408 E208.3357
G0 F6000 X76.525 Y94.061
G1 F1200 X70.184 Y87.72 E208.63396
G0 F6000 X70.184 Y88.286
G1 F1200 X75.859 Y93.961 E208.9009
G0 F6000 X75.306 Y93.974
G1 F1200 X70.184 Y88.852 E209.14182
G0 F6000 X70.184 Y89.417
G1 F1200 X74.818 Y94.051 E209.35979
G0 F6000 X74.368 Y94.167
G1 F1200 X70.184 Y89.983 E209.55659
G0 F6000 X70.184 Y90.549
G1 F1200 X73.985 Y94.349 E209.73536
G0 F6000 X73.632 Y94.563
G1 F1200 X70.184 Y91.114 E209.89756
G0 F6000 X70.184 Y91.68
G1 F1200 X73.301 Y94.797 E210.04418
G0 F6000 X73.018 Y95.08
G1 F1200 X70.184 Y92.246 E210.17748
G0 F6000 X70.184 Y92.811
G1 F1200 X72.751 Y95.379 E210.29825
G0 F6000 X72.521 Y95.714
G1 F1200 X70.184 Y93.377 E210.40817
G0 F6000 X70.184 Y93.943
G1 F1200 X72.332 Y96.091 E210.50921
G0 F6000 X72.171 Y96.495
G1 F1200 X70.184 Y94.508 E210.60267
G0 F6000 X70.184 Y95.074
G1 F1200 X72.056 Y96.946 E210.69072
G0 F6000 X72 Y97.456
G1 F1200 X70.184 Y95.64 E210.77614
G0 F6000 X70.184 Y96.205
G1 F1200 X72.027 Y98.049 E210.86286
G0 F6000 X72.195 Y98.782
G1 F1200 X70.184 Y96.771 E210.95745
G0 F6000 X69.724 Y96.771
G0 X69.724 Y86.023
G0 X70.184 Y86.023
G1 F1200 X116.142 Y131.981 E213.11917
G0 F6000 X116.707 Y131.981
G1 F1200 X70.184 Y85.457 E215.30749
G0 F6000 X70.184 Y84.892
G1 F1200 X117.273 Y131.981 E217.52242
G0 F6000 X117.839 Y131.981
G1 F1200 X70.184 Y84.326 E219.76396
G0 F6000 X70.184 Y83.76
G1 F1200 X118.404 Y131.981 E222.03211
G0 F6000 X118.97 Y131.981
G1 F1200 X70.184 Y83.195 E224.32685
G0 F6000 X70.184 Y82.629
G1 F1200 X119.536 Y131.981 E226.64822
G0 F6000 X120.101 Y131.981
G1 F1200 X70.184 Y82.063 E228.99618
G0 F6000 X70.184 Y81.498
G1 F1200 X120.667 Y131.981 E231.37075
G0 F6000 X121.233 Y131.981
G1 F1200 X70.184 Y80.932 E233.77194
G0 F6000 X70.184 Y80.366
G1 F1200 X121.798 Y131.981 E236.19972
G0 F6000 X122.364 Y131.981
G1 F1200 X70.184 Y79.801 E238.65411
G0 F6000 X70.184 Y79.235
G1 F1200 X122.931 Y131.981 E241.13515
G0 F6000 X123.496 Y131.981
G1 F1200 X70.184 Y78.669 E243.64278
G0 F6000 X70.184 Y78.103
G1 F1200 X124.062 Y131.981 E246.17703
G0 F6000 X124.628 Y131.981
G1 F1200 X70.184 Y77.538 E248.73789
G0 F6000 X70.184 Y76.972
G1 F1200 X112.57 Y119.358 E250.7316
G0 F6000 X112.406 Y118.628
G1 F1200 X70.184 Y76.406 E252.71759
G0 F6000 X70.184 Y75.841
G1 F1200 X112.366 Y118.023 E254.7017
G0 F6000 X112.417 Y117.508
G1 F1200 X70.184 Y75.275 E256.68821
G0 F6000 X70.184 Y74.709
G1 F1200 X112.535 Y117.06 E258.68027
G0 F6000 X112.692 Y116.652
G1 F1200 X70.184 Y74.144 E260.67972
G0 F6000 X70.184 Y73.578
G1 F1200 X112.876 Y116.27 E262.68782
G0 F6000 X113.112 Y115.94
G1 F1200 X70.184 Y73.012 E264.70702
G0 F6000 X70.184 Y72.447
G1 F1200 X113.368 Y115.631 E266.73827
G0 F6000 X113.652 Y115.349
G1 F1200 X70.184 Y71.881 E268.78287
G0 F6000 X70.184 Y71.315
G1 F1200 X113.979 Y115.111 E270.84287
G0 F6000 X114.333 Y114.898
G1 F1200 X70.184 Y70.75 E272.91948
G0 F6000 X70.184 Y70.184
G1 F1200 X114.716 Y114.716 E275.01413
G0 F6000 X115.159 Y114.594
G1 F1200 X70.184 Y69.618 E277.12964
G0 F6000 X70.184 Y69.053
G1 F1200 X115.64 Y114.508 E279.26773
G0 F6000 X116.183 Y114.486
G1 F1200 X70.184 Y68.487 E281.43138
G0 F6000 X70.184 Y67.921
G1 F1200 X116.844 Y114.581 E283.62612
G0 F6000 X117.757 Y114.929
G1 F1200 X70.184 Y67.355 E285.86384
G0 F6000 X70.184 Y66.79
G1 F1200 X135.376 Y131.982 E288.93027
G0 F6000 X134.811 Y131.982
G1 F1200 X119.234 Y116.406 E289.66294
G0 F6000 X119.575 Y117.312
G1 F1200 X134.245 Y131.982 E290.35297
G0 F6000 X133.679 Y131.982
G1 F1200 X119.672 Y117.975 E291.01182
G0 F6000 X119.65 Y118.518
G1 F1200 X133.114 Y131.982 E291.64512
G0 F6000 X132.548 Y131.982
G1 F1200 X119.565 Y119 E292.25578
G0 F6000 X119.442 Y119.442
G1 F1200 X131.982 Y131.982 E292.84562
G0 F6000 X131.417 Y131.982
G1 F1200 X119.259 Y119.825 E293.41747
G0 F6000 X119.043 Y120.174
G1 F1200 X130.851 Y131.982 E293.97289
G0 F6000 X130.285 Y131.982
G1 F1200 X118.81 Y120.507 E294.51263
G0 F6000 X118.525 Y120.788
G1 F1200 X129.719 Y131.981 E295.03914
G0 F6000 X129.153 Y131.981
G1 F1200 X118.223 Y121.052 E295.55323
G0 F6000 X117.891 Y121.285
G1 F1200 X128.587 Y131.981 E296.05634
G0 F6000 X128.022 Y131.981
G1 F1200 X117.508 Y121.468 E296.55086
G0 F6000 X117.1 Y121.625
G1 F1200 X127.456 Y131.981 E297.03798
G0 F6000 X126.89 Y131.981
G1 F1200 X116.649 Y121.74 E297.51968
G0 F6000 X116.132 Y121.789
G1 F1200 X126.325 Y131.981 E297.99911
G0 F6000 X125.759 Y131.981
G1 F1200 X115.535 Y121.757 E298.48001
G0 F6000 X114.794 Y121.582
G1 F1200 X125.193 Y131.981 E298.96915
G0 F6000 X125.192 Y132.442
G0 X135.941 Y132.443
G0 X135.942 Y131.982
G1 F1200 X70.184 Y66.224 E302.0622
G0 F6000 X70.184 Y65.658
G1 F1200 X136.508 Y131.982 E305.18188
G0 F6000 X137.073 Y131.982
G1 F1200 X70.184 Y65.093 E308.32813
G0 F6000 X70.184 Y64.527
G1 F1200 X137.64 Y131.983 E311.50106
G0 F6000 X138.205 Y131.983
G1 F1200 X70.184 Y63.961 E314.70058
G0 F6000 X70.184 Y63.396
G1 F1200 X138.771 Y131.983 E317.9267
G0 F6000 X139.337 Y131.983
G1 F1200 X70.184 Y62.83 E321.17945
G0 F6000 X70.184 Y62.264
G1 F1200 X139.902 Y131.983 E324.45879
G0 F6000 X140.468 Y131.983
G1 F1200 X70.184 Y61.699 E327.76474
G0 F6000 X70.184 Y61.133
G1 F1200 X141.034 Y131.983 E331.0973
G0 F6000 X141.6 Y131.983
G1 F1200 X70.184 Y60.567 E334.45649
G0 F6000 X70.184 Y60.002
G1 F1200 X142.165 Y131.983 E337.84226
G0 F6000 X142.731 Y131.983
G1 F1200 X70.184 Y59.436 E341.25465
G0 F6000 X70.184 Y58.87
G1 F1200 X143.297 Y131.983 E344.69366
G0 F6000 X143.862 Y131.983
G1 F1200 X70.184 Y58.304 E348.15927
G0 F6000 X70.184 Y57.739
G1 F1200 X144.428 Y131.983 E351.65148
G0 F6000 X144.994 Y131.984
G1 F1200 X70.184 Y57.173 E355.17034
G0 F6000 X70.184 Y56.607
G1 F1200 X145.56 Y131.984 E358.71582
G0 F6000 X146.126 Y131.984
G1 F1200 X70.184 Y56.042 E362.28789
G0 F6000 X70.184 Y55.476
G1 F1200 X146.691 Y131.984 E365.88657
G0 F6000 X147.257 Y131.984
G1 F1200 X70.184 Y54.91 E369.51187
G0 F6000 X70.184 Y54.345
G1 F1200 X147.823 Y131.984 E373.16377
G0 F6000 X148.388 Y131.984
G1 F1200 X70.184 Y53.779 E376.84227
G0 F6000 X70.184 Y53.213
G1 F1200 X148.954 Y131.984 E380.5474
G0 F6000 X149.52 Y131.984
G1 F1200 X70.184 Y52.648 E384.27912
G0 F6000 X70.184 Y52.082
G1 F1200 X150.086 Y131.984 E388.03746
G0 F6000 X150.651 Y131.984
G1 F1200 X70.184 Y51.516 E391.82241
G0 F6000 X70.184 Y50.951
G1 F1200 X151.217 Y131.984 E395.63395
G0 F6000 X151.783 Y131.984
G1 F1200 X70.184 Y50.385 E399.47212
G0 F6000 X70.184 Y49.819
G1 F1200 X152.349 Y131.984 E403.33691
G0 F6000 X152.915 Y131.984
G1 F1200 X70.184 Y49.254 E407.2283
G0 F6000 X70.184 Y48.688
G1 F1200 X153.48 Y131.984 E411.14629
G0 F6000 X154.046 Y131.984
G1 F1200 X70.184 Y48.122 E415.0909
G0 F6000 X70.184 Y47.556
G1 F1200 X154.612 Y131.984 E419.06213
G0 F6000 X155.177 Y131.984
G1 F1200 X70.184 Y46.991 E423.05994
G0 F6000 X70.184 Y46.425
G1 F1200 X155.743 Y131.984 E427.08438
G0 F6000 X156.309 Y131.984
G1 F1200 X70.184 Y45.859 E431.13543
G0 F6000 X70.184 Y45.294
G1 F1200 X156.874 Y131.984 E435.21306
G0 F6000 X157.44 Y131.984
G1 F1200 X70.184 Y44.728 E439.31732
G0 F6000 X70.184 Y44.162
G1 F1200 X158.006 Y131.984 E443.4482
G0 F6000 X158.572 Y131.984
G1 F1200 X155.583 Y128.996 E443.58877
G0 F6000 X156.394 Y129.241
G1 F1200 X159.137 Y131.984 E443.71779
G0 F6000 X159.703 Y131.984
G1 F1200 X157.022 Y129.303 E443.84389
G0 F6000 X157.536 Y129.252
G1 F1200 X194.264 Y165.98 E445.57147
G0 F6000 X193.698 Y165.98
G1 F1200 X160.778 Y133.059 E447.11995
G0 F6000 X160.778 Y133.625
G1 F1200 X193.133 Y165.98 E448.64183
G0 F6000 X192.567 Y165.98
G1 F1200 X160.778 Y134.19 E450.13711
G0 F6000 X160.778 Y134.756
G1 F1200 X192.001 Y165.98 E451.60576
G0 F6000 X191.436 Y165.98
G1 F1200 X160.778 Y135.322 E453.04782
G0 F6000 X160.778 Y135.888
G1 F1200 X190.87 Y165.98 E454.46326
G0 F6000 X190.304 Y165.98
G1 F1200 X160.778 Y136.453 E455.85209
G0 F6000 X160.778 Y137.02
G1 F1200 X189.739 Y165.98 E457.21431
G0 F6000 X189.173 Y165.98
G1 F1200 X160.778 Y137.585 E458.54992
G0 F6000 X160.778 Y138.151
G1 F1200 X188.607 Y165.98 E459.85891
G0 F6000 X188.042 Y165.98
G1 F1200 X160.778 Y138.717 E461.1413
G0 F6000 X160.778 Y139.282
G1 F1200 X187.476 Y165.98 E462.39709
G0 F6000 X186.91 Y165.98
G1 F1200 X160.778 Y139.848 E463.62626
G0 F6000 X160.779 Y140.414
G1 F1200 X186.345 Y165.98 E464.82881
G0 F6000 X185.779 Y165.98
G1 F1200 X160.779 Y140.98 E466.00473
G0 F6000 X160.779 Y141.546
G1 F1200 X185.213 Y165.98 E467.15403
G0 F6000 X184.648 Y165.98
G1 F1200 X160.779 Y142.111 E468.27676
G0 F6000 X160.779 Y142.677
G1 F1200 X184.082 Y165.98 E469.37286
G0 F6000 X183.516 Y165.98
G1 F1200 X160.779 Y143.243 E470.44234
G0 F6000 X160.779 Y143.809
G1 F1200 X182.95 Y165.98 E471.4852
G0 F6000 X182.385 Y165.98
G1 F1200 X160.78 Y144.375 E472.50143
G0 F6000 X160.78 Y144.941
G1 F1200 X181.819 Y165.98 E473.49104
G0 F6000 X181.253 Y165.98
G1 F1200 X160.78 Y145.506 E474.45405
G0 F6000 X160.78 Y146.072
G1 F1200 X180.688 Y165.98 E475.39046
G0 F6000 X180.122 Y165.98
G1 F1200 X160.78 Y146.638 E476.30025
G0 F6000 X160.78 Y147.203
G1 F1200 X179.556 Y165.98 E477.18344
G0 F6000 X178.991 Y165.98
G1 F1200 X160.781 Y147.77 E478.03998
G0 F6000 X160.781 Y148.335
G1 F1200 X178.425 Y165.98 E478.86992
G0 F6000 X177.859 Y165.98
G1 F1200 X160.781 Y148.901 E479.67324
G0 F6000 X160.781 Y149.467
G1 F1200 X177.294 Y165.98 E480.44996
G0 F6000 X176.728 Y165.98
G1 F1200 X160.781 Y150.033 E481.20006
G0 F6000 X160.781 Y150.598
G1 F1200 X176.162 Y165.98 E481.92356
G0 F6000 X175.597 Y165.98
G1 F1200 X160.781 Y151.164 E482.62046
G0 F6000 X160.781 Y151.73
G1 F1200 X175.031 Y165.98 E483.29074
G0 F6000 X174.465 Y165.98
G1 F1200 X160.781 Y152.296 E483.93439
G0 F6000 X160.781 Y152.862
G1 F1200 X173.899 Y165.98 E484.55142
G0 F6000 X173.334 Y165.98
G1 F1200 X160.781 Y153.427 E485.14187
G0 F6000 X160.781 Y153.993
G1 F1200 X172.768 Y165.98 E485.70571
G0 F6000 X172.202 Y165.98
G1 F1200 X160.781 Y154.559 E486.24292
G0 F6000 X160.782 Y155.125
G1 F1200 X171.637 Y165.98 E486.7535
G0 F6000 X171.071 Y165.98
G1 F1200 X160.782 Y155.691 E487.23746
G0 F6000 X160.782 Y156.256
G1 F1200 X170.505 Y165.98 E487.69483
G0 F6000 X169.94 Y165.98
G1 F1200 X160.782 Y156.822 E488.12559
G0 F6000 X160.782 Y157.388
G1 F1200 X169.374 Y165.98 E488.52973
G0 F6000 X168.808 Y165.98
G1 F1200 X160.782 Y157.954 E488.90725
G0 F6000 X160.782 Y158.519
G1 F1200 X168.243 Y165.98 E489.25819
G0 F6000 X167.677 Y165.98
G1 F1200 X160.783 Y159.086 E489.58247
G0 F6000 X160.783 Y159.651
G1 F1200 X167.111 Y165.98 E489.88014
G0 F6000 X166.546 Y165.98
G1 F1200 X160.783 Y160.217 E490.15121
G0 F6000 X160.783 Y160.783
G1 F1200 X165.98 Y165.98 E490.39567
G0 F6000 X165.414 Y165.98
G1 F1200 X160.783 Y161.348 E490.61352
G0 F6000 X160.783 Y161.914
G1 F1200 X164.849 Y165.98 E490.80477
G0 F6000 X164.283 Y165.98
G1 F1200 X160.783 Y162.48 E490.9694
G0 F6000 X160.783 Y163.046
G1 F1200 X163.717 Y165.98 E491.1074
G0 F6000 X163.151 Y165.98
G1 F1200 X160.783 Y163.612 E491.21879
G0 F6000 X160.783 Y164.177
G1 F1200 X162.586 Y165.98 E491.3036
G0 F6000 X162.02 Y165.98
G1 F1200 X160.783 Y164.743 E491.36178
G0 F6000 X160.783 Y165.309
G1 F1200 X161.454 Y165.98 E491.39334
G0 F6000 X160.889 Y165.98
G1 F1200 X160.783 Y165.875 E491.3983
G1 F1500 E487.3983
G0 F6000 X160.783 Y166.44
G0 X187.387 Y166.34
G0 X188.377 Y154.98
G0 X187.011 Y154.202
G1 F1500 E491.3983
G1 F1200 X160.218 Y127.409 E492.65857
G0 F6000 X159.993 Y127.749
G1 F1200 X198.224 Y165.98 E494.45683
G0 F6000 X197.658 Y165.98
G1 F1200 X159.747 Y128.069 E496.24005
G0 F6000 X159.467 Y128.355
G1 F1200 X197.093 Y165.98 E498.00984
G0 F6000 X196.527 Y165.98
G1 F1200 X159.148 Y128.601 E499.76803
G0 F6000 X158.812 Y128.831
G1 F1200 X195.961 Y165.98 E501.51541
G0 F6000 X195.396 Y165.98
G1 F1200 X158.423 Y129.007 E503.2545
G0 F6000 X158.004 Y129.154
G1 F1200 X194.83 Y165.98 E504.98669
G0 F6000 X194.83 Y166.44
G0 X198.79 Y166.44
G0 X198.79 Y165.98
G1 F1200 X187.962 Y155.153 E505.49598
G0 F6000 X188.222 Y154.776
G0 X189.133 Y155.205
G0 X189.017 Y155.641
G1 F1200 X199.355 Y165.98 E505.98227
G0 F6000 X199.921 Y165.98
G1 F1200 X189.715 Y155.774 E506.46233
G0 F6000 X190.282 Y155.776
G1 F1200 X200.487 Y165.98 E506.94232
G0 F6000 X201.052 Y165.98
G1 F1200 X190.78 Y155.707 E507.4255
G0 F6000 X191.231 Y155.592
G1 F1200 X201.618 Y165.98 E507.9141
G0 F6000 X202.184 Y165.98
G1 F1200 X191.62 Y155.416 E508.411
G0 F6000 X191.986 Y155.216
G1 F1200 X202.749 Y165.98 E508.91728
G0 F6000 X203.315 Y165.98
G1 F1200 X192.315 Y154.98 E509.43469
G0 F6000 X192.612 Y154.711
G1 F1200 X203.864 Y165.963 E509.96395
G0 F6000 X203.864 Y165.397
G1 F1200 X192.878 Y154.411 E510.48069
G0 F6000 X193.114 Y154.082
G1 F1200 X203.864 Y164.832 E510.98634
G0 F6000 X203.864 Y164.266
G1 F1200 X193.311 Y153.713 E511.48272
G0 F6000 X193.483 Y153.319
G1 F1200 X203.864 Y163.7 E511.97101
G0 F6000 X203.864 Y163.134
G1 F1200 X193.602 Y152.872 E512.45371
G0 F6000 X193.663 Y152.368
G1 F1200 X203.864 Y162.569 E512.93353
G0 F6000 X203.864 Y162.003
G1 F1200 X193.655 Y151.795 E513.41371
G0 F6000 X193.522 Y151.095
G1 F1200 X203.864 Y161.437 E513.90016
G0 F6000 X203.864 Y160.872
G1 F1200 X192.939 Y149.947 E514.41404
G0 F6000 X192.564 Y150.211
G0 X191.943 Y149.59
G0 X192.207 Y149.215
G1 F1200 X70.184 Y27.192 E520.15363
G0 F6000 X70.184 Y27.757
G1 F1200 X191.071 Y148.644 E525.83978
G0 F6000 X190.375 Y148.514
G1 F1200 X70.184 Y28.323 E531.4932
G0 F6000 X70.184 Y28.889
G1 F1200 X189.792 Y148.497 E537.11919
G0 F6000 X189.292 Y148.562
G1 F1200 X70.184 Y29.455 E542.72164
G0 F6000 X70.184 Y30.02
G1 F1200 X188.838 Y148.674 E548.30276
G0 F6000 X188.443 Y148.845
G1 F1200 X70.184 Y30.586 E553.86531
G0 F6000 X70.184 Y31.152
G1 F1200 X188.078 Y149.045 E559.41065
G0 F6000 X187.747 Y149.281
G1 F1200 X70.184 Y31.717 E564.94048
G0 F6000 X70.184 Y32.283
G1 F1200 X187.452 Y149.551 E570.45641
G0 F6000 X187.175 Y149.839
G1 F1200 X70.184 Y32.849 E575.95928
G0 F6000 X70.184 Y33.414
G1 F1200 X186.942 Y150.173 E581.45124
G0 F6000 X186.743 Y150.539
G1 F1200 X160.348 Y124.145 E582.69276
G0 F6000 X160.623 Y124.985
G1 F1200 X186.571 Y150.933 E583.91327
G0 F6000 X186.449 Y151.376
G1 F1200 X160.686 Y125.614 E585.12506
G0 F6000 X160.638 Y126.131
G1 F1200 X186.384 Y151.877 E586.33608
G0 F6000 X186.388 Y152.447
G1 F1200 X160.542 Y126.601 E587.55179
G0 F6000 X160.397 Y127.022
G1 F1200 X186.514 Y153.138 E588.78023
G1 F1500 E584.78023
G0 F6000 X186.956 Y153.019
G0 X187.771 Y154.031
G0 X188.134 Y154.394
G0 X188.554 Y154.688
G0 X189.019 Y154.904
G0 X189.514 Y155.037
G0 X190.024 Y155.083
G0 X190.534 Y155.037
G0 X191.029 Y154.904
G0 X191.494 Y154.688
G0 X191.914 Y154.394
G0 X192.12 Y154.188
G0 X193.254 Y152.712
G0 X204.224 Y152.712
G0 X203.864 Y152.952
G1 F1500 E588.78023
G1 F1200 X79.203 Y28.291 E594.6439
G0 F6000 X78.999 Y28.653
G1 F1200 X203.864 Y153.518 E600.51717
G0 F6000 X203.864 Y154.084
G1 F1200 X78.77 Y28.989 E606.40123
G0 F6000 X78.493 Y29.278
G1 F1200 X203.864 Y154.649 E612.2983
G0 F6000 X203.864 Y155.215
G1 F1200 X78.201 Y29.552 E618.2091
G0 F6000 X77.869 Y29.786
G1 F1200 X203.864 Y155.781 E624.13552
G0 F6000 X203.864 Y156.346
G1 F1200 X77.502 Y29.985 E630.07918
G0 F6000 X77.102 Y30.15
G1 F1200 X203.864 Y156.912 E636.04167
G0 F6000 X203.864 Y157.478
G1 F1200 X76.651 Y30.265 E642.02538
G0 F6000 X76.153 Y30.333
G1 F1200 X203.864 Y158.043 E648.03249
G0 F6000 X203.864 Y158.609
G1 F1200 X75.576 Y30.321 E654.06677
G0 F6000 X74.883 Y30.193
G1 F1200 X203.864 Y159.175 E660.13366
G0 F6000 X203.864 Y159.74
G1 F1200 X73.739 Y29.616 E666.25432
G0 F6000 X74.003 Y29.244
G0 X73.394 Y28.641
G0 X73.023 Y28.899
G1 F1200 X70.184 Y26.06 E666.38786
G0 F6000 X70.184 Y25.495
G1 F1200 X72.425 Y27.736 E666.49327
G0 F6000 X72.297 Y27.043
G1 F1200 X70.184 Y24.929 E666.59268
G0 F6000 X70.184 Y24.363
G1 F1200 X72.283 Y26.463 E666.69143
G0 F6000 X72.342 Y25.956
G1 F1200 X70.184 Y23.798 E666.79294
G0 F6000 X70.184 Y23.232
G1 F1200 X72.464 Y25.512 E666.90018
G0 F6000 X72.634 Y25.116
G1 F1200 X70.184 Y22.666 E667.01543
G0 F6000 X70.184 Y22.101
G1 F1200 X72.831 Y24.748 E667.13993
G0 F6000 X73.067 Y24.418
G1 F1200 X70.184 Y21.535 E667.27554
G0 F6000 X70.184 Y20.969
G1 F1200 X73.335 Y24.12 E667.42375
G0 F6000 X73.623 Y23.842
G1 F1200 X70.184 Y20.404 E667.58549
G0 F6000 X70.184 Y19.838
G1 F1200 X73.954 Y23.608 E667.76282
G0 F6000 X74.32 Y23.408
G1 F1200 X70.184 Y19.272 E667.95736
G0 F6000 X70.184 Y18.707
G1 F1200 X74.718 Y23.24 E668.17061
G0 F6000 X75.165 Y23.122
G1 F1200 X70.184 Y18.141 E668.4049
G0 F6000 X70.184 Y17.575
G1 F1200 X75.664 Y23.055 E668.66266
G0 F6000 X76.233 Y23.059
G1 F1200 X70.184 Y17.009 E668.94721
G0 F6000 X70.184 Y16.444
G1 F1200 X76.922 Y23.182 E669.26414
G0 F6000 X76.805 Y23.625
G0 X77.714 Y24.047
G0 X77.978 Y23.672
G1 F1200 X70.184 Y15.878 E669.63075
G0 F6000 X70.184 Y15.312
G1 F1200 X203.864 Y148.992 E675.91865
G0 F6000 X203.864 Y148.427
G1 F1200 X70.184 Y14.747 E682.20654
G0 F6000 X70.184 Y14.181
G1 F1200 X203.864 Y147.861 E688.49444
G0 F6000 X203.864 Y147.295
G1 F1200 X70.184 Y13.615 E694.78234
G0 F6000 X70.184 Y13.05
G1 F1200 X203.864 Y146.73 E701.07024
G0 F6000 X203.864 Y146.164
G1 F1200 X70.184 Y12.484 E707.35813
G0 F6000 X70.184 Y11.918
G1 F1200 X203.864 Y145.598 E713.64603
G0 F6000 X203.864 Y145.033
G1 F1200 X70.184 Y11.353 E719.93393
G0 F6000 X70.184 Y10.787
G1 F1200 X203.864 Y144.467 E726.22183
G0 F6000 X203.864 Y143.901
G1 F1200 X70.184 Y10.221 E732.50972
G0 F6000 X70.184 Y9.656
G1 F1200 X203.864 Y143.335 E738.7976
G0 F6000 X203.864 Y142.77
G1 F1200 X70.184 Y9.09 E745.08549
G0 F6000 X70.184 Y8.524
G1 F1200 X203.864 Y142.204 E751.37339
G0 F6000 X203.864 Y141.638
G1 F1200 X70.184 Y7.958 E757.66129
G0 F6000 X70.184 Y7.393
G1 F1200 X203.864 Y141.073 E763.94919
G0 F6000 X203.864 Y140.507
G1 F1200 X70.184 Y6.827 E770.23708
G0 F6000 X70.184 Y6.261
G1 F1200 X203.864 Y139.941 E776.52498
G0 F6000 X203.864 Y139.376
G1 F1200 X70.184 Y5.696 E782.81288
G0 F6000 X70.184 Y5.13
G1 F1200 X203.864 Y138.81 E789.10078
G0 F6000 X203.864 Y138.244
G1 F1200 X70.184 Y4.564 E795.38867
G0 F6000 X70.485 Y4.3
G1 F1200 X203.864 Y137.679 E801.66241
G0 F6000 X203.864 Y137.113
G1 F1200 X71.051 Y4.3 E807.90953
G0 F6000 X71.616 Y4.3
G1 F1200 X203.864 Y136.547 E814.13005
G0 F6000 X203.864 Y135.982
G1 F1200 X72.182 Y4.3 E820.32396
G0 F6000 X72.748 Y4.3
G1 F1200 X203.864 Y135.416 E826.49126
G0 F6000 X203.864 Y134.85
G1 F1200 X73.314 Y4.3 E832.63193
G0 F6000 X73.879 Y4.3
G1 F1200 X203.864 Y134.285 E838.74603
G0 F6000 X203.864 Y133.719
G1 F1200 X74.445 Y4.3 E844.8335
G0 F6000 X75.011 Y4.3
G1 F1200 X203.864 Y133.153 E850.89435
G0 F6000 X203.864 Y132.587
G1 F1200 X75.576 Y4.3 E856.9286
G0 F6000 X76.142 Y4.3
G1 F1200 X203.864 Y132.022 E862.93625
G0 F6000 X203.864 Y131.456
G1 F1200 X76.708 Y4.3 E868.91728
G0 F6000 X77.273 Y4.3
G1 F1200 X203.864 Y130.89 E874.87171
G0 F6000 X203.864 Y130.325
G1 F1200 X77.839 Y4.3 E880.79954
G0 F6000 X78.405 Y4.3
G1 F1200 X203.864 Y129.759 E886.70074
G0 F6000 X203.864 Y129.193
G1 F1200 X78.97 Y4.3 E892.57535
G0 F6000 X79.536 Y4.3
G1 F1200 X203.864 Y128.628 E898.42336
G0 F6000 X203.864 Y128.062
G1 F1200 X80.102 Y4.3 E904.24474
G0 F6000 X80.667 Y4.3
G1 F1200 X137.97 Y61.602 E906.94008
G0 F6000 X137.87 Y60.936
G1 F1200 X81.233 Y4.3 E909.60409
G0 F6000 X81.799 Y4.3
G1 F1200 X137.87 Y60.371 E912.24149
G0 F6000 X137.87 Y59.805
G1 F1200 X82.365 Y4.3 E914.85228
G0 F6000 X82.93 Y4.3
G1 F1200 X137.87 Y59.239 E917.43646
G0 F6000 X137.87 Y58.674
G1 F1200 X83.496 Y4.3 E919.99405
G0 F6000 X84.062 Y4.3
G1 F1200 X137.87 Y58.108 E922.52501
G0 F6000 X137.87 Y57.542
G1 F1200 X84.627 Y4.3 E925.02938
G0 F6000 X85.193 Y4.3
G1 F1200 X137.87 Y56.977 E927.50714
G0 F6000 X137.87 Y56.411
G1 F1200 X85.759 Y4.3 E929.95828
G0 F6000 X86.324 Y4.3
G1 F1200 X137.87 Y55.845 E932.38283
G0 F6000 X137.87 Y55.279
G1 F1200 X86.89 Y4.3 E934.78075
G0 F6000 X87.456 Y4.3
G1 F1200 X137.87 Y54.714 E937.15207
G0 F6000 X137.87 Y54.148
G1 F1200 X88.021 Y4.3 E939.49679
G0 F6000 X88.587 Y4.3
G1 F1200 X137.869 Y53.582 E941.81486
G0 F6000 X137.869 Y53.016
G1 F1200 X89.153 Y4.3 E944.10631
G0 F6000 X89.718 Y4.3
G1 F1200 X137.869 Y52.45 E946.37116
G0 F6000 X137.869 Y51.885
G1 F1200 X90.284 Y4.3 E948.60942
G0 F6000 X90.85 Y4.3
G1 F1200 X137.869 Y51.319 E950.82105
G0 F6000 X137.869 Y50.753
G1 F1200 X91.415 Y4.3 E953.00608
G0 F6000 X91.981 Y4.3
G1 F1200 X137.869 Y50.188 E955.16451
G0 F6000 X137.869 Y49.622
G1 F1200 X92.547 Y4.3 E957.29631
G0 F6000 X93.113 Y4.3
G1 F1200 X137.869 Y49.056 E959.4015
G0 F6000 X137.869 Y48.491
G1 F1200 X93.678 Y4.3 E961.48011
G0 F6000 X94.244 Y4.3
G1 F1200 X137.869 Y47.925 E963.53209
G0 F6000 X137.869 Y47.359
G1 F1200 X94.81 Y4.3 E965.55746
G0 F6000 X95.375 Y4.3
G1 F1200 X137.868 Y46.793 E967.5562
G0 F6000 X137.868 Y46.227
G1 F1200 X95.941 Y4.3 E969.52832
G0 F6000 X96.507 Y4.3
G1 F1200 X137.868 Y45.661 E971.47381
G0 F6000 X137.868 Y45.096
G1 F1200 X97.072 Y4.3 E973.39273
G0 F6000 X97.638 Y4.3
G1 F1200 X137.868 Y44.53 E975.28503
G0 F6000 X137.868 Y43.964
G1 F1200 X98.204 Y4.3 E977.1507
G0 F6000 X98.769 Y4.3
G1 F1200 X137.868 Y43.399 E978.9898
G0 F6000 X137.868 Y42.833
G1 F1200 X99.335 Y4.3 E980.80227
G0 F6000 X99.901 Y4.3
G1 F1200 X137.868 Y42.267 E982.58812
G0 F6000 X137.868 Y41.702
G1 F1200 X100.466 Y4.3 E984.3474
G0 F6000 X101.032 Y4.3
G1 F1200 X137.868 Y41.136 E986.08005
G0 F6000 X137.868 Y40.57
G1 F1200 X101.598 Y4.3 E987.78608
G0 F6000 X102.163 Y4.3
G1 F1200 X137.868 Y40.005 E989.46553
G0 F6000 X137.867 Y39.438
G1 F1200 X102.729 Y4.3 E991.11832
G0 F6000 X103.295 Y4.3
G1 F1200 X137.867 Y38.872 E992.74448
G0 F6000 X137.867 Y38.307
G1 F1200 X103.861 Y4.3 E994.34404
G0 F6000 X104.426 Y4.3
G1 F1200 X137.867 Y37.741 E995.917
G0 F6000 X137.867 Y37.175
G1 F1200 X104.992 Y4.3 E997.46334
G0 F6000 X105.558 Y4.3
G1 F1200 X137.867 Y36.61 E998.98308
G0 F6000 X137.867 Y36.044
G1 F1200 X106.123 Y4.3 E1000.47622
G0 F6000 X106.689 Y4.3
G1 F1200 X137.867 Y35.478 E1001.94274
G0 F6000 X137.867 Y34.913
G1 F1200 X107.255 Y4.3 E1003.38266
G0 F6000 X107.82 Y4.3
G1 F1200 X137.867 Y34.347 E1004.79597
G0 F6000 X137.867 Y33.781
G1 F1200 X108.386 Y4.3 E1006.18267
G0 F6000 X108.952 Y4.3
G1 F1200 X137.867 Y33.216 E1007.54277
G0 F6000 X137.867 Y32.649
G1 F1200 X109.517 Y4.3 E1008.87624
G0 F6000 X110.083 Y4.3
G1 F1200 X137.867 Y32.084 E1010.18311
G0 F6000 X137.867 Y31.518
G1 F1200 X110.649 Y4.3 E1011.46337
G0 F6000 X111.214 Y4.3
G1 F1200 X137.867 Y30.952 E1012.71702
G0 F6000 X137.867 Y30.386
G1 F1200 X111.78 Y4.3 E1013.94405
G0 F6000 X112.346 Y4.3
G1 F1200 X137.867 Y29.821 E1015.14448
G0 F6000 X137.867 Y29.255
G1 F1200 X112.912 Y4.3 E1016.31828
G0 F6000 X113.477 Y4.3
G1 F1200 X137.867 Y28.689 E1017.46549
G0 F6000 X137.867 Y28.124
G1 F1200 X114.043 Y4.3 E1018.5861
G0 F6000 X114.609 Y4.3
G1 F1200 X137.867 Y27.558 E1019.68008
G0 F6000 X137.867 Y26.992
G1 F1200 X115.174 Y4.3 E1020.74747
G0 F6000 X115.74 Y4.3
G1 F1200 X137.867 Y26.427 E1021.78825
G0 F6000 X137.867 Y25.861
G1 F1200 X116.306 Y4.3 E1022.80242
G0 F6000 X116.871 Y4.3
G1 F1200 X137.866 Y25.295 E1023.78996
G0 F6000 X137.866 Y24.729
G1 F1200 X117.437 Y4.3 E1024.75088
G0 F6000 X118.003 Y4.3
G1 F1200 X137.866 Y24.163 E1025.68517
G0 F6000 X137.866 Y23.598
G1 F1200 X118.568 Y4.3 E1026.59289
G0 F6000 X119.134 Y4.3
G1 F1200 X137.866 Y23.032 E1027.47399
G0 F6000 X137.866 Y22.466
G1 F1200 X119.7 Y4.3 E1028.32846
G0 F6000 X120.265 Y4.3
G1 F1200 X137.866 Y21.901 E1029.15636
G0 F6000 X137.866 Y21.335
G1 F1200 X120.831 Y4.3 E1029.95763
G0 F6000 X121.397 Y4.3
G1 F1200 X137.866 Y20.769 E1030.73228
G0 F6000 X137.866 Y20.203
G1 F1200 X121.962 Y4.3 E1031.48033
G0 F6000 X122.528 Y4.3
G1 F1200 X137.866 Y19.638 E1032.20179
G0 F6000 X137.866 Y19.072
G1 F1200 X123.094 Y4.3 E1032.89661
G0 F6000 X123.66 Y4.3
G1 F1200 X137.865 Y18.506 E1033.5648
G0 F6000 X137.865 Y17.94
G1 F1200 X124.225 Y4.3 E1034.20638
G0 F6000 X124.791 Y4.3
G1 F1200 X137.865 Y17.374 E1034.82134
G0 F6000 X137.865 Y16.809
G1 F1200 X125.357 Y4.3 E1035.4097
G0 F6000 X125.922 Y4.3
G1 F1200 X137.865 Y16.243 E1035.97147
G0 F6000 X137.865 Y15.677
G1 F1200 X126.488 Y4.3 E1036.50661
G0 F6000 X127.054 Y4.3
G1 F1200 X137.865 Y15.112 E1037.01515
G0 F6000 X137.865 Y14.546
G1 F1200 X127.619 Y4.3 E1037.49709
G0 F6000 X128.185 Y4.3
G1 F1200 X137.865 Y13.98 E1037.9524
G0 F6000 X137.865 Y13.415
G1 F1200 X128.751 Y4.3 E1038.38112
G0 F6000 X129.316 Y4.3
G1 F1200 X137.865 Y12.849 E1038.78324
G0 F6000 X137.865 Y12.283
G1 F1200 X129.882 Y4.3 E1039.15874
G0 F6000 X130.448 Y4.3
G1 F1200 X137.865 Y11.717 E1039.50761
G0 F6000 X137.865 Y11.151
G1 F1200 X131.013 Y4.3 E1039.82988
G0 F6000 X131.579 Y4.3
G1 F1200 X137.865 Y10.585 E1040.12553
G0 F6000 X137.865 Y10.02
G1 F1200 X132.145 Y4.3 E1040.39458
G0 F6000 X132.711 Y4.3
G1 F1200 X137.865 Y9.454 E1040.63701
G0 F6000 X137.865 Y8.888
G1 F1200 X133.276 Y4.3 E1040.85284
G0 F6000 X133.842 Y4.3
G1 F1200 X137.865 Y8.323 E1041.04207
G0 F6000 X137.865 Y7.757
G1 F1200 X134.408 Y4.3 E1041.20468
G0 F6000 X134.973 Y4.3
G1 F1200 X137.865 Y7.191 E1041.34069
G0 F6000 X137.865 Y6.626
G1 F1200 X135.539 Y4.3 E1041.45009
G0 F6000 X136.105 Y4.3
G1 F1200 X137.865 Y6.06 E1041.53288
G0 F6000 X137.865 Y5.494
G1 F1200 X136.67 Y4.3 E1041.58906
G0 F6000 X137.236 Y4.3
G1 F1200 X137.865 Y4.929 E1041.61865
G0 F6000 X137.865 Y4.363
G1 F1200 X137.802 Y4.3 E1041.62161
G1 F1500 E1037.62161
G0 F6000 X137.802 Y3.84
G0 X138.252 Y3.912
G0 X138.596 Y61.569
G0 X138.789 Y61.802
G0 X138.571 Y62.203
G1 F1500 E1041.62161
G1 F1200 X203.864 Y127.496 E1044.6928
G0 F6000 X203.864 Y126.931
G1 F1200 X139.222 Y62.289 E1047.73336
G0 F6000 X139.788 Y62.289
G1 F1200 X203.864 Y126.365 E1050.7473
G0 F6000 X203.864 Y125.799
G1 F1200 X140.354 Y62.289 E1053.73461
G0 F6000 X140.919 Y62.289
G1 F1200 X203.864 Y125.234 E1056.69535
G0 F6000 X203.864 Y124.668
G1 F1200 X141.485 Y62.289 E1059.62947
G0 F6000 X142.051 Y62.289
G1 F1200 X203.864 Y124.102 E1062.53696
G0 F6000 X203.864 Y123.537
G1 F1200 X142.616 Y62.289 E1065.41788
G0 F6000 X143.183 Y62.29
G1 F1200 X203.864 Y122.971 E1068.27213
G0 F6000 X203.864 Y122.405
G1 F1200 X143.748 Y62.29 E1071.09978
G0 F6000 X144.314 Y62.29
G1 F1200 X203.864 Y121.839 E1073.9008
G0 F6000 X203.864 Y121.274
G1 F1200 X144.88 Y62.29 E1076.67523
G0 F6000 X145.446 Y62.29
G1 F1200 X203.864 Y120.708 E1079.42303
G0 F6000 X203.864 Y120.142
G1 F1200 X146.011 Y62.29 E1082.14424
G0 F6000 X146.577 Y62.29
G1 F1200 X203.864 Y119.577 E1084.83884
G0 F6000 X203.864 Y119.011
G1 F1200 X147.143 Y62.29 E1087.50682
G0 F6000 X147.709 Y62.29
G1 F1200 X203.864 Y118.445 E1090.14818
G0 F6000 X203.864 Y117.88
G1 F1200 X148.275 Y62.29 E1092.76294
G0 F6000 X148.84 Y62.29
G1 F1200 X203.864 Y117.314 E1095.3511
G0 F6000 X203.864 Y116.748
G1 F1200 X149.406 Y62.29 E1097.91264
G0 F6000 X149.972 Y62.29
G1 F1200 X203.864 Y116.183 E1100.44758
G0 F6000 X203.864 Y115.617
G1 F1200 X150.537 Y62.29 E1102.95592
G0 F6000 X151.104 Y62.291
G1 F1200 X203.864 Y115.051 E1105.43759
G0 F6000 X203.864 Y114.486
G1 F1200 X151.669 Y62.291 E1107.89268
G0 F6000 X152.235 Y62.291
G1 F1200 X203.864 Y113.92 E1110.32115
G0 F6000 X203.864 Y113.354
G1 F1200 X152.801 Y62.291 E1112.723
G0 F6000 X153.367 Y62.291
G1 F1200 X203.864 Y112.788 E1115.09822
G0 F6000 X203.864 Y112.223
G1 F1200 X153.932 Y62.291 E1117.44687
G0 F6000 X154.498 Y62.291
G1 F1200 X203.864 Y111.657 E1119.76889
G0 F6000 X203.864 Y111.091
G1 F1200 X155.064 Y62.291 E1122.0643
G0 F6000 X155.63 Y62.292
G1 F1200 X203.864 Y110.526 E1124.33308
G0 F6000 X203.864 Y109.96
G1 F1200 X156.196 Y62.292 E1126.57523
G0 F6000 X156.761 Y62.292
G1 F1200 X203.864 Y109.394 E1128.79079
G0 F6000 X203.864 Y108.829
G1 F1200 X157.327 Y62.292 E1130.97975
G0 F6000 X157.893 Y62.292
G1 F1200 X203.864 Y108.263 E1133.14208
G0 F6000 X203.864 Y107.697
G1 F1200 X158.458 Y62.292 E1135.27782
G0 F6000 X159.024 Y62.292
G1 F1200 X203.864 Y107.132 E1137.38695
G0 F6000 X203.864 Y106.566
G1 F1200 X159.59 Y62.293 E1139.46944
G0 F6000 X160.156 Y62.293
G1 F1200 X203.864 Y106 E1141.52531
G0 F6000 X203.864 Y105.435
G1 F1200 X160.722 Y62.293 E1143.55458
G0 F6000 X161.288 Y62.293
G1 F1200 X203.864 Y104.869 E1145.55722
G0 F6000 X203.864 Y104.303
G1 F1200 X161.853 Y62.293 E1147.53327
G0 F6000 X162.419 Y62.293
G1 F1200 X203.864 Y103.738 E1149.48271
G0 F6000 X203.864 Y103.172
G1 F1200 X162.985 Y62.293 E1151.40554
G0 F6000 X163.551 Y62.293
G1 F1200 X203.864 Y102.606 E1153.30174
G0 F6000 X203.864 Y102.04
G1 F1200 X164.117 Y62.293 E1155.17131
G0 F6000 X164.682 Y62.293
G1 F1200 X203.864 Y101.475 E1157.01431
G0 F6000 X203.864 Y100.909
G1 F1200 X165.248 Y62.293 E1158.83069
G0 F6000 X165.814 Y62.293
G1 F1200 X203.864 Y100.343 E1160.62045
G0 F6000 X203.864 Y99.778
G1 F1200 X166.379 Y62.293 E1162.38363
G0 F6000 X166.945 Y62.293
G1 F1200 X203.864 Y99.212 E1164.12018
G0 F6000 X203.864 Y98.646
G1 F1200 X167.511 Y62.294 E1165.83009
G0 F6000 X168.077 Y62.294
G1 F1200 X203.864 Y98.081 E1167.5134
G0 F6000 X203.864 Y97.515
G1 F1200 X168.643 Y62.294 E1169.17009
G0 F6000 X169.209 Y62.294
G1 F1200 X203.864 Y96.949 E1170.80016
G0 F6000 X203.864 Y96.384
G1 F1200 X169.774 Y62.294 E1172.40365
G0 F6000 X170.34 Y62.294
G1 F1200 X203.864 Y95.818 E1173.98051
G0 F6000 X203.864 Y95.252
G1 F1200 X170.906 Y62.294 E1175.53076
G0 F6000 X171.472 Y62.295
G1 F1200 X191.589 Y82.412 E1176.477
G0 F6000 X191.409 Y81.666
G1 F1200 X172.038 Y62.295 E1177.38815
G0 F6000 X172.603 Y62.295
G1 F1200 X191.37 Y81.061 E1178.27087
G0 F6000 X191.41 Y80.535
G1 F1200 X173.169 Y62.295 E1179.12885
G0 F6000 X173.735 Y62.295
G1 F1200 X191.527 Y80.087 E1179.96573
G0 F6000 X191.678 Y79.673
G1 F1200 X174.3 Y62.295 E1180.78313
G0 F6000 X174.866 Y62.295
G1 F1200 X191.865 Y79.294 E1181.58272
G0 F6000 X192.097 Y78.96
G1 F1200 X175.432 Y62.295 E1182.36659
G0 F6000 X175.998 Y62.295
G1 F1200 X192.353 Y78.65 E1183.13587
G0 F6000 X192.634 Y78.366
G1 F1200 X176.564 Y62.295 E1183.89178
G0 F6000 X177.13 Y62.295
G1 F1200 X192.963 Y78.129 E1184.63654
G0 F6000 X193.31 Y77.91
G1 F1200 X177.695 Y62.295 E1185.37102
G0 F6000 X178.261 Y62.295
G1 F1200 X193.696 Y77.73 E1186.09704
G0 F6000 X194.132 Y77.601
G1 F1200 X178.827 Y62.295 E1186.81696
G0 F6000 X179.392 Y62.295
G1 F1200 X194.612 Y77.515 E1187.53286
G0 F6000 X195.152 Y77.49
G1 F1200 X179.959 Y62.296 E1188.24752
G0 F6000 X180.524 Y62.296
G1 F1200 X195.803 Y77.575 E1188.9662
G0 F6000 X196.687 Y77.893
G1 F1200 X181.09 Y62.296 E1189.69983
G0 F6000 X181.656 Y62.296
G1 F1200 X203.864 Y84.504 E1190.74443
G0 F6000 X203.864 Y83.939
G1 F1200 X182.221 Y62.296 E1191.76245
G0 F6000 X182.787 Y62.296
G1 F1200 X203.864 Y83.373 E1192.75385
G0 F6000 X203.864 Y82.807
G1 F1200 X183.353 Y62.296 E1193.71862
G0 F6000 X183.919 Y62.297
G1 F1200 X203.864 Y82.241 E1194.65675
G0 F6000 X203.864 Y81.676
G1 F1200 X184.485 Y62.297 E1195.56828
G0 F6000 X185.051 Y62.297
G1 F1200 X203.864 Y81.11 E1196.45318
G0 F6000 X203.864 Y80.544
G1 F1200 X185.616 Y62.297 E1197.31149
G0 F6000 X186.182 Y62.297
G1 F1200 X203.864 Y79.979 E1198.1432
G0 F6000 X203.864 Y79.413
G1 F1200 X186.748 Y62.297 E1198.94828
G0 F6000 X187.313 Y62.297
G1 F1200 X203.864 Y78.847 E1199.72677
G0 F6000 X203.864 Y78.282
G1 F1200 X187.88 Y62.298 E1200.4786
G0 F6000 X188.445 Y62.298
G1 F1200 X203.864 Y77.716 E1201.20384
G0 F6000 X203.864 Y77.15
G1 F1200 X189.011 Y62.298 E1201.90246
G0 F6000 X189.577 Y62.298
G1 F1200 X203.864 Y76.585 E1202.57448
G0 F6000 X203.864 Y76.019
G1 F1200 X190.142 Y62.298 E1203.21989
G0 F6000 X190.708 Y62.298
G1 F1200 X203.864 Y75.453 E1203.83869
G0 F6000 X203.864 Y74.888
G1 F1200 X191.274 Y62.298 E1204.43088
G0 F6000 X191.84 Y62.298
G1 F1200 X203.864 Y74.322 E1204.99645
G0 F6000 X203.864 Y73.756
G1 F1200 X192.406 Y62.298 E1205.5354
G0 F6000 X192.972 Y62.298
G1 F1200 X203.864 Y73.191 E1206.04775
G0 F6000 X203.864 Y72.625
G1 F1200 X193.537 Y62.298 E1206.5335
G0 F6000 X194.103 Y62.298
G1 F1200 X203.864 Y72.059 E1206.99263
G0 F6000 X203.864 Y71.493
G1 F1200 X194.669 Y62.298 E1207.42514
G0 F6000 X195.234 Y62.298
G1 F1200 X203.864 Y70.928 E1207.83106
G0 F6000 X203.864 Y70.362
G1 F1200 X195.801 Y62.299 E1208.21032
G0 F6000 X196.366 Y62.299
G1 F1200 X203.864 Y69.796 E1208.56298
G0 F6000 X203.864 Y69.231
G1 F1200 X196.932 Y62.299 E1208.88904
G0 F6000 X197.498 Y62.299
G1 F1200 X203.864 Y68.665 E1209.18848
G0 F6000 X203.864 Y68.099
G1 F1200 X198.063 Y62.299 E1209.46132
G0 F6000 X198.629 Y62.299
G1 F1200 X203.864 Y67.534 E1209.70756
G0 F6000 X203.864 Y66.968
G1 F1200 X199.195 Y62.299 E1209.92717
G0 F6000 X199.76 Y62.299
G1 F1200 X203.864 Y66.402 E1210.12019
G0 F6000 X203.864 Y65.837
G1 F1200 X200.327 Y62.3 E1210.28656
G0 F6000 X200.893 Y62.3
G1 F1200 X203.864 Y65.271 E1210.4263
G0 F6000 X203.864 Y64.705
G1 F1200 X201.458 Y62.3 E1210.53945
G0 F6000 X202.024 Y62.3
G1 F1200 X203.864 Y64.14 E1210.626
G0 F6000 X203.864 Y63.574
G1 F1200 X202.59 Y62.3 E1210.68592
G0 F6000 X203.155 Y62.3
G1 F1200 X203.864 Y63.008 E1210.71925
G0 F6000 X203.864 Y62.442
G1 F1200 X203.721 Y62.3 E1210.72595
G1 F1500 E1206.72595
G0 F6000 X203.722 Y61.84
G0 X198.021 Y61.92
G0 X197.539 Y79.03
G0 X198.268 Y79.474
G1 F1500 E1210.72595
G1 F1200 X203.864 Y85.07 E1210.98917
G0 F6000 X203.864 Y85.636
G1 F1200 X198.587 Y80.359 E1211.23739
G0 F6000 X198.674 Y81.011
G1 F1200 X203.864 Y86.201 E1211.48151
G0 F6000 X203.864 Y86.767
G1 F1200 X198.647 Y81.55 E1211.7269
G0 F6000 X198.561 Y82.03
G1 F1200 X203.864 Y87.333 E1211.97634
G0 F6000 X203.864 Y87.898
G1 F1200 X198.433 Y82.468 E1212.23177
G0 F6000 X198.251 Y82.851
G1 F1200 X203.864 Y88.464 E1212.49579
G0 F6000 X203.864 Y89.03
G1 F1200 X198.03 Y83.196 E1212.7702
G0 F6000 X197.795 Y83.527
G1 F1200 X203.864 Y89.595 E1213.05565
G0 F6000 X203.864 Y90.161
G1 F1200 X197.514 Y83.811 E1213.35433
G0 F6000 X197.201 Y84.064
G1 F1200 X203.864 Y90.727 E1213.66774
G0 F6000 X203.864 Y91.292
G1 F1200 X196.868 Y84.296 E1213.99681
G0 F6000 X196.484 Y84.479
G1 F1200 X203.864 Y91.858 E1214.34392
G0 F6000 X203.864 Y92.424
G1 F1200 X196.074 Y84.634 E1214.71033
G0 F6000 X195.621 Y84.747
G1 F1200 X203.864 Y92.989 E1215.09804
G0 F6000 X203.864 Y93.555
G1 F1200 X195.104 Y84.796 E1215.51006
G0 F6000 X194.495 Y84.752
G1 F1200 X203.864 Y94.121 E1215.95075
G0 F6000 X203.864 Y94.687
G1 F1200 X193.747 Y84.569 E1216.42664
G1 F1500 E1212.42664
G0 F6000 X193.339 Y83.858
G0 X192.923 Y83.663
G0 X159.121 Y123.117
G0 X158.501 Y122.297
G1 F1500 E1216.42664
G1 F1200 X70.184 Y33.98 E1220.5808
G0 F6000 X70.184 Y34.546
G1 F1200 X157.684 Y122.046 E1224.69653
G0 F6000 X157.051 Y121.979
G1 F1200 X70.184 Y35.111 E1228.78251
G0 F6000 X70.184 Y35.677
G1 F1200 X156.529 Y122.022 E1232.84392
G0 F6000 X156.062 Y122.121
G1 F1200 X70.184 Y36.243 E1236.88336
G0 F6000 X70.184 Y36.808
G1 F1200 X155.633 Y122.258 E1240.90264
G0 F6000 X155.248 Y122.438
G1 F1200 X70.184 Y37.374 E1244.90379
G0 F6000 X70.184 Y37.94
G1 F1200 X154.906 Y122.662 E1248.88885
G0 F6000 X154.591 Y122.912
G1 F1200 X70.184 Y38.505 E1252.8591
G0 F6000 X70.184 Y39.071
G1 F1200 X154.306 Y123.193 E1256.81594
G0 F6000 X154.06 Y123.513
G1 F1200 X70.184 Y39.637 E1260.76121
G0 F6000 X70.184 Y40.203
G1 F1200 X153.83 Y123.849 E1264.69566
G0 F6000 X153.651 Y124.236
G1 F1200 X70.184 Y40.768 E1268.62172
G0 F6000 X70.184 Y41.334
G1 F1200 X153.507 Y124.657 E1272.54097
G0 F6000 X153.407 Y125.123
G1 F1200 X70.184 Y41.9 E1276.45553
G0 F6000 X70.184 Y42.465
G1 F1200 X153.366 Y125.647 E1280.36816
G0 F6000 X153.417 Y126.265
G1 F1200 X70.184 Y43.031 E1284.2832
G0 F6000 X70.184 Y43.597
G1 F1200 X153.66 Y127.073 E1288.20966
G1 F1500 E1284.20966
G0 F6000 X154.077 Y126.877
G0 X155.134 Y127.894
G0 X155.554 Y128.188
G0 X156.019 Y128.404
G0 X156.514 Y128.537
G0 X156.803 Y128.563
G0 X158.647 Y128.492
G0 X204.224 Y128.492
G0 X203.864 Y149.558
G1 F1500 E1288.20966
G1 F1200 X78.933 Y24.627 E1294.08603
G0 F6000 X78.554 Y24.886
G0 X78.995 Y25.811
G0 X79.436 Y25.696
G1 F1200 X203.864 Y150.124 E1299.93874
G0 F6000 X203.864 Y150.689
G1 F1200 X79.561 Y26.386 E1305.78557
G0 F6000 X79.557 Y26.949
G1 F1200 X203.864 Y151.255 E1311.63257
G0 F6000 X203.864 Y151.821
G1 F1200 X79.499 Y27.456 E1317.48232
G0 F6000 X79.38 Y27.902
G1 F1200 X203.864 Y152.386 E1323.33766
G0 F6000 X204.324 Y152.386
G0 X204.324 Y160.306
G0 X203.864 Y160.306
G1 F1200 X70.184 Y26.626 E1329.62556
G1 F1500 E1325.62556
;MESH:base_modelo.stl
G0 F6000 X69.724 Y26.626
G0 X69.444 Y120.839
G0 X39.452 Y120.642
G0 X38.972 Y120.839
;TYPE:WALL-INNER
G1 F1500 E1329.62556
G1 F1200 X38.525 Y121.133 E1329.64336
G1 X38.048 Y121.344 E1329.6607
G1 X37.548 Y121.463 E1329.6778
G1 X37.072 Y121.504 E1329.69369
G1 X36.54 Y121.461 E1329.71144
G1 X36.049 Y121.342 E1329.72825
G1 X35.565 Y121.132 E1329.74579
G1 X35.146 Y120.856 E1329.76248
G1 X34.771 Y120.508 E1329.7795
G1 X34.454 Y120.106 E1329.79652
G1 X34.207 Y119.651 E1329.81374
G1 X34.032 Y119.124 E1329.83221
G1 X33.967 Y118.71 E1329.84615
G1 X33.959 Y118.15 E1329.86478
G1 X34.059 Y117.594 E1329.88357
G1 X34.207 Y117.159 E1329.89885
G1 X34.454 Y116.705 E1329.91604
G1 X34.741 Y116.339 E1329.93151
G1 X35.145 Y115.956 E1329.95003
G1 X35.571 Y115.676 E1329.96698
G1 X36.047 Y115.468 E1329.98426
G1 X36.536 Y115.349 E1330.001
G1 X37.052 Y115.304 E1330.01823
G1 X37.513 Y115.342 E1330.03361
G1 X38.058 Y115.468 E1330.05222
G1 X38.524 Y115.672 E1330.06913
G1 X38.955 Y115.956 E1330.0863
G1 X39.335 Y116.31 E1330.10358
G1 X39.647 Y116.707 E1330.12037
G1 X39.894 Y117.161 E1330.13756
G1 X40.055 Y117.643 E1330.15446
G1 X40.137 Y118.134 E1330.17102
G1 X40.14 Y118.65 E1330.18818
G1 X40.058 Y119.148 E1330.20497
G1 X39.884 Y119.663 E1330.22305
G1 X39.638 Y120.114 E1330.24013
G1 X39.345 Y120.491 E1330.25602
G1 X38.972 Y120.839 E1330.27298
G1 F1500 E1326.27298
G0 F6000 X39.452 Y120.642
G0 X67.299 Y142.113
G0 X71.508 Y146.642
G1 F1500 E1330.27298
G1 F1200 X71.078 Y146.833 E1330.28863
G1 X70.555 Y146.962 E1330.30655
G1 X70.08 Y147.004 E1330.32241
G1 X69.522 Y146.958 E1330.34103
G1 X69.059 Y146.845 E1330.35688
G1 X68.563 Y146.629 E1330.37488
G1 X68.16 Y146.364 E1330.39092
G1 X67.791 Y146.029 E1330.40749
G1 X67.438 Y145.577 E1330.42657
G1 X67.223 Y145.182 E1330.44153
G1 X67.044 Y144.677 E1330.45935
G1 X66.961 Y144.164 E1330.47663
G1 X66.96 Y143.667 E1330.49316
G1 X67.048 Y143.13 E1330.51126
G1 X67.217 Y142.643 E1330.52841
G1 X67.452 Y142.205 E1330.54494
G1 X67.768 Y141.807 E1330.56184
G1 X68.143 Y141.454 E1330.57897
G1 X68.565 Y141.181 E1330.59569
G1 X69.04 Y140.97 E1330.61297
G1 X69.536 Y140.848 E1330.62996
G1 X70.052 Y140.804 E1330.64719
G1 X70.513 Y140.842 E1330.66257
G1 X71.059 Y140.968 E1330.68121
G1 X71.524 Y141.173 E1330.69811
G1 X71.959 Y141.456 E1330.71537
G1 X72.364 Y141.844 E1330.73403
G1 X72.648 Y142.205 E1330.7493
G1 X72.894 Y142.661 E1330.76654
G1 X73.041 Y143.094 E1330.78174
G1 X73.14 Y143.648 E1330.80046
G1 X73.138 Y144.169 E1330.81779
G1 X73.054 Y144.665 E1330.83452
G1 X72.883 Y145.165 E1330.8521
G1 X72.657 Y145.585 E1330.86796
G1 X72.352 Y145.983 E1330.88464
G1 X71.953 Y146.354 E1330.90276
G1 X71.508 Y146.642 E1330.92039
G1 F1500 E1326.92039
G0 F6000 X71.137 Y146.916
G0 X72.491 Y146.099
G0 X108.306 Y153.207
G0 X111.075 Y154.504
G1 F1500 E1330.92039
G1 F1200 X110.539 Y154.461 E1330.93828
G1 X110.04 Y154.339 E1330.95536
G1 X109.588 Y154.142 E1330.97176
G1 X109.148 Y153.858 E1330.98918
G1 X108.77 Y153.507 E1331.00634
G1 X108.463 Y153.116 E1331.02287
G1 X108.214 Y152.663 E1331.04006
G1 X108.039 Y152.158 E1331.05784
G1 X107.96 Y151.65 E1331.07494
G1 X107.96 Y151.168 E1331.09097
G1 X108.045 Y150.643 E1331.10866
G1 X108.206 Y150.161 E1331.12556
G1 X108.453 Y149.707 E1331.14275
G1 X108.802 Y149.273 E1331.16127
G1 X109.145 Y148.956 E1331.17681
G1 X109.571 Y148.676 E1331.19376
G1 X110.047 Y148.468 E1331.21104
G1 X110.536 Y148.349 E1331.22778
G1 X111.052 Y148.304 E1331.24501
G1 X111.513 Y148.342 E1331.26039
G1 X112.058 Y148.468 E1331.279
G1 X112.524 Y148.672 E1331.29592
G1 X112.955 Y148.956 E1331.31308
G1 X113.335 Y149.31 E1331.33036
G1 X113.647 Y149.707 E1331.34715
G1 X113.894 Y150.161 E1331.36434
G1 X114.055 Y150.643 E1331.38124
G1 X114.14 Y151.168 E1331.39893
G1 X114.137 Y151.684 E1331.4161
G1 X114.06 Y152.141 E1331.43151
G1 X113.899 Y152.629 E1331.4486
G1 X113.656 Y153.087 E1331.46585
G1 X113.315 Y153.523 E1331.48426
G1 X112.96 Y153.849 E1331.50029
G1 X112.518 Y154.137 E1331.51783
G1 X112.038 Y154.347 E1331.53526
G1 X111.588 Y154.456 E1331.55066
G1 X111.075 Y154.504 E1331.5678
G1 F1500 E1327.5678
G0 F6000 X112.616 Y154.289
G0 X147.006 Y154.303
G0 X147.53 Y154.335
G1 F1500 E1331.5678
G1 F1200 X147.087 Y154.141 E1331.58388
G1 X146.663 Y153.866 E1331.60069
G1 X146.296 Y153.534 E1331.61715
G1 X145.944 Y153.087 E1331.63607
G1 X145.701 Y152.633 E1331.6532
G1 X145.536 Y152.145 E1331.67033
G1 X145.463 Y151.684 E1331.68586
G1 X145.46 Y151.168 E1331.70302
G1 X145.545 Y150.643 E1331.72071
G1 X145.706 Y150.161 E1331.73761
G1 X145.953 Y149.707 E1331.7548
G1 X146.302 Y149.273 E1331.77332
G1 X146.645 Y148.956 E1331.78886
G1 X147.071 Y148.676 E1331.80581
G1 X147.547 Y148.468 E1331.82309
G1 X148.036 Y148.349 E1331.83983
G1 X148.552 Y148.304 E1331.85706
G1 X149.058 Y148.346 E1331.87394
G1 X149.569 Y148.474 E1331.89147
G1 X150.027 Y148.674 E1331.90809
G1 X150.46 Y148.956 E1331.92527
G1 X150.864 Y149.344 E1331.94391
G1 X151.148 Y149.705 E1331.95918
G1 X151.391 Y150.156 E1331.97622
G1 X151.556 Y150.641 E1331.99326
G1 X151.64 Y151.151 E1332.01045
G1 X151.64 Y151.67 E1332.02771
G1 X151.564 Y152.12 E1332.04289
G1 X151.394 Y152.647 E1332.06131
G1 X151.15 Y153.1 E1332.07842
G1 X150.835 Y153.505 E1332.09549
G1 X150.456 Y153.855 E1332.11265
G1 X150.028 Y154.133 E1332.12962
G1 X149.556 Y154.341 E1332.14678
G1 X149.077 Y154.458 E1332.16318
G1 X148.535 Y154.504 E1332.18127
G1 X148.056 Y154.463 E1332.19726
G1 X147.53 Y154.335 E1332.21526
G1 F1500 E1328.21526
G0 F6000 X147.491 Y154.427
G0 X148.53 Y154.684
G0 X149.842 Y168.152
G0 X149.951 Y173.767
G1 F1500 E1332.21526
G1 F1200 X149.533 Y173.493 E1332.23189
G1 X149.138 Y173.131 E1332.24971
G1 X148.825 Y172.735 E1332.2665
G1 X148.577 Y172.276 E1332.28385
G1 X148.417 Y171.819 E1332.29995
G1 X148.329 Y171.288 E1332.31786
G1 X148.328 Y170.807 E1332.33385
G1 X148.419 Y170.244 E1332.35282
G1 X148.57 Y169.805 E1332.36826
G1 X148.838 Y169.31 E1332.38698
G1 X149.142 Y168.924 E1332.40333
G1 X149.527 Y168.573 E1332.42065
G1 X149.932 Y168.309 E1332.43673
G1 X150.424 Y168.095 E1332.45458
G1 X150.895 Y167.978 E1332.47072
G1 X151.418 Y167.929 E1332.48819
G1 X151.973 Y167.985 E1332.50675
G1 X152.421 Y168.096 E1332.5221
G1 X152.891 Y168.299 E1332.53912
G1 X153.324 Y168.582 E1332.55633
G1 X153.703 Y168.931 E1332.57347
G1 X154.018 Y169.336 E1332.59053
G1 X154.26 Y169.786 E1332.60752
G1 X154.425 Y170.265 E1332.62437
G1 X154.509 Y170.784 E1332.64186
G1 X154.501 Y171.334 E1332.66016
G1 X154.436 Y171.748 E1332.67409
G1 X154.26 Y172.278 E1332.69267
G1 X154.016 Y172.731 E1332.70978
G1 X153.732 Y173.092 E1332.72506
G1 X153.324 Y173.479 E1332.74376
G1 X152.901 Y173.761 E1332.76067
G1 X152.464 Y173.948 E1332.77648
G1 X151.936 Y174.089 E1332.79466
G1 X151.415 Y174.135 E1332.81205
G1 X150.901 Y174.088 E1332.82922
G1 X150.413 Y173.964 E1332.84597
G1 X149.951 Y173.767 E1332.86267
G1 F1500 E1328.86267
G0 F6000 X149.811 Y173.798
G0 X150.87 Y174.266
G0 X157.252 Y174.266
G0 X157.452 Y218.804
G1 F1500 E1332.86267
G1 F1200 X157.452 Y137.004 E1335.58335
G1 X67.38 Y137.003 E1338.57916
G1 X67.185 Y136.932 E1338.58606
G1 X67.024 Y136.804 E1338.5929
G1 X66.931 Y136.665 E1338.59846
G1 X66.875 Y136.471 E1338.60518
G1 X66.872 Y104.004 E1339.68504
G1 X22.653 Y104.005 E1341.15577
G1 X22.653 Y218.803 E1344.97396
G1 X157.452 Y218.804 E1349.4574
G1 F1500 E1345.4574
G0 F6000 X157.181 Y218.703
G0 X34.896 Y218.623
G0 X34.068 Y200.998
G0 X34.898 Y199.631
G1 F1500 E1349.4574
G1 F1200 X34.657 Y200.085 E1349.47449
G1 X34.335 Y200.502 E1349.49202
G1 X33.953 Y200.854 E1349.50929
G1 X33.528 Y201.131 E1349.52617
G1 X33.058 Y201.34 E1349.54327
G1 X32.561 Y201.461 E1349.56029
G1 X32.052 Y201.504 E1349.57728
G1 X31.54 Y201.461 E1349.59437
G1 X31.049 Y201.342 E1349.61117
G1 X30.565 Y201.132 E1349.62872
G1 X30.185 Y200.882 E1349.64385
G1 X29.773 Y200.513 E1349.66224
G1 X29.482 Y200.142 E1349.67792
G1 X29.208 Y199.655 E1349.69651
G1 X29.032 Y199.124 E1349.71512
G1 X28.959 Y198.661 E1349.73071
G1 X28.967 Y198.102 E1349.7493
G1 X29.059 Y197.594 E1349.76647
G1 X29.206 Y197.161 E1349.78168
G1 X29.454 Y196.702 E1349.79903
G1 X29.802 Y196.273 E1349.81741
G1 X30.143 Y195.954 E1349.83294
G1 X30.572 Y195.675 E1349.84996
G1 X31.047 Y195.468 E1349.86719
G1 X31.543 Y195.347 E1349.88417
G1 X32.055 Y195.304 E1349.90126
G1 X32.561 Y195.348 E1349.91815
G1 X33.039 Y195.464 E1349.93451
G1 X33.529 Y195.677 E1349.95228
G1 X33.929 Y195.936 E1349.96813
G1 X34.337 Y196.312 E1349.98659
G1 X34.644 Y196.703 E1350.00312
G1 X34.891 Y197.161 E1350.02043
G1 X35.058 Y197.655 E1350.03777
G1 X35.14 Y198.178 E1350.05538
G1 X35.139 Y198.665 E1350.07158
G1 X35.051 Y199.177 E1350.08886
G1 X34.898 Y199.631 E1350.10479
G0 F6000 X34.522 Y199.493
;TYPE:WALL-OUTER
G1 F1200 X34.309 Y199.886 E1350.11966
G1 X34.04 Y200.232 E1350.13424
G1 X33.694 Y200.548 E1350.14982
G1 X33.336 Y200.78 E1350.16401
G1 X32.929 Y200.962 E1350.17884
G1 X32.497 Y201.066 E1350.19362
G1 X32.034 Y201.104 E1350.20907
G1 X31.604 Y201.066 E1350.22343
G1 X31.159 Y200.956 E1350.23867
G1 X30.745 Y200.772 E1350.25374
G1 X30.38 Y200.528 E1350.26834
G1 X30.054 Y200.224 E1350.28317
G1 X29.78 Y199.868 E1350.29811
G1 X29.571 Y199.478 E1350.31283
G1 X29.426 Y199.052 E1350.32779
G1 X29.36 Y198.616 E1350.34246
G1 X29.362 Y198.167 E1350.35739
G1 X29.438 Y197.723 E1350.37238
G1 X29.583 Y197.305 E1350.38709
G1 X29.779 Y196.941 E1350.40084
G1 X30.075 Y196.565 E1350.41676
G1 X30.406 Y196.26 E1350.43173
G1 X30.78 Y196.02 E1350.44651
G1 X31.187 Y195.845 E1350.46124
G1 X31.607 Y195.742 E1350.47563
G1 X32.07 Y195.704 E1350.49108
G1 X32.494 Y195.742 E1350.50524
G1 X32.942 Y195.853 E1350.52059
G1 X33.337 Y196.028 E1350.53496
G1 X33.721 Y196.281 E1350.55025
G1 X34.05 Y196.592 E1350.56531
G1 X34.321 Y196.941 E1350.58001
G1 X34.53 Y197.335 E1350.59484
G1 X34.67 Y197.755 E1350.60957
G1 X34.74 Y198.192 E1350.62429
G1 X34.738 Y198.65 E1350.63952
G1 X34.668 Y199.06 E1350.65335
G1 X34.522 Y199.493 E1350.66855
G1 F1500 E1346.66855
G0 F6000 X34.786 Y199.636
G0 X35.223 Y197.573
G0 X69.551 Y147.145
G0 X71.322 Y146.287
G1 F1500 E1350.66855
G1 F1200 X70.92 Y146.465 E1350.68317
G1 X70.499 Y146.566 E1350.69757
G1 X70.034 Y146.604 E1350.71309
G1 X69.588 Y146.563 E1350.72799
G1 X69.159 Y146.456 E1350.74269
G1 X68.745 Y146.272 E1350.75776
G1 X68.397 Y146.042 E1350.77164
G1 X68.054 Y145.724 E1350.78719
G1 X67.783 Y145.374 E1350.80192
G1 X67.575 Y144.99 E1350.81644
G1 X67.43 Y144.573 E1350.83113
G1 X67.36 Y144.132 E1350.84598
G1 X67.362 Y143.667 E1350.86144
G1 X67.435 Y143.232 E1350.87611
G1 X67.575 Y142.822 E1350.89052
G1 X67.787 Y142.427 E1350.90543
G1 X68.075 Y142.065 E1350.92082
G1 X68.406 Y141.76 E1350.93579
G1 X68.761 Y141.529 E1350.94988
G1 X69.187 Y141.345 E1350.96531
G1 X69.605 Y141.242 E1350.97963
G1 X70.07 Y141.204 E1350.99515
G1 X70.508 Y141.245 E1351.00978
G1 X70.916 Y141.345 E1351.02375
G1 X71.35 Y141.536 E1351.03952
G1 X71.721 Y141.781 E1351.05431
G1 X72.05 Y142.092 E1351.06937
G1 X72.321 Y142.441 E1351.08406
G1 X72.53 Y142.835 E1351.0989
G1 X72.67 Y143.255 E1351.11362
G1 X72.738 Y143.667 E1351.12751
G1 X72.74 Y144.134 E1351.14304
G1 X72.67 Y144.55 E1351.15707
G1 X72.526 Y144.984 E1351.17228
G1 X72.31 Y145.385 E1351.18743
G1 X72.037 Y145.735 E1351.20219
G1 X71.711 Y146.036 E1351.21695
G1 X71.322 Y146.287 E1351.23235
G1 F1500 E1347.23235
G0 F6000 X71.137 Y146.916
G0 X72.491 Y146.099
G0 X108.306 Y153.207
G0 X111.034 Y154.104
G1 F1500 E1351.23235
G1 F1200 X110.588 Y154.063 E1351.24725
G1 X110.159 Y153.956 E1351.26195
G1 X109.766 Y153.784 E1351.27622
G1 X109.38 Y153.528 E1351.29163
G1 X109.054 Y153.224 E1351.30645
G1 X108.78 Y152.868 E1351.32139
G1 X108.575 Y152.49 E1351.3357
G1 X108.43 Y152.073 E1351.35038
G1 X108.36 Y151.628 E1351.36536
G1 X108.362 Y151.167 E1351.3807
G1 X108.433 Y150.739 E1351.39513
G1 X108.576 Y150.32 E1351.40985
G1 X108.788 Y149.926 E1351.42473
G1 X109.075 Y149.565 E1351.44007
G1 X109.392 Y149.27 E1351.45447
G1 X109.78 Y149.02 E1351.46982
G1 X110.187 Y148.845 E1351.48456
G1 X110.622 Y148.74 E1351.49944
G1 X111.07 Y148.704 E1351.51439
G1 X111.508 Y148.745 E1351.52902
G1 X111.916 Y148.845 E1351.543
G1 X112.35 Y149.036 E1351.55877
G1 X112.708 Y149.27 E1351.57299
G1 X113.04 Y149.58 E1351.5881
G1 X113.312 Y149.926 E1351.60274
G1 X113.524 Y150.32 E1351.61762
G1 X113.667 Y150.739 E1351.63234
G1 X113.74 Y151.189 E1351.64751
G1 X113.738 Y151.65 E1351.66284
G1 X113.662 Y152.08 E1351.67736
G1 X113.527 Y152.482 E1351.69147
G1 X113.31 Y152.885 E1351.70669
G1 X113.039 Y153.233 E1351.72136
G1 X112.707 Y153.539 E1351.73638
G1 X112.322 Y153.787 E1351.75161
G1 X111.917 Y153.966 E1351.76634
G1 X111.492 Y154.067 E1351.78087
G1 X111.034 Y154.104 E1351.79615
G1 F1500 E1347.79615
G0 F6000 X111.009 Y154.403
G0 X112.616 Y154.289
G0 X147.006 Y154.303
G0 X147.681 Y153.964
G1 F1500 E1351.79615
G1 F1200 X147.245 Y153.772 E1351.81199
G1 X146.888 Y153.535 E1351.82625
G1 X146.56 Y153.232 E1351.8411
G1 X146.282 Y152.873 E1351.8562
G1 X146.073 Y152.486 E1351.87083
G1 X145.926 Y152.052 E1351.88607
G1 X145.86 Y151.63 E1351.90028
G1 X145.862 Y151.167 E1351.91568
G1 X145.933 Y150.739 E1351.93011
G1 X146.076 Y150.32 E1351.94483
G1 X146.288 Y149.926 E1351.95971
G1 X146.575 Y149.565 E1351.97505
G1 X146.892 Y149.27 E1351.98945
G1 X147.28 Y149.02 E1352.00481
G1 X147.687 Y148.845 E1352.01954
G1 X148.122 Y148.74 E1352.03442
G1 X148.57 Y148.704 E1352.04937
G1 X149.008 Y148.745 E1352.064
G1 X149.416 Y148.845 E1352.07798
G1 X149.85 Y149.036 E1352.09375
G1 X150.221 Y149.281 E1352.10853
G1 X150.55 Y149.592 E1352.12359
G1 X150.821 Y149.941 E1352.13829
G1 X151.03 Y150.335 E1352.15312
G1 X151.17 Y150.755 E1352.16785
G1 X151.238 Y151.167 E1352.18174
G1 X151.238 Y151.65 E1352.1978
G1 X151.17 Y152.051 E1352.21133
G1 X151.017 Y152.503 E1352.2272
G1 X150.821 Y152.867 E1352.24095
G1 X150.528 Y153.244 E1352.25683
G1 X150.194 Y153.548 E1352.27185
G1 X149.822 Y153.787 E1352.28656
G1 X149.428 Y153.962 E1352.3009
G1 X148.992 Y154.067 E1352.31581
G1 X148.534 Y154.104 E1352.3311
G1 X148.109 Y154.067 E1352.34529
G1 X147.681 Y153.964 E1352.35993
G1 F1500 E1348.35993
G0 F6000 X147.481 Y154.423
G0 X148.53 Y154.684
G0 X149.842 Y168.152
G0 X150.133 Y173.411
G1 F1500 E1352.35993
G1 F1200 X149.757 Y173.16 E1352.37496
G1 X149.418 Y172.844 E1352.39038
G1 X149.152 Y172.504 E1352.40474
G1 X148.939 Y172.102 E1352.41987
G1 X148.795 Y171.684 E1352.43457
G1 X148.73 Y171.272 E1352.44844
G1 X148.73 Y170.795 E1352.46431
G1 X148.806 Y170.346 E1352.47946
G1 X148.948 Y169.938 E1352.49382
G1 X149.158 Y169.551 E1352.50847
G1 X149.431 Y169.201 E1352.52323
G1 X149.756 Y168.901 E1352.53794
G1 X150.129 Y168.657 E1352.55277
G1 X150.555 Y168.473 E1352.5682
G1 X150.98 Y168.369 E1352.58275
G1 X151.434 Y168.332 E1352.5979
G1 X151.877 Y168.373 E1352.6127
G1 X152.312 Y168.484 E1352.62763
G1 X152.718 Y168.664 E1352.64241
G1 X153.088 Y168.908 E1352.65715
G1 X153.396 Y169.192 E1352.67108
G1 X153.689 Y169.569 E1352.68696
G1 X153.898 Y169.962 E1352.70177
G1 X154.038 Y170.379 E1352.7164
G1 X154.106 Y170.795 E1352.73042
G1 X154.106 Y171.272 E1352.74628
G1 X154.042 Y171.679 E1352.75998
G1 X153.885 Y172.131 E1352.7759
G1 X153.67 Y172.524 E1352.7908
G1 X153.418 Y172.844 E1352.80435
G1 X153.059 Y173.175 E1352.82059
G1 X152.723 Y173.399 E1352.83402
G1 X152.277 Y173.59 E1352.85016
G1 X151.85 Y173.696 E1352.86479
G1 X151.398 Y173.732 E1352.87987
G1 X150.969 Y173.694 E1352.89419
G1 X150.543 Y173.586 E1352.90881
G1 X150.133 Y173.411 E1352.92364
G1 F1500 E1348.92364
G0 F6000 X149.863 Y173.833
G0 X150.87 Y174.266
G0 X157.252 Y174.266
G0 X157.852 Y219.204
G1 F1500 E1352.92364
G1 F1200 X157.852 Y136.604 E1355.67093
G1 X67.427 Y136.604 E1358.67847
G1 X67.336 Y136.552 E1358.68196
G1 X67.272 Y136.404 E1358.68732
G1 X67.272 Y103.604 E1359.77825
G1 X22.253 Y103.605 E1361.27559
G1 X22.253 Y219.203 E1365.1204
G1 X157.852 Y219.204 E1369.63044
G1 F1500 E1365.63044
G0 F6000 X157.582 Y218.936
G0 X38.868 Y218.623
G0 X38.122 Y121.51
G0 X38.707 Y120.539
G1 F1500 E1369.63044
G1 F1200 X38.331 Y120.783 E1369.64535
G1 X37.911 Y120.967 E1369.6606
G1 X37.492 Y121.067 E1369.67493
G1 X37.034 Y121.104 E1369.69021
G1 X36.604 Y121.066 E1369.70457
G1 X36.159 Y120.956 E1369.71981
G1 X35.745 Y120.772 E1369.73488
G1 X35.38 Y120.528 E1369.74948
G1 X35.054 Y120.224 E1369.76431
G1 X34.78 Y119.868 E1369.77925
G1 X34.571 Y119.478 E1369.79397
G1 X34.426 Y119.052 E1369.80893
G1 X34.362 Y118.648 E1369.82254
G1 X34.362 Y118.167 E1369.83854
G1 X34.438 Y117.723 E1369.85352
G1 X34.583 Y117.305 E1369.86823
G1 X34.788 Y116.925 E1369.8826
G1 X35.075 Y116.565 E1369.89791
G1 X35.392 Y116.27 E1369.91231
G1 X35.78 Y116.02 E1369.92766
G1 X36.187 Y115.845 E1369.9424
G1 X36.622 Y115.74 E1369.95728
G1 X37.07 Y115.704 E1369.97223
G1 X37.508 Y115.745 E1369.98686
G1 X37.916 Y115.845 E1370.00083
G1 X38.35 Y116.036 E1370.0166
G1 X38.708 Y116.27 E1370.03083
G1 X39.04 Y116.58 E1370.04594
G1 X39.312 Y116.926 E1370.06058
G1 X39.524 Y117.32 E1370.07546
G1 X39.667 Y117.739 E1370.09018
G1 X39.74 Y118.188 E1370.10531
G1 X39.738 Y118.65 E1370.12068
G1 X39.668 Y119.06 E1370.13451
G1 X39.522 Y119.493 E1370.14971
G1 X39.309 Y119.886 E1370.16458
G1 X39.036 Y120.236 E1370.17934
G1 X38.707 Y120.539 E1370.19422
G1 F1500 E1366.19422
G0 F6000 X38.87 Y120.791
G0 X38.122 Y121.51
G0 X34.072 Y195.814
G0 X35.226 Y199.777
;TYPE:SKIN
G1 F1500 E1370.19422
G1 F1200 X35.408 Y199.242 E1370.21301
G1 X35.5 Y198.655 E1370.23278
G1 X35.496 Y198.122 E1370.2505
G1 X35.402 Y197.551 E1370.26975
G1 X35.23 Y197.032 E1370.28794
G1 X34.94 Y196.5 E1370.30809
G1 X34.589 Y196.055 E1370.32694
G1 X34.188 Y195.676 E1370.34529
G1 X33.707 Y195.364 E1370.36436
G1 X33.139 Y195.116 E1370.38497
G1 X32.621 Y194.994 E1370.40267
G1 X32.07 Y194.944 E1370.42108
G1 X31.499 Y194.988 E1370.44012
G1 X30.944 Y195.121 E1370.45911
G1 X30.416 Y195.348 E1370.47822
G1 X29.926 Y195.664 E1370.49761
G1 X29.494 Y196.064 E1370.5172
G1 X29.162 Y196.488 E1370.53511
G1 X28.87 Y197.027 E1370.5555
G1 X28.698 Y197.535 E1370.57333
G1 X28.602 Y198.099 E1370.59236
G1 X28.602 Y198.707 E1370.61258
G1 X28.682 Y199.231 E1370.63021
G1 X28.875 Y199.791 E1370.64992
G1 X29.157 Y200.311 E1370.66959
G1 X29.512 Y200.764 E1370.68873
G1 X29.908 Y201.128 E1370.70662
G1 X30.373 Y201.439 E1370.72523
G1 X30.947 Y201.687 E1370.74603
G1 X31.463 Y201.815 E1370.76371
G1 X32.031 Y201.864 E1370.78267
G1 X32.614 Y201.816 E1370.80213
G1 X33.169 Y201.682 E1370.82112
G1 X33.717 Y201.437 E1370.84108
G1 X34.18 Y201.138 E1370.85941
G1 X34.606 Y200.736 E1370.87889
G1 X34.933 Y200.319 E1370.89652
G1 X35.226 Y199.777 E1370.91701
G1 F1500 E1366.91701
G0 F6000 X34.993 Y199.666
G0 X35.232 Y199.208
G0 X35.23 Y218.623
G0 X157.092 Y218.443
G1 F1500 E1370.91701
G1 F1200 X23.013 Y218.439 E1375.3765
G1 X23.012 Y104.364 E1379.17065
G1 X66.512 Y104.364 E1380.61746
G1 X66.518 Y136.573 E1381.68874
G1 X66.662 Y136.921 E1381.70127
G1 X66.869 Y137.149 E1381.71151
G1 X67.122 Y137.296 E1381.72124
G1 X67.38 Y137.356 E1381.73005
G1 X157.092 Y137.364 E1384.71388
G1 X157.092 Y218.443 E1387.41058
G1 F1500 E1383.41058
G0 F6000 X157.09 Y218.703
G0 X157.252 Y173.988
G0 X153.836 Y173.252
G0 X149.747 Y174.066
G1 F1500 E1387.41058
G1 F1200 X150.29 Y174.301 E1387.43026
G1 X150.853 Y174.444 E1387.44958
G1 X151.401 Y174.496 E1387.46789
G1 X151.974 Y174.448 E1387.48701
G1 X152.546 Y174.301 E1387.50666
G1 X153.058 Y174.085 E1387.52514
G1 X153.523 Y173.779 E1387.54365
G1 X153.957 Y173.379 E1387.56328
G1 X154.306 Y172.94 E1387.58194
G1 X154.594 Y172.413 E1387.60191
G1 X154.782 Y171.859 E1387.62137
G1 X154.866 Y171.332 E1387.63912
G1 X154.866 Y170.727 E1387.65924
G1 X154.77 Y170.158 E1387.67843
G1 X154.593 Y169.65 E1387.69633
G1 X154.328 Y169.156 E1387.71497
G1 X153.956 Y168.672 E1387.73528
G1 X153.56 Y168.308 E1387.75317
G1 X153.074 Y167.988 E1387.77252
G1 X152.561 Y167.76 E1387.79119
G1 X152 Y167.621 E1387.81041
G1 X151.434 Y167.568 E1387.82932
G1 X150.881 Y167.616 E1387.84778
G1 X150.303 Y167.753 E1387.86754
G1 X149.753 Y167.993 E1387.8875
G1 X149.305 Y168.282 E1387.90523
G1 X148.852 Y168.7 E1387.92573
G1 X148.501 Y169.162 E1387.94503
G1 X148.242 Y169.655 E1387.96355
G1 X148.074 Y170.134 E1387.98044
G1 X147.97 Y170.734 E1388.00069
G1 X147.968 Y171.264 E1388.01832
G1 X148.065 Y171.901 E1388.03975
G1 X148.226 Y172.373 E1388.05634
G1 X148.503 Y172.902 E1388.0762
G1 X148.862 Y173.364 E1388.09566
G1 X149.253 Y173.728 E1388.11342
G1 X149.747 Y174.066 E1388.13333
G1 F1500 E1384.13333
G0 F6000 X149.867 Y173.836
G0 X148.958 Y172.642
G0 X148.726 Y172.214
G0 X148.569 Y171.755
G0 X148.489 Y171.276
G0 X148.489 Y170.791
G0 X148.569 Y170.311
G0 X148.727 Y169.852
G0 X149.842 Y168.152
G0 X148.53 Y154.684
G0 X147.409 Y154.676
G1 F1500 E1388.13333
G1 F1200 X147.96 Y154.811 E1388.1522
G1 X148.512 Y154.864 E1388.17064
G1 X149.095 Y154.819 E1388.19009
G1 X149.689 Y154.676 E1388.21041
G1 X150.181 Y154.46 E1388.22829
G1 X150.662 Y154.148 E1388.24735
G1 X151.088 Y153.76 E1388.26652
G1 X151.443 Y153.307 E1388.28566
G1 X151.713 Y152.811 E1388.30444
G1 X151.914 Y152.223 E1388.32511
G1 X151.998 Y151.722 E1388.34201
G1 X151.998 Y151.099 E1388.36273
G1 X151.91 Y150.567 E1388.38066
G1 X151.725 Y150.026 E1388.39968
G1 X151.441 Y149.491 E1388.41983
G1 X151.085 Y149.045 E1388.43881
G1 X150.697 Y148.685 E1388.45641
G1 X150.211 Y148.361 E1388.47584
G1 X149.691 Y148.135 E1388.4947
G1 X149.102 Y147.988 E1388.51489
G1 X148.57 Y147.94 E1388.53265
G1 X147.985 Y147.992 E1388.55219
G1 X147.444 Y148.121 E1388.57069
G1 X146.908 Y148.352 E1388.5901
G1 X146.434 Y148.66 E1388.6089
G1 X146.02 Y149.036 E1388.6275
G1 X145.643 Y149.511 E1388.64767
G1 X145.376 Y150.02 E1388.66679
G1 X145.189 Y150.559 E1388.68576
G1 X145.104 Y151.096 E1388.70385
G1 X145.1 Y151.678 E1388.7232
G1 X145.182 Y152.231 E1388.7418
G1 X145.392 Y152.825 E1388.76275
G1 X145.652 Y153.297 E1388.78068
G1 X146.028 Y153.78 E1388.80103
G1 X146.403 Y154.122 E1388.81792
G1 X146.902 Y154.452 E1388.83781
G1 X147.409 Y154.676 E1388.85625
G1 F1500 E1384.85625
G0 F6000 X147.481 Y154.423
G0 X147.006 Y154.303
G0 X112.616 Y154.289
G0 X111.065 Y154.864
G1 F1500 E1388.85625
G1 F1200 X111.567 Y154.82 E1388.87301
G1 X112.181 Y154.679 E1388.89396
G1 X112.705 Y154.442 E1388.91309
G1 X113.173 Y154.138 E1388.93165
G1 X113.566 Y153.778 E1388.94938
G1 X113.949 Y153.298 E1388.9698
G1 X114.225 Y152.776 E1388.98944
G1 X114.39 Y152.293 E1389.00642
G1 X114.494 Y151.707 E1389.02621
G1 X114.496 Y151.101 E1389.04637
G1 X114.407 Y150.56 E1389.0646
G1 X114.216 Y149.995 E1389.08444
G1 X113.948 Y149.51 E1389.10287
G1 X113.606 Y149.072 E1389.12135
G1 X113.193 Y148.685 E1389.14018
G1 X112.68 Y148.344 E1389.16067
G1 X112.156 Y148.121 E1389.17961
G1 X111.599 Y147.988 E1389.19865
G1 X111.071 Y147.94 E1389.21629
G1 X110.485 Y147.992 E1389.23586
G1 X109.944 Y148.121 E1389.25435
G1 X109.408 Y148.352 E1389.27377
G1 X108.934 Y148.66 E1389.29257
G1 X108.52 Y149.036 E1389.31117
G1 X108.154 Y149.496 E1389.33072
G1 X107.876 Y150.02 E1389.35045
G1 X107.689 Y150.559 E1389.36942
G1 X107.606 Y151.076 E1389.38684
G1 X107.604 Y151.707 E1389.40783
G1 X107.688 Y152.256 E1389.4263
G1 X107.869 Y152.78 E1389.44474
G1 X108.157 Y153.309 E1389.46477
G1 X108.515 Y153.761 E1389.48395
G1 X108.933 Y154.144 E1389.50281
G1 X109.407 Y154.453 E1389.52163
G1 X109.95 Y154.685 E1389.54126
G1 X110.501 Y154.819 E1389.56013
G1 X111.065 Y154.864 E1389.57894
G1 F1500 E1385.57894
G0 F6000 X111.084 Y154.605
G0 X109.924 Y154.109
G0 X108.306 Y153.207
G0 X72.491 Y146.099
G0 X71.662 Y146.967
G1 F1500 E1389.57894
G1 F1200 X72.17 Y146.636 E1389.59911
G1 X72.61 Y146.226 E1389.61911
G1 X72.946 Y145.803 E1389.63708
G1 X73.214 Y145.308 E1389.6558
G1 X73.398 Y144.765 E1389.67487
G1 X73.496 Y144.207 E1389.69371
G1 X73.498 Y143.599 E1389.71394
G1 X73.41 Y143.067 E1389.73187
G1 X73.23 Y142.527 E1389.7508
G1 X72.956 Y142.02 E1389.76997
G1 X72.605 Y141.571 E1389.78893
G1 X72.166 Y141.16 E1389.80893
G1 X71.706 Y140.86 E1389.82719
G1 X71.193 Y140.632 E1389.84587
G1 X70.64 Y140.493 E1389.86483
G1 X70.07 Y140.44 E1389.88387
G1 X69.489 Y140.492 E1389.90327
G1 X68.937 Y140.621 E1389.92213
G1 X68.382 Y140.867 E1389.94232
G1 X67.924 Y141.164 E1389.96047
G1 X67.511 Y141.549 E1389.97925
G1 X67.144 Y142.019 E1389.99909
G1 X66.883 Y142.493 E1390.01708
G1 X66.699 Y143.029 E1390.03593
G1 X66.602 Y143.603 E1390.05529
G1 X66.6 Y144.148 E1390.07342
G1 X66.684 Y144.736 E1390.09318
G1 X66.881 Y145.305 E1390.1132
G1 X67.172 Y145.828 E1390.13311
G1 X67.507 Y146.255 E1390.15116
G1 X67.937 Y146.648 E1390.17054
G1 X68.412 Y146.954 E1390.18933
G1 X68.935 Y147.181 E1390.20829
G1 X69.505 Y147.319 E1390.2278
G1 X70.069 Y147.364 E1390.24662
G1 X70.626 Y147.314 E1390.26522
G1 X71.168 Y147.183 E1390.28376
G1 X71.662 Y146.967 E1390.3017
G1 F1500 E1386.3017
G0 F6000 X71.137 Y146.916
G0 X69.568 Y146.807
G0 X69.098 Y146.688
G0 X68.652 Y146.493
G0 X68.245 Y146.227
G0 X67.889 Y145.898
G0 X67.59 Y145.514
G0 X67.359 Y145.087
G0 X67.201 Y144.628
G0 X67.121 Y144.149
G0 X67.299 Y142.113
G0 X39.452 Y120.642
G0 X39.188 Y121.123
G1 F1500 E1390.3017
G1 F1200 X39.579 Y120.769 E1390.31924
G1 X39.929 Y120.323 E1390.3381
G1 X40.226 Y119.773 E1390.35889
G1 X40.408 Y119.223 E1390.37815
G1 X40.494 Y118.692 E1390.39605
G1 X40.496 Y118.097 E1390.41584
G1 X40.407 Y117.56 E1390.43394
G1 X40.224 Y117.011 E1390.45319
G1 X39.948 Y116.514 E1390.4721
G1 X39.607 Y116.073 E1390.49064
G1 X39.193 Y115.685 E1390.50951
G1 X38.68 Y115.344 E1390.53
G1 X38.156 Y115.121 E1390.54894
G1 X37.599 Y114.988 E1390.56798
G1 X37.071 Y114.94 E1390.58562
G1 X36.469 Y114.994 E1390.60572
G1 X35.944 Y115.121 E1390.62369
G1 X35.407 Y115.352 E1390.64313
G1 X34.934 Y115.66 E1390.6619
G1 X34.515 Y116.045 E1390.68083
G1 X34.158 Y116.496 E1390.69996
G1 X33.884 Y116.987 E1390.71866
G1 X33.694 Y117.539 E1390.73808
G1 X33.602 Y118.1 E1390.75699
G1 X33.602 Y118.707 E1390.77717
G1 X33.682 Y119.231 E1390.7948
G1 X33.875 Y119.791 E1390.81451
G1 X34.14 Y120.284 E1390.83312
G1 X34.494 Y120.74 E1390.85232
G1 X34.916 Y121.132 E1390.87148
G1 X35.397 Y121.449 E1390.89064
G1 X35.915 Y121.676 E1390.90945
G1 X36.484 Y121.818 E1390.92895
G1 X37.084 Y121.864 E1390.94897
G1 X37.611 Y121.817 E1390.96657
G1 X38.183 Y121.676 E1390.98616
G1 X38.699 Y121.449 E1391.00491
G1 X39.188 Y121.123 E1391.02446
G1 F1500 E1387.02446
G0 F6000 X39.04 Y120.914
G0 X38.122 Y121.51
G0 X38.12 Y218.623
G0 X23.643 Y218.239
G1 F1500 E1391.02446
G1 F1200 X23.212 Y217.808 E1391.04473
G0 F6000 X23.212 Y217.242
G1 F1200 X24.209 Y218.239 E1391.09163
G0 F6000 X24.774 Y218.239
G1 F1200 X23.212 Y216.677 E1391.1651
G0 F6000 X23.212 Y216.111
G1 F1200 X25.34 Y218.239 E1391.26519
G0 F6000 X25.906 Y218.239
G1 F1200 X23.212 Y215.545 E1391.39191
G0 F6000 X23.212 Y214.98
G1 F1200 X26.471 Y218.239 E1391.5452
G0 F6000 X27.037 Y218.239
G1 F1200 X23.212 Y214.414 E1391.72512
G0 F6000 X23.212 Y213.848
G1 F1200 X27.603 Y218.239 E1391.93166
G0 F6000 X28.168 Y218.239
G1 F1200 X23.212 Y213.282 E1392.1648
G0 F6000 X23.212 Y212.717
G1 F1200 X28.734 Y218.239 E1392.42454
G0 F6000 X29.3 Y218.239
G1 F1200 X23.212 Y212.151 E1392.7109
G0 F6000 X23.212 Y211.585
G1 F1200 X29.865 Y218.239 E1393.02386
G0 F6000 X30.431 Y218.239
G1 F1200 X23.212 Y211.02 E1393.36342
G0 F6000 X23.212 Y210.454
G1 F1200 X30.997 Y218.239 E1393.7296
G0 F6000 X31.562 Y218.239
G1 F1200 X23.212 Y209.888 E1394.12238
G0 F6000 X23.212 Y209.323
G1 F1200 X32.128 Y218.239 E1394.54176
G0 F6000 X32.694 Y218.239
G1 F1200 X23.212 Y208.757 E1394.98777
G0 F6000 X23.212 Y208.191
G1 F1200 X33.259 Y218.239 E1395.46037
G0 F6000 X33.825 Y218.239
G1 F1200 X23.212 Y207.626 E1395.95957
G0 F6000 X23.212 Y207.06
G1 F1200 X34.391 Y218.239 E1396.4854
G0 F6000 X34.957 Y218.239
G1 F1200 X23.212 Y206.494 E1397.03785
G0 F6000 X23.212 Y205.929
G1 F1200 X35.522 Y218.239 E1397.61687
G0 F6000 X36.088 Y218.239
G1 F1200 X23.212 Y205.363 E1398.22252
G0 F6000 X23.212 Y204.797
G1 F1200 X36.654 Y218.239 E1398.85479
G0 F6000 X37.219 Y218.239
G1 F1200 X23.212 Y204.232 E1399.51364
G0 F6000 X23.212 Y203.666
G1 F1200 X37.785 Y218.239 E1400.19911
G0 F6000 X38.351 Y218.239
G1 F1200 X23.212 Y203.1 E1400.9112
G0 F6000 X23.212 Y202.534
G1 F1200 X38.916 Y218.239 E1401.64989
G0 F6000 X39.482 Y218.239
G1 F1200 X23.212 Y201.969 E1402.41518
G0 F6000 X23.212 Y201.403
G1 F1200 X40.048 Y218.239 E1403.20709
G0 F6000 X40.613 Y218.239
G1 F1200 X23.212 Y200.837 E1404.02561
G0 F6000 X23.212 Y200.272
G1 F1200 X41.179 Y218.239 E1404.87072
G0 F6000 X41.745 Y218.239
G1 F1200 X23.212 Y199.706 E1405.74246
G0 F6000 X23.212 Y199.14
G1 F1200 X42.311 Y218.239 E1406.64081
G0 F6000 X42.877 Y218.239
G1 F1200 X23.212 Y198.575 E1407.56577
G0 F6000 X23.212 Y198.009
G1 F1200 X43.443 Y218.239 E1408.51735
G0 F6000 X44.008 Y218.239
G1 F1200 X23.212 Y197.443 E1409.49553
G0 F6000 X23.212 Y196.878
G1 F1200 X44.574 Y218.239 E1410.50031
G0 F6000 X45.14 Y218.239
G1 F1200 X23.212 Y196.312 E1411.53171
G0 F6000 X23.212 Y195.746
G1 F1200 X45.705 Y218.239 E1412.58972
G0 F6000 X46.271 Y218.239
G1 F1200 X23.212 Y195.181 E1413.67432
G0 F6000 X23.212 Y194.615
G1 F1200 X28.961 Y200.364 E1413.94473
G0 F6000 X29.361 Y200.146
G0 X28.94 Y199.19
G0 X28.506 Y199.343
G1 F1200 X23.212 Y194.049 E1414.19375
G0 F6000 X23.212 Y193.484
G1 F1200 X28.404 Y198.676 E1414.43796
G0 F6000 X28.405 Y198.111
G1 F1200 X23.212 Y192.918 E1414.68222
G0 F6000 X23.212 Y192.352
G1 F1200 X28.483 Y197.623 E1414.93016
G0 F6000 X28.61 Y197.185
G1 F1200 X23.212 Y191.786 E1415.18409
G0 F6000 X23.212 Y191.221
G1 F1200 X28.774 Y196.782 E1415.44568
G0 F6000 X28.973 Y196.416
G1 F1200 X23.212 Y190.655 E1415.71666
G0 F6000 X23.212 Y190.089
G1 F1200 X29.221 Y196.098 E1415.99931
G0 F6000 X29.486 Y195.797
G1 F1200 X23.212 Y189.524 E1416.29439
G0 F6000 X23.212 Y188.958
G1 F1200 X29.781 Y195.527 E1416.60338
G0 F6000 X30.119 Y195.299
G1 F1200 X23.212 Y188.392 E1416.92826
G0 F6000 X23.212 Y187.827
G1 F1200 X30.489 Y195.103 E1417.27053
G0 F6000 X30.884 Y194.932
G1 F1200 X23.212 Y187.261 E1417.63137
G0 F6000 X23.212 Y186.695
G1 F1200 X31.339 Y194.822 E1418.01364
G0 F6000 X31.842 Y194.76
G1 F1200 X23.212 Y186.13 E1418.41957
G0 F6000 X23.212 Y185.564
G1 F1200 X32.427 Y194.778 E1418.85299
G0 F6000 X33.123 Y194.909
G1 F1200 X23.212 Y184.998 E1419.31917
G0 F6000 X23.212 Y184.433
G1 F1200 X34.278 Y195.499 E1419.83968
G0 F6000 X34.881 Y196.101
G1 F1200 X57.019 Y218.239 E1420.88099
G0 F6000 X56.453 Y218.239
G1 F1200 X35.538 Y197.324 E1421.86476
G0 F6000 X35.683 Y198.034
G1 F1200 X55.888 Y218.239 E1422.81515
G0 F6000 X55.322 Y218.239
G1 F1200 X35.7 Y198.617 E1423.7381
G0 F6000 X35.63 Y199.113
G1 F1200 X54.756 Y218.239 E1424.63773
G0 F6000 X54.191 Y218.239
G1 F1200 X35.511 Y199.56 E1425.51636
G0 F6000 X35.35 Y199.965
G1 F1200 X53.625 Y218.239 E1426.37594
G0 F6000 X53.059 Y218.239
G1 F1200 X35.152 Y200.333 E1427.2182
G0 F6000 X34.916 Y200.661
G1 F1200 X52.493 Y218.239 E1428.04499
G0 F6000 X51.928 Y218.239
G1 F1200 X34.655 Y200.967 E1428.85744
G0 F6000 X34.363 Y201.24
G1 F1200 X51.362 Y218.239 E1429.65702
G0 F6000 X50.796 Y218.239
G1 F1200 X34.028 Y201.471 E1430.44574
G0 F6000 X33.67 Y201.679
G1 F1200 X50.231 Y218.239 E1431.22469
G0 F6000 X49.665 Y218.239
G1 F1200 X33.278 Y201.852 E1431.99549
G0 F6000 X32.83 Y201.97
G1 F1200 X49.099 Y218.239 E1432.76073
G0 F6000 X48.534 Y218.239
G1 F1200 X32.335 Y202.041 E1433.52266
G0 F6000 X31.771 Y202.042
G1 F1200 X47.968 Y218.239 E1434.28451
G0 F6000 X47.402 Y218.239
G1 F1200 X31.092 Y201.929 E1435.05169
G0 F6000 X30.715 Y201.307
G0 X30.344 Y201.107
G0 X30.089 Y201.491
G1 F1200 X46.837 Y218.239 E1435.83946
G0 F6000 X46.835 Y218.703
G0 X57.583 Y218.703
G0 X57.585 Y218.239
G1 F1200 X23.212 Y183.867 E1437.45624
G0 F6000 X23.212 Y183.301
G1 F1200 X58.15 Y218.239 E1439.09961
G0 F6000 X58.716 Y218.239
G1 F1200 X23.212 Y182.735 E1440.76961
G0 F6000 X23.212 Y182.17
G1 F1200 X59.282 Y218.239 E1442.46621
G0 F6000 X59.847 Y218.239
G1 F1200 X23.212 Y181.604 E1444.18941
G0 F6000 X23.212 Y181.038
G1 F1200 X60.413 Y218.239 E1445.93923
G0 F6000 X60.979 Y218.239
G1 F1200 X23.212 Y180.473 E1447.71565
G0 F6000 X23.212 Y179.907
G1 F1200 X61.545 Y218.24 E1449.51872
G0 F6000 X62.111 Y218.24
G1 F1200 X23.212 Y179.341 E1451.34841
G0 F6000 X23.212 Y178.776
G1 F1200 X62.677 Y218.24 E1453.2047
G0 F6000 X63.242 Y218.24
G1 F1200 X23.212 Y178.21 E1455.08759
G0 F6000 X23.212 Y177.644
G1 F1200 X63.808 Y218.24 E1456.9971
G0 F6000 X64.374 Y218.24
G1 F1200 X23.212 Y177.079 E1458.93321
G0 F6000 X23.212 Y176.513
G1 F1200 X64.939 Y218.24 E1460.89592
G0 F6000 X65.505 Y218.24
G1 F1200 X23.212 Y175.947 E1462.88525
G0 F6000 X23.212 Y175.382
G1 F1200 X66.071 Y218.24 E1464.90118
G0 F6000 X66.636 Y218.24
G1 F1200 X23.212 Y174.816 E1466.94372
G0 F6000 X23.212 Y174.25
G1 F1200 X67.202 Y218.24 E1469.01287
G0 F6000 X67.768 Y218.24
G1 F1200 X23.212 Y173.685 E1471.10862
G0 F6000 X23.212 Y173.119
G1 F1200 X68.333 Y218.24 E1473.23098
G0 F6000 X68.899 Y218.24
G1 F1200 X23.212 Y172.553 E1475.37995
G0 F6000 X23.212 Y171.987
G1 F1200 X69.465 Y218.24 E1477.55555
G0 F6000 X70.03 Y218.24
G1 F1200 X23.212 Y171.422 E1479.75773
G0 F6000 X23.212 Y170.856
G1 F1200 X70.596 Y218.24 E1481.98653
G0 F6000 X71.162 Y218.24
G1 F1200 X23.212 Y170.29 E1484.24195
G0 F6000 X23.212 Y169.725
G1 F1200 X71.727 Y218.24 E1486.52394
G0 F6000 X72.293 Y218.24
G1 F1200 X23.212 Y169.159 E1488.83256
G0 F6000 X23.212 Y168.593
G1 F1200 X72.859 Y218.24 E1491.16781
G0 F6000 X73.425 Y218.24
G1 F1200 X23.212 Y168.028 E1493.52965
G0 F6000 X23.212 Y167.462
G1 F1200 X73.99 Y218.24 E1495.91809
G0 F6000 X74.556 Y218.24
G1 F1200 X23.212 Y166.896 E1498.33316
G0 F6000 X23.212 Y166.331
G1 F1200 X75.122 Y218.24 E1500.77482
G0 F6000 X75.687 Y218.24
G1 F1200 X23.212 Y165.765 E1503.24308
G0 F6000 X23.212 Y165.199
G1 F1200 X76.253 Y218.24 E1505.73797
G0 F6000 X76.819 Y218.24
G1 F1200 X23.212 Y164.634 E1508.25945
G0 F6000 X23.212 Y164.068
G1 F1200 X77.384 Y218.24 E1510.80754
G0 F6000 X77.95 Y218.24
G1 F1200 X23.212 Y163.502 E1513.38225
G0 F6000 X23.212 Y162.936
G1 F1200 X78.516 Y218.24 E1515.98358
G0 F6000 X79.081 Y218.24
G1 F1200 X23.212 Y162.371 E1518.61148
G0 F6000 X23.212 Y161.805
G1 F1200 X79.647 Y218.24 E1521.26601
G0 F6000 X80.213 Y218.24
G1 F1200 X23.211 Y161.239 E1523.94719
G0 F6000 X23.211 Y160.673
G1 F1200 X80.779 Y218.241 E1526.65501
G0 F6000 X81.345 Y218.241
G1 F1200 X23.211 Y160.107 E1529.38946
G0 F6000 X23.211 Y159.542
G1 F1200 X81.911 Y218.241 E1532.1505
G0 F6000 X82.476 Y218.241
G1 F1200 X23.211 Y158.976 E1534.93814
G0 F6000 X23.211 Y158.41
G1 F1200 X83.042 Y218.241 E1537.75241
G0 F6000 X83.608 Y218.241
G1 F1200 X23.211 Y157.845 E1540.59328
G0 F6000 X23.211 Y157.279
G1 F1200 X84.173 Y218.241 E1543.46074
G0 F6000 X84.739 Y218.241
G1 F1200 X23.211 Y156.713 E1546.35483
G0 F6000 X23.211 Y156.148
G1 F1200 X85.305 Y218.241 E1549.27552
G0 F6000 X85.87 Y218.241
G1 F1200 X23.211 Y155.582 E1552.22281
G0 F6000 X23.211 Y155.016
G1 F1200 X86.436 Y218.241 E1555.19672
G0 F6000 X87.002 Y218.241
G1 F1200 X23.211 Y154.451 E1558.19723
G0 F6000 X23.211 Y153.885
G1 F1200 X87.567 Y218.241 E1561.22433
G0 F6000 X88.133 Y218.241
G1 F1200 X23.211 Y153.319 E1564.27807
G0 F6000 X23.211 Y152.753
G1 F1200 X88.699 Y218.241 E1567.35842
G0 F6000 X89.264 Y218.241
G1 F1200 X23.211 Y152.188 E1570.46535
G0 F6000 X23.211 Y151.622
G1 F1200 X89.83 Y218.241 E1573.59891
G0 F6000 X90.396 Y218.241
G1 F1200 X23.211 Y151.056 E1576.75908
G0 F6000 X23.211 Y150.491
G1 F1200 X90.962 Y218.241 E1579.94586
G0 F6000 X91.527 Y218.241
G1 F1200 X23.211 Y149.925 E1583.15923
G0 F6000 X23.211 Y149.359
G1 F1200 X92.093 Y218.241 E1586.39923
G0 F6000 X92.659 Y218.241
G1 F1200 X23.211 Y148.794 E1589.66583
G0 F6000 X23.211 Y148.228
G1 F1200 X93.224 Y218.241 E1592.95903
G0 F6000 X93.79 Y218.241
G1 F1200 X23.211 Y147.662 E1596.27885
G0 F6000 X23.211 Y147.097
G1 F1200 X94.356 Y218.241 E1599.62526
G0 F6000 X94.921 Y218.241
G1 F1200 X23.211 Y146.531 E1602.99828
G0 F6000 X23.211 Y145.965
G1 F1200 X95.487 Y218.241 E1606.39792
G0 F6000 X96.053 Y218.241
G1 F1200 X23.211 Y145.4 E1609.82417
G0 F6000 X23.211 Y144.834
G1 F1200 X96.618 Y218.241 E1613.27701
G0 F6000 X97.184 Y218.241
G1 F1200 X23.211 Y144.268 E1616.75647
G0 F6000 X23.211 Y143.702
G1 F1200 X97.75 Y218.241 E1620.26255
G0 F6000 X98.315 Y218.241
G1 F1200 X23.211 Y143.137 E1623.79522
G0 F6000 X23.211 Y142.571
G1 F1200 X98.881 Y218.241 E1627.3545
G0 F6000 X99.447 Y218.241
G1 F1200 X23.211 Y142.005 E1630.94041
G0 F6000 X23.211 Y141.44
G1 F1200 X100.013 Y218.241 E1634.55292
G0 F6000 X100.579 Y218.241
G1 F1200 X23.211 Y140.874 E1638.19205
G0 F6000 X23.211 Y140.308
G1 F1200 X101.145 Y218.241 E1641.8578
G0 F6000 X101.71 Y218.241
G1 F1200 X23.211 Y139.743 E1645.55013
G0 F6000 X23.211 Y139.177
G1 F1200 X102.276 Y218.241 E1649.26908
G0 F6000 X102.842 Y218.241
G1 F1200 X23.211 Y138.611 E1653.01465
G0 F6000 X23.211 Y138.046
G1 F1200 X103.407 Y218.241 E1656.7868
G0 F6000 X103.973 Y218.241
G1 F1200 X23.211 Y137.48 E1660.58558
G0 F6000 X23.211 Y136.914
G1 F1200 X104.539 Y218.241 E1664.41097
G0 F6000 X105.104 Y218.241
G1 F1200 X23.211 Y136.349 E1668.26295
G0 F6000 X23.211 Y135.783
G1 F1200 X105.67 Y218.241 E1672.14154
G0 F6000 X106.236 Y218.241
G1 F1200 X23.211 Y135.217 E1676.04676
G0 F6000 X23.211 Y134.652
G1 F1200 X106.801 Y218.241 E1679.97855
G0 F6000 X107.367 Y218.241
G1 F1200 X23.211 Y134.086 E1683.93697
G0 F6000 X23.211 Y133.52
G1 F1200 X107.933 Y218.241 E1687.92201
G0 F6000 X108.498 Y218.241
G1 F1200 X23.211 Y132.954 E1691.93365
G0 F6000 X23.211 Y132.389
G1 F1200 X109.064 Y218.241 E1695.97189
G0 F6000 X109.63 Y218.241
G1 F1200 X23.211 Y131.823 E1700.03675
G0 F6000 X23.211 Y131.257
G1 F1200 X110.196 Y218.241 E1704.12823
G0 F6000 X110.761 Y218.241
G1 F1200 X23.211 Y130.692 E1708.24629
G0 F6000 X23.211 Y130.126
G1 F1200 X111.327 Y218.241 E1712.39097
G0 F6000 X111.893 Y218.241
G1 F1200 X23.211 Y129.56 E1716.56228
G0 F6000 X23.211 Y128.995
G1 F1200 X112.458 Y218.241 E1720.76016
G0 F6000 X113.024 Y218.241
G1 F1200 X23.211 Y128.429 E1724.98467
G0 F6000 X23.211 Y127.863
G1 F1200 X113.59 Y218.241 E1729.23579
G0 F6000 X114.155 Y218.241
G1 F1200 X23.211 Y127.298 E1733.5135
G0 F6000 X23.211 Y126.732
G1 F1200 X114.721 Y218.241 E1737.81782
G0 F6000 X115.287 Y218.241
G1 F1200 X23.211 Y126.166 E1742.14877
G0 F6000 X23.211 Y125.601
G1 F1200 X115.852 Y218.241 E1746.5063
G0 F6000 X116.418 Y218.241
G1 F1200 X23.211 Y125.035 E1750.89045
G0 F6000 X23.211 Y124.469
G1 F1200 X116.984 Y218.241 E1755.30122
G0 F6000 X117.549 Y218.241
G1 F1200 X23.211 Y123.903 E1759.73859
G0 F6000 X23.211 Y123.338
G1 F1200 X118.115 Y218.241 E1764.20256
G0 F6000 X118.681 Y218.241
G1 F1200 X23.211 Y122.772 E1768.69315
G0 F6000 X23.211 Y122.206
G1 F1200 X119.247 Y218.242 E1773.21039
G0 F6000 X119.813 Y218.242
G1 F1200 X23.211 Y121.641 E1777.75423
G0 F6000 X23.211 Y121.075
G1 F1200 X120.379 Y218.242 E1782.32469
G0 F6000 X120.944 Y218.242
G1 F1200 X23.211 Y120.509 E1786.92175
G0 F6000 X23.211 Y119.944
G1 F1200 X121.51 Y218.242 E1791.54541
G0 F6000 X122.076 Y218.242
G1 F1200 X23.211 Y119.378 E1796.19569
G0 F6000 X23.211 Y118.812
G1 F1200 X122.641 Y218.242 E1800.87257
G0 F6000 X123.207 Y218.242
G1 F1200 X23.211 Y118.247 E1805.57606
G0 F6000 X23.211 Y117.681
G1 F1200 X123.773 Y218.242 E1810.30616
G0 F6000 X124.338 Y218.242
G1 F1200 X23.211 Y117.115 E1815.06287
G0 F6000 X23.211 Y116.55
G1 F1200 X124.904 Y218.242 E1819.84617
G0 F6000 X125.47 Y218.242
G1 F1200 X23.211 Y115.984 E1824.6561
G0 F6000 X23.211 Y115.418
G1 F1200 X126.035 Y218.242 E1829.49262
G0 F6000 X126.601 Y218.242
G1 F1200 X23.211 Y114.853 E1834.35575
G0 F6000 X23.211 Y114.287
G1 F1200 X127.167 Y218.242 E1839.24549
G0 F6000 X127.732 Y218.242
G1 F1200 X23.211 Y113.721 E1844.16184
G0 F6000 X23.211 Y113.155
G1 F1200 X128.298 Y218.242 E1849.10481
G0 F6000 X128.864 Y218.242
G1 F1200 X23.211 Y112.59 E1854.07438
G0 F6000 X23.211 Y112.024
G1 F1200 X129.43 Y218.242 E1859.07057
G0 F6000 X129.995 Y218.242
G1 F1200 X23.211 Y111.458 E1864.09337
G0 F6000 X23.211 Y110.893
G1 F1200 X130.561 Y218.242 E1869.14276
G0 F6000 X131.127 Y218.242
G1 F1200 X23.211 Y110.327 E1874.21877
G0 F6000 X23.211 Y109.761
G1 F1200 X131.692 Y218.242 E1879.32139
G0 F6000 X132.258 Y218.242
G1 F1200 X35.895 Y121.879 E1883.85401
G0 F6000 X36.61 Y122.028
G1 F1200 X132.824 Y218.242 E1888.37962
G0 F6000 X133.389 Y218.242
G1 F1200 X37.202 Y122.054 E1892.90398
G0 F6000 X37.711 Y121.998
G1 F1200 X133.955 Y218.242 E1897.431
G0 F6000 X134.521 Y218.242
G1 F1200 X38.165 Y121.886 E1901.9633
G0 F6000 X38.568 Y121.723
G1 F1200 X135.086 Y218.242 E1906.50323
G0 F6000 X135.652 Y218.242
G1 F1200 X38.939 Y121.529 E1911.05231
G0 F6000 X39.278 Y121.302
G1 F1200 X136.218 Y218.242 E1915.61207
G0 F6000 X136.783 Y218.242
G1 F1200 X39.58 Y121.039 E1920.1842
G0 F6000 X39.851 Y120.744
G1 F1200 X137.349 Y218.242 E1924.77021
G0 F6000 X137.916 Y218.243
G1 F1200 X40.099 Y120.426 E1929.37122
G0 F6000 X40.296 Y120.058
G1 F1200 X138.481 Y218.243 E1933.98954
G0 F6000 X139.047 Y218.243
G1 F1200 X40.471 Y119.667 E1938.62626
G0 F6000 X40.608 Y119.239
G1 F1200 X66.667 Y145.298 E1939.85199
G0 F6000 X66.453 Y144.518
G1 F1200 X40.685 Y118.749 E1941.06406
G0 F6000 X40.696 Y118.195
G1 F1200 X66.404 Y143.903 E1942.27329
G0 F6000 X66.439 Y143.372
G1 F1200 X40.606 Y117.539 E1943.48839
G0 F6000 X40.004 Y117.173
G0 X40.207 Y116.574
G1 F1200 X66.532 Y142.9 E1944.72667
G0 F6000 X66.676 Y142.478
G1 F1200 X28.762 Y104.564 E1946.51002
G0 F6000 X28.197 Y104.564
G1 F1200 X38.859 Y115.227 E1947.01155
G0 F6000 X37.933 Y114.866
G1 F1200 X27.631 Y104.564 E1947.49613
G0 F6000 X27.065 Y104.564
G1 F1200 X37.261 Y114.76 E1947.97572
G0 F6000 X36.705 Y114.77
G1 F1200 X26.5 Y104.564 E1948.45575
G0 F6000 X25.934 Y104.564
G1 F1200 X36.219 Y114.849 E1948.93953
G0 F6000 X35.78 Y114.976
G1 F1200 X25.368 Y104.564 E1949.42928
G0 F6000 X24.802 Y104.564
G1 F1200 X35.384 Y115.145 E1949.927
G0 F6000 X35.034 Y115.361
G1 F1200 X24.237 Y104.564 E1950.43486
G0 F6000 X23.671 Y104.564
G1 F1200 X34.703 Y115.596 E1950.95377
G0 F6000 X34.41 Y115.869
G1 F1200 X23.211 Y104.67 E1951.48053
G0 F6000 X23.211 Y105.236
G1 F1200 X34.157 Y116.181 E1951.99538
G0 F6000 X33.919 Y116.509
G1 F1200 X23.211 Y105.802 E1952.49902
G0 F6000 X23.211 Y106.367
G1 F1200 X33.718 Y116.874 E1952.99324
G0 F6000 X33.573 Y117.294
G1 F1200 X23.211 Y106.933 E1953.48061
G0 F6000 X23.211 Y107.499
G1 F1200 X33.457 Y117.744 E1953.96253
G0 F6000 X33.404 Y118.257
G1 F1200 X23.211 Y108.064 E1954.44198
G0 F6000 X23.211 Y108.63
G1 F1200 X33.419 Y118.838 E1954.92213
G0 F6000 X33.585 Y119.57
G1 F1200 X23.211 Y109.196 E1955.41009
G0 F6000 X22.753 Y109.196
G0 X22.825 Y104.177
G0 X29.328 Y104.104
G0 X29.328 Y104.564
G1 F1200 X66.87 Y142.107 E1957.17598
G0 F6000 X67.092 Y141.762
G1 F1200 X29.894 Y104.564 E1958.92566
G0 F6000 X30.459 Y104.564
G1 F1200 X67.339 Y141.444 E1960.66038
G0 F6000 X67.628 Y141.168
G1 F1200 X31.025 Y104.564 E1962.3821
G0 F6000 X31.591 Y104.564
G1 F1200 X67.941 Y140.914 E1964.09189
G0 F6000 X68.285 Y140.692
G1 F1200 X32.156 Y104.564 E1965.79126
G0 F6000 X32.722 Y104.564
G1 F1200 X68.674 Y140.516 E1967.48233
G0 F6000 X69.101 Y140.377
G1 F1200 X33.288 Y104.564 E1969.16687
G0 F6000 X33.853 Y104.564
G1 F1200 X69.572 Y140.283 E1970.84698
G0 F6000 X70.096 Y140.241
G1 F1200 X67.416 Y137.561 E1970.97304
G0 F6000 X67.981 Y137.561
G1 F1200 X70.73 Y140.309 E1971.10232
G0 F6000 X71.567 Y140.581
G1 F1200 X68.547 Y137.561 E1971.24437
G0 F6000 X69.113 Y137.561
G1 F1200 X149.795 Y218.243 E1975.03941
G0 F6000 X149.229 Y218.243
G1 F1200 X73.395 Y142.408 E1978.60643
G0 F6000 X73.633 Y143.212
G1 F1200 X148.664 Y218.243 E1982.13566
G0 F6000 X148.098 Y218.243
G1 F1200 X73.695 Y143.84 E1985.63535
G0 F6000 X73.669 Y144.379
G1 F1200 X147.532 Y218.243 E1989.10966
G0 F6000 X146.966 Y218.243
G1 F1200 X73.577 Y144.854 E1992.56165
G0 F6000 X73.434 Y145.277
G1 F1200 X146.401 Y218.243 E1995.99377
G0 F6000 X145.835 Y218.243
G1 F1200 X73.251 Y145.659 E1999.4079
G0 F6000 X73.035 Y146.008
G1 F1200 X145.269 Y218.243 E2002.80559
G0 F6000 X144.704 Y218.243
G1 F1200 X72.787 Y146.326 E2006.18835
G0 F6000 X72.5 Y146.604
G1 F1200 X144.138 Y218.243 E2009.558
G0 F6000 X143.572 Y218.243
G1 F1200 X72.191 Y146.861 E2012.91557
G0 F6000 X71.851 Y147.087
G1 F1200 X143.007 Y218.243 E2016.26253
G0 F6000 X142.441 Y218.243
G1 F1200 X71.468 Y147.27 E2019.60088
G0 F6000 X71.049 Y147.416
G1 F1200 X141.875 Y218.243 E2022.93234
G0 F6000 X141.31 Y218.243
G1 F1200 X70.585 Y147.518 E2026.25903
G0 F6000 X70.065 Y147.564
G1 F1200 X140.744 Y218.243 E2029.58355
G0 F6000 X140.178 Y218.243
G1 F1200 X69.445 Y147.51 E2032.91062
G0 F6000 X68.64 Y147.27
G1 F1200 X139.613 Y218.243 E2036.24897
G0 F6000 X139.611 Y218.703
G0 X150.359 Y218.703
G0 X150.361 Y218.243
G1 F1200 X69.678 Y137.561 E2040.04403
G0 F6000 X70.244 Y137.561
G1 F1200 X150.926 Y218.243 E2043.83906
G0 F6000 X151.492 Y218.243
G1 F1200 X70.81 Y137.561 E2047.63409
G0 F6000 X71.375 Y137.561
G1 F1200 X152.058 Y218.243 E2051.42915
G0 F6000 X152.623 Y218.243
G1 F1200 X71.941 Y137.561 E2055.22418
G0 F6000 X72.507 Y137.561
G1 F1200 X153.189 Y218.243 E2059.01922
G0 F6000 X153.755 Y218.243
G1 F1200 X73.072 Y137.561 E2062.81428
G0 F6000 X73.638 Y137.561
G1 F1200 X154.32 Y218.243 E2066.60931
G0 F6000 X154.886 Y218.243
G1 F1200 X74.204 Y137.561 E2070.40434
G0 F6000 X74.769 Y137.561
G1 F1200 X155.452 Y218.243 E2074.1994
G0 F6000 X156.017 Y218.243
G1 F1200 X75.335 Y137.561 E2077.99444
G0 F6000 X75.901 Y137.561
G1 F1200 X156.583 Y218.243 E2081.78947
G0 F6000 X156.892 Y217.986
G1 F1200 X76.467 Y137.561 E2085.57241
G0 F6000 X77.032 Y137.561
G1 F1200 X156.892 Y217.42 E2089.32876
G0 F6000 X156.892 Y216.855
G1 F1200 X77.598 Y137.561 E2093.05851
G0 F6000 X78.164 Y137.561
G1 F1200 X156.892 Y216.289 E2096.76163
G0 F6000 X156.892 Y215.723
G1 F1200 X78.729 Y137.561 E2100.43816
G0 F6000 X79.295 Y137.561
G1 F1200 X156.892 Y215.158 E2104.08808
G0 F6000 X156.892 Y214.592
G1 F1200 X79.861 Y137.561 E2107.71138
G0 F6000 X80.426 Y137.561
G1 F1200 X156.892 Y214.026 E2111.30808
G0 F6000 X156.892 Y213.461
G1 F1200 X80.992 Y137.561 E2114.87819
G0 F6000 X81.558 Y137.561
G1 F1200 X156.892 Y212.895 E2118.42167
G0 F6000 X156.892 Y212.329
G1 F1200 X82.123 Y137.561 E2121.93855
G0 F6000 X82.69 Y137.561
G1 F1200 X156.892 Y211.764 E2125.42881
G0 F6000 X156.892 Y211.198
G1 F1200 X83.255 Y137.561 E2128.89247
G0 F6000 X83.821 Y137.561
G1 F1200 X156.892 Y210.632 E2132.3295
G0 F6000 X156.892 Y210.067
G1 F1200 X84.387 Y137.561 E2135.73994
G0 F6000 X84.953 Y137.561
G1 F1200 X156.892 Y209.501 E2139.12375
G0 F6000 X156.892 Y208.935
G1 F1200 X85.518 Y137.561 E2142.48097
G0 F6000 X86.084 Y137.561
G1 F1200 X156.892 Y208.37 E2145.81158
G0 F6000 X156.892 Y207.804
G1 F1200 X86.65 Y137.561 E2149.11557
G0 F6000 X87.215 Y137.561
G1 F1200 X156.892 Y207.238 E2152.39297
G0 F6000 X156.892 Y206.672
G1 F1200 X87.781 Y137.561 E2155.64373
G0 F6000 X88.347 Y137.561
G1 F1200 X156.892 Y206.107 E2158.86791
G0 F6000 X156.892 Y205.541
G1 F1200 X88.912 Y137.561 E2162.06548
G0 F6000 X89.478 Y137.561
G1 F1200 X156.892 Y204.975 E2165.23642
G0 F6000 X156.892 Y204.41
G1 F1200 X90.044 Y137.561 E2168.38077
G0 F6000 X90.609 Y137.561
G1 F1200 X156.892 Y203.844 E2171.49852
G0 F6000 X156.892 Y203.278
G1 F1200 X91.175 Y137.561 E2174.58965
G0 F6000 X91.741 Y137.561
G1 F1200 X156.892 Y202.713 E2177.65417
G0 F6000 X156.892 Y202.147
G1 F1200 X109.425 Y154.68 E2179.88688
G0 F6000 X110.282 Y154.971
G1 F1200 X156.892 Y201.581 E2182.07927
G0 F6000 X156.892 Y201.016
G1 F1200 X110.931 Y155.054 E2184.24116
G0 F6000 X111.471 Y155.029
G1 F1200 X156.892 Y200.45 E2186.37762
G0 F6000 X156.892 Y199.884
G1 F1200 X111.946 Y154.938 E2188.49174
G0 F6000 X112.382 Y154.808
G1 F1200 X156.892 Y199.319 E2190.58538
G0 F6000 X156.892 Y198.753
G1 F1200 X112.772 Y154.632 E2192.66067
G0 F6000 X113.117 Y154.412
G1 F1200 X156.892 Y198.187 E2194.71971
G0 F6000 X156.892 Y197.621
G1 F1200 X113.438 Y154.167 E2196.76366
G0 F6000 X113.73 Y153.893
G1 F1200 X156.892 Y197.056 E2198.79389
G0 F6000 X156.892 Y196.49
G1 F1200 X113.981 Y153.579 E2200.81229
G0 F6000 X114.205 Y153.237
G1 F1200 X156.892 Y195.924 E2202.82016
G0 F6000 X156.892 Y195.359
G1 F1200 X114.4 Y152.867 E2204.81885
G0 F6000 X114.546 Y152.447
G1 F1200 X156.892 Y194.793 E2206.81068
G0 F6000 X156.892 Y194.227
G1 F1200 X114.648 Y151.983 E2208.7977
G0 F6000 X114.694 Y151.464
G1 F1200 X156.892 Y193.662 E2210.78257
G0 F6000 X156.892 Y193.096
G1 F1200 X114.659 Y150.863 E2212.76908
G0 F6000 X114.459 Y150.098
G1 F1200 X156.892 Y192.53 E2214.76497
G0 F6000 X156.892 Y191.965
G1 F1200 X102.489 Y137.562 E2217.32393
G0 F6000 X101.924 Y137.562
G1 F1200 X112.342 Y147.98 E2217.81396
G0 F6000 X111.582 Y147.786
G1 F1200 X101.358 Y137.562 E2218.29486
G0 F6000 X100.792 Y137.562
G1 F1200 X110.975 Y147.744 E2218.77381
G0 F6000 X110.46 Y147.795
G1 F1200 X100.227 Y137.562 E2219.25514
G0 F6000 X99.661 Y137.562
G1 F1200 X110 Y147.901 E2219.74146
G0 F6000 X109.592 Y148.059
G1 F1200 X99.095 Y137.562 E2220.23521
G0 F6000 X98.53 Y137.562
G1 F1200 X109.208 Y148.24 E2220.73747
G0 F6000 X108.867 Y148.465
G1 F1200 X97.964 Y137.562 E2221.25031
G0 F6000 X97.398 Y137.562
G1 F1200 X108.566 Y148.729 E2221.77559
G0 F6000 X108.282 Y149.011
G1 F1200 X96.832 Y137.561 E2222.31417
G0 F6000 X96.266 Y137.561
G1 F1200 X108.034 Y149.329 E2222.8677
G0 F6000 X107.826 Y149.687
G1 F1200 X95.701 Y137.561 E2223.43804
G0 F6000 X95.135 Y137.561
G1 F1200 X107.646 Y150.073 E2224.02655
G0 F6000 X107.501 Y150.494
G1 F1200 X94.569 Y137.561 E2224.63485
G0 F6000 X94.003 Y137.561
G1 F1200 X107.422 Y150.979 E2225.26602
G0 F6000 X107.404 Y151.527
G1 F1200 X93.438 Y137.561 E2225.92294
G0 F6000 X92.872 Y137.561
G1 F1200 X107.474 Y152.163 E2226.60977
G0 F6000 X107.784 Y153.038
G1 F1200 X92.306 Y137.561 E2227.33778
G0 F6000 X92.307 Y137.104
G0 X103.056 Y137.104
G0 X103.055 Y137.562
G1 F1200 X156.892 Y191.399 E2229.87011
G0 F6000 X156.892 Y190.833
G1 F1200 X103.621 Y137.562 E2232.37581
G0 F6000 X104.187 Y137.562
G1 F1200 X156.892 Y190.268 E2234.85492
G0 F6000 X156.892 Y189.702
G1 F1200 X104.752 Y137.562 E2237.30743
G0 F6000 X105.318 Y137.562
G1 F1200 X156.892 Y189.136 E2239.73331
G0 F6000 X156.892 Y188.571
G1 F1200 X105.884 Y137.562 E2242.13259
G0 F6000 X106.449 Y137.562
G1 F1200 X156.892 Y188.005 E2244.50528
G0 F6000 X156.892 Y187.439
G1 F1200 X107.015 Y137.562 E2246.85134
G0 F6000 X107.581 Y137.562
G1 F1200 X156.892 Y186.873 E2249.17078
G0 F6000 X156.892 Y186.308
G1 F1200 X108.146 Y137.562 E2251.46364
G0 F6000 X108.712 Y137.562
G1 F1200 X156.892 Y185.742 E2253.72988
G0 F6000 X156.892 Y185.176
G1 F1200 X109.278 Y137.562 E2255.96949
G0 F6000 X109.843 Y137.562
G1 F1200 X156.892 Y184.611 E2258.18253
G0 F6000 X156.892 Y184.045
G1 F1200 X110.409 Y137.562 E2260.36895
G0 F6000 X110.975 Y137.562
G1 F1200 X156.892 Y183.479 E2262.52875
G0 F6000 X156.892 Y182.914
G1 F1200 X111.54 Y137.562 E2264.66197
G0 F6000 X112.106 Y137.562
G1 F1200 X156.892 Y182.348 E2266.76856
G0 F6000 X156.892 Y181.782
G1 F1200 X112.673 Y137.563 E2268.84849
G0 F6000 X113.238 Y137.563
G1 F1200 X147.999 Y172.323 E2270.48352
G0 F6000 X147.812 Y171.571
G1 F1200 X113.804 Y137.563 E2272.08315
G0 F6000 X114.37 Y137.563
G1 F1200 X147.769 Y170.962 E2273.65413
G0 F6000 X147.818 Y170.445
G1 F1200 X114.935 Y137.563 E2275.20083
G0 F6000 X115.501 Y137.563
G1 F1200 X147.918 Y169.979 E2276.7256
G0 F6000 X148.066 Y169.562
G1 F1200 X116.067 Y137.563 E2278.23073
G0 F6000 X116.632 Y137.563
G1 F1200 X148.261 Y169.192 E2279.71847
G0 F6000 X148.487 Y168.851
G1 F1200 X117.198 Y137.563 E2281.19018
G0 F6000 X117.764 Y137.563
G1 F1200 X148.737 Y168.536 E2282.64706
G0 F6000 X149.03 Y168.263
G1 F1200 X118.329 Y137.563 E2284.09111
G0 F6000 X118.895 Y137.563
G1 F1200 X149.349 Y168.017 E2285.52358
G0 F6000 X149.698 Y167.8
G1 F1200 X119.461 Y137.563 E2286.94583
G0 F6000 X120.026 Y137.563
G1 F1200 X150.091 Y167.627 E2288.35997
G0 F6000 X150.524 Y167.495
G1 F1200 X120.592 Y137.563 E2289.76788
G0 F6000 X121.158 Y137.563
G1 F1200 X151.001 Y167.405 E2291.17158
G0 F6000 X151.542 Y167.381
G1 F1200 X121.723 Y137.563 E2292.57415
G0 F6000 X122.289 Y137.563
G1 F1200 X152.193 Y167.467 E2293.98075
G0 F6000 X153.046 Y167.754
G1 F1200 X122.855 Y137.563 E2295.40084
G0 F6000 X123.421 Y137.563
G1 F1200 X156.892 Y171.034 E2296.97521
G0 F6000 X156.892 Y170.469
G1 F1200 X123.986 Y137.563 E2298.52301
G0 F6000 X124.552 Y137.563
G1 F1200 X156.892 Y169.903 E2300.04418
G0 F6000 X156.892 Y169.337
G1 F1200 X125.118 Y137.563 E2301.53873
G0 F6000 X125.683 Y137.563
G1 F1200 X156.892 Y168.772 E2303.00671
G0 F6000 X156.892 Y168.206
G1 F1200 X126.249 Y137.563 E2304.44806
G0 F6000 X126.815 Y137.563
G1 F1200 X156.892 Y167.64 E2305.86279
G0 F6000 X156.892 Y167.074
G1 F1200 X127.381 Y137.563 E2307.2509
G0 F6000 X127.947 Y137.563
G1 F1200 X156.892 Y166.509 E2308.61241
G0 F6000 X156.892 Y165.943
G1 F1200 X128.512 Y137.563 E2309.94732
G0 F6000 X129.078 Y137.563
G1 F1200 X156.892 Y165.377 E2311.2556
G0 F6000 X156.892 Y164.812
G1 F1200 X146.515 Y154.434 E2311.74373
G0 F6000 X146.518 Y153.875
G0 X147.414 Y154.394
G0 X147.565 Y154.919
G1 F1200 X156.892 Y164.246 E2312.18244
G0 F6000 X156.892 Y163.68
G1 F1200 X148.249 Y155.037 E2312.58898
G0 F6000 X148.819 Y155.042
G1 F1200 X156.892 Y163.115 E2312.96871
G0 F6000 X156.892 Y162.549
G1 F1200 X149.316 Y154.973 E2313.32506
G0 F6000 X149.765 Y154.856
G1 F1200 X156.892 Y161.983 E2313.66029
G0 F6000 X156.892 Y161.418
G1 F1200 X150.161 Y154.687 E2313.9769
G0 F6000 X150.518 Y154.478
G1 F1200 X156.892 Y160.852 E2314.27671
G0 F6000 X156.892 Y160.286
G1 F1200 X150.851 Y154.245 E2314.56086
G0 F6000 X151.147 Y153.975
G1 F1200 X156.892 Y159.721 E2314.83111
G0 F6000 X156.892 Y159.155
G1 F1200 X151.409 Y153.671 E2315.08904
G0 F6000 X151.647 Y153.344
G1 F1200 X156.892 Y158.589 E2315.33575
G0 F6000 X156.892 Y158.024
G1 F1200 X151.845 Y152.976 E2315.57317
G0 F6000 X152.006 Y152.572
G1 F1200 X156.892 Y157.458 E2315.80299
G0 F6000 X156.892 Y156.892
G1 F1200 X152.131 Y152.131 E2316.02693
G0 F6000 X152.195 Y151.629
G1 F1200 X156.892 Y156.326 E2316.24787
G0 F6000 X156.892 Y155.761
G1 F1200 X152.194 Y151.063 E2316.46885
G0 F6000 X152.041 Y150.344
G1 F1200 X156.892 Y155.195 E2316.69702
G0 F6000 X156.892 Y154.629
G1 F1200 X151.47 Y149.207 E2316.95206
G0 F6000 X151.109 Y149.492
G0 X150.487 Y148.852
G0 X150.734 Y148.471
G1 F1200 X139.826 Y137.563 E2317.46513
G0 F6000 X139.26 Y137.563
G1 F1200 X149.608 Y147.91 E2317.95185
G0 F6000 X148.903 Y147.772
G1 F1200 X138.695 Y137.563 E2318.43203
G0 F6000 X138.129 Y137.563
G1 F1200 X148.324 Y147.758 E2318.91157
G0 F6000 X147.825 Y147.825
G1 F1200 X137.563 Y137.563 E2319.39426
G0 F6000 X136.998 Y137.563
G1 F1200 X147.372 Y147.938 E2319.88224
G0 F6000 X146.976 Y148.107
G1 F1200 X136.432 Y137.563 E2320.3782
G0 F6000 X135.866 Y137.563
G1 F1200 X146.609 Y148.306 E2320.88352
G0 F6000 X146.274 Y148.537
G1 F1200 X135.301 Y137.563 E2321.39968
G0 F6000 X134.735 Y137.563
G1 F1200 X145.977 Y148.806 E2321.92849
G0 F6000 X145.712 Y149.106
G1 F1200 X134.169 Y137.563 E2322.47144
G0 F6000 X133.604 Y137.563
G1 F1200 X145.465 Y149.424 E2323.02934
G0 F6000 X145.269 Y149.795
G1 F1200 X133.038 Y137.563 E2323.60468
G0 F6000 X132.472 Y137.563
G1 F1200 X145.105 Y150.196 E2324.19889
G0 F6000 X144.976 Y150.633
G1 F1200 X131.907 Y137.563 E2324.81364
G0 F6000 X131.341 Y137.563
G1 F1200 X144.905 Y151.128 E2325.45168
G0 F6000 X144.901 Y151.689
G1 F1200 X130.775 Y137.563 E2326.11612
G0 F6000 X130.209 Y137.563
G1 F1200 X145.019 Y152.373 E2326.81274
G0 F6000 X145.452 Y152.218
G0 X145.883 Y153.175
G0 X145.481 Y153.4
G1 F1200 X129.644 Y137.563 E2327.55766
G0 F6000 X129.645 Y137.104
G0 X140.393 Y137.104
G0 X140.392 Y137.563
G1 F1200 X156.892 Y154.064 E2328.33379
G0 F6000 X156.892 Y153.498
G1 F1200 X140.957 Y137.563 E2329.08333
G0 F6000 X141.523 Y137.563
G1 F1200 X156.892 Y152.932 E2329.80624
G0 F6000 X156.892 Y152.367
G1 F1200 X142.09 Y137.564 E2330.5025
G0 F6000 X142.655 Y137.564
G1 F1200 X156.892 Y151.801 E2331.17217
G0 F6000 X156.892 Y151.235
G1 F1200 X143.221 Y137.564 E2331.81521
G0 F6000 X143.787 Y137.564
G1 F1200 X156.892 Y150.67 E2332.43165
G0 F6000 X156.892 Y150.104
G1 F1200 X144.352 Y137.564 E2333.02149
G0 F6000 X144.918 Y137.564
G1 F1200 X156.892 Y149.538 E2333.58472
G0 F6000 X156.892 Y148.973
G1 F1200 X145.484 Y137.564 E2334.12134
G0 F6000 X146.049 Y137.564
G1 F1200 X156.892 Y148.407 E2334.63136
G0 F6000 X156.892 Y147.841
G1 F1200 X146.615 Y137.564 E2335.11476
G0 F6000 X147.181 Y137.564
G1 F1200 X156.892 Y147.275 E2335.57153
G0 F6000 X156.892 Y146.71
G1 F1200 X147.746 Y137.564 E2336.00173
G0 F6000 X148.312 Y137.564
G1 F1200 X156.892 Y146.144 E2336.40531
G0 F6000 X156.892 Y145.578
G1 F1200 X148.878 Y137.564 E2336.78226
G0 F6000 X149.443 Y137.564
G1 F1200 X156.892 Y145.013 E2337.13264
G0 F6000 X156.892 Y144.447
G1 F1200 X150.009 Y137.564 E2337.4564
G0 F6000 X150.575 Y137.564
G1 F1200 X156.892 Y143.881 E2337.75353
G0 F6000 X156.892 Y143.316
G1 F1200 X151.141 Y137.564 E2338.02406
G0 F6000 X151.706 Y137.564
G1 F1200 X156.892 Y142.75 E2338.26799
G0 F6000 X156.892 Y142.184
G1 F1200 X152.272 Y137.564 E2338.48531
G0 F6000 X152.838 Y137.564
G1 F1200 X156.892 Y141.619 E2338.67602
G0 F6000 X156.892 Y141.053
G1 F1200 X153.403 Y137.564 E2338.84013
G0 F6000 X153.969 Y137.564
G1 F1200 X156.892 Y140.487 E2338.97762
G0 F6000 X156.892 Y139.922
G1 F1200 X154.535 Y137.564 E2339.08851
G0 F6000 X155.1 Y137.564
G1 F1200 X156.892 Y139.356 E2339.1728
G0 F6000 X156.892 Y138.79
G1 F1200 X155.666 Y137.564 E2339.23046
G0 F6000 X156.232 Y137.564
G1 F1200 X156.892 Y138.225 E2339.26153
G0 F6000 X156.892 Y137.659
G1 F1200 X156.797 Y137.564 E2339.266
G1 F1500 E2335.266
G0 F6000 X156.798 Y137.104
G0 X154.28 Y137.184
G0 X153.435 Y168.438
G0 X154.683 Y169.391
G1 F1500 E2339.266
G1 F1200 X156.892 Y171.6 E2339.36991
G0 F6000 X156.892 Y172.166
G1 F1200 X154.988 Y170.261 E2339.45949
G0 F6000 X155.064 Y170.903
G1 F1200 X156.892 Y172.731 E2339.54547
G0 F6000 X156.892 Y173.297
G1 F1200 X155.049 Y171.454 E2339.63216
G0 F6000 X154.964 Y171.934
G1 F1200 X156.892 Y173.863 E2339.72287
G0 F6000 X156.892 Y174.428
G1 F1200 X154.819 Y172.355 E2339.82038
G0 F6000 X154.641 Y172.743
G1 F1200 X156.892 Y174.994 E2339.92626
G0 F6000 X156.892 Y175.56
G1 F1200 X154.434 Y173.101 E2340.0419
G0 F6000 X154.184 Y173.417
G1 F1200 X156.892 Y176.125 E2340.16927
G0 F6000 X156.892 Y176.691
G1 F1200 X153.902 Y173.701 E2340.30991
G0 F6000 X153.599 Y173.964
G1 F1200 X156.892 Y177.257 E2340.46481
G0 F6000 X156.892 Y177.823
G1 F1200 X153.263 Y174.193 E2340.63553
G0 F6000 X152.879 Y174.375
G1 F1200 X156.892 Y178.388 E2340.82429
G0 F6000 X156.892 Y178.954
G1 F1200 X152.468 Y174.53 E2341.03238
G0 F6000 X152.015 Y174.643
G1 F1200 X156.892 Y179.52 E2341.26178
G0 F6000 X156.892 Y180.085
G1 F1200 X151.493 Y174.686 E2341.51573
G0 F6000 X150.885 Y174.644
G1 F1200 X156.892 Y180.651 E2341.79828
G0 F6000 X156.892 Y181.217
G1 F1200 X150.12 Y174.445 E2342.11682
G1 F1500 E2338.11682
G0 F6000 X149.811 Y173.798
G0 X148.398 Y172.316
G0 X148.4 Y137.184
G0 X66.312 Y136.457
G1 F1500 E2342.11682
G1 F1200 X34.419 Y104.564 E2343.61696
G0 F6000 X34.985 Y104.564
G1 F1200 X66.312 Y135.892 E2345.09051
G0 F6000 X66.312 Y135.326
G1 F1200 X35.551 Y104.564 E2346.53744
G0 F6000 X36.116 Y104.564
G1 F1200 X66.312 Y134.76 E2347.95777
G0 F6000 X66.312 Y134.195
G1 F1200 X36.682 Y104.564 E2349.3515
G0 F6000 X37.248 Y104.564
G1 F1200 X66.312 Y133.629 E2350.7186
G0 F6000 X66.312 Y133.063
G1 F1200 X37.813 Y104.564 E2352.05911
G0 F6000 X38.379 Y104.564
G1 F1200 X66.312 Y132.498 E2353.37301
G0 F6000 X66.312 Y131.932
G1 F1200 X38.945 Y104.564 E2354.6603
G0 F6000 X39.51 Y104.564
G1 F1200 X66.312 Y131.366 E2355.92098
G0 F6000 X66.312 Y130.801
G1 F1200 X40.076 Y104.564 E2357.15506
G0 F6000 X40.642 Y104.564
G1 F1200 X66.312 Y130.235 E2358.36253
G0 F6000 X66.312 Y129.669
G1 F1200 X41.207 Y104.564 E2359.54339
G0 F6000 X41.773 Y104.564
G1 F1200 X66.312 Y129.104 E2360.69765
G0 F6000 X66.312 Y128.538
G1 F1200 X42.339 Y104.564 E2361.82529
G0 F6000 X42.904 Y104.564
G1 F1200 X66.312 Y127.972 E2362.92633
G0 F6000 X66.312 Y127.406
G1 F1200 X43.47 Y104.564 E2364.00075
G0 F6000 X44.036 Y104.564
G1 F1200 X66.312 Y126.841 E2365.04857
G0 F6000 X66.312 Y126.275
G1 F1200 X44.601 Y104.564 E2366.06979
G0 F6000 X45.167 Y104.564
G1 F1200 X66.312 Y125.709 E2367.06438
G0 F6000 X66.312 Y125.144
G1 F1200 X45.733 Y104.564 E2368.03238
G0 F6000 X46.299 Y104.564
G1 F1200 X66.312 Y124.578 E2368.97375
G0 F6000 X66.312 Y124.012
G1 F1200 X46.864 Y104.564 E2369.88853
G0 F6000 X47.43 Y104.564
G1 F1200 X66.312 Y123.447 E2370.7767
G0 F6000 X66.312 Y122.881
G1 F1200 X47.996 Y104.564 E2371.63825
G0 F6000 X48.561 Y104.564
G1 F1200 X66.312 Y122.315 E2372.47321
G0 F6000 X66.312 Y121.75
G1 F1200 X49.127 Y104.564 E2373.28156
G0 F6000 X49.693 Y104.564
G1 F1200 X66.312 Y121.184 E2374.06329
G0 F6000 X66.312 Y120.618
G1 F1200 X50.258 Y104.564 E2374.81842
G0 F6000 X50.824 Y104.564
G1 F1200 X66.312 Y120.053 E2375.54695
G0 F6000 X66.312 Y119.487
G1 F1200 X51.39 Y104.564 E2376.24886
G0 F6000 X51.955 Y104.564
G1 F1200 X66.312 Y118.921 E2376.92417
G0 F6000 X66.312 Y118.356
G1 F1200 X52.521 Y104.564 E2377.57288
G0 F6000 X53.087 Y104.564
G1 F1200 X66.312 Y117.79 E2378.19497
G0 F6000 X66.312 Y117.224
G1 F1200 X53.652 Y104.564 E2378.79045
G0 F6000 X54.218 Y104.564
G1 F1200 X66.312 Y116.658 E2379.35932
G0 F6000 X66.312 Y116.093
G1 F1200 X54.784 Y104.564 E2379.90158
G0 F6000 X55.349 Y104.564
G1 F1200 X66.312 Y115.527 E2380.41725
G0 F6000 X66.312 Y114.961
G1 F1200 X55.915 Y104.564 E2380.90629
G0 F6000 X56.481 Y104.564
G1 F1200 X66.312 Y114.396 E2381.36874
G0 F6000 X66.312 Y113.83
G1 F1200 X57.047 Y104.564 E2381.80456
G0 F6000 X57.612 Y104.564
G1 F1200 X66.312 Y113.264 E2382.21378
G0 F6000 X66.312 Y112.699
G1 F1200 X58.178 Y104.564 E2382.5964
G0 F6000 X58.744 Y104.564
G1 F1200 X66.312 Y112.133 E2382.9524
G0 F6000 X66.312 Y111.567
G1 F1200 X59.309 Y104.564 E2383.2818
G0 F6000 X59.875 Y104.564
G1 F1200 X66.312 Y111.002 E2383.5846
G0 F6000 X66.312 Y110.436
G1 F1200 X60.441 Y104.564 E2383.86078
G0 F6000 X61.006 Y104.564
G1 F1200 X66.312 Y109.87 E2384.11036
G0 F6000 X66.312 Y109.305
G1 F1200 X61.572 Y104.564 E2384.33333
G0 F6000 X62.138 Y104.564
G1 F1200 X66.312 Y108.739 E2384.52969
G0 F6000 X66.312 Y108.173
G1 F1200 X62.703 Y104.564 E2384.69945
G0 F6000 X63.269 Y104.564
G1 F1200 X66.312 Y107.608 E2384.8426
G0 F6000 X66.312 Y107.042
G1 F1200 X63.835 Y104.564 E2384.95914
G0 F6000 X64.4 Y104.564
G1 F1200 X66.312 Y106.476 E2385.04907
G0 F6000 X66.312 Y105.91
G1 F1200 X64.966 Y104.564 E2385.11238
G0 F6000 X65.532 Y104.564
G1 F1200 X66.312 Y105.345 E2385.1491
G0 F6000 X66.312 Y104.779
G1 F1200 X66.098 Y104.564 E2385.15918
G1 F1500 E2381.15918
;MESH:NONMESH
G0 F300 X66.098 Y104.564 Z0.48
G0 F6000 X66.772 Y104.564
G0 X66.7 Y104.176
G0 X59.343 Y103.826
G0 X59.343 Y102.741
G0 X59.343 Y0.00
;TIME_ELAPSED:3751.787178
;LAYER:1
M106 S85
;TYPE:SKIRT
G1 F1500 E2385.15918
G1 F1200 X59.239 Y0.309 E2385.17437
G1 X59.026 Y1.187 E2385.21644
G1 X58.891 Y2.08 E2385.25849
G1 X58.836 Y2.981 E2385.30052
G1 X58.825 Y3.646 E2385.33149
G1 X58.824 Y18.56 E2386.02595
G1 X58.815 Y19.873 E2386.08709
G1 X58.742 Y22.432 E2386.2063
G1 X58.597 Y24.993 E2386.32574
G1 X58.384 Y27.5 E2386.4429
G1 X58.096 Y30.032 E2386.56156
G1 X57.738 Y32.543 E2386.67966
G1 X57.307 Y35.065 E2386.7988
G1 X56.819 Y37.494 E2386.91416
G1 X56.234 Y40.038 E2387.03571
G1 X55.609 Y42.443 E2387.15142
G1 X54.891 Y44.913 E2387.27119
G1 X54.118 Y47.318 E2387.38882
G1 X53.272 Y49.716 E2387.50723
G1 X52.375 Y52.044 E2387.6234
G1 X51.373 Y54.443 E2387.74446
G1 X50.322 Y56.77 E2387.86335
G1 X49.22 Y59.036 E2387.98068
G1 X48.048 Y61.283 E2388.09869
G1 X46.802 Y63.515 E2388.21772
G1 X45.512 Y65.679 E2388.33503
G1 X44.149 Y67.827 E2388.45349
G1 X42.726 Y69.932 E2388.5718
G1 X41.228 Y72.023 E2388.69157
G1 X39.728 Y73.994 E2388.80691
G1 X38.105 Y76.004 E2388.9272
G1 X36.456 Y77.935 E2389.04544
G1 X34.768 Y79.8 E2389.16257
G1 X32.972 Y81.676 E2389.28351
G1 X31.203 Y83.422 E2389.39924
G1 X29.351 Y85.148 E2389.51712
G1 X27.42 Y86.849 E2389.63695
G1 X25.47 Y88.473 E2389.75512
G1 X23.471 Y90.042 E2389.87345
G1 X21.456 Y91.534 E2389.99019
G1 X19.359 Y92.997 E2390.10925
G1 X17.173 Y94.432 E2390.23102
G1 X16.583 Y94.808 E2390.26359
G1 X15.721 Y95.422 E2390.31287
G1 X15.039 Y96.015 E2390.35496
G1 X14.413 Y96.665 E2390.39698
G1 X13.846 Y97.368 E2390.43903
G1 X13.343 Y98.118 E2390.48108
G1 X12.909 Y98.91 E2390.52313
G1 X12.547 Y99.737 E2390.56517
G1 X12.259 Y100.593 E2390.60722
G1 X12.048 Y101.472 E2390.64932
G1 X11.916 Y102.365 E2390.69135
G1 X11.863 Y103.267 E2390.73342
G1 X11.853 Y103.968 E2390.76607
G1 X11.852 Y219.064 E2396.12542
G1 X11.865 Y219.673 E2396.15378
G1 X11.962 Y220.828 E2396.20776
G1 X12.128 Y221.716 E2396.24982
G1 X12.372 Y222.586 E2396.29189
G1 X12.692 Y223.43 E2396.33393
G1 X13.086 Y224.243 E2396.37599
G1 X13.55 Y225.018 E2396.41805
G1 X14.08 Y225.749 E2396.4601
G1 X14.673 Y226.43 E2396.50214
G1 X15.324 Y227.056 E2396.5442
G1 X16.028 Y227.622 E2396.58626
G1 X16.779 Y228.123 E2396.6283
G1 X17.572 Y228.556 E2396.67037
G1 X18.399 Y228.917 E2396.71239
G1 X19.256 Y229.204 E2396.75447
G1 X20.134 Y229.413 E2396.7965
G1 X21.028 Y229.545 E2396.83858
G1 X21.929 Y229.596 E2396.8806
G1 X22.627 Y229.605 E2396.9131
G1 X157.722 Y229.606 E2403.20369
G1 X158.361 Y229.591 E2403.23345
G1 X159.327 Y229.515 E2403.27857
G1 X160.217 Y229.362 E2403.32062
G1 X161.09 Y229.131 E2403.36267
G1 X161.939 Y228.824 E2403.40471
G1 X162.757 Y228.442 E2403.44675
G1 X163.539 Y227.99 E2403.48881
G1 X164.278 Y227.47 E2403.53088
G1 X164.967 Y226.887 E2403.57291
G1 X165.603 Y226.246 E2403.61496
G1 X166.179 Y225.55 E2403.65703
G1 X166.692 Y224.807 E2403.69907
G1 X167.136 Y224.021 E2403.7411
G1 X167.51 Y223.198 E2403.7832
G1 X167.809 Y222.453 E2403.82058
G1 X168.822 Y220.031 E2403.94282
G1 X169.868 Y217.718 E2404.06103
G1 X170.978 Y215.435 E2404.17923
G1 X172.148 Y213.191 E2404.29707
G1 X173.397 Y210.955 E2404.41633
G1 X174.681 Y208.802 E2404.53306
G1 X176.066 Y206.62 E2404.6534
G1 X177.465 Y204.547 E2404.76985
G1 X178.959 Y202.467 E2404.8891
G1 X180.49 Y200.454 E2405.00687
G1 X182.073 Y198.492 E2405.12425
G1 X183.74 Y196.542 E2405.24371
G1 X185.436 Y194.667 E2405.36144
G1 X187.2 Y192.824 E2405.48023
G1 X189.014 Y191.034 E2405.5989
G1 X190.848 Y189.325 E2405.71562
G1 X192.773 Y187.628 E2405.83512
G1 X194.723 Y186.007 E2405.95319
G1 X196.721 Y184.438 E2406.07149
G1 X198.77 Y182.921 E2406.1902
G1 X200.831 Y181.483 E2406.30722
G1 X202.991 Y180.066 E2406.42751
G1 X205.117 Y178.755 E2406.54381
G1 X207.321 Y177.481 E2406.66235
G1 X209.859 Y176.111 E2406.79665
G1 X210.628 Y175.651 E2406.83838
G1 X211.359 Y175.121 E2406.88042
G1 X212.041 Y174.528 E2406.9225
G1 X212.667 Y173.878 E2406.96452
G1 X213.234 Y173.175 E2407.00658
G1 X213.736 Y172.424 E2407.04864
G1 X214.169 Y171.632 E2407.09067
G1 X214.531 Y170.804 E2407.13275
G1 X214.818 Y169.948 E2407.17479
G1 X215.029 Y169.07 E2407.21684
G1 X215.161 Y168.176 E2407.25892
G1 X215.213 Y167.275 E2407.30094
G1 X215.223 Y166.545 E2407.33494
G1 X215.224 Y61.471 E2412.22762
G1 X215.211 Y60.864 E2412.25589
G1 X215.119 Y59.751 E2412.3079
G1 X214.955 Y58.863 E2412.34994
G1 X214.714 Y57.992 E2412.39202
G1 X214.397 Y57.147 E2412.43405
G1 X214.006 Y56.333 E2412.4761
G1 X213.545 Y55.556 E2412.51817
G1 X213.017 Y54.824 E2412.56019
G1 X212.426 Y54.141 E2412.60225
G1 X211.777 Y53.513 E2412.6443
G1 X211.075 Y52.944 E2412.68638
G1 X210.326 Y52.441 E2412.72839
G1 X209.535 Y52.005 E2412.77045
G1 X208.708 Y51.641 E2412.81252
G1 X207.853 Y51.352 E2412.85455
G1 X205.04 Y50.537 E2412.99092
G1 X202.636 Y49.765 E2413.10849
G1 X200.232 Y48.916 E2413.22721
G1 X197.871 Y48.006 E2413.34503
G1 X195.5 Y47.016 E2413.46467
G1 X193.193 Y45.974 E2413.58254
G1 X190.929 Y44.874 E2413.69975
G1 X188.679 Y43.699 E2413.81794
G1 X186.425 Y42.442 E2413.93812
G1 X184.264 Y41.154 E2414.05526
G1 X182.134 Y39.801 E2414.17276
G1 X180.012 Y38.369 E2414.29196
G1 X177.954 Y36.893 E2414.40989
G1 X175.923 Y35.347 E2414.52874
G1 X173.965 Y33.767 E2414.6459
G1 X172.022 Y32.107 E2414.76489
G1 X170.142 Y30.407 E2414.88292
G1 X168.294 Y28.638 E2415.00204
G1 X166.514 Y26.833 E2415.12008
G1 X164.803 Y24.998 E2415.23691
G1 X163.099 Y23.065 E2415.3569
G1 X161.485 Y21.125 E2415.47441
G1 X159.909 Y19.118 E2415.59323
G1 X158.4 Y17.081 E2415.71127
G1 X156.965 Y15.025 E2415.82802
G1 X155.553 Y12.873 E2415.94787
G1 X154.226 Y10.721 E2416.0656
G1 X152.952 Y8.521 E2416.18398
G1 X151.741 Y6.281 E2416.30255
G1 X150.595 Y4.012 E2416.42091
G1 X149.523 Y1.731 E2416.53827
G1 X148.77 Y0.00 E2416.62617
G1 F1500 E2412.62617
;MESH:base_model_2.stl
G0 F7500 X79.02 Y27.789
G0 X76.464 Y29.746
;TYPE:WALL-INNER
G1 F1500 E2416.62617
G1 F1470 X75.927 Y29.792 E2416.65126
G1 X75.388 Y29.746 E2416.67645
G1 X74.866 Y29.612 E2416.70155
G1 X74.372 Y29.379 E2416.72698
G1 X73.93 Y29.068 E2416.75215
G1 X73.551 Y28.689 E2416.7771
G1 X73.244 Y28.249 E2416.80209
G1 X73.011 Y27.761 E2416.82727
G1 X72.87 Y27.231 E2416.8528
G1 X72.824 Y26.692 E2416.87799
G1 X72.87 Y26.153 E2416.90318
G1 X73.011 Y25.623 E2416.92872
G1 X73.244 Y25.135 E2416.9539
G1 X73.551 Y24.695 E2416.97888
G1 X73.93 Y24.316 E2417.00384
G1 X74.372 Y24.005 E2417.02901
G1 X74.864 Y23.778 E2417.05424
G1 X75.388 Y23.638 E2417.07949
G1 X75.925 Y23.589 E2417.1046
G1 X76.468 Y23.641 E2417.13
G1 X76.951 Y23.768 E2417.15326
G1 X77.496 Y24.017 E2417.18116
G1 X77.906 Y24.306 E2417.20452
G1 X78.29 Y24.686 E2417.22967
G1 X78.6 Y25.125 E2417.2547
G1 X78.849 Y25.656 E2417.282
G1 X78.984 Y26.181 E2417.30725
G1 X79.024 Y26.723 E2417.33255
G1 X78.983 Y27.212 E2417.3554
G1 X78.837 Y27.763 E2417.38194
G1 X78.611 Y28.24 E2417.40652
G1 X78.301 Y28.689 E2417.43193
G1 X77.93 Y29.058 E2417.45629
G1 X77.507 Y29.36 E2417.4805
G1 X76.989 Y29.611 E2417.5073
G1 X76.464 Y29.746 E2417.53254
G1 F1500 E2413.53254
G0 F7500 X75.928 Y29.972
G0 X75.66 Y94.324
G0 X76.713 Y100.517
G1 F1500 E2417.53254
G1 F1470 X76.186 Y100.657 E2417.55793
G1 X75.659 Y100.704 E2417.58257
G1 X75.117 Y100.658 E2417.6079
G1 X74.592 Y100.518 E2417.6332
G1 X74.1 Y100.291 E2417.65843
G1 X73.658 Y99.98 E2417.68359
G1 X73.279 Y99.601 E2417.70855
G1 X72.972 Y99.161 E2417.73353
G1 X72.739 Y98.672 E2417.75875
G1 X72.6 Y98.144 E2417.78418
G1 X72.556 Y97.604 E2417.80941
G1 X72.598 Y97.065 E2417.83458
G1 X72.739 Y96.535 E2417.86012
G1 X72.972 Y96.047 E2417.8853
G1 X73.279 Y95.607 E2417.91028
G1 X73.658 Y95.228 E2417.93524
G1 X74.1 Y94.917 E2417.9604
G1 X74.599 Y94.683 E2417.98607
G1 X75.116 Y94.55 E2418.01093
G1 X75.659 Y94.504 E2418.0363
G1 X76.193 Y94.55 E2418.06126
G1 X76.697 Y94.682 E2418.08552
G1 X77.207 Y94.916 E2418.11165
G1 X77.625 Y95.211 E2418.13547
G1 X78.026 Y95.607 E2418.16171
G1 X78.334 Y96.047 E2418.18672
G1 X78.557 Y96.513 E2418.21078
G1 X78.705 Y97.048 E2418.23662
G1 X78.756 Y97.587 E2418.26183
G1 X78.706 Y98.152 E2418.28824
G1 X78.564 Y98.678 E2418.31361
G1 X78.34 Y99.155 E2418.33815
G1 X78.043 Y99.58 E2418.3623
G1 X77.627 Y99.996 E2418.38969
G1 X77.226 Y100.278 E2418.41252
G1 X76.713 Y100.517 E2418.43887
G1 F1500 E2414.43887
G0 F7500 X76.219 Y100.837
G0 X77.993 Y114.904
G0 X79.585 Y121.054
G1 F1500 E2418.43887
G1 F1470 X79.058 Y121.194 E2418.46426
G1 X78.524 Y121.24 E2418.48922
G1 X77.984 Y121.194 E2418.51445
G1 X77.47 Y121.055 E2418.53925
G1 X76.97 Y120.829 E2418.5648
G1 X76.526 Y120.516 E2418.59009
G1 X76.147 Y120.137 E2418.61505
G1 X75.837 Y119.692 E2418.6403
G1 X75.607 Y119.207 E2418.6653
G1 X75.468 Y118.68 E2418.69068
G1 X75.424 Y118.14 E2418.7159
G1 X75.466 Y117.601 E2418.74108
G1 X75.607 Y117.072 E2418.76657
G1 X75.837 Y116.588 E2418.79152
G1 X76.147 Y116.143 E2418.81678
G1 X76.526 Y115.764 E2418.84173
G1 X76.969 Y115.452 E2418.86696
G1 X77.466 Y115.222 E2418.89247
G1 X77.997 Y115.086 E2418.91799
G1 X78.554 Y115.04 E2418.94401
G1 X79.03 Y115.084 E2418.96627
G1 X79.609 Y115.234 E2418.99412
G1 X80.1 Y115.47 E2419.01949
G1 X80.498 Y115.751 E2419.04218
G1 X80.881 Y116.128 E2419.0672
G1 X81.194 Y116.57 E2419.09242
G1 X81.444 Y117.101 E2419.11975
G1 X81.575 Y117.598 E2419.14368
G1 X81.627 Y118.137 E2419.1689
G1 X81.578 Y118.663 E2419.1935
G1 X81.436 Y119.202 E2419.21945
G1 X81.208 Y119.691 E2419.24457
G1 X80.897 Y120.133 E2419.26974
G1 X80.518 Y120.516 E2419.29483
G1 X80.076 Y120.824 E2419.31991
G1 X79.585 Y121.054 E2419.34516
G1 F1500 E2415.34516
G0 F7500 X80.632 Y120.653
G0 X113.913 Y120.659
G0 X116.024 Y121.24
G1 F1500 E2419.34516
G1 F1470 X115.485 Y121.194 E2419.37035
G1 X114.959 Y121.054 E2419.3957
G1 X114.468 Y120.824 E2419.42094
G1 X114.026 Y120.516 E2419.44603
G1 X113.647 Y120.133 E2419.47112
G1 X113.34 Y119.693 E2419.4961
G1 X113.107 Y119.207 E2419.5212
G1 X112.965 Y118.66 E2419.54751
G1 X112.924 Y118.156 E2419.57106
G1 X112.965 Y117.623 E2419.59595
G1 X113.1 Y117.101 E2419.62106
G1 X113.333 Y116.599 E2419.64683
G1 X113.644 Y116.15 E2419.67226
G1 X114.058 Y115.741 E2419.69936
G1 X114.464 Y115.458 E2419.7224
G1 X114.961 Y115.221 E2419.74804
G1 X115.464 Y115.092 E2419.77222
G1 X115.995 Y115.04 E2419.79706
G1 X116.558 Y115.088 E2419.82338
G1 X117.066 Y115.218 E2419.84779
G1 X117.556 Y115.444 E2419.87292
G1 X118.015 Y115.764 E2419.89897
G1 X118.393 Y116.142 E2419.92387
G1 X118.697 Y116.575 E2419.9485
G1 X118.932 Y117.066 E2419.97385
G1 X119.078 Y117.617 E2420.00039
G1 X119.124 Y118.119 E2420.02386
G1 X119.078 Y118.663 E2420.04928
G1 X118.936 Y119.202 E2420.07524
G1 X118.708 Y119.691 E2420.10036
G1 X118.397 Y120.133 E2420.12553
G1 X118.018 Y120.516 E2420.15062
G1 X117.576 Y120.824 E2420.1757
G1 X117.085 Y121.054 E2420.20095
G1 X116.558 Y121.194 E2420.22634
G1 X116.024 Y121.24 E2420.2513
G1 F1500 E2416.2513
G0 F7500 X118.132 Y120.653
G0 X154.505 Y127.75
G0 X155.961 Y128.554
G1 F1500 E2420.2513
G1 F1470 X155.468 Y128.328 E2420.27655
G1 X155.026 Y128.016 E2420.30174
G1 X154.647 Y127.637 E2420.3267
G1 X154.337 Y127.192 E2420.35195
G1 X154.107 Y126.708 E2420.37691
G1 X153.967 Y126.181 E2420.4023
G1 X153.921 Y125.645 E2420.42735
G1 X153.969 Y125.098 E2420.45292
G1 X154.103 Y124.591 E2420.47733
G1 X154.336 Y124.09 E2420.50306
G1 X154.641 Y123.654 E2420.52784
G1 X155.024 Y123.268 E2420.55316
G1 X155.455 Y122.963 E2420.57775
G1 X155.977 Y122.718 E2420.6046
G1 X156.485 Y122.588 E2420.62901
G1 X157 Y122.54 E2420.6531
G1 X157.553 Y122.587 E2420.67894
G1 X158.061 Y122.716 E2420.70335
G1 X158.581 Y122.958 E2420.73005
G1 X159.007 Y123.258 E2420.75431
G1 X159.378 Y123.625 E2420.77861
G1 X159.698 Y124.077 E2420.8044
G1 X159.932 Y124.566 E2420.82964
G1 X160.08 Y125.128 E2420.85671
G1 X160.124 Y125.673 E2420.88217
G1 X160.072 Y126.199 E2420.90678
G1 X159.94 Y126.692 E2420.93054
G1 X159.708 Y127.19 E2420.95612
G1 X159.396 Y127.638 E2420.98155
G1 X159.017 Y128.014 E2421.0064
G1 X158.561 Y128.333 E2421.03232
G1 X158.083 Y128.554 E2421.05684
G1 X157.56 Y128.692 E2421.08203
G1 X157.025 Y128.743 E2421.10705
G1 X156.483 Y128.693 E2421.1324
G1 X155.961 Y128.554 E2421.15755
G1 F1500 E2417.15755
G0 F7500 X155.546 Y128.474
G0 X156.449 Y128.872
G0 X156.448 Y132.365
G0 X160.224 Y166.54
G1 F1500 E2421.15755
G1 F1470 X204.424 Y166.54 E2423.21569
G1 X204.424 Y61.74 E2428.09561
G1 X138.939 Y61.735 E2431.14487
G1 X138.726 Y61.662 E2431.15535
G1 X138.592 Y61.558 E2431.16325
G1 X138.451 Y61.321 E2431.17609
G1 X138.424 Y61.169 E2431.18328
G1 X138.424 Y3.74 E2433.85742
G1 X69.624 Y3.74 E2437.06103
G1 X69.625 Y132.539 E2443.05845
G1 X159.696 Y132.544 E2447.25254
G1 X159.94 Y132.629 E2447.26457
G1 X160.1 Y132.773 E2447.27459
G1 X160.224 Y133.051 E2447.28877
G1 X160.224 Y166.54 E2448.84815
G1 F1500 E2444.84815
G0 F7500 X160.494 Y166.44
G0 X187.957 Y166.34
G0 X188.377 Y154.98
G0 X188.026 Y154.516
G1 F1500 E2448.84815
G1 F1470 X187.647 Y154.133 E2448.87324
G1 X187.34 Y153.693 E2448.89823
G1 X187.107 Y153.207 E2448.92332
G1 X186.965 Y152.66 E2448.94964
G1 X186.924 Y152.121 E2448.97481
G1 X186.972 Y151.583 E2448.99996
G1 X187.102 Y151.094 E2449.02352
G1 X187.349 Y150.572 E2449.05041
G1 X187.665 Y150.126 E2449.07586
G1 X188.01 Y149.781 E2449.09858
G1 X188.49 Y149.443 E2449.12592
G1 X188.959 Y149.222 E2449.15006
G1 X189.46 Y149.093 E2449.17415
G1 X190.003 Y149.04 E2449.19955
G1 X190.558 Y149.088 E2449.22549
G1 X191.078 Y149.222 E2449.2505
G1 X191.577 Y149.456 E2449.27616
G1 X192.018 Y149.764 E2449.30121
G1 X192.396 Y150.146 E2449.32623
G1 X192.707 Y150.587 E2449.35136
G1 X192.937 Y151.072 E2449.37635
G1 X193.078 Y151.601 E2449.40185
G1 X193.124 Y152.14 E2449.42703
G1 X193.076 Y152.68 E2449.45228
G1 X192.937 Y153.207 E2449.47766
G1 X192.707 Y153.693 E2449.50269
G1 X192.396 Y154.134 E2449.52782
G1 X192.018 Y154.516 E2449.55285
G1 X191.576 Y154.824 E2449.57793
G1 X191.085 Y155.054 E2449.60318
G1 X190.558 Y155.194 E2449.62857
G1 X190.024 Y155.24 E2449.65353
G1 X189.485 Y155.194 E2449.67871
G1 X188.959 Y155.054 E2449.70406
G1 X188.468 Y154.824 E2449.72931
G1 X188.026 Y154.516 E2449.75439
G1 F1500 E2445.75439
G0 F7500 X187.957 Y154.589
G0 X187.261 Y153.146
G0 X187.128 Y152.651
G0 X187.082 Y152.141
G0 X187.128 Y151.631
G0 X187.261 Y151.136
G0 X187.477 Y150.671
G0 X187.644 Y150.433
G0 X188.908 Y149.048
G0 X193.898 Y84.222
G0 X193.494 Y83.839
G1 F1500 E2449.75439
G1 F1470 X193.037 Y83.522 E2449.78029
G1 X192.654 Y83.142 E2449.80541
G1 X192.354 Y82.716 E2449.82968
G1 X192.109 Y82.206 E2449.85602
G1 X191.963 Y81.645 E2449.88301
G1 X191.924 Y81.116 E2449.90771
G1 X191.973 Y80.576 E2449.93296
G1 X192.102 Y80.095 E2449.95615
G1 X192.336 Y79.589 E2449.98211
G1 X192.647 Y79.147 E2450.00727
G1 X193.026 Y78.764 E2450.03236
G1 X193.465 Y78.457 E2450.05731
G1 X193.962 Y78.22 E2450.08295
G1 X194.485 Y78.088 E2450.10806
G1 X195.024 Y78.04 E2450.13326
G1 X195.558 Y78.088 E2450.15823
G1 X196.078 Y78.222 E2450.18323
G1 X196.575 Y78.452 E2450.20873
G1 X197.018 Y78.764 E2450.23396
G1 X197.396 Y79.142 E2450.25885
G1 X197.706 Y79.585 E2450.28403
G1 X197.937 Y80.072 E2450.30913
G1 X198.078 Y80.601 E2450.33462
G1 X198.124 Y81.14 E2450.35981
G1 X198.076 Y81.68 E2450.38506
G1 X197.937 Y82.207 E2450.41043
G1 X197.706 Y82.695 E2450.43557
G1 X197.396 Y83.138 E2450.46075
G1 X197.018 Y83.516 E2450.48564
G1 X196.576 Y83.828 E2450.51084
G1 X196.083 Y84.054 E2450.53609
G1 X195.56 Y84.192 E2450.56128
G1 X195.024 Y84.243 E2450.58635
G1 X194.464 Y84.188 E2450.61255
G1 X193.938 Y84.043 E2450.63795
G1 X193.494 Y83.839 E2450.66071
G0 F7500 X193.676 Y83.483
;TYPE:WALL-OUTER
G1 F1470 X193.274 Y83.198 E2450.68365
G1 X192.956 Y82.88 E2450.70459
G1 X192.688 Y82.496 E2450.7264
G1 X192.481 Y82.058 E2450.74896
G1 X192.36 Y81.593 E2450.77133
G1 X192.324 Y81.123 E2450.79328
G1 X192.362 Y80.67 E2450.81445
G1 X192.478 Y80.232 E2450.83554
G1 X192.689 Y79.783 E2450.85865
G1 X192.943 Y79.417 E2450.87939
G1 X193.3 Y79.06 E2450.9029
G1 X193.682 Y78.794 E2450.92457
G1 X194.082 Y78.606 E2450.94515
G1 X194.553 Y78.482 E2450.96783
G1 X195.043 Y78.44 E2450.99073
G1 X195.49 Y78.482 E2451.01164
G1 X195.944 Y78.599 E2451.03347
G1 X196.362 Y78.794 E2451.05495
G1 X196.77 Y79.082 E2451.0782
G1 X197.101 Y79.417 E2451.10013
G1 X197.349 Y79.773 E2451.12033
G1 X197.566 Y80.232 E2451.14398
G1 X197.684 Y80.685 E2451.16577
G1 X197.724 Y81.121 E2451.18616
G1 X197.682 Y81.611 E2451.20906
G1 X197.566 Y82.048 E2451.23011
G1 X197.349 Y82.507 E2451.25375
G1 X197.101 Y82.863 E2451.27396
G1 X196.744 Y83.22 E2451.29747
G1 X196.392 Y83.468 E2451.31752
G1 X195.928 Y83.682 E2451.34131
G1 X195.491 Y83.798 E2451.36236
G1 X195.005 Y83.84 E2451.38508
G1 X194.546 Y83.796 E2451.40655
G1 X194.091 Y83.673 E2451.4285
G1 X193.676 Y83.483 E2451.44975
G1 F1500 E2447.44975
G0 F7500 X193.388 Y83.893
G0 X192.923 Y83.663
G0 X159.121 Y123.117
G0 X156.116 Y128.182
G1 F1500 E2451.44975
G1 F1470 X155.652 Y127.968 E2451.47354
G1 X155.274 Y127.698 E2451.49517
G1 X154.943 Y127.363 E2451.5171
G1 X154.695 Y127.007 E2451.5373
G1 X154.478 Y126.548 E2451.56094
G1 X154.36 Y126.093 E2451.58283
G1 X154.324 Y125.623 E2451.60478
G1 X154.366 Y125.152 E2451.6268
G1 X154.486 Y124.708 E2451.64822
G1 X154.687 Y124.286 E2451.66998
G1 X154.959 Y123.897 E2451.69208
G1 X155.293 Y123.565 E2451.71401
G1 X155.682 Y123.294 E2451.73609
G1 X156.082 Y123.106 E2451.75667
G1 X156.553 Y122.982 E2451.77935
G1 X157.043 Y122.94 E2451.80225
G1 X157.506 Y122.986 E2451.82391
G1 X157.962 Y123.106 E2451.84587
G1 X158.392 Y123.312 E2451.86807
G1 X158.77 Y123.582 E2451.8897
G1 X159.101 Y123.917 E2451.91163
G1 X159.365 Y124.302 E2451.93337
G1 X159.559 Y124.711 E2451.95445
G1 X159.684 Y125.185 E2451.97727
G1 X159.724 Y125.659 E2451.99942
G1 X159.678 Y126.128 E2452.02137
G1 X159.562 Y126.562 E2452.04228
G1 X159.349 Y127.007 E2452.06526
G1 X159.091 Y127.376 E2452.08622
G1 X158.758 Y127.709 E2452.10815
G1 X158.371 Y127.981 E2452.13018
G1 X157.928 Y128.182 E2452.15283
G1 X157.491 Y128.298 E2452.17388
G1 X157.005 Y128.34 E2452.1966
G1 X156.536 Y128.294 E2452.21854
G1 X156.116 Y128.182 E2452.23878
G1 F1500 E2448.23878
G0 F7500 X155.546 Y128.474
G0 X156.449 Y128.872
G0 X156.448 Y132.365
G0 X159.824 Y166.94
G1 F1500 E2452.23878
G1 F1470 X204.824 Y166.94 E2454.33417
G1 X204.824 Y61.34 E2459.25135
G1 X141.642 Y61.341 E2462.19336
G1 X138.959 Y61.33 E2462.3183
G1 X138.824 Y61.197 E2462.32712
G1 X138.824 Y3.34 E2465.02119
G1 X69.224 Y3.34 E2468.26205
G1 X69.225 Y132.939 E2474.29673
G1 X159.676 Y132.946 E2478.5085
G1 X159.824 Y133.095 E2478.51828
G1 X159.824 Y166.94 E2480.09425
G1 F1500 E2476.09425
G0 F7500 X160.094 Y166.671
G0 X187.922 Y166.34
G0 X188.377 Y154.98
G0 X188.274 Y154.198
G1 F1500 E2480.09425
G1 F1470 X187.954 Y153.877 E2480.11535
G1 X187.686 Y153.493 E2480.13716
G1 X187.478 Y153.048 E2480.16003
G1 X187.363 Y152.616 E2480.18085
G1 X187.324 Y152.123 E2480.20388
G1 X187.364 Y151.663 E2480.22538
G1 X187.482 Y151.22 E2480.24672
G1 X187.689 Y150.782 E2480.26928
G1 X187.96 Y150.396 E2480.29124
G1 X188.287 Y150.07 E2480.31274
G1 X188.682 Y149.794 E2480.33518
G1 X189.112 Y149.595 E2480.35724
G1 X189.569 Y149.48 E2480.37919
G1 X190.043 Y149.44 E2480.40134
G1 X190.49 Y149.482 E2480.42224
G1 X190.944 Y149.599 E2480.44407
G1 X191.377 Y149.802 E2480.46634
G1 X191.757 Y150.07 E2480.48799
G1 X192.09 Y150.403 E2480.50992
G1 X192.349 Y150.773 E2480.53095
G1 X192.566 Y151.232 E2480.55459
G1 X192.684 Y151.685 E2480.57639
G1 X192.724 Y152.159 E2480.59854
G1 X192.682 Y152.611 E2480.61968
G1 X192.566 Y153.048 E2480.64073
G1 X192.349 Y153.507 E2480.66437
G1 X192.09 Y153.877 E2480.6854
G1 X191.744 Y154.22 E2480.70809
G1 X191.376 Y154.478 E2480.72902
G1 X190.928 Y154.682 E2480.75194
G1 X190.475 Y154.8 E2480.77374
G1 X190.005 Y154.84 E2480.7957
G1 X189.536 Y154.794 E2480.81764
G1 X189.116 Y154.682 E2480.83788
G1 X188.668 Y154.478 E2480.86081
G1 X188.274 Y154.198 E2480.88331
G1 F1500 E2476.88331
G0 F7500 X187.922 Y154.553
G0 X186.938 Y153.264
G0 X117.666 Y120.98
G0 X116.005 Y120.84
G1 F1500 E2480.88331
G1 F1470 X115.536 Y120.794 E2480.90526
G1 X115.116 Y120.682 E2480.9255
G1 X114.668 Y120.478 E2480.94842
G1 X114.274 Y120.198 E2480.97093
G1 X113.954 Y119.877 E2480.99203
G1 X113.686 Y119.493 E2481.01384
G1 X113.478 Y119.048 E2481.03671
G1 X113.363 Y118.616 E2481.05753
G1 X113.324 Y118.123 E2481.08055
G1 X113.361 Y117.677 E2481.10139
G1 X113.487 Y117.206 E2481.12409
G1 X113.695 Y116.773 E2481.14646
G1 X113.966 Y116.39 E2481.16831
G1 X114.3 Y116.06 E2481.19017
G1 X114.682 Y115.794 E2481.21185
G1 X115.118 Y115.594 E2481.23418
G1 X115.546 Y115.484 E2481.25476
G1 X116.043 Y115.44 E2481.27799
G1 X116.496 Y115.483 E2481.29918
G1 X116.962 Y115.606 E2481.32162
G1 X117.37 Y115.798 E2481.34262
G1 X117.77 Y116.082 E2481.36546
G1 X118.101 Y116.417 E2481.38739
G1 X118.363 Y116.797 E2481.40889
G1 X118.561 Y117.216 E2481.43046
G1 X118.681 Y117.665 E2481.45211
G1 X118.724 Y118.159 E2481.4752
G1 X118.678 Y118.628 E2481.49714
G1 X118.566 Y119.048 E2481.51738
G1 X118.358 Y119.493 E2481.54025
G1 X118.101 Y119.863 E2481.56123
G1 X117.744 Y120.22 E2481.58474
G1 X117.376 Y120.478 E2481.60567
G1 X116.928 Y120.682 E2481.62859
G1 X116.475 Y120.8 E2481.65038
G1 X116.005 Y120.84 E2481.67235
G1 F1500 E2477.67235
G0 F7500 X115.979 Y121.138
G0 X113.913 Y120.659
G0 X80.632 Y120.653
G0 X79.428 Y120.682
G1 F1500 E2481.67235
G1 F1470 X78.975 Y120.8 E2481.69415
G1 X78.505 Y120.84 E2481.71611
G1 X78.036 Y120.794 E2481.73805
G1 X77.616 Y120.682 E2481.75829
G1 X77.152 Y120.468 E2481.78209
G1 X76.774 Y120.198 E2481.80372
G1 X76.443 Y119.863 E2481.82565
G1 X76.195 Y119.507 E2481.84585
G1 X75.978 Y119.048 E2481.86949
G1 X75.862 Y118.611 E2481.89054
G1 X75.824 Y118.123 E2481.91334
G1 X75.866 Y117.652 E2481.93535
G1 X75.978 Y117.232 E2481.9556
G1 X76.195 Y116.773 E2481.97924
G1 X76.443 Y116.417 E2481.99944
G1 X76.8 Y116.06 E2482.02295
G1 X77.182 Y115.794 E2482.04462
G1 X77.582 Y115.606 E2482.0652
G1 X78.069 Y115.48 E2482.08863
G1 X78.543 Y115.44 E2482.11078
G1 X78.981 Y115.481 E2482.13126
G1 X79.454 Y115.603 E2482.15401
G1 X79.876 Y115.802 E2482.17573
G1 X80.264 Y116.076 E2482.19785
G1 X80.601 Y116.417 E2482.22017
G1 X80.863 Y116.796 E2482.24163
G1 X81.06 Y117.214 E2482.26315
G1 X81.18 Y117.66 E2482.28465
G1 X81.224 Y118.159 E2482.30798
G1 X81.178 Y118.628 E2482.32992
G1 X81.066 Y119.048 E2482.35016
G1 X80.858 Y119.493 E2482.37303
G1 X80.601 Y119.863 E2482.39401
G1 X80.244 Y120.22 E2482.41752
G1 X79.876 Y120.478 E2482.43845
G1 X79.428 Y120.682 E2482.46137
G1 F1500 E2478.46137
G0 F7500 X79.505 Y120.973
G0 X80.414 Y120.394
G0 X80.777 Y120.031
G0 X81.071 Y119.611
G0 X81.287 Y119.146
G0 X81.42 Y118.651
G0 X81.466 Y118.141
G0 X81.42 Y117.631
G0 X81.287 Y117.136
G0 X81.071 Y116.671
G0 X80.777 Y116.251
G0 X80.414 Y115.888
G0 X79.994 Y115.594
G0 X79.731 Y115.472
G0 X77.993 Y114.904
G0 X76.219 Y100.837
G0 X76.577 Y100.141
G1 F1500 E2482.46137
G1 F1470 X76.115 Y100.263 E2482.48362
G1 X75.637 Y100.304 E2482.50596
G1 X75.168 Y100.258 E2482.5279
G1 X74.748 Y100.146 E2482.54814
G1 X74.284 Y99.932 E2482.57194
G1 X73.906 Y99.662 E2482.59357
G1 X73.575 Y99.327 E2482.61549
G1 X73.327 Y98.971 E2482.6357
G1 X73.11 Y98.512 E2482.65934
G1 X72.994 Y98.075 E2482.68039
G1 X72.956 Y97.587 E2482.70318
G1 X72.998 Y97.116 E2482.7252
G1 X73.11 Y96.696 E2482.74544
G1 X73.327 Y96.237 E2482.76908
G1 X73.575 Y95.881 E2482.78929
G1 X73.932 Y95.524 E2482.8128
G1 X74.314 Y95.258 E2482.83447
G1 X74.75 Y95.058 E2482.85681
G1 X75.201 Y94.944 E2482.87847
G1 X75.675 Y94.904 E2482.90062
G1 X76.107 Y94.944 E2482.92082
G1 X76.594 Y95.07 E2482.94424
G1 X77.005 Y95.264 E2482.96541
G1 X77.388 Y95.533 E2482.9872
G1 X77.733 Y95.881 E2483.01002
G1 X77.997 Y96.266 E2483.03175
G1 X78.198 Y96.696 E2483.05386
G1 X78.315 Y97.14 E2483.07524
G1 X78.356 Y97.623 E2483.09781
G1 X78.31 Y98.092 E2483.11975
G1 X78.19 Y98.536 E2483.14117
G1 X77.986 Y98.963 E2483.1632
G1 X77.722 Y99.341 E2483.18467
G1 X77.383 Y99.679 E2483.20696
G1 X76.999 Y99.947 E2483.22877
G1 X76.577 Y100.141 E2483.25039
G1 F1500 E2479.25039
G0 F7500 X76.704 Y100.415
G0 X77.546 Y99.858
G0 X77.909 Y99.495
G0 X78.203 Y99.075
G0 X78.419 Y98.61
G0 X78.552 Y98.115
G0 X78.598 Y97.605
G0 X78.552 Y97.095
G0 X78.419 Y96.6
G0 X78.203 Y96.135
G0 X77.909 Y95.715
G0 X77.546 Y95.352
G0 X77.308 Y95.185
G0 X75.66 Y94.324
G0 X75.928 Y29.972
G0 X76.379 Y29.352
G1 F1500 E2483.25039
G1 F1470 X75.905 Y29.392 E2483.27254
G1 X75.473 Y29.352 E2483.29275
G1 X74.986 Y29.226 E2483.31617
G1 X74.586 Y29.038 E2483.33675
G1 X74.178 Y28.75 E2483.36
G1 X73.847 Y28.415 E2483.38193
G1 X73.599 Y28.059 E2483.40214
G1 X73.382 Y27.6 E2483.42578
G1 X73.264 Y27.147 E2483.44757
G1 X73.224 Y26.673 E2483.46972
G1 X73.27 Y26.204 E2483.49167
G1 X73.382 Y25.784 E2483.51191
G1 X73.599 Y25.325 E2483.53555
G1 X73.847 Y24.969 E2483.55575
G1 X74.204 Y24.612 E2483.57926
G1 X74.556 Y24.364 E2483.59931
G1 X75.02 Y24.15 E2483.6231
G1 X75.473 Y24.032 E2483.6449
G1 X75.943 Y23.992 E2483.66687
G1 X76.412 Y24.038 E2483.68881
G1 X76.851 Y24.156 E2483.70998
G1 X77.286 Y24.357 E2483.73229
G1 X77.666 Y24.626 E2483.75397
G1 X77.998 Y24.96 E2483.7759
G1 X78.259 Y25.335 E2483.79717
G1 X78.461 Y25.758 E2483.819
G1 X78.586 Y26.222 E2483.84138
G1 X78.624 Y26.709 E2483.86412
G1 X78.582 Y27.18 E2483.88614
G1 X78.457 Y27.634 E2483.90807
G1 X78.253 Y28.059 E2483.93002
G1 X78.005 Y28.415 E2483.95022
G1 X77.66 Y28.763 E2483.97304
G1 X77.266 Y29.038 E2483.99541
G1 X76.866 Y29.226 E2484.01599
G1 X76.379 Y29.352 E2484.03942
G1 F1500 E2480.03942
G0 F7500 X76.405 Y29.653
G0 X77.571 Y29.536
G0 X191.935 Y82.266
G0 X193.273 Y84.127
;TYPE:SKIN
G1 F1500 E2484.03942
G1 F1470 X193.826 Y84.385 E2484.06783
G1 X194.417 Y84.542 E2484.0963
G1 X195.001 Y84.6 E2484.12363
G1 X195.623 Y84.546 E2484.1527
G1 X196.184 Y84.398 E2484.17972
G1 X196.744 Y84.142 E2484.20839
G1 X197.267 Y83.777 E2484.23809
G1 X197.663 Y83.377 E2484.2643
G1 X198.025 Y82.859 E2484.29372
G1 X198.269 Y82.347 E2484.32013
G1 X198.43 Y81.743 E2484.34924
G1 X198.484 Y81.155 E2484.37674
G1 X198.43 Y80.523 E2484.40627
G1 X198.278 Y79.959 E2484.43347
G1 X198.021 Y79.417 E2484.4614
G1 X197.663 Y78.899 E2484.49072
G1 X197.267 Y78.499 E2484.51693
G1 X196.77 Y78.151 E2484.54518
G1 X196.217 Y77.89 E2484.57366
G1 X195.603 Y77.732 E2484.60318
G1 X195.043 Y77.68 E2484.62937
G1 X194.417 Y77.734 E2484.65862
G1 X193.84 Y77.883 E2484.68637
G1 X193.303 Y78.134 E2484.71398
G1 X192.79 Y78.491 E2484.74308
G1 X192.369 Y78.916 E2484.77093
G1 X192.023 Y79.413 E2484.79913
G1 X191.786 Y79.91 E2484.82477
G1 X191.606 Y80.542 E2484.85537
G1 X191.56 Y81.153 E2484.8839
G1 X191.616 Y81.748 E2484.91173
G1 X191.765 Y82.318 E2484.93916
G1 X192.025 Y82.871 E2484.96762
G1 X192.372 Y83.368 E2484.99584
G1 X192.795 Y83.787 E2485.02356
G1 X193.273 Y84.127 E2485.05088
G1 F1500 E2481.05088
G0 F7500 X193.402 Y83.903
G0 X193.898 Y84.222
G0 X188.908 Y149.048
G0 X187.795 Y154.794
G1 F1500 E2485.05088
G1 F1470 X188.274 Y155.125 E2485.07799
G1 X188.823 Y155.386 E2485.1063
G1 X189.4 Y155.542 E2485.13413
G1 X190.001 Y155.6 E2485.16224
G1 X190.619 Y155.542 E2485.19115
G1 X191.217 Y155.386 E2485.21992
G1 X191.741 Y155.142 E2485.24684
G1 X192.236 Y154.796 E2485.27496
G1 X192.676 Y154.36 E2485.3038
G1 X193.008 Y153.888 E2485.33067
G1 X193.278 Y153.316 E2485.36013
G1 X193.43 Y152.743 E2485.38773
G1 X193.484 Y152.155 E2485.41523
G1 X193.436 Y151.558 E2485.44312
G1 X193.282 Y150.961 E2485.47182
G1 X193.025 Y150.417 E2485.49984
G1 X192.68 Y149.924 E2485.52786
G1 X192.245 Y149.486 E2485.5566
G1 X191.756 Y149.142 E2485.58444
G1 X191.199 Y148.883 E2485.61305
G1 X190.614 Y148.734 E2485.64116
G1 X190.014 Y148.68 E2485.66921
G1 X189.461 Y148.728 E2485.69505
G1 X188.857 Y148.875 E2485.724
G1 X188.303 Y149.13 E2485.7524
G1 X187.78 Y149.502 E2485.78228
G1 X187.349 Y149.939 E2485.81086
G1 X187.032 Y150.391 E2485.83657
G1 X186.782 Y150.916 E2485.86365
G1 X186.62 Y151.506 E2485.89214
G1 X186.56 Y152.121 E2485.92091
G1 X186.612 Y152.738 E2485.94974
G1 X186.767 Y153.324 E2485.97797
G1 X187.014 Y153.857 E2486.00532
G1 X187.37 Y154.365 E2486.0342
G1 X187.795 Y154.794 E2486.06232
G1 F1500 E2482.06232
G0 F7500 X187.964 Y154.597
G0 X187.508 Y154.249
G0 X187.508 Y166.34
G0 X160.584 Y166.18
G1 F1500 E2486.06232
G1 F1470 X160.581 Y132.999 E2487.60737
G1 X160.481 Y132.698 E2487.62214
G1 X160.216 Y132.353 E2487.6424
G1 X159.743 Y132.184 E2487.66578
G1 X69.984 Y132.176 E2491.84534
G1 X69.984 Y4.1 E2497.80909
G1 X138.064 Y4.1 E2500.97918
G1 X138.065 Y61.2 E2503.638
G1 X138.178 Y61.607 E2503.65767
G1 X138.449 Y61.91 E2503.6766
G1 X138.68 Y62.038 E2503.68889
G1 X138.917 Y62.092 E2503.70021
G1 X204.064 Y62.1 E2506.73373
G1 X204.064 Y166.18 E2511.58013
G1 X160.584 Y166.18 E2513.60474
G1 F1500 E2509.60474
G0 F7500 X160.584 Y166.44
G0 X160.052 Y132.713
G0 X155.545 Y132.365
G0 X156.449 Y128.872
G0 X155.861 Y128.902
G1 F1500 E2513.60474
G1 F1470 X156.401 Y129.042 E2513.63072
G1 X157.001 Y129.1 E2513.65879
G1 X157.611 Y129.048 E2513.68729
G1 X158.213 Y128.89 E2513.71627
G1 X158.738 Y128.645 E2513.74325
G1 X159.235 Y128.301 E2513.7714
G1 X159.685 Y127.847 E2513.80116
G1 X160.025 Y127.355 E2513.82901
G1 X160.284 Y126.795 E2513.85774
G1 X160.426 Y126.259 E2513.88356
G1 X160.488 Y125.668 E2513.91123
G1 X160.428 Y125.028 E2513.94116
G1 X160.278 Y124.462 E2513.96843
G1 X160.03 Y123.931 E2513.99572
G1 X159.679 Y123.419 E2514.02462
G1 X159.249 Y122.993 E2514.05281
G1 X158.752 Y122.64 E2514.08119
G1 X158.226 Y122.387 E2514.10837
G1 X157.612 Y122.233 E2514.13785
G1 X157.006 Y122.176 E2514.16619
G1 X156.414 Y122.233 E2514.19388
G1 X155.804 Y122.399 E2514.22332
G1 X155.286 Y122.643 E2514.24998
G1 X154.829 Y122.958 E2514.27583
G1 X154.368 Y123.413 E2514.30599
G1 X154.013 Y123.931 E2514.33523
G1 X153.77 Y124.451 E2514.36196
G1 X153.618 Y125.017 E2514.38924
G1 X153.56 Y125.617 E2514.41731
G1 X153.608 Y126.217 E2514.44534
G1 X153.758 Y126.807 E2514.47369
G1 X154.019 Y127.359 E2514.50212
G1 X154.378 Y127.878 E2514.5315
G1 X154.778 Y128.278 E2514.55785
G1 X155.272 Y128.632 E2514.58614
G1 X155.861 Y128.902 E2514.61632
G1 F1500 E2510.61632
G0 F7500 X155.546 Y128.474
G0 X154.505 Y127.75
G0 X117.666 Y120.98
G0 X116.001 Y121.6
G1 F1500 E2514.61632
G1 F1470 X116.619 Y121.542 E2514.64522
G1 X117.217 Y121.386 E2514.674
G1 X117.741 Y121.142 E2514.70091
G1 X118.232 Y120.8 E2514.72877
G1 X118.681 Y120.351 E2514.75834
G1 X119.009 Y119.879 E2514.7851
G1 X119.277 Y119.328 E2514.81364
G1 X119.434 Y118.709 E2514.84337
G1 X119.484 Y118.129 E2514.87048
G1 X119.433 Y117.552 E2514.89745
G1 X119.271 Y116.937 E2514.92706
G1 X119.023 Y116.412 E2514.9541
G1 X118.676 Y115.916 E2514.98229
G1 X118.262 Y115.498 E2515.00968
G1 X117.799 Y115.171 E2515.03608
G1 X117.237 Y114.892 E2515.06529
G1 X116.64 Y114.735 E2515.09404
G1 X116.029 Y114.671 E2515.12264
G1 X115.406 Y114.737 E2515.15182
G1 X114.855 Y114.874 E2515.17825
G1 X114.274 Y115.151 E2515.20822
G1 X113.787 Y115.497 E2515.23604
G1 X113.406 Y115.874 E2515.261
G1 X113.049 Y116.367 E2515.28934
G1 X112.775 Y116.938 E2515.31883
G1 X112.613 Y117.54 E2515.34786
G1 X112.56 Y118.138 E2515.37582
G1 X112.618 Y118.777 E2515.40569
G1 X112.767 Y119.325 E2515.43214
G1 X113.014 Y119.857 E2515.45945
G1 X113.37 Y120.365 E2515.48833
G1 X113.795 Y120.794 E2515.51645
G1 X114.274 Y121.125 E2515.54356
G1 X114.823 Y121.386 E2515.57187
G1 X115.4 Y121.542 E2515.5997
G1 X116.001 Y121.6 E2515.62782
G1 F1500 E2511.62782
G0 F7500 X116.023 Y121.341
G0 X113.913 Y120.659
G0 X80.632 Y120.653
G0 X79.717 Y121.386
G1 F1500 E2515.62782
G1 F1470 X80.241 Y121.142 E2515.65473
G1 X80.732 Y120.8 E2515.6826
G1 X81.181 Y120.351 E2515.71216
G1 X81.509 Y119.879 E2515.73893
G1 X81.777 Y119.328 E2515.76746
G1 X81.934 Y118.709 E2515.79719
G1 X81.984 Y118.099 E2515.82569
G1 X81.928 Y117.524 E2515.85259
G1 X81.772 Y116.946 E2515.88047
G1 X81.509 Y116.397 E2515.90882
G1 X81.155 Y115.893 E2515.9375
G1 X80.757 Y115.493 E2515.96377
G1 X80.264 Y115.146 E2515.99184
G1 X79.718 Y114.887 E2516.01998
G1 X79.159 Y114.74 E2516.0469
G1 X78.551 Y114.676 E2516.07536
G1 X77.979 Y114.724 E2516.10209
G1 X77.359 Y114.878 E2516.13184
G1 X76.776 Y115.144 E2516.16168
G1 X76.304 Y115.476 E2516.18855
G1 X75.878 Y115.898 E2516.21647
G1 X75.535 Y116.39 E2516.2444
G1 X75.275 Y116.929 E2516.27226
G1 X75.114 Y117.524 E2516.30097
G1 X75.056 Y118.121 E2516.3289
G1 X75.108 Y118.727 E2516.35722
G1 X75.262 Y119.312 E2516.38539
G1 X75.519 Y119.859 E2516.41353
G1 X75.878 Y120.378 E2516.44291
G1 X76.282 Y120.782 E2516.46952
G1 X76.809 Y121.151 E2516.49947
G1 X77.342 Y121.39 E2516.52667
G1 X77.929 Y121.548 E2516.55498
G1 X78.54 Y121.6 E2516.58353
G1 X79.108 Y121.544 E2516.61011
G1 X79.717 Y121.386 E2516.63941
G1 F1500 E2512.63941
G0 F7500 X79.612 Y121.152
G0 X80.777 Y120.031
G0 X81.071 Y119.611
G0 X81.287 Y119.146
G0 X81.42 Y118.651
G0 X81.466 Y118.141
G0 X81.42 Y117.631
G0 X81.287 Y117.136
G0 X81.071 Y116.671
G0 X80.777 Y116.251
G0 X80.414 Y115.888
G0 X79.994 Y115.594
G0 X79.731 Y115.472
G0 X77.993 Y114.904
G0 X76.219 Y100.837
G0 X76.83 Y100.855
G1 F1500 E2516.63941
G1 F1470 X77.36 Y100.614 E2516.66652
G1 X77.853 Y100.274 E2516.6944
G1 X78.308 Y99.826 E2516.72413
G1 X78.658 Y99.315 E2516.75298
G1 X78.907 Y98.79 E2516.78003
G1 X79.058 Y98.217 E2516.80762
G1 X79.117 Y97.597 E2516.83662
G1 X79.06 Y96.996 E2516.86473
G1 X78.905 Y96.423 E2516.89238
G1 X78.659 Y95.892 E2516.91963
G1 X78.297 Y95.369 E2516.94924
G1 X77.896 Y94.965 E2516.97575
G1 X77.368 Y94.596 E2517.00574
G1 X76.816 Y94.343 E2517.03402
G1 X76.239 Y94.196 E2517.06174
G1 X75.675 Y94.144 E2517.08812
G1 X75.075 Y94.192 E2517.11614
G1 X74.449 Y94.351 E2517.14622
G1 X73.937 Y94.595 E2517.17263
G1 X73.437 Y94.939 E2517.20089
G1 X73.01 Y95.362 E2517.22888
G1 X72.667 Y95.854 E2517.2568
G1 X72.407 Y96.393 E2517.28467
G1 X72.246 Y96.988 E2517.31337
G1 X72.188 Y97.585 E2517.3413
G1 X72.246 Y98.22 E2517.37099
G1 X72.394 Y98.776 E2517.39778
G1 X72.651 Y99.323 E2517.42593
G1 X73.01 Y99.842 E2517.45531
G1 X73.41 Y100.242 E2517.48165
G1 X73.904 Y100.596 E2517.50995
G1 X74.493 Y100.866 E2517.54012
G1 X75.033 Y101.006 E2517.5661
G1 X75.637 Y101.064 E2517.59435
G1 X76.23 Y101.016 E2517.62205
G1 X76.83 Y100.855 E2517.65098
G1 F1500 E2513.65098
G0 F7500 X76.747 Y100.611
G0 X77.909 Y99.495
G0 X78.203 Y99.075
G0 X78.419 Y98.61
G0 X78.552 Y98.115
G0 X78.598 Y97.605
G0 X78.552 Y97.095
G0 X78.419 Y96.6
G0 X78.203 Y96.135
G0 X77.909 Y95.715
G0 X77.546 Y95.352
G0 X77.308 Y95.185
G0 X75.66 Y94.324
G0 X75.928 Y29.972
G0 X76.516 Y30.096
G1 F1500 E2517.65098
G1 F1470 X77.143 Y29.934 E2517.68114
G1 X77.655 Y29.693 E2517.70749
G1 X78.159 Y29.335 E2517.73627
G1 X78.546 Y28.95 E2517.76169
G1 X78.93 Y28.403 E2517.79281
G1 X79.182 Y27.865 E2517.82047
G1 X79.336 Y27.296 E2517.84792
G1 X79.38 Y26.662 E2517.87752
G1 X79.338 Y26.099 E2517.9038
G1 X79.181 Y25.507 E2517.93232
G1 X78.933 Y24.981 E2517.9594
G1 X78.587 Y24.48 E2517.98775
G1 X78.138 Y24.026 E2518.01749
G1 X77.677 Y23.706 E2518.04362
G1 X77.1 Y23.435 E2518.0733
G1 X76.552 Y23.29 E2518.09969
G1 X75.942 Y23.232 E2518.12823
G1 X75.343 Y23.28 E2518.15621
G1 X74.764 Y23.43 E2518.18406
G1 X74.172 Y23.7 E2518.21436
G1 X73.712 Y24.024 E2518.24056
G1 X73.285 Y24.451 E2518.26867
G1 X72.939 Y24.941 E2518.29661
G1 X72.675 Y25.485 E2518.32476
G1 X72.512 Y26.107 E2518.3547
G1 X72.464 Y26.707 E2518.38273
G1 X72.518 Y27.291 E2518.41004
G1 X72.662 Y27.858 E2518.43728
G1 X72.936 Y28.44 E2518.46723
G1 X73.264 Y28.904 E2518.49369
G1 X73.712 Y29.356 E2518.52333
G1 X74.172 Y29.68 E2518.54953
G1 X74.755 Y29.955 E2518.57954
G1 X75.315 Y30.095 E2518.60642
G1 X75.905 Y30.152 E2518.63402
G1 X76.516 Y30.096 E2518.66259
G1 F1500 E2514.66259
G0 F7500 X76.483 Y29.842
G0 X74.922 Y29.458
G0 X74.456 Y29.241
G0 X74.037 Y28.947
G0 X73.674 Y28.584
G0 X73.38 Y28.165
G0 X73.163 Y27.699
G0 X73.031 Y27.203
G0 X72.985 Y26.694
G0 X73.031 Y26.185
G0 X73.163 Y25.689
G0 X73.38 Y25.223
G0 X73.547 Y24.986
G0 X74.81 Y23.604
G0 X69.824 Y23.604
G0 X70.184 Y4.487
G1 F1500 E2518.66259
G1 F1470 X70.371 Y4.3 E2518.6749
G0 F7500 X70.936 Y4.3
G1 F1470 X70.184 Y5.052 E2518.72443
G0 F7500 X70.184 Y5.618
G1 F1470 X71.502 Y4.3 E2518.81122
G0 F7500 X72.068 Y4.3
G1 F1470 X70.184 Y6.184 E2518.93528
G0 F7500 X70.184 Y6.749
G1 F1470 X72.633 Y4.3 E2519.09655
G0 F7500 X73.199 Y4.3
G1 F1470 X70.184 Y7.315 E2519.2951
G0 F7500 X70.184 Y7.881
G1 F1470 X73.765 Y4.3 E2519.53091
G0 F7500 X74.33 Y4.3
G1 F1470 X70.184 Y8.446 E2519.80393
G0 F7500 X70.184 Y9.012
G1 F1470 X74.896 Y4.3 E2520.11423
G0 F7500 X75.462 Y4.3
G1 F1470 X70.184 Y9.578 E2520.46179
G0 F7500 X70.184 Y10.143
G1 F1470 X76.027 Y4.3 E2520.84656
G0 F7500 X76.593 Y4.3
G1 F1470 X70.184 Y10.709 E2521.26861
G0 F7500 X70.184 Y11.275
G1 F1470 X77.159 Y4.3 E2521.72792
G0 F7500 X77.724 Y4.3
G1 F1470 X70.184 Y11.841 E2522.22448
G0 F7500 X70.184 Y12.406
G1 F1470 X78.29 Y4.3 E2522.75827
G0 F7500 X78.856 Y4.3
G1 F1470 X70.184 Y12.972 E2523.32934
G0 F7500 X70.184 Y13.538
G1 F1470 X79.422 Y4.3 E2523.93767
G0 F7500 X79.987 Y4.3
G1 F1470 X70.184 Y14.103 E2524.58322
G0 F7500 X70.184 Y14.669
G1 F1470 X80.553 Y4.3 E2525.26604
G0 F7500 X81.119 Y4.3
G1 F1470 X70.184 Y15.235 E2525.98612
G0 F7500 X70.184 Y15.8
G1 F1470 X81.684 Y4.3 E2526.74342
G0 F7500 X82.25 Y4.3
G1 F1470 X70.184 Y16.366 E2527.53799
G0 F7500 X70.184 Y16.932
G1 F1470 X82.816 Y4.3 E2528.36982
G0 F7500 X83.381 Y4.3
G1 F1470 X70.184 Y17.497 E2529.23887
G0 F7500 X70.184 Y18.063
G1 F1470 X83.947 Y4.3 E2530.14519
G0 F7500 X84.513 Y4.3
G1 F1470 X70.184 Y18.629 E2531.08877
G0 F7500 X70.184 Y19.194
G1 F1470 X85.078 Y4.3 E2532.06957
G0 F7500 X85.644 Y4.3
G1 F1470 X70.184 Y19.76 E2533.08764
G0 F7500 X70.184 Y20.326
G1 F1470 X86.21 Y4.3 E2534.14298
G0 F7500 X86.775 Y4.3
G1 F1470 X70.184 Y20.891 E2535.23552
G0 F7500 X70.184 Y21.457
G1 F1470 X87.341 Y4.3 E2536.36534
G0 F7500 X87.907 Y4.3
G1 F1470 X70.184 Y22.023 E2537.53243
G0 F7500 X70.184 Y22.589
G1 F1470 X88.472 Y4.3 E2538.73676
G0 F7500 X89.038 Y4.3
G1 F1470 X70.184 Y23.154 E2539.97833
G0 F7500 X70.184 Y23.72
G1 F1470 X89.604 Y4.3 E2541.25717
G0 F7500 X90.17 Y4.3
G1 F1470 X70.184 Y24.286 E2542.57328
G0 F7500 X70.184 Y24.851
G1 F1470 X90.735 Y4.3 E2543.9266
G0 F7500 X91.301 Y4.3
G1 F1470 X70.184 Y25.417 E2545.31719
G0 F7500 X70.184 Y25.983
G1 F1470 X91.867 Y4.3 E2546.74505
G0 F7500 X92.432 Y4.3
G1 F1470 X70.184 Y26.548 E2548.21012
G0 F7500 X70.184 Y27.114
G1 F1470 X92.998 Y4.3 E2549.71246
G0 F7500 X93.564 Y4.3
G1 F1470 X74.567 Y23.297 E2550.96345
G0 F7500 X75.35 Y23.079
G1 F1470 X94.129 Y4.3 E2552.20008
G0 F7500 X94.695 Y4.3
G1 F1470 X75.961 Y23.034 E2553.43374
G0 F7500 X76.479 Y23.082
G1 F1470 X95.261 Y4.3 E2554.67057
G0 F7500 X95.826 Y4.3
G1 F1470 X76.94 Y23.187 E2555.91428
G0 F7500 X77.355 Y23.337
G1 F1470 X96.392 Y4.3 E2557.1679
G0 F7500 X96.958 Y4.3
G1 F1470 X77.741 Y23.517 E2558.43337
G0 F7500 X78.08 Y23.743
G1 F1470 X97.523 Y4.3 E2559.71372
G0 F7500 X98.089 Y4.3
G1 F1470 X78.389 Y24 E2561.011
G0 F7500 X78.67 Y24.285
G1 F1470 X98.655 Y4.3 E2562.32705
G0 F7500 X99.221 Y4.3
G1 F1470 X78.917 Y24.603 E2563.66407
G0 F7500 X79.137 Y24.949
G1 F1470 X99.786 Y4.3 E2565.02384
G0 F7500 X100.352 Y4.3
G1 F1470 X79.319 Y25.333 E2566.4089
G0 F7500 X79.454 Y25.763
G1 F1470 X100.918 Y4.3 E2567.82231
G0 F7500 X101.483 Y4.3
G1 F1470 X79.55 Y26.234 E2569.26666
G0 F7500 X79.57 Y26.779
G1 F1470 X102.049 Y4.3 E2570.74695
G0 F7500 X102.615 Y4.3
G1 F1470 X79.516 Y27.399 E2572.26805
G0 F7500 X79.216 Y28.264
G1 F1470 X103.18 Y4.3 E2573.84612
G0 F7500 X103.746 Y4.3
G1 F1470 X70.184 Y37.862 E2576.05624
G0 F7500 X70.184 Y38.428
G1 F1470 X104.312 Y4.3 E2578.30363
G0 F7500 X104.877 Y4.3
G1 F1470 X70.184 Y38.993 E2580.58822
G0 F7500 X70.184 Y39.559
G1 F1470 X105.443 Y4.3 E2582.91008
G0 F7500 X106.009 Y4.3
G1 F1470 X70.184 Y40.125 E2585.26922
G0 F7500 X70.184 Y40.69
G1 F1470 X106.574 Y4.3 E2587.66557
G0 F7500 X107.14 Y4.3
G1 F1470 X70.184 Y41.256 E2590.09918
G0 F7500 X70.184 Y41.822
G1 F1470 X107.706 Y4.3 E2592.57007
G0 F7500 X108.271 Y4.3
G1 F1470 X70.184 Y42.388 E2595.0782
G0 F7500 X70.184 Y42.953
G1 F1470 X108.837 Y4.3 E2597.62356
G0 F7500 X109.403 Y4.3
G1 F1470 X70.184 Y43.519 E2600.2062
G0 F7500 X70.184 Y44.085
G1 F1470 X109.969 Y4.3 E2602.82611
G0 F7500 X110.534 Y4.3
G1 F1470 X70.184 Y44.65 E2605.48323
G0 F7500 X70.184 Y45.216
G1 F1470 X111.1 Y4.3 E2608.17762
G0 F7500 X111.666 Y4.3
G1 F1470 X70.184 Y45.782 E2610.90928
G0 F7500 X70.184 Y46.347
G1 F1470 X112.231 Y4.3 E2613.67814
G0 F7500 X112.797 Y4.3
G1 F1470 X70.184 Y46.913 E2616.48428
G0 F7500 X70.184 Y47.479
G1 F1470 X113.363 Y4.3 E2619.32769
G0 F7500 X113.928 Y4.3
G1 F1470 X70.184 Y48.044 E2622.20831
G0 F7500 X70.184 Y48.61
G1 F1470 X114.494 Y4.3 E2625.1262
G0 F7500 X115.06 Y4.3
G1 F1470 X70.184 Y49.176 E2628.08136
G0 F7500 X70.184 Y49.741
G1 F1470 X115.625 Y4.3 E2631.07373
G0 F7500 X116.191 Y4.3
G1 F1470 X70.184 Y50.307 E2634.10337
G0 F7500 X70.184 Y50.873
G1 F1470 X116.757 Y4.3 E2637.17028
G0 F7500 X117.322 Y4.3
G1 F1470 X70.184 Y51.438 E2640.2744
G0 F7500 X70.184 Y52.004
G1 F1470 X117.888 Y4.3 E2643.41579
G0 F7500 X118.454 Y4.3
G1 F1470 X70.184 Y52.57 E2646.59445
G0 F7500 X70.184 Y53.136
G1 F1470 X119.02 Y4.3 E2649.81038
G0 F7500 X119.585 Y4.3
G1 F1470 X70.184 Y53.701 E2653.06352
G0 F7500 X70.184 Y54.267
G1 F1470 X120.151 Y4.3 E2656.35393
G0 F7500 X120.717 Y4.3
G1 F1470 X70.184 Y54.833 E2659.68162
G0 F7500 X70.184 Y55.398
G1 F1470 X121.282 Y4.3 E2663.04651
G0 F7500 X121.848 Y4.3
G1 F1470 X70.184 Y55.964 E2666.44867
G0 F7500 X70.184 Y56.53
G1 F1470 X122.414 Y4.3 E2669.88811
G0 F7500 X122.979 Y4.3
G1 F1470 X70.184 Y57.095 E2673.36475
G0 F7500 X70.184 Y57.661
G1 F1470 X123.545 Y4.3 E2676.87866
G0 F7500 X124.111 Y4.3
G1 F1470 X70.184 Y58.227 E2680.42985
G0 F7500 X70.184 Y58.792
G1 F1470 X124.676 Y4.3 E2684.01824
G0 F7500 X125.242 Y4.3
G1 F1470 X70.184 Y59.358 E2687.6439
G0 F7500 X70.184 Y59.924
G1 F1470 X125.808 Y4.3 E2691.30684
G0 F7500 X126.373 Y4.3
G1 F1470 X70.184 Y60.489 E2695.00698
G0 F7500 X70.184 Y61.055
G1 F1470 X126.939 Y4.3 E2698.74439
G0 F7500 X127.505 Y4.3
G1 F1470 X70.184 Y61.621 E2702.51908
G0 F7500 X70.184 Y62.187
G1 F1470 X128.07 Y4.3 E2706.331
G0 F7500 X128.636 Y4.3
G1 F1470 X70.184 Y62.752 E2710.18017
G0 F7500 X70.184 Y63.318
G1 F1470 X129.202 Y4.3 E2714.0666
G0 F7500 X129.768 Y4.3
G1 F1470 X70.184 Y63.884 E2717.99031
G0 F7500 X70.184 Y64.449
G1 F1470 X130.333 Y4.3 E2721.95122
G0 F7500 X130.899 Y4.3
G1 F1470 X70.184 Y65.015 E2725.94941
G0 F7500 X70.184 Y65.581
G1 F1470 X131.465 Y4.3 E2729.98487
G0 F7500 X132.03 Y4.3
G1 F1470 X70.184 Y66.146 E2734.05753
G0 F7500 X70.184 Y66.712
G1 F1470 X132.596 Y4.3 E2738.16747
G0 F7500 X133.162 Y4.3
G1 F1470 X70.184 Y67.278 E2742.31468
G0 F7500 X70.184 Y67.843
G1 F1470 X133.727 Y4.3 E2746.49909
G0 F7500 X134.293 Y4.3
G1 F1470 X70.184 Y68.409 E2750.72078
G0 F7500 X70.184 Y68.975
G1 F1470 X134.859 Y4.3 E2754.97974
G0 F7500 X135.424 Y4.3
G1 F1470 X70.184 Y69.54 E2759.27591
G0 F7500 X70.184 Y70.106
G1 F1470 X135.99 Y4.3 E2763.60934
G0 F7500 X136.556 Y4.3
G1 F1470 X70.184 Y70.672 E2767.98005
G0 F7500 X70.184 Y71.237
G1 F1470 X137.121 Y4.3 E2772.38797
G0 F7500 X137.687 Y4.3
G1 F1470 X70.184 Y71.803 E2776.83316
G0 F7500 X70.184 Y72.369
G1 F1470 X137.864 Y4.689 E2781.29
G0 F7500 X137.864 Y5.255
G1 F1470 X70.184 Y72.935 E2785.74684
G0 F7500 X70.184 Y73.5
G1 F1470 X137.864 Y5.82 E2790.20369
G0 F7500 X137.864 Y6.386
G1 F1470 X70.184 Y74.066 E2794.66053
G0 F7500 X70.184 Y74.632
G1 F1470 X137.864 Y6.952 E2799.11737
G0 F7500 X137.864 Y7.517
G1 F1470 X70.184 Y75.197 E2803.57422
G0 F7500 X70.184 Y75.763
G1 F1470 X137.864 Y8.083 E2808.03106
G0 F7500 X137.864 Y8.649
G1 F1470 X70.184 Y76.329 E2812.48791
G0 F7500 X70.184 Y76.894
G1 F1470 X137.864 Y9.214 E2816.94475
G0 F7500 X137.864 Y9.78
G1 F1470 X70.184 Y77.46 E2821.40159
G0 F7500 X70.184 Y78.026
G1 F1470 X137.864 Y10.346 E2825.85844
G0 F7500 X137.864 Y10.911
G1 F1470 X70.184 Y78.591 E2830.31528
G0 F7500 X70.184 Y79.157
G1 F1470 X137.865 Y11.476 E2834.77219
G0 F7500 X137.865 Y12.042
G1 F1470 X70.184 Y79.723 E2839.2291
G0 F7500 X70.184 Y80.288
G1 F1470 X137.865 Y12.608 E2843.68598
G0 F7500 X137.865 Y13.173
G1 F1470 X70.184 Y80.854 E2848.14288
G0 F7500 X70.184 Y81.42
G1 F1470 X137.865 Y13.739 E2852.59979
G0 F7500 X137.865 Y14.305
G1 F1470 X70.184 Y81.985 E2857.05667
G0 F7500 X70.184 Y82.551
G1 F1470 X137.865 Y14.87 E2861.51358
G0 F7500 X137.865 Y15.436
G1 F1470 X70.184 Y83.117 E2865.97049
G0 F7500 X70.184 Y83.683
G1 F1470 X137.865 Y16.002 E2870.4274
G0 F7500 X137.865 Y16.568
G1 F1470 X70.184 Y84.248 E2874.88428
G0 F7500 X70.184 Y84.814
G1 F1470 X137.865 Y17.133 E2879.34118
G0 F7500 X137.865 Y17.699
G1 F1470 X70.184 Y85.38 E2883.79809
G0 F7500 X70.184 Y85.945
G1 F1470 X137.865 Y18.265 E2888.25497
G0 F7500 X137.865 Y18.83
G1 F1470 X70.184 Y86.511 E2892.71188
G0 F7500 X70.184 Y87.077
G1 F1470 X137.865 Y19.395 E2897.16882
G0 F7500 X137.865 Y19.961
G1 F1470 X70.184 Y87.642 E2901.62573
G0 F7500 X70.184 Y88.208
G1 F1470 X137.865 Y20.527 E2906.08264
G0 F7500 X137.865 Y21.092
G1 F1470 X70.184 Y88.774 E2910.53958
G0 F7500 X70.184 Y89.339
G1 F1470 X137.865 Y21.658 E2914.99649
G0 F7500 X137.865 Y22.224
G1 F1470 X70.184 Y89.905 E2919.4534
G0 F7500 X70.184 Y90.471
G1 F1470 X137.865 Y22.789 E2923.91035
G0 F7500 X137.865 Y23.355
G1 F1470 X70.184 Y91.036 E2928.36725
G0 F7500 X70.184 Y91.602
G1 F1470 X137.865 Y23.921 E2932.82416
G0 F7500 X137.865 Y24.486
G1 F1470 X70.184 Y92.168 E2937.28111
G0 F7500 X70.184 Y92.734
G1 F1470 X137.865 Y25.052 E2941.73805
G0 F7500 X137.865 Y25.618
G1 F1470 X70.184 Y93.299 E2946.19496
G0 F7500 X70.184 Y93.865
G1 F1470 X137.866 Y26.183 E2950.65193
G0 F7500 X137.866 Y26.748
G1 F1470 X70.184 Y94.431 E2955.10894
G0 F7500 X70.184 Y94.996
G1 F1470 X137.866 Y27.314 E2959.56592
G0 F7500 X137.866 Y27.88
G1 F1470 X70.184 Y95.562 E2964.02289
G0 F7500 X70.184 Y96.128
G1 F1470 X137.866 Y28.445 E2968.4799
G0 F7500 X137.866 Y29.011
G1 F1470 X70.184 Y96.693 E2972.93688
G0 F7500 X70.184 Y97.259
G1 F1470 X137.866 Y29.577 E2977.39385
G0 F7500 X137.866 Y30.143
G1 F1470 X70.184 Y97.825 E2981.85083
G0 F7500 X70.184 Y98.39
G1 F1470 X72.202 Y96.372 E2981.98371
G0 F7500 X72.031 Y97.109
G1 F1470 X70.184 Y98.956 E2982.10534
G0 F7500 X70.184 Y99.522
G1 F1470 X71.995 Y97.71 E2982.22463
G0 F7500 X72.044 Y98.228
G1 F1470 X70.184 Y100.087 E2982.34708
G0 F7500 X70.184 Y100.653
G1 F1470 X72.164 Y98.673 E2982.47747
G0 F7500 X72.316 Y99.087
G1 F1470 X70.184 Y101.219 E2982.61787
G0 F7500 X70.184 Y101.784
G1 F1470 X72.505 Y99.463 E2982.77071
G0 F7500 X72.734 Y99.8
G1 F1470 X70.184 Y102.35 E2982.93863
G0 F7500 X70.184 Y102.916
G1 F1470 X72.996 Y100.104 E2983.12381
G0 F7500 X73.279 Y100.387
G1 F1470 X70.184 Y103.482 E2983.32762
G0 F7500 X70.184 Y104.047
G1 F1470 X73.603 Y100.628 E2983.55276
G0 F7500 X73.958 Y100.838
G1 F1470 X70.184 Y104.613 E2983.80132
G0 F7500 X70.184 Y105.179
G1 F1470 X74.343 Y101.019 E2984.07523
G0 F7500 X74.783 Y101.145
G1 F1470 X70.184 Y105.744 E2984.37808
G0 F7500 X70.184 Y106.31
G1 F1470 X75.267 Y101.227 E2984.71281
G0 F7500 X75.809 Y101.251
G1 F1470 X70.184 Y106.876 E2985.08322
G0 F7500 X70.184 Y107.441
G1 F1470 X76.464 Y101.161 E2985.49677
G0 F7500 X77.362 Y100.828
G1 F1470 X70.184 Y108.007 E2985.96949
G0 F7500 X70.184 Y108.573
G1 F1470 X137.867 Y40.889 E2990.42656
G0 F7500 X137.867 Y41.455
G1 F1470 X70.184 Y109.138 E2994.8836
G0 F7500 X70.184 Y109.704
G1 F1470 X137.867 Y42.021 E2999.34064
G0 F7500 X137.867 Y42.586
G1 F1470 X70.184 Y110.27 E3003.79772
G0 F7500 X70.184 Y110.835
G1 F1470 X137.867 Y43.152 E3008.25476
G0 F7500 X137.867 Y43.718
G1 F1470 X70.184 Y111.401 E3012.7118
G0 F7500 X70.184 Y111.967
G1 F1470 X137.867 Y44.283 E3017.16887
G0 F7500 X137.867 Y44.849
G1 F1470 X70.184 Y112.533 E3021.62595
G0 F7500 X70.184 Y113.098
G1 F1470 X137.867 Y45.415 E3026.08299
G0 F7500 X137.867 Y45.98
G1 F1470 X70.184 Y113.664 E3030.54006
G0 F7500 X70.184 Y114.23
G1 F1470 X137.867 Y46.546 E3034.99714
G0 F7500 X137.868 Y47.111
G1 F1470 X70.184 Y114.795 E3039.45425
G0 F7500 X70.184 Y115.361
G1 F1470 X137.868 Y47.677 E3043.91135
G0 F7500 X137.868 Y48.242
G1 F1470 X70.184 Y115.927 E3048.36849
G0 F7500 X70.184 Y116.492
G1 F1470 X137.868 Y48.808 E3052.8256
G0 F7500 X137.868 Y49.374
G1 F1470 X70.184 Y117.058 E3057.28271
G0 F7500 X70.184 Y117.624
G1 F1470 X137.868 Y49.939 E3061.73985
G0 F7500 X137.868 Y50.505
G1 F1470 X70.184 Y118.189 E3066.19695
G0 F7500 X70.184 Y118.755
G1 F1470 X137.868 Y51.071 E3070.65406
G0 F7500 X137.868 Y51.636
G1 F1470 X70.184 Y119.321 E3075.1112
G0 F7500 X70.184 Y119.886
G1 F1470 X137.868 Y52.202 E3079.56831
G0 F7500 X137.868 Y52.768
G1 F1470 X70.184 Y120.452 E3084.02541
G0 F7500 X70.184 Y121.018
G1 F1470 X137.868 Y53.334 E3088.48252
G0 F7500 X137.868 Y53.899
G1 F1470 X76.899 Y114.869 E3092.49747
G0 F7500 X77.76 Y114.573
G1 F1470 X137.869 Y54.464 E3096.45575
G0 F7500 X137.869 Y55.03
G1 F1470 X78.408 Y114.491 E3100.37136
G0 F7500 X78.946 Y114.518
G1 F1470 X137.869 Y55.596 E3104.2515
G0 F7500 X137.869 Y56.161
G1 F1470 X79.426 Y114.604 E3108.10007
G0 F7500 X79.859 Y114.737
G1 F1470 X137.869 Y56.727 E3111.92013
G0 F7500 X137.869 Y57.293
G1 F1470 X80.245 Y114.917 E3115.71477
G0 F7500 X80.594 Y115.133
G1 F1470 X137.869 Y57.858 E3119.48643
G0 F7500 X137.869 Y58.424
G1 F1470 X80.918 Y115.375 E3123.23675
G0 F7500 X81.201 Y115.658
G1 F1470 X137.869 Y58.99 E3126.96843
G0 F7500 X137.869 Y59.555
G1 F1470 X81.454 Y115.97 E3130.68346
G0 F7500 X81.686 Y116.304
G1 F1470 X137.869 Y60.121 E3134.3832
G0 F7500 X137.869 Y60.687
G1 F1470 X81.87 Y116.686 E3138.07083
G0 F7500 X82.021 Y117.1
G1 F1470 X137.87 Y61.251 E3141.74858
G0 F7500 X137.995 Y61.692
G1 F1470 X82.131 Y117.556 E3145.42732
G0 F7500 X82.181 Y118.071
G1 F1470 X138.254 Y61.998 E3149.11983
G0 F7500 X138.6 Y62.218
G1 F1470 X82.137 Y118.682 E3152.83804
G0 F7500 X81.944 Y119.44
G1 F1470 X139.092 Y62.292 E3156.60134
G0 F7500 X139.658 Y62.292
G1 F1470 X70.184 Y131.766 E3161.17632
G0 F7500 X70.538 Y131.977
G1 F1470 X140.224 Y62.292 E3165.76523
G0 F7500 X140.789 Y62.292
G1 F1470 X71.104 Y131.977 E3170.35411
G0 F7500 X71.67 Y131.977
G1 F1470 X141.355 Y62.292 E3174.94298
G0 F7500 X141.921 Y62.292
G1 F1470 X72.235 Y131.977 E3179.53189
G0 F7500 X72.801 Y131.977
G1 F1470 X142.486 Y62.292 E3184.12077
G0 F7500 X143.052 Y62.292
G1 F1470 X73.367 Y131.977 E3188.70964
G0 F7500 X73.932 Y131.977
G1 F1470 X143.618 Y62.292 E3193.29855
G0 F7500 X144.183 Y62.292
G1 F1470 X74.498 Y131.977 E3197.88743
G0 F7500 X75.064 Y131.977
G1 F1470 X144.749 Y62.292 E3202.4763
G0 F7500 X145.314 Y62.293
G1 F1470 X75.629 Y131.977 E3207.06515
G0 F7500 X76.195 Y131.977
G1 F1470 X145.88 Y62.293 E3211.65399
G0 F7500 X146.445 Y62.293
G1 F1470 X76.761 Y131.977 E3216.2428
G0 F7500 X77.326 Y131.977
G1 F1470 X147.011 Y62.293 E3220.83165
G0 F7500 X147.577 Y62.293
G1 F1470 X77.891 Y131.978 E3225.42055
G0 F7500 X78.457 Y131.978
G1 F1470 X148.142 Y62.293 E3230.00943
G0 F7500 X148.708 Y62.293
G1 F1470 X79.023 Y131.978 E3234.59831
G0 F7500 X79.588 Y131.978
G1 F1470 X149.274 Y62.293 E3239.18722
G0 F7500 X149.839 Y62.293
G1 F1470 X80.154 Y131.978 E3243.77609
G0 F7500 X80.72 Y131.978
G1 F1470 X150.405 Y62.293 E3248.36497
G0 F7500 X150.97 Y62.293
G1 F1470 X81.285 Y131.978 E3252.95384
G0 F7500 X81.851 Y131.978
G1 F1470 X151.536 Y62.293 E3257.54272
G0 F7500 X152.101 Y62.293
G1 F1470 X82.417 Y131.978 E3262.13156
G0 F7500 X82.983 Y131.978
G1 F1470 X152.667 Y62.293 E3266.72041
G0 F7500 X153.233 Y62.293
G1 F1470 X83.548 Y131.978 E3271.30928
G0 F7500 X84.114 Y131.978
G1 F1470 X153.799 Y62.293 E3275.89816
G0 F7500 X154.364 Y62.293
G1 F1470 X84.68 Y131.978 E3280.487
G0 F7500 X85.245 Y131.979
G1 F1470 X154.93 Y62.293 E3285.07591
G0 F7500 X155.496 Y62.293
G1 F1470 X85.81 Y131.979 E3289.66485
G0 F7500 X86.376 Y131.979
G1 F1470 X156.061 Y62.293 E3294.25376
G0 F7500 X156.626 Y62.294
G1 F1470 X86.942 Y131.979 E3298.84261
G0 F7500 X87.507 Y131.979
G1 F1470 X157.192 Y62.294 E3303.43148
G0 F7500 X157.758 Y62.294
G1 F1470 X88.073 Y131.979 E3308.02036
G0 F7500 X88.639 Y131.979
G1 F1470 X158.323 Y62.294 E3312.6092
G0 F7500 X158.889 Y62.294
G1 F1470 X89.204 Y131.979 E3317.19808
G0 F7500 X89.77 Y131.979
G1 F1470 X159.455 Y62.294 E3321.78696
G0 F7500 X160.02 Y62.294
G1 F1470 X90.336 Y131.979 E3326.3758
G0 F7500 X90.901 Y131.979
G1 F1470 X160.586 Y62.294 E3330.96468
G0 F7500 X161.152 Y62.294
G1 F1470 X91.467 Y131.979 E3335.55355
G0 F7500 X92.033 Y131.979
G1 F1470 X161.717 Y62.294 E3340.14239
G0 F7500 X162.283 Y62.294
G1 F1470 X92.598 Y131.979 E3344.73127
G0 F7500 X93.163 Y131.979
G1 F1470 X162.848 Y62.295 E3349.32011
G0 F7500 X163.414 Y62.295
G1 F1470 X93.729 Y131.979 E3353.90896
G0 F7500 X94.295 Y131.979
G1 F1470 X163.979 Y62.295 E3358.49777
G0 F7500 X164.545 Y62.295
G1 F1470 X94.86 Y131.979 E3363.08661
G0 F7500 X95.426 Y131.979
G1 F1470 X165.111 Y62.295 E3367.67545
G0 F7500 X165.677 Y62.295
G1 F1470 X95.992 Y131.979 E3372.2643
G0 F7500 X96.558 Y131.979
G1 F1470 X166.242 Y62.295 E3376.85311
G0 F7500 X166.808 Y62.295
G1 F1470 X114.01 Y115.092 E3380.32991
G0 F7500 X114.279 Y115.467
G0 X115.156 Y115.067
G0 X115.046 Y114.622
G1 F1470 X167.374 Y62.295 E3383.77577
G0 F7500 X167.939 Y62.295
G1 F1470 X115.732 Y114.502 E3387.21369
G0 F7500 X116.3 Y114.5
G1 F1470 X168.504 Y62.295 E3390.65144
G0 F7500 X169.07 Y62.295
G1 F1470 X116.796 Y114.57 E3394.09381
G0 F7500 X117.245 Y114.686
G1 F1470 X169.636 Y62.295 E3397.54385
G0 F7500 X170.201 Y62.295
G1 F1470 X117.631 Y114.866 E3401.0057
G0 F7500 X117.996 Y115.066
G1 F1470 X170.767 Y62.295 E3404.48076
G0 F7500 X171.333 Y62.295
G1 F1470 X118.329 Y115.299 E3407.97117
G0 F7500 X118.619 Y115.575
G1 F1470 X171.898 Y62.295 E3411.47971
G0 F7500 X172.464 Y62.295
G1 F1470 X118.889 Y115.871 E3415.00775
G0 F7500 X119.121 Y116.204
G1 F1470 X173.03 Y62.295 E3418.55775
G0 F7500 X173.595 Y62.295
G1 F1470 X119.319 Y116.572 E3422.13195
G0 F7500 X119.486 Y116.97
G1 F1470 X174.161 Y62.295 E3425.73239
G0 F7500 X174.726 Y62.296
G1 F1470 X119.604 Y117.418 E3429.36227
G0 F7500 X119.668 Y117.92
G1 F1470 X175.292 Y62.296 E3433.02521
G0 F7500 X175.857 Y62.296
G1 F1470 X119.651 Y118.503 E3436.7265
G0 F7500 X119.514 Y119.205
G1 F1470 X176.423 Y62.296 E3440.47406
G0 F7500 X176.989 Y62.296
G1 F1470 X118.896 Y120.389 E3444.29958
G0 F7500 X118.261 Y121.024
G1 F1470 X107.305 Y131.98 E3445.02105
G0 F7500 X107.87 Y131.981
G1 F1470 X177.555 Y62.296 E3449.60993
G0 F7500 X178.12 Y62.296
G1 F1470 X108.436 Y131.981 E3454.19877
G0 F7500 X109.001 Y131.981
G1 F1470 X178.686 Y62.296 E3458.78765
G0 F7500 X179.252 Y62.296
G1 F1470 X109.567 Y131.981 E3463.37652
G0 F7500 X110.133 Y131.981
G1 F1470 X179.817 Y62.296 E3467.96537
G0 F7500 X180.382 Y62.297
G1 F1470 X110.698 Y131.981 E3472.55418
G0 F7500 X111.264 Y131.981
G1 F1470 X180.948 Y62.297 E3477.14299
G0 F7500 X181.514 Y62.297
G1 F1470 X111.83 Y131.981 E3481.7318
G0 F7500 X112.395 Y131.981
G1 F1470 X182.079 Y62.297 E3486.32061
G0 F7500 X182.645 Y62.297
G1 F1470 X112.961 Y131.981 E3490.90942
G0 F7500 X113.527 Y131.981
G1 F1470 X183.211 Y62.297 E3495.49823
G0 F7500 X183.776 Y62.297
G1 F1470 X114.092 Y131.981 E3500.08704
G0 F7500 X114.658 Y131.981
G1 F1470 X184.342 Y62.297 E3504.67585
G0 F7500 X184.908 Y62.297
G1 F1470 X115.223 Y131.981 E3509.26469
G0 F7500 X115.789 Y131.981
G1 F1470 X185.473 Y62.297 E3513.8535
G0 F7500 X186.039 Y62.297
G1 F1470 X116.354 Y131.981 E3518.44235
G0 F7500 X116.92 Y131.981
G1 F1470 X186.604 Y62.298 E3523.03112
G0 F7500 X187.17 Y62.298
G1 F1470 X117.486 Y131.981 E3527.6199
G0 F7500 X118.051 Y131.981
G1 F1470 X187.735 Y62.298 E3532.20868
G0 F7500 X188.301 Y62.298
G1 F1470 X118.617 Y131.981 E3536.79746
G0 F7500 X119.183 Y131.981
G1 F1470 X188.867 Y62.298 E3541.38623
G0 F7500 X189.432 Y62.298
G1 F1470 X119.749 Y131.981 E3545.97498
G0 F7500 X120.314 Y131.981
G1 F1470 X189.998 Y62.298 E3550.56376
G0 F7500 X190.564 Y62.298
G1 F1470 X120.88 Y131.981 E3555.15253
G0 F7500 X121.446 Y131.981
G1 F1470 X191.13 Y62.298 E3559.74131
G0 F7500 X191.695 Y62.298
G1 F1470 X122.011 Y131.981 E3564.33009
G0 F7500 X122.576 Y131.982
G1 F1470 X192.26 Y62.298 E3568.9189
G0 F7500 X192.826 Y62.298
G1 F1470 X123.142 Y131.982 E3573.50771
G0 F7500 X123.708 Y131.982
G1 F1470 X193.392 Y62.298 E3578.09652
G0 F7500 X193.957 Y62.298
G1 F1470 X124.273 Y131.982 E3582.68533
G0 F7500 X124.839 Y131.982
G1 F1470 X194.523 Y62.298 E3587.27414
G0 F7500 X195.089 Y62.298
G1 F1470 X125.405 Y131.982 E3591.86295
G0 F7500 X125.97 Y131.982
G1 F1470 X195.654 Y62.298 E3596.45176
G0 F7500 X196.22 Y62.298
G1 F1470 X126.536 Y131.982 E3601.04057
G0 F7500 X127.102 Y131.982
G1 F1470 X196.786 Y62.298 E3605.62938
G0 F7500 X197.351 Y62.298
G1 F1470 X127.667 Y131.982 E3610.21819
G0 F7500 X128.233 Y131.982
G1 F1470 X197.917 Y62.298 E3614.807
G0 F7500 X198.482 Y62.299
G1 F1470 X128.799 Y131.982 E3619.39575
G0 F7500 X129.364 Y131.982
G1 F1470 X199.048 Y62.299 E3623.98453
G0 F7500 X199.613 Y62.299
G1 F1470 X129.929 Y131.983 E3628.57334
G0 F7500 X130.495 Y131.983
G1 F1470 X200.179 Y62.299 E3633.16215
G0 F7500 X200.745 Y62.299
G1 F1470 X131.061 Y131.983 E3637.75096
G0 F7500 X131.627 Y131.983
G1 F1470 X201.31 Y62.299 E3642.33973
G0 F7500 X201.876 Y62.299
G1 F1470 X132.192 Y131.983 E3646.92854
G0 F7500 X132.758 Y131.983
G1 F1470 X202.442 Y62.299 E3651.51735
G0 F7500 X203.008 Y62.299
G1 F1470 X133.324 Y131.983 E3656.10616
G0 F7500 X133.889 Y131.983
G1 F1470 X203.573 Y62.299 E3660.69498
G0 F7500 X203.864 Y62.574
G1 F1470 X134.455 Y131.983 E3665.26568
G0 F7500 X135.021 Y131.983
G1 F1470 X203.864 Y63.14 E3669.79911
G0 F7500 X203.864 Y63.705
G1 F1470 X135.586 Y131.983 E3674.29533
G0 F7500 X136.152 Y131.983
G1 F1470 X203.864 Y64.271 E3678.75428
G0 F7500 X203.864 Y64.837
G1 F1470 X136.718 Y131.983 E3683.17596
G0 F7500 X137.283 Y131.983
G1 F1470 X203.864 Y65.402 E3687.56043
G0 F7500 X203.864 Y65.968
G1 F1470 X137.848 Y131.984 E3691.9077
G0 F7500 X138.414 Y131.984
G1 F1470 X203.864 Y66.534 E3696.21769
G0 F7500 X203.864 Y67.099
G1 F1470 X138.98 Y131.984 E3700.49045
G0 F7500 X139.545 Y131.984
G1 F1470 X191.56 Y79.969 E3703.91572
G0 F7500 X191.397 Y80.698
G1 F1470 X140.111 Y131.984 E3707.29299
G0 F7500 X140.677 Y131.984
G1 F1470 X191.37 Y81.29 E3710.63125
G0 F7500 X191.422 Y81.804
G1 F1470 X141.242 Y131.984 E3713.93569
G0 F7500 X141.808 Y131.984
G1 F1470 X191.541 Y82.251 E3717.21069
G0 F7500 X191.703 Y82.654
G1 F1470 X142.374 Y131.984 E3720.45912
G0 F7500 X142.94 Y131.984
G1 F1470 X191.891 Y83.032 E3723.68266
G0 F7500 X192.125 Y83.364
G1 F1470 X143.505 Y131.984 E3726.88437
G0 F7500 X144.071 Y131.984
G1 F1470 X192.387 Y83.667 E3730.06609
G0 F7500 X192.675 Y83.945
G1 F1470 X144.637 Y131.984 E3733.22951
G0 F7500 X145.202 Y131.984
G1 F1470 X193.006 Y84.18 E3736.37749
G0 F7500 X193.363 Y84.389
G1 F1470 X155.367 Y122.385 E3738.87959
G0 F7500 X156.247 Y122.071
G1 F1470 X193.748 Y84.569 E3741.34913
G0 F7500 X194.195 Y84.688
G1 F1470 X156.9 Y121.983 E3743.80507
G0 F7500 X157.433 Y122.016
G1 F1470 X194.679 Y84.769 E3746.25781
G0 F7500 X195.231 Y84.783
G1 F1470 X157.913 Y122.102 E3748.7153
G0 F7500 X158.352 Y122.228
G1 F1470 X195.901 Y84.679 E3751.18796
G0 F7500 X196.818 Y84.328
G1 F1470 X158.736 Y122.409 E3753.6957
G0 F7500 X159.081 Y122.63
G1 F1470 X203.864 Y77.848 E3756.6447
G0 F7500 X203.864 Y78.413
G1 F1470 X159.407 Y122.87 E3759.57227
G0 F7500 X159.692 Y123.151
G1 F1470 X203.864 Y78.979 E3762.48107
G0 F7500 X203.864 Y79.545
G1 F1470 X159.949 Y123.459 E3765.37292
G0 F7500 X160.181 Y123.793
G1 F1470 X203.864 Y80.11 E3768.24952
G0 F7500 X203.864 Y80.676
G1 F1470 X160.364 Y124.176 E3771.11407
G0 F7500 X160.517 Y124.588
G1 F1470 X203.864 Y81.242 E3773.96851
G0 F7500 X203.864 Y81.807
G1 F1470 X160.629 Y125.042 E3776.8156
G0 F7500 X160.682 Y125.555
G1 F1470 X203.864 Y82.373 E3779.65921
G0 F7500 X203.864 Y82.939
G1 F1470 X160.635 Y126.168 E3782.50592
G0 F7500 X160.443 Y126.926
G1 F1470 X203.864 Y83.504 E3785.3653
G0 F7500 X203.864 Y84.07
G1 F1470 X155.949 Y131.985 E3788.52058
G0 F7500 X156.515 Y131.985
G1 F1470 X203.864 Y84.636 E3791.63859
G0 F7500 X203.864 Y85.201
G1 F1470 X157.08 Y131.985 E3794.7194
G0 F7500 X157.646 Y131.985
G1 F1470 X203.864 Y85.767 E3797.76293
G0 F7500 X203.864 Y86.333
G1 F1470 X158.212 Y131.985 E3800.7692
G0 F7500 X158.777 Y131.985
G1 F1470 X203.864 Y86.898 E3803.73825
G0 F7500 X203.864 Y87.464
G1 F1470 X159.343 Y131.985 E3806.67004
G0 F7500 X159.875 Y132.019
G1 F1470 X203.864 Y88.03 E3809.56679
G0 F7500 X203.864 Y88.596
G1 F1470 X160.295 Y132.165 E3812.43588
G0 F7500 X160.556 Y132.469
G1 F1470 X203.864 Y89.161 E3815.28779
G0 F7500 X203.864 Y89.727
G1 F1470 X160.74 Y132.851 E3818.12757
G0 F7500 X160.778 Y133.378
G1 F1470 X203.864 Y90.293 E3820.96483
G0 F7500 X203.864 Y90.858
G1 F1470 X160.778 Y133.944 E3823.80212
G0 F7500 X160.778 Y134.509
G1 F1470 X203.864 Y91.424 E3826.63937
G0 F7500 X203.864 Y91.99
G1 F1470 X160.778 Y135.075 E3829.47662
G0 F7500 X160.778 Y135.641
G1 F1470 X203.864 Y92.555 E3832.31391
G0 F7500 X203.864 Y93.121
G1 F1470 X160.778 Y136.206 E3835.15116
G0 F7500 X160.779 Y136.771
G1 F1470 X203.864 Y93.687 E3837.98835
G0 F7500 X203.864 Y94.252
G1 F1470 X160.779 Y137.337 E3840.82557
G0 F7500 X160.779 Y137.903
G1 F1470 X203.864 Y94.818 E3843.66279
G0 F7500 X203.864 Y95.384
G1 F1470 X160.779 Y138.468 E3846.49998
G0 F7500 X160.779 Y139.034
G1 F1470 X203.864 Y95.949 E3849.3372
G0 F7500 X203.864 Y96.515
G1 F1470 X160.779 Y139.6 E3852.17442
G0 F7500 X160.779 Y140.166
G1 F1470 X203.864 Y97.081 E3855.01164
G0 F7500 X203.864 Y97.646
G1 F1470 X160.78 Y140.731 E3857.84883
G0 F7500 X160.78 Y141.296
G1 F1470 X203.864 Y98.212 E3860.68599
G0 F7500 X203.864 Y98.778
G1 F1470 X160.78 Y141.862 E3863.52314
G0 F7500 X160.78 Y142.428
G1 F1470 X203.864 Y99.344 E3866.3603
G0 F7500 X203.864 Y99.909
G1 F1470 X160.78 Y142.993 E3869.19745
G0 F7500 X160.78 Y143.559
G1 F1470 X203.864 Y100.475 E3872.03461
G0 F7500 X203.864 Y101.041
G1 F1470 X160.781 Y144.124 E3874.87169
G0 F7500 X160.781 Y144.69
G1 F1470 X203.864 Y101.606 E3877.70882
G0 F7500 X203.864 Y102.172
G1 F1470 X160.781 Y145.255 E3880.54591
G0 F7500 X160.781 Y145.821
G1 F1470 X203.864 Y102.738 E3883.383
G0 F7500 X203.864 Y103.303
G1 F1470 X160.781 Y146.387 E3886.22012
G0 F7500 X160.781 Y146.952
G1 F1470 X203.864 Y103.869 E3889.05721
G0 F7500 X203.864 Y104.435
G1 F1470 X160.781 Y147.518 E3891.8943
G0 F7500 X160.781 Y148.083
G1 F1470 X203.864 Y105 E3894.73138
G0 F7500 X203.864 Y105.566
G1 F1470 X160.781 Y148.649 E3897.56847
G0 F7500 X160.781 Y149.214
G1 F1470 X203.864 Y106.132 E3900.40553
G0 F7500 X203.864 Y106.697
G1 F1470 X160.781 Y149.78 E3903.24262
G0 F7500 X160.781 Y150.346
G1 F1470 X203.864 Y107.263 E3906.07971
G0 F7500 X203.864 Y107.829
G1 F1470 X160.781 Y150.911 E3908.91676
G0 F7500 X160.782 Y151.476
G1 F1470 X203.864 Y108.395 E3911.75375
G0 F7500 X203.864 Y108.96
G1 F1470 X160.782 Y152.042 E3914.59078
G0 F7500 X160.782 Y152.608
G1 F1470 X203.864 Y109.526 E3917.4278
G0 F7500 X203.864 Y110.092
G1 F1470 X160.782 Y153.173 E3920.26479
G0 F7500 X160.782 Y153.739
G1 F1470 X203.864 Y110.657 E3923.10181
G0 F7500 X203.864 Y111.223
G1 F1470 X160.782 Y154.305 E3925.93884
G0 F7500 X160.782 Y154.871
G1 F1470 X203.864 Y111.789 E3928.77586
G0 F7500 X203.864 Y112.354
G1 F1470 X160.783 Y155.436 E3931.61285
G0 F7500 X160.783 Y156.001
G1 F1470 X203.864 Y112.92 E3934.44981
G0 F7500 X203.864 Y113.486
G1 F1470 X160.783 Y156.567 E3937.28677
G0 F7500 X160.783 Y157.133
G1 F1470 X203.864 Y114.051 E3940.12376
G0 F7500 X203.864 Y114.617
G1 F1470 X160.783 Y157.698 E3942.96071
G0 F7500 X160.783 Y158.264
G1 F1470 X203.864 Y115.183 E3945.79767
G0 F7500 X203.864 Y115.748
G1 F1470 X160.783 Y158.829 E3948.63463
G0 F7500 X160.783 Y159.395
G1 F1470 X203.864 Y116.314 E3951.47159
G0 F7500 X203.864 Y116.88
G1 F1470 X160.783 Y159.96 E3954.30851
G0 F7500 X160.783 Y160.526
G1 F1470 X203.864 Y117.445 E3957.14547
G0 F7500 X203.864 Y118.011
G1 F1470 X160.783 Y161.092 E3959.98243
G0 F7500 X160.783 Y161.657
G1 F1470 X203.864 Y118.577 E3962.81935
G0 F7500 X203.864 Y119.143
G1 F1470 X160.783 Y162.223 E3965.65628
G0 F7500 X160.784 Y162.788
G1 F1470 X203.864 Y119.708 E3968.49317
G0 F7500 X203.864 Y120.274
G1 F1470 X160.784 Y163.354 E3971.33006
G0 F7500 X160.784 Y163.919
G1 F1470 X203.864 Y120.84 E3974.16692
G0 F7500 X203.864 Y121.405
G1 F1470 X160.784 Y164.485 E3977.00381
G0 F7500 X160.784 Y165.051
G1 F1470 X203.864 Y121.971 E3979.8407
G0 F7500 X203.864 Y122.537
G1 F1470 X160.784 Y165.616 E3982.67756
G0 F7500 X160.986 Y165.98
G1 F1470 X203.864 Y123.102 E3985.50115
G0 F7500 X203.864 Y123.668
G1 F1470 X161.552 Y165.98 E3988.28747
G0 F7500 X162.118 Y165.98
G1 F1470 X203.864 Y124.234 E3991.03651
G0 F7500 X203.864 Y124.799
G1 F1470 X162.683 Y165.98 E3993.74835
G0 F7500 X163.249 Y165.98
G1 F1470 X203.864 Y125.365 E3996.42292
G0 F7500 X203.864 Y125.931
G1 F1470 X163.815 Y165.98 E3999.06021
G0 F7500 X164.38 Y165.98
G1 F1470 X203.864 Y126.496 E4001.6603
G0 F7500 X203.864 Y127.062
G1 F1470 X164.946 Y165.98 E4004.22312
G0 F7500 X165.512 Y165.98
G1 F1470 X203.864 Y127.628 E4006.74866
G0 F7500 X203.864 Y128.194
G1 F1470 X166.077 Y165.98 E4009.23697
G0 F7500 X166.643 Y165.98
G1 F1470 X203.864 Y128.759 E4011.68803
G0 F7500 X203.864 Y129.325
G1 F1470 X167.209 Y165.98 E4014.10183
G0 F7500 X167.775 Y165.98
G1 F1470 X203.864 Y129.891 E4016.47835
G0 F7500 X203.864 Y130.456
G1 F1470 X168.34 Y165.98 E4018.81767
G0 F7500 X168.906 Y165.98
G1 F1470 X203.864 Y131.022 E4021.11971
G0 F7500 X203.864 Y131.588
G1 F1470 X169.472 Y165.98 E4023.38448
G0 F7500 X170.037 Y165.98
G1 F1470 X203.864 Y132.153 E4025.61205
G0 F7500 X203.864 Y132.719
G1 F1470 X170.603 Y165.98 E4027.80234
G0 F7500 X171.169 Y165.98
G1 F1470 X186.863 Y150.286 E4028.83582
G0 F7500 X187.266 Y150.516
G0 X186.932 Y151.347
G0 X186.49 Y151.225
G1 F1470 X171.734 Y165.98 E4029.80749
G0 F7500 X172.3 Y165.98
G1 F1470 X186.381 Y151.899 E4030.73475
G0 F7500 X186.388 Y152.458
G1 F1470 X172.866 Y165.98 E4031.6252
G0 F7500 X173.431 Y165.98
G1 F1470 X186.463 Y152.948 E4032.48338
G0 F7500 X186.581 Y153.396
G1 F1470 X173.997 Y165.98 E4033.31206
G0 F7500 X174.563 Y165.98
G1 F1470 X186.76 Y153.782 E4034.11528
G0 F7500 X186.968 Y154.141
G1 F1470 X175.128 Y165.98 E4034.89493
G0 F7500 X175.694 Y165.98
G1 F1470 X187.202 Y154.472 E4035.65276
G0 F7500 X187.48 Y154.76
G1 F1470 X176.26 Y165.98 E4036.39161
G0 F7500 X176.825 Y165.98
G1 F1470 X187.78 Y155.025 E4037.11302
G0 F7500 X188.114 Y155.257
G1 F1470 X177.391 Y165.98 E4037.81914
G0 F7500 X177.957 Y165.98
G1 F1470 X188.489 Y155.448 E4038.51269
G0 F7500 X188.894 Y155.608
G1 F1470 X178.523 Y165.98 E4039.19568
G0 F7500 X179.088 Y165.98
G1 F1470 X189.341 Y155.727 E4039.87085
G0 F7500 X189.849 Y155.785
G1 F1470 X179.654 Y165.98 E4040.54221
G0 F7500 X180.22 Y165.98
G1 F1470 X190.44 Y155.759 E4041.21525
G0 F7500 X191.154 Y155.611
G1 F1470 X180.785 Y165.98 E4041.89807
G0 F7500 X181.351 Y165.98
G1 F1470 X203.864 Y143.467 E4043.38058
G0 F7500 X203.864 Y144.033
G1 F1470 X181.917 Y165.98 E4044.82583
G0 F7500 X182.482 Y165.98
G1 F1470 X203.864 Y144.598 E4046.23387
G0 F7500 X203.864 Y145.164
G1 F1470 X183.048 Y165.98 E4047.60464
G0 F7500 X183.614 Y165.98
G1 F1470 X203.864 Y145.73 E4048.93814
G0 F7500 X203.864 Y146.295
G1 F1470 X184.179 Y165.98 E4050.23443
G0 F7500 X184.745 Y165.98
G1 F1470 X203.864 Y146.861 E4051.49345
G0 F7500 X203.864 Y147.427
G1 F1470 X185.311 Y165.98 E4052.7152
G0 F7500 X185.876 Y165.98
G1 F1470 X203.864 Y147.992 E4053.89974
G0 F7500 X203.864 Y148.558
G1 F1470 X186.442 Y165.98 E4055.047
G0 F7500 X187.008 Y165.98
G1 F1470 X203.864 Y149.124 E4056.157
G0 F7500 X203.864 Y149.69
G1 F1470 X187.574 Y165.98 E4057.22973
G0 F7500 X188.139 Y165.98
G1 F1470 X203.864 Y150.255 E4058.26524
G0 F7500 X203.864 Y150.821
G1 F1470 X188.705 Y165.98 E4059.26349
G0 F7500 X189.271 Y165.98
G1 F1470 X203.864 Y151.387 E4060.22446
G0 F7500 X203.864 Y151.952
G1 F1470 X189.836 Y165.98 E4061.14823
G0 F7500 X190.402 Y165.98
G1 F1470 X203.864 Y152.518 E4062.03473
G0 F7500 X203.864 Y153.084
G1 F1470 X190.968 Y165.98 E4062.88395
G0 F7500 X191.533 Y165.98
G1 F1470 X203.864 Y153.649 E4063.69597
G0 F7500 X203.864 Y154.215
G1 F1470 X192.099 Y165.98 E4064.47071
G0 F7500 X192.665 Y165.98
G1 F1470 X203.864 Y154.781 E4065.20819
G0 F7500 X203.864 Y155.346
G1 F1470 X193.23 Y165.98 E4065.90845
G0 F7500 X193.796 Y165.98
G1 F1470 X203.864 Y155.912 E4066.57145
G0 F7500 X203.864 Y156.478
G1 F1470 X194.362 Y165.98 E4067.19717
G0 F7500 X194.927 Y165.98
G1 F1470 X203.864 Y157.043 E4067.78569
G0 F7500 X203.864 Y157.609
G1 F1470 X195.493 Y165.98 E4068.33693
G0 F7500 X196.059 Y165.98
G1 F1470 X203.864 Y158.175 E4068.85091
G0 F7500 X203.864 Y158.741
G1 F1470 X196.624 Y165.98 E4069.32764
G0 F7500 X197.19 Y165.98
G1 F1470 X203.864 Y159.306 E4069.76713
G0 F7500 X203.864 Y159.872
G1 F1470 X197.756 Y165.98 E4070.16936
G0 F7500 X198.322 Y165.98
G1 F1470 X203.864 Y160.438 E4070.53431
G0 F7500 X203.864 Y161.003
G1 F1470 X198.887 Y165.98 E4070.86205
G0 F7500 X199.453 Y165.98
G1 F1470 X203.864 Y161.569 E4071.15252
G0 F7500 X203.864 Y162.135
G1 F1470 X200.019 Y165.98 E4071.40572
G0 F7500 X200.584 Y165.98
G1 F1470 X203.864 Y162.7 E4071.62172
G0 F7500 X203.864 Y163.266
G1 F1470 X201.15 Y165.98 E4071.80044
G0 F7500 X201.716 Y165.98
G1 F1470 X203.864 Y163.832 E4071.94189
G0 F7500 X203.864 Y164.397
G1 F1470 X202.281 Y165.98 E4072.04613
G0 F7500 X202.847 Y165.98
G1 F1470 X203.864 Y164.963 E4072.1131
G0 F7500 X203.864 Y165.529
G1 F1470 X203.413 Y165.98 E4072.1428
G1 F1500 E4068.1428
G0 F7500 X203.413 Y166.44
G0 X193.056 Y166.34
G0 X192.534 Y154.251
G0 X193.497 Y153.268
G1 F1500 E4072.1428
G1 F1470 X203.864 Y142.901 E4072.82548
G0 F7500 X203.864 Y142.336
G1 F1470 X193.648 Y152.552 E4073.49823
G0 F7500 X193.67 Y151.964
G1 F1470 X203.864 Y141.77 E4074.16952
G0 F7500 X203.864 Y141.204
G1 F1470 X193.614 Y151.454 E4074.8445
G0 F7500 X193.499 Y151.003
G1 F1470 X203.864 Y140.639 E4075.52702
G0 F7500 X203.864 Y140.073
G1 F1470 X193.336 Y150.601 E4076.2203
G0 F7500 X193.138 Y150.233
G1 F1470 X203.864 Y139.507 E4076.92663
G0 F7500 X203.864 Y138.942
G1 F1470 X192.907 Y149.899 E4077.64817
G0 F7500 X192.639 Y149.6
G1 F1470 X203.864 Y138.376 E4078.38732
G0 F7500 X203.864 Y137.81
G1 F1470 X192.354 Y149.32 E4079.14527
G0 F7500 X192.022 Y149.086
G1 F1470 X203.864 Y137.244 E4079.92509
G0 F7500 X203.864 Y136.679
G1 F1470 X191.663 Y148.879 E4080.72851
G0 F7500 X191.277 Y148.7
G1 F1470 X203.864 Y136.113 E4081.55739
G0 F7500 X203.864 Y135.547
G1 F1470 X190.828 Y148.584 E4082.41586
G0 F7500 X190.333 Y148.512
G1 F1470 X203.864 Y134.982 E4083.30687
G0 F7500 X203.864 Y134.416
G1 F1470 X189.781 Y148.499 E4084.23426
G0 F7500 X189.105 Y148.609
G1 F1470 X203.864 Y133.85 E4085.20617
G0 F7500 X203.864 Y133.285
G1 F1470 X188.165 Y148.984 E4086.23997
G1 F1500 E4082.23997
G0 F7500 X188.421 Y149.364
G0 X187.888 Y149.648
G0 X158.647 Y128.492
G0 X158.311 Y129.058
G1 F1500 E4086.23997
G1 F1470 X155.383 Y131.985 E4086.43275
G0 F7500 X154.817 Y131.985
G1 F1470 X157.553 Y129.249 E4086.61292
G0 F7500 X156.942 Y129.294
G1 F1470 X154.252 Y131.985 E4086.7901
G0 F7500 X153.686 Y131.985
G1 F1470 X156.428 Y129.244 E4086.97063
G0 F7500 X155.972 Y129.133
G1 F1470 X153.12 Y131.985 E4087.15844
G0 F7500 X152.555 Y131.985
G1 F1470 X155.557 Y128.983 E4087.35612
G0 F7500 X155.172 Y128.802
G1 F1470 X151.99 Y131.984 E4087.56566
G0 F7500 X151.424 Y131.984
G1 F1470 X154.839 Y128.57 E4087.79052
G0 F7500 X154.534 Y128.309
G1 F1470 X150.858 Y131.984 E4088.03255
G0 F7500 X150.293 Y131.984
G1 F1470 X154.251 Y128.026 E4088.29319
G0 F7500 X154.011 Y127.7
G1 F1470 X149.727 Y131.984 E4088.5753
G0 F7500 X149.161 Y131.984
G1 F1470 X153.794 Y127.352 E4088.88036
G0 F7500 X153.61 Y126.97
G1 F1470 X148.596 Y131.984 E4089.21054
G0 F7500 X148.03 Y131.984
G1 F1470 X153.48 Y126.534 E4089.56943
G0 F7500 X153.399 Y126.05
G1 F1470 X147.464 Y131.984 E4089.96023
G0 F7500 X146.899 Y131.984
G1 F1470 X153.369 Y125.514 E4090.38629
G0 F7500 X153.453 Y124.864
G1 F1470 X146.333 Y131.984 E4090.85516
G0 F7500 X145.767 Y131.984
G1 F1470 X153.766 Y123.986 E4091.38187
G1 F1500 E4087.38187
G0 F7500 X153.987 Y124.638
G0 X153.791 Y125.066
G0 X118.132 Y120.653
G0 X117.093 Y121.627
G1 F1500 E4091.38187
G1 F1470 X106.739 Y131.98 E4092.06367
G0 F7500 X106.173 Y131.98
G1 F1470 X116.39 Y121.764 E4092.73644
G0 F7500 X115.807 Y121.781
G1 F1470 X105.608 Y131.98 E4093.40806
G0 F7500 X105.042 Y131.98
G1 F1470 X115.305 Y121.717 E4094.0839
G0 F7500 X114.858 Y121.598
G1 F1470 X104.476 Y131.98 E4094.76757
G0 F7500 X103.911 Y131.98
G1 F1470 X114.458 Y121.433 E4095.46211
G0 F7500 X114.087 Y121.238
G1 F1470 X103.345 Y131.98 E4096.16949
G0 F7500 X102.779 Y131.98
G1 F1470 X113.753 Y121.006 E4096.89214
G0 F7500 X113.457 Y120.736
G1 F1470 X102.214 Y131.98 E4097.63255
G0 F7500 X101.648 Y131.98
G1 F1470 X113.182 Y120.446 E4098.39208
G0 F7500 X112.948 Y120.114
G1 F1470 X101.082 Y131.98 E4099.17348
G0 F7500 X100.517 Y131.98
G1 F1470 X112.745 Y119.751 E4099.97874
G0 F7500 X112.57 Y119.361
G1 F1470 X99.952 Y131.979 E4100.80966
G0 F7500 X99.386 Y131.979
G1 F1470 X112.448 Y118.917 E4101.66982
G0 F7500 X112.385 Y118.414
G1 F1470 X98.82 Y131.979 E4102.56309
G0 F7500 X98.255 Y131.979
G1 F1470 X112.383 Y117.851 E4103.49345
G0 F7500 X112.508 Y117.161
G1 F1470 X97.689 Y131.979 E4104.46927
G0 F7500 X97.123 Y131.979
G1 F1470 X112.982 Y116.121 E4105.51358
G1 F1500 E4101.51358
G0 F7500 X113.643 Y116.005
G0 X112.939 Y117.011
G0 X80.632 Y120.653
G0 X79.832 Y121.552
G1 F1500 E4105.51358
G1 F1470 X70.184 Y131.2 E4106.14892
G0 F7500 X70.184 Y130.634
G1 F1470 X79.07 Y121.748 E4106.73408
G0 F7500 X78.457 Y121.796
G1 F1470 X70.184 Y130.069 E4107.27887
G0 F7500 X70.184 Y129.503
G1 F1470 X77.943 Y121.744 E4107.78981
G0 F7500 X77.485 Y121.636
G1 F1470 X70.184 Y128.937 E4108.27059
G0 F7500 X70.184 Y128.372
G1 F1470 X77.07 Y121.486 E4108.72405
G0 F7500 X76.681 Y121.309
G1 F1470 X70.184 Y127.806 E4109.15189
G0 F7500 X70.184 Y127.24
G1 F1470 X76.351 Y121.073 E4109.55799
G0 F7500 X76.039 Y120.82
G1 F1470 X70.184 Y126.675 E4109.94356
G0 F7500 X70.184 Y126.109
G1 F1470 X75.759 Y120.534 E4110.31068
G0 F7500 X75.517 Y120.21
G1 F1470 X70.184 Y125.543 E4110.66187
G0 F7500 X70.184 Y124.978
G1 F1470 X75.298 Y119.863 E4110.99867
G0 F7500 X75.116 Y119.48
G1 F1470 X70.184 Y124.412 E4111.32345
G0 F7500 X70.184 Y123.846
G1 F1470 X74.988 Y119.042 E4111.6398
G0 F7500 X74.894 Y118.57
G1 F1470 X70.184 Y123.281 E4111.94999
G0 F7500 X70.184 Y122.715
G1 F1470 X74.862 Y118.037 E4112.25805
G0 F7500 X74.948 Y117.385
G1 F1470 X70.184 Y122.149 E4112.57176
G0 F7500 X70.184 Y121.583
G1 F1470 X75.254 Y116.514 E4112.9056
G1 F1500 E4108.9056
G0 F7500 X75.668 Y116.711
G0 X76.409 Y115.626
G0 X77.288 Y100.451
G0 X78.883 Y99.307
G1 F1500 E4112.9056
G1 F1470 X137.867 Y40.323 E4116.7898
G0 F7500 X137.867 Y39.758
G1 F1470 X79.215 Y98.41 E4120.65213
G0 F7500 X79.302 Y97.758
G1 F1470 X137.867 Y39.193 E4124.50874
G0 F7500 X137.867 Y38.627
G1 F1470 X79.281 Y97.213 E4128.36672
G0 F7500 X79.195 Y96.733
G1 F1470 X137.867 Y38.061 E4132.23038
G0 F7500 X137.867 Y37.496
G1 F1470 X79.068 Y96.295 E4136.10239
G0 F7500 X78.888 Y95.908
G1 F1470 X137.867 Y36.93 E4139.98623
G0 F7500 X137.867 Y36.364
G1 F1470 X78.671 Y95.56 E4143.88438
G0 F7500 X78.439 Y95.226
G1 F1470 X137.867 Y35.799 E4147.79779
G0 F7500 X137.867 Y35.233
G1 F1470 X78.157 Y94.943 E4151.72979
G0 F7500 X77.845 Y94.689
G1 F1470 X137.867 Y34.667 E4155.68234
G0 F7500 X137.867 Y34.102
G1 F1470 X77.513 Y94.455 E4159.65672
G0 F7500 X77.133 Y94.269
G92 E0
G1 F1470 X137.867 Y33.536 E3.9994
G0 F7500 X137.867 Y32.97
G1 F1470 X76.724 Y94.113 E8.02578
G0 F7500 X76.269 Y94.003
G1 F1470 X137.866 Y32.405 E12.08208
G0 F7500 X137.866 Y31.84
G1 F1470 X75.754 Y93.951 E16.17222
G0 F7500 X75.154 Y93.986
G1 F1470 X137.866 Y31.274 E20.30192
G0 F7500 X137.866 Y30.708
G1 F1470 X74.427 Y94.147 E24.47948
G1 F1500 E20.47948
G0 F7500 X74.561 Y94.589
G0 X75.089 Y94.371
G0 X69.824 Y94.371
G0 X70.184 Y37.296
G1 F1500 E24.47948
G1 F1470 X77.492 Y29.988 E24.96073
G0 F7500 X76.65 Y30.265
G1 F1470 X70.184 Y36.731 E25.38652
G0 F7500 X70.184 Y36.165
G1 F1470 X76.001 Y30.348 E25.76958
G0 F7500 X75.474 Y30.309
G1 F1470 X70.184 Y35.599 E26.11794
G0 F7500 X70.184 Y35.034
G1 F1470 X74.996 Y30.221 E26.43485
G0 F7500 X74.564 Y30.088
G1 F1470 X70.184 Y34.468 E26.72328
G0 F7500 X70.184 Y33.902
G1 F1470 X74.182 Y29.904 E26.98656
G0 F7500 X73.836 Y29.684
G1 F1470 X70.184 Y33.337 E27.22708
G0 F7500 X70.184 Y32.771
G1 F1470 X73.512 Y29.443 E27.44623
G0 F7500 X73.23 Y29.159
G1 F1470 X70.184 Y32.205 E27.64682
G0 F7500 X70.184 Y31.639
G1 F1470 X72.982 Y28.841 E27.83107
G0 F7500 X72.749 Y28.509
G1 F1470 X70.184 Y31.074 E27.99998
G0 F7500 X70.184 Y30.508
G1 F1470 X72.564 Y28.128 E28.15671
G0 F7500 X72.418 Y27.709
G1 F1470 X70.184 Y29.942 E28.30379
G0 F7500 X70.184 Y29.377
G1 F1470 X72.314 Y27.247 E28.44405
G0 F7500 X72.271 Y26.724
G1 F1470 X70.184 Y28.811 E28.58148
G0 F7500 X70.184 Y28.245
G1 F1470 X72.314 Y26.115 E28.72175
G0 F7500 X72.524 Y25.34
G1 F1470 X70.184 Y27.68 E28.87584
G1 F1500 E24.87584
G0 F7500 X69.724 Y27.68
G0 X69.796 Y3.912
G0 X138.252 Y3.912
G0 X138.596 Y61.569
G0 X193.971 Y61.919
G0 X194.454 Y77.91
G0 X193.855 Y77.674
G1 F1500 E28.87584
G1 F1470 X203.864 Y67.665 E29.53495
G0 F7500 X203.864 Y68.231
G1 F1470 X194.576 Y77.519 E30.14658
G0 F7500 X195.169 Y77.492
G1 F1470 X203.864 Y68.797 E30.71916
G0 F7500 X203.864 Y69.362
G1 F1470 X195.682 Y77.544 E31.25796
G0 F7500 X196.132 Y77.659
G1 F1470 X203.864 Y69.928 E31.76709
G0 F7500 X203.864 Y70.494
G1 F1470 X196.536 Y77.821 E32.24962
G0 F7500 X196.914 Y78.009
G1 F1470 X203.864 Y71.059 E32.70729
G0 F7500 X203.864 Y71.625
G1 F1470 X197.246 Y78.243 E33.1431
G0 F7500 X197.551 Y78.503
G1 F1470 X203.864 Y72.191 E33.55879
G0 F7500 X203.864 Y72.756
G1 F1470 X197.83 Y78.79 E33.95614
G0 F7500 X198.062 Y79.124
G1 F1470 X203.864 Y73.322 E34.33821
G0 F7500 X203.864 Y73.888
G1 F1470 X198.271 Y79.48 E34.70648
G0 F7500 X198.452 Y79.866
G1 F1470 X203.864 Y74.453 E35.06291
G0 F7500 X203.864 Y75.019
G1 F1470 X198.575 Y80.308 E35.4112
G0 F7500 X198.656 Y80.793
G1 F1470 X203.864 Y75.585 E35.75415
G0 F7500 X203.864 Y76.15
G1 F1470 X198.666 Y81.348 E36.09645
G0 F7500 X198.566 Y82.014
G1 F1470 X203.864 Y76.716 E36.44533
G0 F7500 X203.864 Y77.282
G1 F1470 X198.212 Y82.934 E36.81753
G1 F1500 E32.81753
;MESH:base_modelo.stl
G0 F7500 X197.797 Y82.737
G0 X195.592 Y84.37
G0 X150.568 Y148.81
G0 X147.53 Y154.335
;TYPE:WALL-INNER
G1 F1500 E36.81753
G1 F1470 X147.087 Y154.141 E36.84004
G1 X146.663 Y153.866 E36.86358
G1 X146.296 Y153.534 E36.88662
G1 X145.944 Y153.087 E36.91311
G1 X145.701 Y152.633 E36.93709
G1 X145.536 Y152.145 E36.96108
G1 X145.463 Y151.684 E36.98281
G1 X145.46 Y151.168 E37.00684
G1 X145.545 Y150.643 E37.0316
G1 X145.706 Y150.161 E37.05527
G1 X145.953 Y149.707 E37.07933
G1 X146.302 Y149.273 E37.10527
G1 X146.645 Y148.956 E37.12701
G1 X147.071 Y148.676 E37.15075
G1 X147.547 Y148.468 E37.17494
G1 X148.036 Y148.349 E37.19837
G1 X148.552 Y148.304 E37.22249
G1 X149.058 Y148.346 E37.24613
G1 X149.569 Y148.474 E37.27066
G1 X150.027 Y148.674 E37.29394
G1 X150.46 Y148.956 E37.318
G1 X150.864 Y149.344 E37.34408
G1 X151.148 Y149.705 E37.36547
G1 X151.391 Y150.156 E37.38932
G1 X151.556 Y150.641 E37.41318
G1 X151.64 Y151.151 E37.43724
G1 X151.64 Y151.67 E37.46141
G1 X151.564 Y152.12 E37.48266
G1 X151.394 Y152.647 E37.50845
G1 X151.15 Y153.1 E37.53241
G1 X150.835 Y153.505 E37.5563
G1 X150.456 Y153.855 E37.58032
G1 X150.028 Y154.133 E37.60408
G1 X149.556 Y154.341 E37.6281
G1 X149.077 Y154.458 E37.65106
G1 X148.535 Y154.504 E37.67639
G1 X148.056 Y154.463 E37.69877
G1 X147.53 Y154.335 E37.72398
G1 F1500 E33.72398
G0 F7500 X147.491 Y154.427
G0 X148.53 Y154.684
G0 X149.842 Y168.152
G0 X149.951 Y173.767
G1 F1500 E37.72398
G1 F1470 X149.533 Y173.493 E37.74726
G1 X149.138 Y173.131 E37.7722
G1 X148.825 Y172.735 E37.79571
G1 X148.577 Y172.276 E37.82
G1 X148.417 Y171.819 E37.84255
G1 X148.329 Y171.288 E37.86761
G1 X148.328 Y170.807 E37.89001
G1 X148.419 Y170.244 E37.91656
G1 X148.57 Y169.805 E37.93818
G1 X148.838 Y169.31 E37.96439
G1 X149.142 Y168.924 E37.98727
G1 X149.527 Y168.573 E38.01153
G1 X149.932 Y168.309 E38.03404
G1 X150.424 Y168.095 E38.05902
G1 X150.895 Y167.978 E38.08162
G1 X151.418 Y167.929 E38.10608
G1 X151.973 Y167.985 E38.13206
G1 X152.421 Y168.096 E38.15355
G1 X152.891 Y168.299 E38.17739
G1 X153.324 Y168.582 E38.20147
G1 X153.703 Y168.931 E38.22546
G1 X154.018 Y169.336 E38.24935
G1 X154.26 Y169.786 E38.27315
G1 X154.425 Y170.265 E38.29674
G1 X154.509 Y170.784 E38.32122
G1 X154.501 Y171.334 E38.34683
G1 X154.436 Y171.748 E38.36634
G1 X154.26 Y172.278 E38.39235
G1 X154.016 Y172.731 E38.41631
G1 X153.732 Y173.092 E38.4377
G1 X153.324 Y173.479 E38.46388
G1 X152.901 Y173.761 E38.48755
G1 X152.464 Y173.948 E38.50969
G1 X151.936 Y174.089 E38.53513
G1 X151.415 Y174.135 E38.55949
G1 X150.901 Y174.088 E38.58352
G1 X150.413 Y173.964 E38.60697
G1 X149.951 Y173.767 E38.63035
G1 F1500 E34.63035
G0 F7500 X149.811 Y173.798
G0 X148.398 Y172.316
G0 X112.616 Y154.289
G0 X111.075 Y154.504
G1 F1500 E38.63035
G1 F1470 X110.539 Y154.461 E38.65539
G1 X110.04 Y154.339 E38.67931
G1 X109.588 Y154.142 E38.70227
G1 X109.148 Y153.858 E38.72666
G1 X108.77 Y153.507 E38.75068
G1 X108.47 Y153.125 E38.77329
G1 X108.214 Y152.663 E38.79789
G1 X108.039 Y152.158 E38.82278
G1 X107.96 Y151.65 E38.84671
G1 X107.96 Y151.168 E38.86916
G1 X108.045 Y150.643 E38.89392
G1 X108.206 Y150.161 E38.91759
G1 X108.453 Y149.707 E38.94165
G1 X108.802 Y149.273 E38.96758
G1 X109.145 Y148.956 E38.98933
G1 X109.571 Y148.676 E39.01307
G1 X110.047 Y148.468 E39.03726
G1 X110.536 Y148.349 E39.06069
G1 X111.052 Y148.304 E39.08481
G1 X111.513 Y148.342 E39.10635
G1 X112.058 Y148.468 E39.1324
G1 X112.524 Y148.672 E39.15608
G1 X112.955 Y148.956 E39.18012
G1 X113.335 Y149.31 E39.2043
G1 X113.647 Y149.707 E39.22781
G1 X113.894 Y150.161 E39.25188
G1 X114.055 Y150.643 E39.27554
G1 X114.14 Y151.168 E39.30031
G1 X114.137 Y151.684 E39.32433
G1 X114.06 Y152.141 E39.34591
G1 X113.899 Y152.629 E39.36984
G1 X113.656 Y153.087 E39.39398
G1 X113.315 Y153.523 E39.41976
G1 X112.96 Y153.849 E39.4422
G1 X112.518 Y154.137 E39.46677
G1 X112.038 Y154.347 E39.49116
G1 X111.588 Y154.456 E39.51272
G1 X111.075 Y154.504 E39.53671
G1 F1500 E35.53671
G0 F7500 X109.794 Y154.044
G0 X108.297 Y153.197
G0 X72.491 Y146.099
G0 X71.508 Y146.642
G1 F1500 E39.53671
G1 F1470 X71.078 Y146.833 E39.55862
G1 X70.555 Y146.962 E39.5837
G1 X70.08 Y147.004 E39.60591
G1 X69.522 Y146.958 E39.63198
G1 X69.059 Y146.845 E39.65417
G1 X68.563 Y146.629 E39.67936
G1 X68.16 Y146.364 E39.70182
G1 X67.791 Y146.029 E39.72503
G1 X67.438 Y145.577 E39.75173
G1 X67.223 Y145.182 E39.77267
G1 X67.044 Y144.677 E39.79762
G1 X66.961 Y144.164 E39.82182
G1 X66.96 Y143.667 E39.84496
G1 X67.048 Y143.13 E39.8703
G1 X67.217 Y142.643 E39.89431
G1 X67.452 Y142.205 E39.91745
G1 X67.768 Y141.807 E39.94111
G1 X68.143 Y141.454 E39.9651
G1 X68.565 Y141.181 E39.9885
G1 X69.04 Y140.97 E40.0127
G1 X69.536 Y140.848 E40.03648
G1 X70.052 Y140.804 E40.0606
G1 X70.513 Y140.842 E40.08214
G1 X71.059 Y140.968 E40.10823
G1 X71.524 Y141.173 E40.13189
G1 X71.959 Y141.456 E40.15606
G1 X72.364 Y141.844 E40.18217
G1 X72.648 Y142.205 E40.20356
G1 X72.894 Y142.661 E40.22769
G1 X73.041 Y143.094 E40.24898
G1 X73.14 Y143.648 E40.27519
G1 X73.138 Y144.169 E40.29945
G1 X73.054 Y144.665 E40.32287
G1 X72.883 Y145.165 E40.34748
G1 X72.657 Y145.585 E40.36969
G1 X72.352 Y145.983 E40.39303
G1 X71.953 Y146.354 E40.4184
G1 X71.508 Y146.642 E40.44309
G1 F1500 E36.44309
G0 F7500 X71.137 Y146.916
G0 X69.568 Y146.807
G0 X69.098 Y146.688
G0 X68.652 Y146.493
G0 X68.245 Y146.227
G0 X67.889 Y145.898
G0 X67.59 Y145.514
G0 X67.359 Y145.087
G0 X67.201 Y144.628
G0 X67.121 Y144.149
G0 X67.299 Y142.113
G0 X39.452 Y120.642
G0 X38.972 Y120.839
G1 F1500 E40.44309
G1 F1470 X38.525 Y121.133 E40.468
G1 X38.077 Y121.334 E40.49086
G1 X37.548 Y121.463 E40.51622
G1 X37.072 Y121.504 E40.53846
G1 X36.54 Y121.461 E40.56332
G1 X36.049 Y121.342 E40.58684
G1 X35.565 Y121.132 E40.61141
G1 X35.146 Y120.856 E40.63477
G1 X34.771 Y120.508 E40.65859
G1 X34.454 Y120.106 E40.68243
G1 X34.207 Y119.651 E40.70654
G1 X34.032 Y119.124 E40.7324
G1 X33.967 Y118.71 E40.75191
G1 X33.959 Y118.15 E40.77799
G1 X34.059 Y117.594 E40.80429
G1 X34.207 Y117.159 E40.82569
G1 X34.454 Y116.705 E40.84976
G1 X34.741 Y116.339 E40.87141
G1 X35.145 Y115.956 E40.89733
G1 X35.571 Y115.676 E40.92107
G1 X36.047 Y115.468 E40.94526
G1 X36.536 Y115.349 E40.96869
G1 X37.052 Y115.304 E40.99281
G1 X37.513 Y115.342 E41.01435
G1 X38.058 Y115.468 E41.0404
G1 X38.524 Y115.672 E41.06409
G1 X38.955 Y115.956 E41.08812
G1 X39.335 Y116.31 E41.1123
G1 X39.647 Y116.707 E41.13581
G1 X39.894 Y117.161 E41.15988
G1 X40.055 Y117.643 E41.18354
G1 X40.137 Y118.134 E41.20672
G1 X40.14 Y118.65 E41.23075
G1 X40.058 Y119.148 E41.25425
G1 X39.884 Y119.663 E41.27956
G1 X39.638 Y120.114 E41.30349
G1 X39.345 Y120.491 E41.32572
G1 X38.972 Y120.839 E41.34947
G1 F1500 E37.34947
G0 F7500 X38.141 Y121.503
G0 X34.072 Y195.814
G0 X34.898 Y199.631
G1 F1500 E41.34947
G1 F1470 X34.657 Y200.085 E41.37341
G1 X34.335 Y200.502 E41.39794
G1 X33.953 Y200.854 E41.42213
G1 X33.528 Y201.131 E41.44575
G1 X33.058 Y201.34 E41.4697
G1 X32.561 Y201.461 E41.49352
G1 X32.052 Y201.504 E41.5173
G1 X31.54 Y201.461 E41.54123
G1 X31.049 Y201.342 E41.56475
G1 X30.565 Y201.132 E41.58932
G1 X30.185 Y200.882 E41.6105
G1 X29.773 Y200.513 E41.63626
G1 X29.482 Y200.142 E41.65821
G1 X29.208 Y199.655 E41.68423
G1 X29.032 Y199.124 E41.71028
G1 X28.967 Y198.71 E41.72979
G1 X28.959 Y198.145 E41.7561
G1 X29.059 Y197.594 E41.78218
G1 X29.206 Y197.161 E41.80347
G1 X29.454 Y196.702 E41.82777
G1 X29.802 Y196.273 E41.85349
G1 X30.143 Y195.954 E41.87523
G1 X30.572 Y195.675 E41.89906
G1 X31.047 Y195.468 E41.92319
G1 X31.543 Y195.347 E41.94696
G1 X32.055 Y195.304 E41.97088
G1 X32.561 Y195.348 E41.99454
G1 X33.039 Y195.464 E42.01744
G1 X33.529 Y195.677 E42.04232
G1 X33.929 Y195.936 E42.06451
G1 X34.337 Y196.312 E42.09034
G1 X34.644 Y196.703 E42.11349
G1 X34.891 Y197.161 E42.13772
G1 X35.058 Y197.655 E42.162
G1 X35.14 Y198.178 E42.18665
G1 X35.139 Y198.665 E42.20933
G1 X35.051 Y199.177 E42.23352
G1 X34.898 Y199.631 E42.25583
G1 F1500 E38.25583
G0 F7500 X35.232 Y199.208
G0 X35.23 Y218.623
G0 X157.452 Y218.804
G1 F1500 E42.25583
G1 F1470 X157.452 Y137.004 E46.06478
G1 X67.38 Y137.003 E50.25891
G1 X67.185 Y136.932 E50.26857
G1 X67.024 Y136.804 E50.27815
G1 X66.931 Y136.665 E50.28594
G1 X66.875 Y136.471 E50.29534
G1 X66.872 Y104.004 E51.80714
G1 X22.653 Y104.005 E53.86616
G1 X22.653 Y218.803 E59.21164
G1 X157.452 Y218.804 E65.48844
G0 F7500 X157.852 Y219.204
;TYPE:WALL-OUTER
G1 F1470 X157.852 Y136.604 E69.33464
G1 X67.427 Y136.604 E73.54521
G1 X67.336 Y136.552 E73.55009
G1 X67.272 Y136.404 E73.5576
G1 X67.272 Y103.604 E75.08491
G1 X22.253 Y103.605 E77.18118
G1 X22.253 Y219.203 E82.56391
G1 X157.852 Y219.204 E88.87796
G1 F1500 E84.87796
G0 F7500 X157.582 Y218.936
G0 X157.252 Y173.833
G0 X153.836 Y173.252
G0 X150.133 Y173.411
G1 F1500 E88.87796
G1 F1470 X149.757 Y173.16 E88.89901
G1 X149.418 Y172.844 E88.92059
G1 X149.152 Y172.504 E88.94069
G1 X148.939 Y172.102 E88.96188
G1 X148.795 Y171.684 E88.98247
G1 X148.728 Y171.24 E89.00337
G1 X148.73 Y170.795 E89.02409
G1 X148.806 Y170.346 E89.0453
G1 X148.948 Y169.938 E89.06542
G1 X149.158 Y169.551 E89.08592
G1 X149.431 Y169.201 E89.10659
G1 X149.756 Y168.901 E89.12718
G1 X150.129 Y168.657 E89.14794
G1 X150.555 Y168.473 E89.16954
G1 X150.99 Y168.368 E89.19038
G1 X151.434 Y168.332 E89.21112
G1 X151.877 Y168.373 E89.23184
G1 X152.312 Y168.484 E89.25274
G1 X152.718 Y168.664 E89.27342
G1 X153.088 Y168.908 E89.29406
G1 X153.396 Y169.192 E89.31357
G1 X153.689 Y169.569 E89.3358
G1 X153.898 Y169.962 E89.35653
G1 X154.038 Y170.379 E89.37701
G1 X154.106 Y170.795 E89.39664
G1 X154.106 Y171.272 E89.41885
G1 X154.042 Y171.679 E89.43804
G1 X153.885 Y172.131 E89.46032
G1 X153.67 Y172.524 E89.48117
G1 X153.418 Y172.844 E89.50014
G1 X153.059 Y173.175 E89.52288
G1 X152.723 Y173.399 E89.54168
G1 X152.277 Y173.59 E89.56427
G1 X151.85 Y173.696 E89.58476
G1 X151.398 Y173.732 E89.60587
G1 X150.969 Y173.694 E89.62593
G1 X150.543 Y173.586 E89.64639
G1 X150.133 Y173.411 E89.66715
G1 F1500 E85.66715
G0 F7500 X149.863 Y173.833
G0 X148.958 Y172.642
G0 X148.726 Y172.214
G0 X148.569 Y171.755
G0 X148.489 Y171.276
G0 X148.489 Y170.791
G0 X148.569 Y170.311
G0 X148.727 Y169.852
G0 X149.842 Y168.152
G0 X148.53 Y154.684
G0 X147.681 Y153.964
G1 F1500 E89.66715
G1 F1470 X147.245 Y153.772 E89.68933
G1 X146.888 Y153.535 E89.70929
G1 X146.56 Y153.232 E89.73008
G1 X146.282 Y152.873 E89.75122
G1 X146.073 Y152.486 E89.7717
G1 X145.926 Y152.052 E89.79304
G1 X145.86 Y151.63 E89.81293
G1 X145.862 Y151.167 E89.83449
G1 X145.933 Y150.739 E89.85469
G1 X146.076 Y150.32 E89.8753
G1 X146.288 Y149.926 E89.89614
G1 X146.575 Y149.565 E89.91761
G1 X146.892 Y149.27 E89.93778
G1 X147.28 Y149.02 E89.95927
G1 X147.687 Y148.845 E89.9799
G1 X148.122 Y148.74 E90.00073
G1 X148.57 Y148.704 E90.02166
G1 X149.008 Y148.745 E90.04215
G1 X149.416 Y148.845 E90.06171
G1 X149.85 Y149.036 E90.08379
G1 X150.221 Y149.281 E90.10449
G1 X150.55 Y149.592 E90.12557
G1 X150.821 Y149.941 E90.14614
G1 X151.03 Y150.335 E90.16691
G1 X151.17 Y150.755 E90.18753
G1 X151.238 Y151.167 E90.20697
G1 X151.238 Y151.65 E90.22946
G1 X151.17 Y152.051 E90.2484
G1 X151.017 Y152.503 E90.27062
G1 X150.821 Y152.867 E90.28987
G1 X150.528 Y153.244 E90.3121
G1 X150.194 Y153.548 E90.33313
G1 X149.822 Y153.787 E90.35372
G1 X149.428 Y153.962 E90.3738
G1 X148.992 Y154.067 E90.39468
G1 X148.534 Y154.104 E90.41608
G1 X148.109 Y154.067 E90.43594
G1 X147.681 Y153.964 E90.45644
G1 F1500 E86.45644
G0 F7500 X147.481 Y154.423
G0 X147.006 Y154.303
G0 X113.802 Y153.2
G0 X111.034 Y154.104
G1 F1500 E90.45644
G1 F1470 X110.588 Y154.063 E90.47729
G1 X110.159 Y153.956 E90.49788
G1 X109.766 Y153.784 E90.51786
G1 X109.38 Y153.528 E90.53943
G1 X109.054 Y153.224 E90.56018
G1 X108.794 Y152.89 E90.57989
G1 X108.575 Y152.49 E90.60112
G1 X108.43 Y152.073 E90.62168
G1 X108.36 Y151.628 E90.64266
G1 X108.362 Y151.167 E90.66412
G1 X108.433 Y150.739 E90.68433
G1 X108.576 Y150.32 E90.70494
G1 X108.788 Y149.926 E90.72578
G1 X109.075 Y149.565 E90.74725
G1 X109.392 Y149.27 E90.76741
G1 X109.78 Y149.02 E90.78891
G1 X110.187 Y148.845 E90.80954
G1 X110.622 Y148.74 E90.83037
G1 X111.07 Y148.704 E90.8513
G1 X111.508 Y148.745 E90.87178
G1 X111.916 Y148.845 E90.89135
G1 X112.35 Y149.036 E90.91342
G1 X112.708 Y149.27 E90.93334
G1 X113.04 Y149.58 E90.95449
G1 X113.312 Y149.926 E90.97498
G1 X113.524 Y150.32 E90.99582
G1 X113.667 Y150.739 E91.01643
G1 X113.74 Y151.189 E91.03766
G1 X113.738 Y151.65 E91.05913
G1 X113.662 Y152.08 E91.07946
G1 X113.527 Y152.482 E91.09921
G1 X113.31 Y152.885 E91.12052
G1 X113.039 Y153.233 E91.14106
G1 X112.707 Y153.539 E91.16208
G1 X112.322 Y153.787 E91.18341
G1 X111.917 Y153.966 E91.20402
G1 X111.492 Y154.067 E91.22437
G1 X111.034 Y154.104 E91.24576
G1 F1500 E87.24576
G0 F7500 X111.009 Y154.403
G0 X110.098 Y154.188
G0 X108.297 Y153.197
G0 X72.491 Y146.099
G0 X71.322 Y146.287
G1 F1500 E91.24576
G1 F1470 X70.92 Y146.465 E91.26623
G1 X70.499 Y146.566 E91.28639
G1 X70.034 Y146.604 E91.30812
G1 X69.588 Y146.563 E91.32897
G1 X69.159 Y146.456 E91.34956
G1 X68.745 Y146.272 E91.37066
G1 X68.397 Y146.042 E91.39008
G1 X68.054 Y145.724 E91.41186
G1 X67.783 Y145.374 E91.43247
G1 X67.575 Y144.99 E91.45281
G1 X67.43 Y144.573 E91.47336
G1 X67.36 Y144.132 E91.49416
G1 X67.362 Y143.667 E91.51581
G1 X67.435 Y143.232 E91.53635
G1 X67.575 Y142.822 E91.55652
G1 X67.787 Y142.427 E91.5774
G1 X68.075 Y142.065 E91.59894
G1 X68.406 Y141.76 E91.61989
G1 X68.761 Y141.529 E91.63962
G1 X69.187 Y141.345 E91.66122
G1 X69.605 Y141.242 E91.68127
G1 X70.07 Y141.204 E91.70299
G1 X70.508 Y141.245 E91.72348
G1 X70.916 Y141.345 E91.74304
G1 X71.35 Y141.536 E91.76512
G1 X71.721 Y141.781 E91.78582
G1 X72.05 Y142.092 E91.8069
G1 X72.321 Y142.441 E91.82748
G1 X72.53 Y142.835 E91.84824
G1 X72.67 Y143.255 E91.86886
G1 X72.738 Y143.667 E91.8883
G1 X72.74 Y144.134 E91.91005
G1 X72.67 Y144.55 E91.92969
G1 X72.526 Y144.984 E91.95098
G1 X72.31 Y145.385 E91.97219
G1 X72.037 Y145.735 E91.99286
G1 X71.711 Y146.036 E92.01352
G1 X71.322 Y146.287 E92.03508
G1 F1500 E88.03508
G0 F7500 X71.137 Y146.916
G0 X69.568 Y146.807
G0 X69.098 Y146.688
G0 X68.652 Y146.493
G0 X68.245 Y146.227
G0 X67.889 Y145.898
G0 X67.59 Y145.514
G0 X67.359 Y145.087
G0 X67.201 Y144.628
G0 X67.121 Y144.149
G0 X67.299 Y142.113
G0 X39.452 Y120.642
G0 X38.707 Y120.539
G1 F1500 E92.03508
G1 F1470 X38.331 Y120.783 E92.05595
G1 X37.935 Y120.96 E92.07615
G1 X37.492 Y121.067 E92.09737
G1 X37.034 Y121.104 E92.11876
G1 X36.604 Y121.066 E92.13887
G1 X36.159 Y120.956 E92.16021
G1 X35.745 Y120.772 E92.18131
G1 X35.38 Y120.528 E92.20175
G1 X35.054 Y120.224 E92.22251
G1 X34.78 Y119.868 E92.24342
G1 X34.571 Y119.478 E92.26403
G1 X34.426 Y119.052 E92.28498
G1 X34.362 Y118.648 E92.30403
G1 X34.362 Y118.167 E92.32642
G1 X34.438 Y117.723 E92.3474
G1 X34.583 Y117.305 E92.368
G1 X34.788 Y116.925 E92.38811
G1 X35.075 Y116.565 E92.40955
G1 X35.392 Y116.27 E92.42971
G1 X35.78 Y116.02 E92.4512
G1 X36.187 Y115.845 E92.47183
G1 X36.622 Y115.74 E92.49267
G1 X37.07 Y115.704 E92.5136
G1 X37.508 Y115.745 E92.53408
G1 X37.916 Y115.845 E92.55364
G1 X38.35 Y116.036 E92.57572
G1 X38.708 Y116.27 E92.59563
G1 X39.04 Y116.58 E92.61679
G1 X39.312 Y116.926 E92.63728
G1 X39.524 Y117.32 E92.65811
G1 X39.667 Y117.739 E92.67873
G1 X39.74 Y118.188 E92.69991
G1 X39.738 Y118.65 E92.72142
G1 X39.668 Y119.06 E92.74079
G1 X39.522 Y119.493 E92.76207
G1 X39.309 Y119.886 E92.78288
G1 X39.036 Y120.236 E92.80355
G1 X38.707 Y120.539 E92.82438
G1 F1500 E88.82438
G0 F7500 X38.87 Y120.791
G0 X38.141 Y121.503
G0 X34.072 Y195.814
G0 X34.522 Y199.493
G1 F1500 E92.82438
G1 F1470 X34.309 Y199.886 E92.84519
G1 X34.04 Y200.232 E92.8656
G1 X33.694 Y200.548 E92.88742
G1 X33.336 Y200.78 E92.90728
G1 X32.929 Y200.962 E92.92804
G1 X32.497 Y201.066 E92.94873
G1 X32.034 Y201.104 E92.97037
G1 X31.604 Y201.066 E92.99047
G1 X31.159 Y200.956 E93.01181
G1 X30.745 Y200.772 E93.03291
G1 X30.38 Y200.528 E93.05335
G1 X30.054 Y200.224 E93.07411
G1 X29.78 Y199.868 E93.09503
G1 X29.571 Y199.478 E93.11563
G1 X29.426 Y199.052 E93.13658
G1 X29.362 Y198.648 E93.15563
G1 X29.362 Y198.167 E93.17803
G1 X29.438 Y197.723 E93.199
G1 X29.583 Y197.305 E93.2196
G1 X29.779 Y196.941 E93.23885
G1 X30.075 Y196.565 E93.26114
G1 X30.406 Y196.26 E93.28209
G1 X30.78 Y196.02 E93.30279
G1 X31.187 Y195.845 E93.32342
G1 X31.607 Y195.742 E93.34355
G1 X32.07 Y195.704 E93.36518
G1 X32.494 Y195.742 E93.38501
G1 X32.942 Y195.853 E93.4065
G1 X33.337 Y196.028 E93.42662
G1 X33.721 Y196.281 E93.44803
G1 X34.05 Y196.592 E93.46911
G1 X34.321 Y196.941 E93.48968
G1 X34.53 Y197.335 E93.51045
G1 X34.67 Y197.755 E93.53107
G1 X34.74 Y198.192 E93.55167
G1 X34.738 Y198.65 E93.573
G1 X34.668 Y199.06 E93.59237
G1 X34.522 Y199.493 E93.61365
G1 F1500 E89.61365
G0 F7500 X34.786 Y199.636
G0 X34.982 Y198.649
G0 X34.982 Y198.164
G0 X34.902 Y197.684
G0 X34.072 Y195.814
G0 X38.141 Y121.503
G0 X39.192 Y121.121
;TYPE:SKIN
G1 F1500 E93.61365
G1 F1470 X39.579 Y120.769 E93.63801
G1 X39.929 Y120.323 E93.6644
G1 X40.226 Y119.773 E93.69351
G1 X40.408 Y119.223 E93.72049
G1 X40.494 Y118.692 E93.74553
G1 X40.496 Y118.097 E93.77324
G1 X40.407 Y117.56 E93.79859
G1 X40.224 Y117.011 E93.82553
G1 X39.948 Y116.514 E93.852
G1 X39.607 Y116.073 E93.87796
G1 X39.193 Y115.685 E93.90438
G1 X38.711 Y115.361 E93.93143
G1 X38.156 Y115.121 E93.95958
G1 X37.599 Y114.988 E93.98625
G1 X37.071 Y114.94 E94.01093
G1 X36.469 Y114.994 E94.03908
G1 X35.944 Y115.121 E94.06423
G1 X35.407 Y115.352 E94.09145
G1 X34.934 Y115.66 E94.11773
G1 X34.515 Y116.045 E94.14423
G1 X34.158 Y116.496 E94.17101
G1 X33.884 Y116.987 E94.19719
G1 X33.694 Y117.539 E94.22438
G1 X33.602 Y118.1 E94.25085
G1 X33.602 Y118.707 E94.27911
G1 X33.682 Y119.231 E94.3038
G1 X33.875 Y119.791 E94.33138
G1 X34.14 Y120.284 E94.35744
G1 X34.494 Y120.74 E94.38432
G1 X34.916 Y121.132 E94.41114
G1 X35.397 Y121.449 E94.43796
G1 X35.915 Y121.676 E94.4643
G1 X36.484 Y121.818 E94.49161
G1 X37.084 Y121.864 E94.51963
G1 X37.607 Y121.817 E94.54408
G1 X38.207 Y121.668 E94.57286
G1 X38.747 Y121.421 E94.60051
G1 X39.192 Y121.121 E94.6255
G1 F1500 E90.6255
G0 F7500 X39.04 Y120.914
G0 X39.452 Y120.642
G0 X39.45 Y218.623
G0 X157.092 Y218.443
G1 F1500 E94.6255
G1 F1470 X23.013 Y218.439 E100.86878
G1 X23.012 Y104.364 E106.18059
G1 X66.512 Y104.364 E108.20614
G1 X66.518 Y136.573 E109.70592
G1 X66.662 Y136.921 E109.72346
G1 X66.869 Y137.149 E109.7378
G1 X67.122 Y137.296 E109.75142
G1 X67.38 Y137.356 E109.76376
G1 X157.092 Y137.364 E113.94112
G1 X157.092 Y218.443 E117.7165
G1 F1500 E113.7165
G0 F7500 X157.09 Y218.703
G0 X157.252 Y173.988
G0 X153.836 Y173.252
G0 X149.747 Y174.066
G1 F1500 E117.7165
G1 F1470 X150.29 Y174.301 E117.74405
G1 X150.853 Y174.444 E117.7711
G1 X151.401 Y174.496 E117.79673
G1 X151.974 Y174.448 E117.82351
G1 X152.546 Y174.301 E117.85101
G1 X153.058 Y174.085 E117.87688
G1 X153.523 Y173.779 E117.9028
G1 X153.957 Y173.379 E117.93029
G1 X154.306 Y172.94 E117.9564
G1 X154.594 Y172.413 E117.98437
G1 X154.782 Y171.859 E118.01161
G1 X154.868 Y171.3 E118.03794
G1 X154.866 Y170.727 E118.06462
G1 X154.77 Y170.158 E118.09149
G1 X154.593 Y169.65 E118.11654
G1 X154.328 Y169.156 E118.14265
G1 X153.956 Y168.672 E118.17107
G1 X153.56 Y168.308 E118.19612
G1 X153.074 Y167.988 E118.22321
G1 X152.561 Y167.76 E118.24935
G1 X152 Y167.621 E118.27627
G1 X151.434 Y167.568 E118.30274
G1 X150.881 Y167.616 E118.32858
G1 X150.303 Y167.753 E118.35624
G1 X149.753 Y167.993 E118.38418
G1 X149.305 Y168.282 E118.40901
G1 X148.852 Y168.7 E118.43771
G1 X148.501 Y169.162 E118.46473
G1 X148.242 Y169.655 E118.49066
G1 X148.074 Y170.134 E118.5143
G1 X147.97 Y170.734 E118.54265
G1 X147.968 Y171.332 E118.5705
G1 X148.061 Y171.897 E118.59716
G1 X148.227 Y172.374 E118.62068
G1 X148.503 Y172.902 E118.64842
G1 X148.862 Y173.364 E118.67566
G1 X149.253 Y173.728 E118.70054
G1 X149.747 Y174.066 E118.72841
G1 F1500 E114.72841
G0 F7500 X149.867 Y173.836
G0 X148.958 Y172.642
G0 X148.726 Y172.214
G0 X148.569 Y171.755
G0 X148.489 Y171.276
G0 X148.489 Y170.791
G0 X148.569 Y170.311
G0 X148.727 Y169.852
G0 X149.842 Y168.152
G0 X148.53 Y154.684
G0 X147.409 Y154.676
G1 F1500 E118.72841
G1 F1470 X147.96 Y154.811 E118.75483
G1 X148.512 Y154.864 E118.78065
G1 X149.095 Y154.819 E118.80787
G1 X149.689 Y154.676 E118.83632
G1 X150.181 Y154.46 E118.86134
G1 X150.662 Y154.148 E118.88804
G1 X151.088 Y153.76 E118.91487
G1 X151.443 Y153.307 E118.94167
G1 X151.713 Y152.811 E118.96797
G1 X151.914 Y152.223 E118.9969
G1 X151.998 Y151.722 E119.02056
G1 X151.998 Y151.099 E119.04957
G1 X151.91 Y150.567 E119.07467
G1 X151.725 Y150.026 E119.1013
G1 X151.441 Y149.491 E119.1295
G1 X151.085 Y149.045 E119.15607
G1 X150.697 Y148.685 E119.18072
G1 X150.211 Y148.361 E119.20792
G1 X149.691 Y148.135 E119.23432
G1 X149.102 Y147.988 E119.26259
G1 X148.57 Y147.94 E119.28746
G1 X147.985 Y147.992 E119.31481
G1 X147.411 Y148.132 E119.34232
G1 X146.908 Y148.352 E119.36788
G1 X146.434 Y148.66 E119.3942
G1 X146.02 Y149.036 E119.42025
G1 X145.643 Y149.511 E119.44848
G1 X145.376 Y150.02 E119.47525
G1 X145.189 Y150.559 E119.50181
G1 X145.104 Y151.096 E119.52713
G1 X145.1 Y151.678 E119.55423
G1 X145.182 Y152.231 E119.58026
G1 X145.392 Y152.825 E119.6096
G1 X145.652 Y153.297 E119.63469
G1 X146.028 Y153.78 E119.66319
G1 X146.403 Y154.122 E119.68683
G1 X146.902 Y154.452 E119.71468
G1 X147.409 Y154.676 E119.74049
G1 F1500 E115.74049
G0 F7500 X147.481 Y154.423
G0 X147.006 Y154.303
G0 X112.616 Y154.289
G0 X111.065 Y154.864
G1 F1500 E119.74049
G1 F1470 X111.567 Y154.82 E119.76396
G1 X112.181 Y154.679 E119.79329
G1 X112.693 Y154.448 E119.81945
G1 X113.176 Y154.136 E119.84622
G1 X113.566 Y153.778 E119.87087
G1 X113.949 Y153.298 E119.89947
G1 X114.225 Y152.776 E119.92696
G1 X114.39 Y152.293 E119.95073
G1 X114.494 Y151.707 E119.97844
G1 X114.496 Y151.101 E120.00666
G1 X114.407 Y150.56 E120.03219
G1 X114.216 Y149.995 E120.05996
G1 X113.948 Y149.51 E120.08576
G1 X113.606 Y149.072 E120.11164
G1 X113.193 Y148.685 E120.13799
G1 X112.68 Y148.344 E120.16668
G1 X112.156 Y148.121 E120.19319
G1 X111.599 Y147.988 E120.21986
G1 X111.071 Y147.94 E120.24455
G1 X110.485 Y147.992 E120.27194
G1 X109.944 Y148.121 E120.29784
G1 X109.408 Y148.352 E120.32502
G1 X108.934 Y148.66 E120.35134
G1 X108.52 Y149.036 E120.37738
G1 X108.154 Y149.496 E120.40475
G1 X107.876 Y150.02 E120.43237
G1 X107.689 Y150.559 E120.45894
G1 X107.606 Y151.076 E120.48332
G1 X107.604 Y151.707 E120.5127
G1 X107.688 Y152.256 E120.53856
G1 X107.858 Y152.75 E120.56289
G1 X108.139 Y153.291 E120.59128
G1 X108.511 Y153.758 E120.61908
G1 X108.933 Y154.145 E120.64574
G1 X109.407 Y154.453 E120.67206
G1 X109.95 Y154.685 E120.69956
G1 X110.501 Y154.819 E120.72596
G1 X111.065 Y154.864 E120.75231
G1 F1500 E116.75231
G0 F7500 X111.084 Y154.605
G0 X109.924 Y154.109
G0 X108.297 Y153.197
G0 X72.491 Y146.099
G0 X71.662 Y146.963
G1 F1500 E120.75231
G1 F1470 X72.173 Y146.634 E120.78061
G1 X72.61 Y146.226 E120.80845
G1 X72.946 Y145.803 E120.8336
G1 X73.214 Y145.308 E120.85981
G1 X73.398 Y144.765 E120.88651
G1 X73.496 Y144.207 E120.91289
G1 X73.498 Y143.599 E120.9412
G1 X73.41 Y143.067 E120.96631
G1 X73.23 Y142.527 E120.99281
G1 X72.956 Y142.02 E121.01965
G1 X72.605 Y141.571 E121.04618
G1 X72.166 Y141.16 E121.07419
G1 X71.706 Y140.86 E121.09976
G1 X71.193 Y140.632 E121.1259
G1 X70.64 Y140.493 E121.15245
G1 X70.07 Y140.44 E121.17911
G1 X69.489 Y140.492 E121.20627
G1 X68.937 Y140.621 E121.23266
G1 X68.382 Y140.867 E121.26093
G1 X67.924 Y141.164 E121.28635
G1 X67.511 Y141.549 E121.31264
G1 X67.144 Y142.019 E121.34041
G1 X66.879 Y142.502 E121.36606
G1 X66.699 Y143.029 E121.39199
G1 X66.602 Y143.603 E121.4191
G1 X66.6 Y144.148 E121.44448
G1 X66.684 Y144.736 E121.47213
G1 X66.881 Y145.305 E121.50017
G1 X67.172 Y145.828 E121.52804
G1 X67.507 Y146.255 E121.55331
G1 X67.937 Y146.648 E121.58044
G1 X68.391 Y146.943 E121.60565
G1 X68.935 Y147.181 E121.6333
G1 X69.505 Y147.319 E121.66061
G1 X70.073 Y147.364 E121.68714
G1 X70.628 Y147.312 E121.71309
G1 X71.164 Y147.183 E121.73877
G1 X71.662 Y146.963 E121.76412
G1 F1500 E117.76412
G0 F7500 X71.137 Y146.916
G0 X69.551 Y147.145
G0 X35.223 Y197.573
G0 X35.226 Y199.777
G1 F1500 E121.76412
G1 F1470 X35.408 Y199.242 E121.79043
G1 X35.5 Y198.655 E121.8181
G1 X35.496 Y198.122 E121.84292
G1 X35.402 Y197.551 E121.86986
G1 X35.23 Y197.032 E121.89532
G1 X34.923 Y196.474 E121.92498
G1 X34.589 Y196.055 E121.94993
G1 X34.188 Y195.676 E121.97562
G1 X33.707 Y195.364 E122.00232
G1 X33.139 Y195.116 E122.03118
G1 X32.621 Y194.994 E122.05596
G1 X32.07 Y194.944 E122.08172
G1 X31.499 Y194.988 E122.10839
G1 X30.944 Y195.121 E122.13496
G1 X30.416 Y195.348 E122.16172
G1 X29.926 Y195.664 E122.18887
G1 X29.494 Y196.064 E122.21629
G1 X29.162 Y196.488 E122.24136
G1 X28.87 Y197.027 E122.26991
G1 X28.698 Y197.535 E122.29488
G1 X28.602 Y198.099 E122.32152
G1 X28.602 Y198.707 E122.34983
G1 X28.682 Y199.231 E122.37451
G1 X28.875 Y199.791 E122.4021
G1 X29.157 Y200.311 E122.42964
G1 X29.512 Y200.764 E122.45644
G1 X29.908 Y201.128 E122.48149
G1 X30.373 Y201.439 E122.50753
G1 X30.947 Y201.687 E122.53665
G1 X31.463 Y201.815 E122.56141
G1 X32.031 Y201.864 E122.58795
G1 X32.614 Y201.816 E122.61519
G1 X33.169 Y201.682 E122.64178
G1 X33.717 Y201.437 E122.66973
G1 X34.18 Y201.138 E122.69539
G1 X34.606 Y200.736 E122.72267
G1 X34.933 Y200.319 E122.74734
G1 X35.226 Y199.777 E122.77603
G1 F1500 E118.77603
G0 F7500 X34.993 Y199.666
G0 X34.982 Y198.164
G0 X34.902 Y197.684
G0 X34.072 Y195.814
G0 X22.853 Y195.814
G0 X23.212 Y104.633
G1 F1500 E122.77603
G1 F1470 X23.281 Y104.564 E122.78057
G0 F7500 X23.846 Y104.564
G1 F1470 X23.212 Y105.198 E122.82232
G0 F7500 X23.212 Y105.764
G1 F1470 X24.412 Y104.564 E122.90135
G0 F7500 X24.978 Y104.564
G1 F1470 X23.212 Y106.33 E123.01764
G0 F7500 X23.212 Y106.895
G1 F1470 X25.544 Y104.564 E123.17117
G0 F7500 X26.109 Y104.564
G1 F1470 X23.212 Y107.461 E123.36195
G0 F7500 X23.212 Y108.027
G1 F1470 X26.675 Y104.564 E123.58999
G0 F7500 X27.241 Y104.564
G1 F1470 X23.212 Y108.593 E123.85531
G0 F7500 X23.212 Y109.158
G1 F1470 X27.806 Y104.564 E124.15783
G0 F7500 X28.372 Y104.564
G1 F1470 X23.212 Y109.724 E124.49762
G0 F7500 X23.212 Y110.29
G1 F1470 X28.938 Y104.564 E124.87469
G0 F7500 X29.503 Y104.564
G1 F1470 X23.212 Y110.855 E125.28896
G0 F7500 X23.212 Y111.421
G1 F1470 X30.069 Y104.564 E125.74051
G0 F7500 X30.635 Y104.564
G1 F1470 X23.212 Y111.987 E126.22933
G0 F7500 X23.212 Y112.552
G1 F1470 X31.2 Y104.564 E126.75535
G0 F7500 X31.766 Y104.564
G1 F1470 X23.212 Y113.118 E127.31865
G0 F7500 X23.212 Y113.684
G1 F1470 X32.332 Y104.564 E127.91921
G0 F7500 X32.897 Y104.564
G1 F1470 X23.212 Y114.249 E128.55699
G0 F7500 X23.212 Y114.815
G1 F1470 X33.463 Y104.564 E129.23203
G0 F7500 X34.029 Y104.564
G1 F1470 X23.212 Y115.381 E129.94435
G0 F7500 X23.212 Y115.946
G1 F1470 X34.594 Y104.564 E130.69388
G0 F7500 X35.16 Y104.564
G1 F1470 X23.212 Y116.512 E131.48067
G0 F7500 X23.212 Y117.078
G1 F1470 X35.726 Y104.564 E132.30474
G0 F7500 X36.292 Y104.564
G1 F1470 X23.212 Y117.643 E133.16605
G0 F7500 X23.212 Y118.209
G1 F1470 X36.857 Y104.564 E134.06459
G0 F7500 X37.423 Y104.564
G1 F1470 X23.212 Y118.775 E135.00041
G0 F7500 X23.212 Y119.341
G1 F1470 X37.989 Y104.564 E135.9735
G0 F7500 X38.554 Y104.564
G1 F1470 X23.212 Y119.906 E136.9838
G0 F7500 X23.212 Y120.472
G1 F1470 X39.12 Y104.564 E138.03137
G0 F7500 X39.686 Y104.564
G1 F1470 X23.212 Y121.038 E139.11621
G0 F7500 X23.212 Y121.603
G1 F1470 X40.251 Y104.564 E140.23826
G0 F7500 X40.817 Y104.564
G1 F1470 X23.212 Y122.169 E141.39758
G0 F7500 X23.212 Y122.735
G1 F1470 X41.383 Y104.564 E142.59417
G0 F7500 X41.948 Y104.564
G1 F1470 X23.212 Y123.3 E143.82797
G0 F7500 X23.212 Y123.866
G1 F1470 X42.514 Y104.564 E145.09904
G0 F7500 X43.08 Y104.564
G1 F1470 X23.212 Y124.432 E146.40738
G0 F7500 X23.212 Y124.997
G1 F1470 X43.645 Y104.564 E147.75292
G0 F7500 X44.211 Y104.564
G1 F1470 X23.212 Y125.563 E149.13574
G0 F7500 X23.212 Y126.129
G1 F1470 X44.777 Y104.564 E150.55584
G0 F7500 X45.343 Y104.564
G1 F1470 X23.212 Y126.694 E152.01317
G0 F7500 X23.212 Y127.26
G1 F1470 X33.864 Y116.608 E152.71462
G0 F7500 X34.27 Y116.831
G0 X33.944 Y117.627
G0 X33.486 Y117.552
G1 F1470 X23.212 Y127.826 E153.39118
G0 F7500 X23.212 Y128.391
G1 F1470 X33.404 Y118.2 E154.06231
G0 F7500 X33.407 Y118.762
G1 F1470 X23.212 Y128.957 E154.73367
G0 F7500 X23.212 Y129.523
G1 F1470 X33.483 Y119.252 E155.41003
G0 F7500 X33.623 Y119.678
G1 F1470 X23.212 Y130.089 E156.09561
G0 F7500 X23.212 Y130.654
G1 F1470 X33.798 Y120.068 E156.79272
G0 F7500 X34.003 Y120.429
G1 F1470 X23.212 Y131.22 E157.50332
G0 F7500 X23.212 Y131.786
G1 F1470 X34.252 Y120.746 E158.23033
G0 F7500 X34.523 Y121.04
G1 F1470 X23.212 Y132.351 E158.97518
G0 F7500 X23.212 Y132.917
G1 F1470 X34.821 Y121.308 E159.73965
G0 F7500 X35.162 Y121.533
G1 F1470 X23.212 Y133.483 E160.52658
G0 F7500 X23.212 Y134.048
G1 F1470 X35.534 Y121.726 E161.338
G0 F7500 X35.937 Y121.889
G1 F1470 X23.212 Y134.614 E162.17596
G0 F7500 X23.212 Y135.18
G1 F1470 X36.391 Y122.001 E163.04382
G0 F7500 X36.907 Y122.05
G1 F1470 X23.212 Y135.745 E163.94566
G0 F7500 X23.212 Y136.311
G1 F1470 X37.497 Y122.026 E164.88635
G0 F7500 X38.22 Y121.869
G1 F1470 X23.212 Y136.877 E165.87466
G0 F7500 X23.212 Y137.442
G1 F1470 X56.091 Y104.564 E168.03976
G0 F7500 X56.656 Y104.564
G1 F1470 X23.212 Y138.008 E170.24211
G0 F7500 X23.212 Y138.574
G1 F1470 X57.222 Y104.564 E172.48172
G0 F7500 X57.788 Y104.564
G1 F1470 X23.212 Y139.14 E174.75861
G0 F7500 X23.212 Y139.705
G1 F1470 X58.353 Y104.564 E177.07271
G0 F7500 X58.919 Y104.564
G1 F1470 X23.212 Y140.271 E179.42407
G0 F7500 X23.212 Y140.837
G1 F1470 X59.485 Y104.564 E181.81271
G0 F7500 X60.05 Y104.564
G1 F1470 X23.212 Y141.402 E184.23856
G0 F7500 X23.212 Y141.968
G1 F1470 X60.616 Y104.564 E186.70167
G0 F7500 X61.182 Y104.564
G1 F1470 X23.212 Y142.534 E189.20206
G0 F7500 X23.212 Y143.099
G1 F1470 X61.747 Y104.564 E191.73966
G0 F7500 X62.313 Y104.564
G1 F1470 X23.212 Y143.665 E194.31453
G0 F7500 X23.212 Y144.231
G1 F1470 X62.879 Y104.564 E196.92667
G0 F7500 X63.444 Y104.564
G1 F1470 X23.212 Y144.796 E199.57601
G0 F7500 X23.212 Y145.362
G1 F1470 X64.01 Y104.564 E202.26263
G0 F7500 X64.576 Y104.564
G1 F1470 X23.212 Y145.928 E204.98652
G0 F7500 X23.212 Y146.493
G1 F1470 X65.142 Y104.564 E207.74765
G0 F7500 X65.707 Y104.564
G1 F1470 X23.212 Y147.059 E210.54602
G0 F7500 X23.212 Y147.625
G1 F1470 X66.273 Y104.564 E213.38166
G0 F7500 X66.312 Y105.091
G1 F1470 X23.212 Y148.19 E216.21983
G0 F7500 X23.212 Y148.756
G1 F1470 X66.312 Y105.657 E219.05801
G0 F7500 X66.312 Y106.222
G1 F1470 X23.212 Y149.322 E221.89622
G0 F7500 X23.212 Y149.888
G1 F1470 X66.312 Y106.788 E224.73443
G0 F7500 X66.312 Y107.354
G1 F1470 X23.212 Y150.453 E227.5726
G0 F7500 X23.212 Y151.019
G1 F1470 X66.312 Y107.919 E230.41081
G0 F7500 X66.312 Y108.485
G1 F1470 X23.212 Y151.585 E233.24902
G0 F7500 X23.212 Y152.15
G1 F1470 X66.312 Y109.051 E236.0872
G0 F7500 X66.312 Y109.616
G1 F1470 X23.212 Y152.716 E238.9254
G0 F7500 X23.212 Y153.282
G1 F1470 X66.312 Y110.182 E241.76361
G0 F7500 X66.312 Y110.748
G1 F1470 X23.212 Y153.847 E244.60179
G0 F7500 X23.212 Y154.413
G1 F1470 X66.312 Y111.313 E247.44
G0 F7500 X66.312 Y111.879
G1 F1470 X23.212 Y154.979 E250.27821
G0 F7500 X23.212 Y155.544
G1 F1470 X66.312 Y112.445 E253.11638
G0 F7500 X66.312 Y113.011
G1 F1470 X23.212 Y156.11 E255.95456
G0 F7500 X23.212 Y156.676
G1 F1470 X66.312 Y113.576 E258.79277
G0 F7500 X66.312 Y114.142
G1 F1470 X23.212 Y157.241 E261.63094
G0 F7500 X23.212 Y157.807
G1 F1470 X66.312 Y114.708 E264.46912
G0 F7500 X66.312 Y115.273
G1 F1470 X23.212 Y158.373 E267.30733
G0 F7500 X23.212 Y158.939
G1 F1470 X66.312 Y115.839 E270.14553
G0 F7500 X66.312 Y116.405
G1 F1470 X23.212 Y159.504 E272.98371
G0 F7500 X23.212 Y160.07
G1 F1470 X66.312 Y116.97 E275.82192
G0 F7500 X66.312 Y117.536
G1 F1470 X23.212 Y160.636 E278.66013
G0 F7500 X23.212 Y161.201
G1 F1470 X66.312 Y118.102 E281.4983
G0 F7500 X66.312 Y118.667
G1 F1470 X23.213 Y161.766 E284.33645
G0 F7500 X23.213 Y162.332
G1 F1470 X66.312 Y119.233 E287.17459
G0 F7500 X66.312 Y119.799
G1 F1470 X23.213 Y162.898 E290.01273
G0 F7500 X23.213 Y163.463
G1 F1470 X66.312 Y120.364 E292.85087
G0 F7500 X66.312 Y120.93
G1 F1470 X23.213 Y164.029 E295.68902
G0 F7500 X23.213 Y164.595
G1 F1470 X66.312 Y121.496 E298.52716
G0 F7500 X66.312 Y122.061
G1 F1470 X23.213 Y165.16 E301.3653
G0 F7500 X23.213 Y165.726
G1 F1470 X66.312 Y122.627 E304.20344
G0 F7500 X66.312 Y123.193
G1 F1470 X23.213 Y166.292 E307.04159
G0 F7500 X23.213 Y166.857
G1 F1470 X66.312 Y123.759 E309.8797
G0 F7500 X66.312 Y124.324
G1 F1470 X23.213 Y167.423 E312.71784
G0 F7500 X23.213 Y167.989
G1 F1470 X66.312 Y124.89 E315.55598
G0 F7500 X66.312 Y125.456
G1 F1470 X23.213 Y168.554 E318.39409
G0 F7500 X23.213 Y169.12
G1 F1470 X66.312 Y126.021 E321.23224
G0 F7500 X66.312 Y126.587
G1 F1470 X23.213 Y169.686 E324.07038
G0 F7500 X23.213 Y170.252
G1 F1470 X66.312 Y127.153 E326.90852
G0 F7500 X66.312 Y127.718
G1 F1470 X23.213 Y170.817 E329.74666
G0 F7500 X23.213 Y171.383
G1 F1470 X66.312 Y128.284 E332.58481
G0 F7500 X66.312 Y128.85
G1 F1470 X23.213 Y171.949 E335.42295
G0 F7500 X23.213 Y172.514
G1 F1470 X66.312 Y129.415 E338.26109
G0 F7500 X66.312 Y129.981
G1 F1470 X23.213 Y173.08 E341.09923
G0 F7500 X23.213 Y173.646
G1 F1470 X66.312 Y130.547 E343.93738
G0 F7500 X66.312 Y131.112
G1 F1470 X23.213 Y174.211 E346.77552
G0 F7500 X23.213 Y174.777
G1 F1470 X66.312 Y131.678 E349.61366
G0 F7500 X66.312 Y132.244
G1 F1470 X23.213 Y175.343 E352.45181
G0 F7500 X23.213 Y175.908
G1 F1470 X66.312 Y132.81 E355.28992
G0 F7500 X66.312 Y133.375
G1 F1470 X23.213 Y176.474 E358.12806
G0 F7500 X23.213 Y177.04
G1 F1470 X66.312 Y133.941 E360.9662
G0 F7500 X66.312 Y134.507
G1 F1470 X23.213 Y177.605 E363.80431
G0 F7500 X23.213 Y178.171
G1 F1470 X66.312 Y135.072 E366.64245
G0 F7500 X66.312 Y135.638
G1 F1470 X23.213 Y178.737 E369.4806
G0 F7500 X23.213 Y179.302
G1 F1470 X66.312 Y136.204 E372.31871
G0 F7500 X66.361 Y136.72
G1 F1470 X23.213 Y179.868 E375.16008
G0 F7500 X23.213 Y180.434
G1 F1470 X66.548 Y137.099 E378.01376
G0 F7500 X66.843 Y137.37
G1 F1470 X23.213 Y181 E380.88687
G0 F7500 X23.213 Y181.565
G1 F1470 X67.249 Y137.529 E383.78672
G0 F7500 X67.784 Y137.56
G1 F1470 X23.213 Y182.131 E386.72179
G0 F7500 X23.213 Y182.697
G1 F1470 X68.35 Y137.56 E389.69414
G0 F7500 X68.915 Y137.56
G1 F1470 X23.213 Y183.262 E392.7037
G0 F7500 X23.213 Y183.828
G1 F1470 X69.481 Y137.56 E395.75052
G0 F7500 X70.047 Y137.56
G1 F1470 X23.213 Y184.394 E398.83462
G0 F7500 X23.213 Y184.959
G1 F1470 X70.612 Y137.56 E401.95593
G0 F7500 X71.178 Y137.56
G1 F1470 X23.213 Y185.525 E405.1145
G0 F7500 X23.213 Y186.091
G1 F1470 X66.597 Y142.706 E407.97145
G0 F7500 X66.426 Y143.443
G1 F1470 X23.213 Y186.656 E410.8171
G0 F7500 X23.213 Y187.222
G1 F1470 X66.402 Y144.033 E413.66117
G0 F7500 X66.456 Y144.545
G1 F1470 X23.213 Y187.788 E416.50879
G0 F7500 X23.213 Y188.353
G1 F1470 X66.563 Y145.003 E419.36346
G0 F7500 X66.714 Y145.418
G1 F1470 X23.213 Y188.919 E422.22808
G0 F7500 X23.213 Y189.485
G1 F1470 X66.917 Y145.781 E425.10606
G0 F7500 X67.145 Y146.118
G1 F1470 X23.213 Y190.051 E427.99909
G0 F7500 X23.213 Y190.616
G1 F1470 X67.401 Y146.428 E430.90895
G0 F7500 X67.696 Y146.698
G1 F1470 X23.213 Y191.182 E433.83826
G0 F7500 X23.213 Y191.748
G1 F1470 X68.022 Y146.939 E436.78901
G0 F7500 X68.374 Y147.152
G1 F1470 X23.213 Y192.313 E439.76294
G0 F7500 X23.213 Y192.879
G1 F1470 X68.768 Y147.324 E442.76281
G0 F7500 X69.206 Y147.452
G1 F1470 X23.213 Y193.445 E445.79153
G0 F7500 X23.213 Y194.01
G1 F1470 X69.688 Y147.535 E448.85199
G0 F7500 X70.242 Y147.547
G1 F1470 X23.213 Y194.576 E451.94893
G0 F7500 X23.213 Y195.142
G1 F1470 X70.903 Y147.452 E455.0894
G0 F7500 X71.817 Y147.103
G1 F1470 X23.213 Y195.707 E458.29005
G0 F7500 X23.213 Y196.273
G1 F1470 X81.926 Y137.56 E462.1564
G0 F7500 X82.491 Y137.561
G1 F1470 X23.213 Y196.839 E466.05996
G0 F7500 X23.213 Y197.404
G1 F1470 X83.057 Y137.561 E470.00076
G0 F7500 X83.622 Y137.561
G1 F1470 X23.213 Y197.97 E473.97879
G0 F7500 X23.213 Y198.536
G1 F1470 X84.188 Y137.561 E477.9941
G0 F7500 X84.754 Y137.561
G1 F1470 X23.213 Y199.101 E482.04665
G0 F7500 X23.213 Y199.667
G1 F1470 X85.32 Y137.561 E486.13647
G0 F7500 X85.885 Y137.561
G1 F1470 X23.213 Y200.233 E490.26353
G0 F7500 X23.213 Y200.799
G1 F1470 X86.451 Y137.561 E494.42786
G0 F7500 X87.017 Y137.561
G1 F1470 X23.213 Y201.364 E498.62943
G0 F7500 X23.213 Y201.93
G1 F1470 X87.582 Y137.561 E502.86824
G0 F7500 X88.148 Y137.561
G1 F1470 X30.693 Y195.016 E506.65175
G0 F7500 X31.485 Y194.789
G1 F1470 X88.714 Y137.561 E510.42034
G0 F7500 X89.279 Y137.561
G1 F1470 X32.093 Y194.747 E514.18614
G0 F7500 X32.61 Y194.796
G1 F1470 X89.845 Y137.561 E517.95516
G0 F7500 X90.411 Y137.561
G1 F1470 X33.074 Y194.898 E521.7309
G0 F7500 X33.488 Y195.049
G1 F1470 X90.976 Y137.561 E525.51658
G0 F7500 X91.542 Y137.561
G1 F1470 X33.869 Y195.234 E529.31445
G0 F7500 X34.212 Y195.456
G1 F1470 X92.108 Y137.561 E533.12696
G0 F7500 X92.673 Y137.561
G1 F1470 X34.519 Y195.715 E536.9565
G0 F7500 X34.801 Y195.999
G1 F1470 X93.239 Y137.561 E540.80475
G0 F7500 X93.805 Y137.561
G1 F1470 X35.052 Y196.313 E544.6737
G0 F7500 X35.261 Y196.67
G1 F1470 X94.37 Y137.561 E548.56613
G0 F7500 X94.936 Y137.561
G1 F1470 X35.445 Y197.052 E552.48371
G0 F7500 X35.589 Y197.473
G1 F1470 X95.502 Y137.561 E556.42905
G0 F7500 X96.068 Y137.561
G1 F1470 X35.671 Y197.957 E560.40626
G0 F7500 X35.699 Y198.495
G1 F1470 X96.633 Y137.561 E564.41887
G0 F7500 X97.199 Y137.561
G1 F1470 X35.628 Y199.132 E568.47343
G0 F7500 X35.34 Y199.985
G1 F1470 X97.764 Y137.561 E572.58415
G0 F7500 X98.33 Y137.561
G1 F1470 X23.213 Y212.678 E577.53074
G0 F7500 X23.213 Y213.244
G1 F1470 X98.895 Y137.561 E582.51456
G0 F7500 X99.461 Y137.561
G1 F1470 X23.213 Y213.809 E587.53562
G0 F7500 X23.213 Y214.375
G1 F1470 X100.027 Y137.561 E592.59395
G0 F7500 X100.592 Y137.561
G1 F1470 X23.213 Y214.941 E597.68952
G0 F7500 X23.213 Y215.506
G1 F1470 X101.158 Y137.561 E602.82234
G0 F7500 X101.724 Y137.561
G1 F1470 X23.213 Y216.072 E607.99242
G0 F7500 X23.213 Y216.638
G1 F1470 X102.289 Y137.561 E613.19974
G0 F7500 X102.855 Y137.561
G1 F1470 X23.213 Y217.203 E618.4443
G0 F7500 X23.213 Y217.769
G1 F1470 X103.421 Y137.561 E623.72614
G0 F7500 X103.986 Y137.561
G1 F1470 X23.308 Y218.239 E629.03892
G0 F7500 X23.874 Y218.239
G1 F1470 X104.552 Y137.561 E634.35171
G0 F7500 X105.118 Y137.561
G1 F1470 X24.44 Y218.239 E639.66449
G0 F7500 X25.005 Y218.239
G1 F1470 X105.683 Y137.561 E644.97727
G0 F7500 X106.249 Y137.561
G1 F1470 X25.571 Y218.239 E650.29006
G0 F7500 X26.137 Y218.239
G1 F1470 X106.815 Y137.561 E655.60284
G0 F7500 X107.381 Y137.561
G1 F1470 X26.702 Y218.239 E660.91566
G0 F7500 X27.268 Y218.239
G1 F1470 X107.946 Y137.561 E666.22844
G0 F7500 X108.512 Y137.561
G1 F1470 X27.834 Y218.239 E671.54123
G0 F7500 X28.4 Y218.239
G1 F1470 X109.078 Y137.561 E676.85401
G0 F7500 X109.643 Y137.561
G1 F1470 X28.965 Y218.239 E682.1668
G0 F7500 X29.531 Y218.239
G1 F1470 X110.209 Y137.561 E687.47958
G0 F7500 X110.775 Y137.561
G1 F1470 X30.097 Y218.239 E692.79236
G0 F7500 X30.662 Y218.239
G1 F1470 X111.34 Y137.561 E698.10515
G0 F7500 X111.906 Y137.561
G1 F1470 X31.228 Y218.239 E703.41793
G0 F7500 X31.794 Y218.239
G1 F1470 X112.471 Y137.562 E708.73065
G0 F7500 X113.037 Y137.562
G1 F1470 X32.359 Y218.239 E714.0434
G0 F7500 X32.925 Y218.239
G1 F1470 X113.602 Y137.562 E719.35612
G0 F7500 X114.168 Y137.562
G1 F1470 X33.491 Y218.239 E724.66884
G0 F7500 X34.056 Y218.239
G1 F1470 X114.734 Y137.562 E729.98159
G0 F7500 X115.299 Y137.562
G1 F1470 X34.622 Y218.239 E735.29431
G0 F7500 X35.188 Y218.239
G1 F1470 X115.865 Y137.562 E740.60703
G0 F7500 X116.431 Y137.562
G1 F1470 X35.753 Y218.239 E745.91978
G0 F7500 X36.319 Y218.239
G1 F1470 X116.996 Y137.562 E751.23249
G0 F7500 X117.562 Y137.562
G1 F1470 X36.885 Y218.239 E756.54521
G0 F7500 X37.45 Y218.239
G1 F1470 X118.128 Y137.562 E761.85796
G0 F7500 X118.694 Y137.562
G1 F1470 X38.016 Y218.239 E767.17072
G0 F7500 X38.582 Y218.239
G1 F1470 X119.259 Y137.562 E772.48343
G0 F7500 X119.825 Y137.562
G1 F1470 X109.027 Y148.359 E773.19447
G0 F7500 X109.28 Y148.746
G0 X110.172 Y148.335
G0 X110.066 Y147.886
G1 F1470 X120.391 Y137.562 E773.87435
G0 F7500 X120.956 Y137.562
G1 F1470 X110.751 Y147.767 E774.54637
G0 F7500 X111.318 Y147.766
G1 F1470 X121.522 Y137.562 E775.21832
G0 F7500 X122.088 Y137.562
G1 F1470 X111.813 Y147.837 E775.89495
G0 F7500 X112.267 Y147.948
G1 F1470 X122.653 Y137.562 E776.57888
G0 F7500 X123.219 Y137.562
G1 F1470 X112.663 Y148.118 E777.27401
G0 F7500 X113.015 Y148.331
G1 F1470 X123.785 Y137.562 E777.9832
G0 F7500 X124.35 Y137.562
G1 F1470 X113.352 Y148.56 E778.70744
G0 F7500 X113.645 Y148.833
G1 F1470 X124.916 Y137.562 E779.44965
G0 F7500 X125.482 Y137.562
G1 F1470 X113.907 Y149.137 E780.21189
G0 F7500 X114.149 Y149.46
G1 F1470 X126.047 Y137.562 E780.99539
G0 F7500 X126.613 Y137.562
G1 F1470 X114.351 Y149.824 E781.80287
G0 F7500 X114.507 Y150.234
G1 F1470 X127.178 Y137.563 E782.63727
G0 F7500 X127.744 Y137.563
G1 F1470 X114.629 Y150.677 E783.50088
G0 F7500 X114.694 Y151.178
G1 F1470 X128.309 Y137.563 E784.39746
G0 F7500 X128.875 Y137.563
G1 F1470 X114.688 Y151.749 E785.33166
G0 F7500 X114.543 Y152.461
G1 F1470 X129.441 Y137.563 E786.31272
G0 F7500 X130.007 Y137.563
G1 F1470 X113.944 Y153.625 E787.37046
G0 F7500 X113.587 Y153.34
G0 X112.981 Y153.954
G0 X113.231 Y154.338
G1 F1470 X49.329 Y218.24 E791.57852
G0 F7500 X49.895 Y218.24
G1 F1470 X130.572 Y137.563 E796.89124
G0 F7500 X131.138 Y137.563
G1 F1470 X50.461 Y218.24 E802.20396
G0 F7500 X51.026 Y218.24
G1 F1470 X131.704 Y137.563 E807.51671
G0 F7500 X132.269 Y137.563
G1 F1470 X51.592 Y218.24 E812.82942
G0 F7500 X52.158 Y218.24
G1 F1470 X132.835 Y137.563 E818.14214
G0 F7500 X133.401 Y137.563
G1 F1470 X52.723 Y218.24 E823.45489
G0 F7500 X53.289 Y218.24
G1 F1470 X133.966 Y137.563 E828.76761
G0 F7500 X134.532 Y137.563
G1 F1470 X53.855 Y218.24 E834.08033
G0 F7500 X54.42 Y218.24
G1 F1470 X135.098 Y137.563 E839.39308
G0 F7500 X135.663 Y137.563
G1 F1470 X54.986 Y218.24 E844.7058
G0 F7500 X55.552 Y218.24
G1 F1470 X136.229 Y137.563 E850.01852
G0 F7500 X136.795 Y137.563
G1 F1470 X56.117 Y218.24 E855.33127
G0 F7500 X56.683 Y218.24
G1 F1470 X137.36 Y137.563 E860.64399
G0 F7500 X137.926 Y137.563
G1 F1470 X57.249 Y218.24 E865.95671
G0 F7500 X57.814 Y218.24
G1 F1470 X138.492 Y137.563 E871.26946
G0 F7500 X139.057 Y137.563
G1 F1470 X58.38 Y218.24 E876.58218
G0 F7500 X58.946 Y218.24
G1 F1470 X139.623 Y137.563 E881.89489
G0 F7500 X140.189 Y137.563
G1 F1470 X59.512 Y218.24 E887.20761
G0 F7500 X60.077 Y218.24
G1 F1470 X140.755 Y137.563 E892.52036
G0 F7500 X141.32 Y137.563
G1 F1470 X60.643 Y218.24 E897.83308
G0 F7500 X61.209 Y218.24
G1 F1470 X141.886 Y137.563 E903.1458
G0 F7500 X142.451 Y137.563
G1 F1470 X61.774 Y218.241 E908.45855
G0 F7500 X62.339 Y218.241
G1 F1470 X143.017 Y137.563 E913.77133
G0 F7500 X143.582 Y137.563
G1 F1470 X62.905 Y218.241 E919.08409
G0 F7500 X63.471 Y218.241
G1 F1470 X144.148 Y137.563 E924.39684
G0 F7500 X144.714 Y137.563
G1 F1470 X64.036 Y218.241 E929.70962
G0 F7500 X64.602 Y218.241
G1 F1470 X145.279 Y137.563 E935.02237
G0 F7500 X145.845 Y137.563
G1 F1470 X65.168 Y218.241 E940.33512
G0 F7500 X65.733 Y218.241
G1 F1470 X146.411 Y137.563 E945.64791
G0 F7500 X146.976 Y137.563
G1 F1470 X66.299 Y218.241 E950.96066
G0 F7500 X66.865 Y218.241
G1 F1470 X147.542 Y137.563 E956.27341
G0 F7500 X148.108 Y137.563
G1 F1470 X67.43 Y218.241 E961.58619
G0 F7500 X67.996 Y218.241
G1 F1470 X148.673 Y137.563 E966.89894
G0 F7500 X149.239 Y137.563
G1 F1470 X68.562 Y218.241 E972.2117
G0 F7500 X69.127 Y218.241
G1 F1470 X149.805 Y137.563 E977.52448
G0 F7500 X150.37 Y137.563
G1 F1470 X69.693 Y218.241 E982.83723
G0 F7500 X70.259 Y218.241
G1 F1470 X150.936 Y137.563 E988.14998
G0 F7500 X151.502 Y137.563
G1 F1470 X70.825 Y218.241 E993.46273
G0 F7500 X71.39 Y218.241
G1 F1470 X152.068 Y137.563 E998.77552
G0 F7500 X152.633 Y137.563
G1 F1470 X71.956 Y218.241 E1004.08827
G0 F7500 X72.522 Y218.241
G1 F1470 X153.199 Y137.563 E1009.40102
G0 F7500 X153.765 Y137.563
G1 F1470 X73.087 Y218.241 E1014.7138
G0 F7500 X73.653 Y218.241
G1 F1470 X154.33 Y137.563 E1020.02655
G0 F7500 X154.896 Y137.563
G1 F1470 X74.219 Y218.241 E1025.33931
G0 F7500 X74.784 Y218.241
G1 F1470 X155.462 Y137.563 E1030.65209
G0 F7500 X156.027 Y137.563
G1 F1470 X75.35 Y218.241 E1035.96484
G0 F7500 X75.916 Y218.241
G1 F1470 X156.593 Y137.563 E1041.27759
G0 F7500 X156.892 Y137.83
G1 F1470 X76.481 Y218.241 E1046.57279
G0 F7500 X77.047 Y218.241
G1 F1470 X145.11 Y150.177 E1051.05489
G0 F7500 X144.929 Y150.924
G1 F1470 X77.613 Y218.241 E1055.4878
G0 F7500 X78.178 Y218.241
G1 F1470 X144.901 Y151.518 E1059.88162
G0 F7500 X144.953 Y152.032
G1 F1470 X78.744 Y218.241 E1064.2416
G0 F7500 X79.31 Y218.241
G1 F1470 X145.06 Y152.49 E1068.57138
G0 F7500 X145.209 Y152.907
G1 F1470 X79.875 Y218.241 E1072.87374
G0 F7500 X80.441 Y218.241
G1 F1470 X145.409 Y153.272 E1077.15202
G0 F7500 X145.641 Y153.607
G1 F1470 X81.006 Y218.241 E1081.40831
G0 F7500 X81.572 Y218.241
G1 F1470 X145.889 Y153.924 E1085.6437
G0 F7500 X146.185 Y154.194
G1 F1470 X82.138 Y218.241 E1089.8613
G0 F7500 X82.703 Y218.241
G1 F1470 X146.513 Y154.432 E1094.06327
G0 F7500 X146.858 Y154.653
G1 F1470 X83.269 Y218.241 E1098.25068
G0 F7500 X83.835 Y218.241
G1 F1470 X147.252 Y154.824 E1102.4268
G0 F7500 X147.692 Y154.95
G1 F1470 X84.4 Y218.241 E1106.59465
G0 F7500 X84.966 Y218.241
G1 F1470 X148.177 Y155.03 E1110.7572
G0 F7500 X148.724 Y155.049
G1 F1470 X85.532 Y218.241 E1114.9185
G0 F7500 X86.097 Y218.241
G1 F1470 X149.381 Y154.958 E1119.08583
G0 F7500 X150.261 Y154.644
G1 F1470 X86.663 Y218.241 E1123.27383
G0 F7500 X87.229 Y218.241
G1 F1470 X156.892 Y148.578 E1127.86126
G0 F7500 X156.892 Y149.144
G1 F1470 X87.794 Y218.241 E1132.41145
G0 F7500 X88.36 Y218.241
G1 F1470 X156.892 Y149.709 E1136.9244
G0 F7500 X156.892 Y150.275
G1 F1470 X88.926 Y218.241 E1141.40008
G0 F7500 X89.491 Y218.241
G1 F1470 X156.892 Y150.841 E1145.83851
G0 F7500 X156.892 Y151.406
G1 F1470 X90.057 Y218.241 E1150.23971
G0 F7500 X90.623 Y218.241
G1 F1470 X156.892 Y151.972 E1154.60364
G0 F7500 X156.892 Y152.538
G1 F1470 X91.188 Y218.241 E1158.93033
G0 F7500 X91.754 Y218.241
G1 F1470 X156.892 Y153.103 E1163.21978
G0 F7500 X156.892 Y153.669
G1 F1470 X92.32 Y218.241 E1167.47195
G0 F7500 X92.886 Y218.241
G1 F1470 X156.892 Y154.235 E1171.68686
G0 F7500 X156.892 Y154.801
G1 F1470 X93.451 Y218.241 E1175.86452
G0 F7500 X94.017 Y218.241
G1 F1470 X156.892 Y155.366 E1180.00495
G0 F7500 X156.892 Y155.932
G1 F1470 X94.583 Y218.241 E1184.1081
G0 F7500 X95.148 Y218.241
G1 F1470 X156.892 Y156.498 E1188.17402
G0 F7500 X156.892 Y157.063
G1 F1470 X95.714 Y218.241 E1192.20269
G0 F7500 X96.28 Y218.241
G1 F1470 X156.892 Y157.629 E1196.1941
G0 F7500 X156.892 Y158.195
G1 F1470 X96.845 Y218.241 E1200.14826
G0 F7500 X97.411 Y218.241
G1 F1470 X156.892 Y158.76 E1204.06519
G0 F7500 X156.892 Y159.326
G1 F1470 X97.977 Y218.241 E1207.94484
G0 F7500 X98.542 Y218.241
G1 F1470 X156.892 Y159.892 E1211.78725
G0 F7500 X156.892 Y160.457
G1 F1470 X149.3 Y168.05 E1212.28723
G0 F7500 X149.551 Y168.437
G0 X148.816 Y169.181
G0 X148.449 Y168.901
G1 F1470 X99.108 Y218.241 E1215.53639
G0 F7500 X99.673 Y218.242
G1 F1470 X147.907 Y170.008 E1218.71268
G0 F7500 X147.773 Y170.708
G1 F1470 X100.239 Y218.242 E1221.84288
G0 F7500 X100.804 Y218.242
G1 F1470 X147.77 Y171.276 E1224.93567
G0 F7500 X147.839 Y171.773
G1 F1470 X101.37 Y218.242 E1227.99573
G0 F7500 X101.936 Y218.242
G1 F1470 X147.96 Y172.218 E1231.02649
G0 F7500 X148.127 Y172.617
G1 F1470 X102.501 Y218.242 E1234.03101
G0 F7500 X103.067 Y218.242
G1 F1470 X148.323 Y172.987 E1237.01116
G0 F7500 X148.567 Y173.308
G1 F1470 X103.633 Y218.242 E1239.97014
G0 F7500 X104.199 Y218.242
G1 F1470 X148.831 Y173.61 E1242.90923
G0 F7500 X149.126 Y173.88
G1 F1470 X104.764 Y218.242 E1245.83055
G0 F7500 X105.33 Y218.242
G1 F1470 X149.46 Y174.112 E1248.73658
G0 F7500 X149.824 Y174.314
G1 F1470 X105.896 Y218.242 E1251.62932
G0 F7500 X106.461 Y218.242
G1 F1470 X150.217 Y174.486 E1254.51072
G0 F7500 X150.665 Y174.604
G1 F1470 X107.027 Y218.242 E1257.38436
G0 F7500 X107.593 Y218.242
G1 F1470 X151.162 Y174.672 E1260.25349
G0 F7500 X151.733 Y174.667
G1 F1470 X108.158 Y218.242 E1263.12297
G0 F7500 X108.724 Y218.242
G1 F1470 X152.427 Y174.539 E1266.00089
G0 F7500 X152.806 Y173.911
G0 X153.13 Y173.729
G0 X153.504 Y174.027
G1 F1470 X109.29 Y218.242 E1268.91249
G0 F7500 X109.855 Y218.242
G1 F1470 X156.892 Y171.205 E1272.00996
G0 F7500 X156.892 Y170.64
G1 F1470 X154.448 Y173.084 E1272.1709
G0 F7500 X154.105 Y172.779
G0 X154.502 Y171.889
G0 X154.929 Y172.037
G1 F1470 X156.892 Y170.074 E1272.30017
G0 F7500 X156.892 Y169.508
G1 F1470 X155.064 Y171.337 E1272.42058
G0 F7500 X155.064 Y170.771
G1 F1470 X156.892 Y168.943 E1272.54095
G0 F7500 X156.892 Y168.377
G1 F1470 X154.991 Y170.278 E1272.66614
G0 F7500 X154.868 Y169.836
G1 F1470 X156.892 Y167.811 E1272.79945
G0 F7500 X156.892 Y167.246
G1 F1470 X154.706 Y169.432 E1272.94341
G0 F7500 X154.507 Y169.065
G1 F1470 X156.892 Y166.68 E1273.10046
G0 F7500 X156.892 Y166.114
G1 F1470 X154.262 Y168.745 E1273.27369
G0 F7500 X153.999 Y168.441
G1 F1470 X156.892 Y165.549 E1273.46416
G0 F7500 X156.892 Y164.983
G1 F1470 X153.705 Y168.17 E1273.67403
G0 F7500 X153.364 Y167.946
G1 F1470 X156.892 Y164.417 E1273.90639
G0 F7500 X156.892 Y163.851
G1 F1470 X153.007 Y167.737 E1274.16226
G0 F7500 X152.609 Y167.569
G1 F1470 X156.892 Y163.286 E1274.4443
G0 F7500 X156.892 Y162.72
G1 F1470 X152.155 Y167.458 E1274.75627
G0 F7500 X151.655 Y167.391
G1 F1470 X156.892 Y162.154 E1275.10114
G0 F7500 X156.892 Y161.589
G1 F1470 X151.083 Y167.398 E1275.48367
G0 F7500 X150.386 Y167.529
G1 F1470 X156.892 Y161.023 E1275.9121
G1 F1500 E1271.9121
G0 F7500 X157.352 Y161.023
G0 X157.252 Y152.618
G0 X151.817 Y151.707
G0 X151.749 Y153.156
G1 F1500 E1275.9121
G1 F1470 X156.892 Y148.012 E1276.25081
G0 F7500 X156.892 Y147.447
G1 F1470 X152.117 Y152.222 E1276.56525
G0 F7500 X152.195 Y151.578
G1 F1470 X156.892 Y146.881 E1276.87456
G0 F7500 X156.892 Y146.315
G1 F1470 X152.188 Y151.02 E1277.18435
G0 F7500 X152.107 Y150.535
G1 F1470 X156.892 Y145.75 E1277.49946
G0 F7500 X156.892 Y145.184
G1 F1470 X151.962 Y150.114 E1277.8241
G0 F7500 X151.792 Y149.718
G1 F1470 X156.892 Y144.618 E1278.15995
G0 F7500 X156.892 Y144.053
G1 F1470 X151.59 Y149.355 E1278.50909
G0 F7500 X151.337 Y149.042
G1 F1470 X156.892 Y143.487 E1278.8749
G0 F7500 X156.892 Y142.921
G1 F1470 X151.062 Y148.751 E1279.25882
G0 F7500 X150.759 Y148.489
G1 F1470 X156.892 Y142.355 E1279.66272
G0 F7500 X156.892 Y141.79
G1 F1470 X150.421 Y148.261 E1280.08884
G0 F7500 X150.044 Y148.072
G1 F1470 X156.892 Y141.224 E1280.5398
G0 F7500 X156.892 Y140.658
G1 F1470 X149.632 Y147.918 E1281.01788
G0 F7500 X149.184 Y147.801
G1 F1470 X156.892 Y140.093 E1281.52546
G0 F7500 X156.892 Y139.527
G1 F1470 X148.67 Y147.749 E1282.0669
G0 F7500 X148.069 Y147.785
G1 F1470 X156.892 Y138.961 E1282.64794
G0 F7500 X156.892 Y138.396
G1 F1470 X147.341 Y147.947 E1283.27689
G1 F1500 E1279.27689
G0 F7500 X147.508 Y148.375
G0 X149.035 Y148.505
G0 X149.506 Y148.625
G0 X149.952 Y148.819
G0 X150.358 Y149.085
G0 X150.715 Y149.414
G0 X151.014 Y149.799
G0 X151.245 Y150.225
G0 X151.402 Y150.684
G0 X151.482 Y151.164
G0 X151.482 Y151.649
G0 X151.402 Y152.128
G0 X151.245 Y152.587
G0 X151.037 Y152.97
G0 X149.761 Y154.447
G0 X157.252 Y154.447
G0 X156.892 Y171.771
G1 F1500 E1283.27689
G1 F1470 X110.421 Y218.242 E1286.33708
G0 F7500 X110.987 Y218.242
G1 F1470 X156.892 Y172.337 E1289.36001
G0 F7500 X156.892 Y172.902
G1 F1470 X111.552 Y218.242 E1292.34572
G0 F7500 X112.118 Y218.242
G1 F1470 X156.892 Y173.468 E1295.29417
G0 F7500 X156.892 Y174.034
G1 F1470 X112.684 Y218.242 E1298.20534
G0 F7500 X113.25 Y218.242
G1 F1470 X156.892 Y174.6 E1301.07924
G0 F7500 X156.892 Y175.165
G1 F1470 X113.815 Y218.242 E1303.91593
G0 F7500 X114.381 Y218.242
G1 F1470 X156.892 Y175.731 E1306.71536
G0 F7500 X156.892 Y176.297
G1 F1470 X114.947 Y218.242 E1309.47751
G0 F7500 X115.512 Y218.242
G1 F1470 X156.892 Y176.862 E1312.20245
G0 F7500 X156.892 Y177.428
G1 F1470 X116.078 Y218.242 E1314.89012
G0 F7500 X116.644 Y218.242
G1 F1470 X156.892 Y177.994 E1317.54052
G0 F7500 X156.892 Y178.559
G1 F1470 X117.209 Y218.242 E1320.15371
G0 F7500 X117.775 Y218.242
G1 F1470 X156.892 Y179.125 E1322.72963
G0 F7500 X156.892 Y179.691
G1 F1470 X118.341 Y218.242 E1325.26828
G0 F7500 X118.906 Y218.243
G1 F1470 X156.892 Y180.256 E1327.76976
G0 F7500 X156.892 Y180.822
G1 F1470 X119.471 Y218.243 E1330.234
G0 F7500 X120.037 Y218.243
G1 F1470 X156.892 Y181.388 E1332.66096
G0 F7500 X156.892 Y181.953
G1 F1470 X120.603 Y218.243 E1335.05069
G0 F7500 X121.168 Y218.243
G1 F1470 X156.892 Y182.519 E1337.40317
G0 F7500 X156.892 Y183.085
G1 F1470 X121.734 Y218.243 E1339.71839
G0 F7500 X122.3 Y218.243
G1 F1470 X156.892 Y183.65 E1341.99636
G0 F7500 X156.892 Y184.216
G1 F1470 X122.865 Y218.243 E1344.2371
G0 F7500 X123.431 Y218.243
G1 F1470 X156.892 Y184.782 E1346.44056
G0 F7500 X156.892 Y185.348
G1 F1470 X123.997 Y218.243 E1348.60675
G0 F7500 X124.563 Y218.243
G1 F1470 X156.892 Y185.913 E1350.73571
G0 F7500 X156.892 Y186.479
G1 F1470 X125.128 Y218.243 E1352.82742
G0 F7500 X125.694 Y218.243
G1 F1470 X156.892 Y187.045 E1354.88186
G0 F7500 X156.892 Y187.61
G1 F1470 X126.26 Y218.243 E1356.89907
G0 F7500 X126.825 Y218.243
G1 F1470 X156.892 Y188.176 E1358.87903
G0 F7500 X156.892 Y188.742
G1 F1470 X127.391 Y218.243 E1360.82172
G0 F7500 X127.957 Y218.243
G1 F1470 X156.892 Y189.307 E1362.72717
G0 F7500 X156.892 Y189.873
G1 F1470 X128.522 Y218.243 E1364.59538
G0 F7500 X129.088 Y218.243
G1 F1470 X156.892 Y190.439 E1366.42633
G0 F7500 X156.892 Y191.004
G1 F1470 X129.654 Y218.243 E1368.22003
G0 F7500 X130.219 Y218.243
G1 F1470 X156.892 Y191.57 E1369.97649
G0 F7500 X156.892 Y192.136
G1 F1470 X130.785 Y218.243 E1371.69568
G0 F7500 X131.351 Y218.243
G1 F1470 X156.892 Y192.701 E1373.37763
G0 F7500 X156.892 Y193.267
G1 F1470 X131.916 Y218.243 E1375.02234
G0 F7500 X132.482 Y218.243
G1 F1470 X156.892 Y193.833 E1376.62978
G0 F7500 X156.892 Y194.399
G1 F1470 X133.048 Y218.243 E1378.19995
G0 F7500 X133.613 Y218.243
G1 F1470 X156.892 Y194.964 E1379.73291
G0 F7500 X156.892 Y195.53
G1 F1470 X134.179 Y218.243 E1381.2286
G0 F7500 X134.745 Y218.243
G1 F1470 X156.892 Y196.096 E1382.68702
G0 F7500 X156.892 Y196.661
G1 F1470 X135.311 Y218.243 E1384.1082
G0 F7500 X135.876 Y218.243
G1 F1470 X156.892 Y197.227 E1385.49214
G0 F7500 X156.892 Y197.793
G1 F1470 X136.442 Y218.243 E1386.83881
G0 F7500 X137.008 Y218.243
G1 F1470 X156.892 Y198.358 E1388.14824
G0 F7500 X156.892 Y198.924
G1 F1470 X137.573 Y218.243 E1389.42043
G0 F7500 X138.138 Y218.244
G1 F1470 X156.892 Y199.49 E1390.65541
G0 F7500 X156.892 Y200.055
G1 F1470 X138.704 Y218.244 E1391.85315
G0 F7500 X139.27 Y218.244
G1 F1470 X156.892 Y200.621 E1393.01362
G0 F7500 X156.892 Y201.187
G1 F1470 X139.835 Y218.244 E1394.13686
G0 F7500 X140.401 Y218.244
G1 F1470 X156.892 Y201.752 E1395.22285
G0 F7500 X156.892 Y202.318
G1 F1470 X140.967 Y218.244 E1396.27157
G0 F7500 X141.532 Y218.244
G1 F1470 X156.892 Y202.884 E1397.28305
G0 F7500 X156.892 Y203.449
G1 F1470 X142.098 Y218.244 E1398.2573
G0 F7500 X142.664 Y218.244
G1 F1470 X156.892 Y204.015 E1399.19427
G0 F7500 X156.892 Y204.581
G1 F1470 X143.229 Y218.244 E1400.094
G0 F7500 X143.795 Y218.244
G1 F1470 X156.892 Y205.147 E1400.95646
G0 F7500 X156.892 Y205.712
G1 F1470 X144.361 Y218.244 E1401.78168
G0 F7500 X144.926 Y218.244
G1 F1470 X156.892 Y206.278 E1402.56966
G0 F7500 X156.892 Y206.844
G1 F1470 X145.492 Y218.244 E1403.32037
G0 F7500 X146.058 Y218.244
G1 F1470 X156.892 Y207.409 E1404.03384
G0 F7500 X156.892 Y207.975
G1 F1470 X146.624 Y218.244 E1404.71004
G0 F7500 X147.189 Y218.244
G1 F1470 X156.892 Y208.541 E1405.349
G0 F7500 X156.892 Y209.106
G1 F1470 X147.755 Y218.244 E1405.95072
G0 F7500 X148.321 Y218.244
G1 F1470 X156.892 Y209.672 E1406.51517
G0 F7500 X156.892 Y210.238
G1 F1470 X148.886 Y218.244 E1407.04237
G0 F7500 X149.452 Y218.244
G1 F1470 X156.892 Y210.803 E1407.53234
G0 F7500 X156.892 Y211.369
G1 F1470 X150.018 Y218.244 E1407.98504
G0 F7500 X150.583 Y218.244
G1 F1470 X156.892 Y211.935 E1408.4005
G0 F7500 X156.892 Y212.5
G1 F1470 X151.149 Y218.244 E1408.77872
G0 F7500 X151.715 Y218.244
G1 F1470 X156.892 Y213.066 E1409.11967
G0 F7500 X156.892 Y213.632
G1 F1470 X152.28 Y218.244 E1409.42338
G0 F7500 X152.846 Y218.244
G1 F1470 X156.892 Y214.197 E1409.68984
G0 F7500 X156.892 Y214.763
G1 F1470 X153.412 Y218.244 E1409.91904
G0 F7500 X153.977 Y218.244
G1 F1470 X156.892 Y215.329 E1410.111
G0 F7500 X156.892 Y215.895
G1 F1470 X154.543 Y218.244 E1410.26568
G0 F7500 X155.109 Y218.244
G1 F1470 X156.892 Y216.46 E1410.38313
G0 F7500 X156.892 Y217.026
G1 F1470 X155.675 Y218.244 E1410.46331
G0 F7500 X156.24 Y218.244
G1 F1470 X156.892 Y217.592 E1410.50624
G0 F7500 X156.892 Y218.157
G1 F1470 X156.806 Y218.244 E1410.51194
G1 F1500 E1406.51194
G0 F7500 X156.804 Y218.703
G0 X157.28 Y218.632
G0 X157.252 Y154.393
G0 X113.802 Y153.2
G0 X112.104 Y154.9
G1 F1500 E1410.51194
G1 F1470 X48.763 Y218.24 E1414.68302
G0 F7500 X48.198 Y218.24
G1 F1470 X111.404 Y155.034 E1418.84524
G0 F7500 X110.827 Y155.045
G1 F1470 X47.632 Y218.24 E1423.00674
G0 F7500 X47.066 Y218.24
G1 F1470 X110.326 Y154.981 E1427.17248
G0 F7500 X109.872 Y154.868
G1 F1470 X46.501 Y218.24 E1431.34561
G0 F7500 X45.935 Y218.24
G1 F1470 X109.474 Y154.701 E1435.52976
G0 F7500 X109.112 Y154.497
G1 F1470 X45.369 Y218.24 E1439.72734
G0 F7500 X44.804 Y218.24
G1 F1470 X108.775 Y154.269 E1443.93994
G0 F7500 X108.48 Y153.998
G1 F1470 X44.238 Y218.24 E1448.17039
G0 F7500 X43.672 Y218.24
G1 F1470 X108.211 Y153.702 E1452.42036
G0 F7500 X107.963 Y153.383
G1 F1470 X43.107 Y218.24 E1456.69127
G0 F7500 X42.541 Y218.24
G1 F1470 X107.769 Y153.012 E1460.98665
G0 F7500 X107.6 Y152.615
G1 F1470 X41.976 Y218.239 E1465.3081
G0 F7500 X41.41 Y218.239
G1 F1470 X107.475 Y152.175 E1469.65856
G0 F7500 X107.404 Y151.68
G1 F1470 X40.845 Y218.239 E1474.04158
G0 F7500 X40.279 Y218.239
G1 F1470 X107.404 Y151.114 E1478.46188
G0 F7500 X107.523 Y150.429
G1 F1470 X39.713 Y218.239 E1482.92728
G0 F7500 X39.148 Y218.239
G1 F1470 X107.966 Y149.421 E1487.45906
G1 F1500 E1483.45906
G0 F7500 X108.365 Y149.653
G0 X108.043 Y150.089
G0 X108.045 Y137.184
G0 X81.36 Y137.56
G1 F1500 E1487.45906
G1 F1470 X73.241 Y145.68 E1487.99375
G0 F7500 X73.605 Y144.75
G1 F1470 X80.795 Y137.56 E1488.46722
G0 F7500 X80.229 Y137.56
G1 F1470 X73.695 Y144.094 E1488.8975
G0 F7500 X73.69 Y143.533
G1 F1470 X79.663 Y137.56 E1489.29083
G0 F7500 X79.098 Y137.56
G1 F1470 X73.606 Y143.052 E1489.65249
G0 F7500 X73.47 Y142.622
G1 F1470 X78.532 Y137.56 E1489.98583
G0 F7500 X77.966 Y137.56
G1 F1470 X73.299 Y142.227 E1490.29316
G0 F7500 X73.091 Y141.87
G1 F1470 X77.401 Y137.56 E1490.57698
G0 F7500 X76.835 Y137.56
G1 F1470 X72.843 Y141.551 E1490.83983
G0 F7500 X72.565 Y141.264
G1 F1470 X76.269 Y137.56 E1491.08374
G0 F7500 X75.704 Y137.56
G1 F1470 X72.273 Y140.991 E1491.30968
G0 F7500 X71.93 Y140.767
G1 F1470 X75.138 Y137.56 E1491.5209
G0 F7500 X74.572 Y137.56
G1 F1470 X71.556 Y140.576 E1491.71951
G0 F7500 X71.149 Y140.417
G1 F1470 X74.007 Y137.56 E1491.90768
G0 F7500 X73.441 Y137.56
G1 F1470 X70.699 Y140.302 E1492.08824
G0 F7500 X70.185 Y140.25
G1 F1470 X72.875 Y137.56 E1492.26538
G0 F7500 X72.309 Y137.56
G1 F1470 X69.587 Y140.282 E1492.44463
G0 F7500 X68.874 Y140.43
G1 F1470 X71.744 Y137.56 E1492.63363
G1 F1500 E1488.63363
G0 F7500 X71.745 Y137.104
G0 X67.045 Y136.834
G0 X67.062 Y120.807
G0 X66.672 Y119.451
G0 X40.234 Y119.188
G0 X40.495 Y119.594
G1 F1500 E1492.63363
G1 F1470 X55.525 Y104.564 E1493.62338
G0 F7500 X54.959 Y104.564
G1 F1470 X40.669 Y118.854 E1494.5644
G0 F7500 X40.696 Y118.261
G1 F1470 X54.393 Y104.564 E1495.46637
G0 F7500 X53.828 Y104.564
G1 F1470 X40.641 Y117.751 E1496.33476
G0 F7500 X40.53 Y117.296
G1 F1470 X53.262 Y104.564 E1497.17318
G0 F7500 X52.696 Y104.564
G1 F1470 X40.379 Y116.881 E1497.98427
G0 F7500 X40.176 Y116.518
G1 F1470 X52.131 Y104.564 E1498.7715
G0 F7500 X51.565 Y104.564
G1 F1470 X39.946 Y116.183 E1499.53663
G0 F7500 X39.686 Y115.877
G1 F1470 X50.999 Y104.564 E1500.28161
G0 F7500 X50.434 Y104.564
G1 F1470 X39.396 Y115.602 E1501.00848
G0 F7500 X39.067 Y115.365
G1 F1470 X49.868 Y104.564 E1501.71975
G0 F7500 X49.302 Y104.564
G1 F1470 X38.722 Y115.145 E1502.41649
G0 F7500 X38.327 Y114.974
G1 F1470 X48.737 Y104.564 E1503.10201
G0 F7500 X48.171 Y104.564
G1 F1470 X37.881 Y114.854 E1503.77962
G0 F7500 X37.397 Y114.772
G1 F1470 X47.605 Y104.564 E1504.45183
G0 F7500 X47.04 Y104.564
G1 F1470 X36.847 Y114.757 E1505.12306
G0 F7500 X36.179 Y114.859
G1 F1470 X46.474 Y104.564 E1505.801
G0 F7500 X45.908 Y104.564
G1 F1470 X35.257 Y115.215 E1506.50239
G1 F1500 E1502.50239
G0 F7500 X35.507 Y115.597
G0 X34.59 Y116.798
G0 X34.359 Y117.225
G0 X34.201 Y117.684
G0 X34.121 Y118.164
G0 X34.121 Y118.649
G0 X34.201 Y119.128
G0 X34.359 Y119.587
G0 X35.484 Y121.291
G0 X29.639 Y196.178
G0 X28.655 Y197.054
G1 F1500 E1506.50239
G1 F1470 X23.213 Y202.496 E1506.86076
G0 F7500 X23.213 Y203.061
G1 F1470 X28.446 Y197.828 E1507.20536
G0 F7500 X28.404 Y198.436
G1 F1470 X23.213 Y203.627 E1507.54719
G0 F7500 X23.213 Y204.193
G1 F1470 X28.438 Y198.967 E1507.8913
G0 F7500 X28.537 Y199.434
G1 F1470 X23.213 Y204.758 E1508.2419
G0 F7500 X23.213 Y205.324
G1 F1470 X28.684 Y199.853 E1508.60217
G0 F7500 X28.882 Y200.22
G1 F1470 X23.213 Y205.89 E1508.97552
G0 F7500 X23.213 Y206.455
G1 F1470 X29.102 Y200.566 E1509.36332
G0 F7500 X29.353 Y200.881
G1 F1470 X23.213 Y207.021 E1509.76765
G0 F7500 X23.213 Y207.587
G1 F1470 X29.646 Y201.153 E1510.1913
G0 F7500 X29.96 Y201.405
G1 F1470 X23.213 Y208.152 E1510.63561
G0 F7500 X23.213 Y208.718
G1 F1470 X30.306 Y201.625 E1511.10269
G0 F7500 X30.701 Y201.796
G1 F1470 X23.213 Y209.284 E1511.59579
G0 F7500 X23.213 Y209.849
G1 F1470 X31.125 Y201.937 E1512.11681
G0 F7500 X31.602 Y202.026
G1 F1470 X23.213 Y210.415 E1512.66924
G0 F7500 X23.213 Y210.981
G1 F1470 X32.135 Y202.059 E1513.25677
G0 F7500 X32.777 Y201.983
G1 F1470 X23.213 Y211.547 E1513.88657
G0 F7500 X23.213 Y212.112
G1 F1470 X33.629 Y201.696 E1514.57248
;TIME_ELAPSED:6888.432214
G1 F1500 E1510.57248
M140 S0
M107
G91 ;Relative positioning
G1 E-2 F2700 ;Retract a bit
G1 E-2 Z0.2 F2400 ;Retract and raise Z
G1 X5 Y5 F3000 ;Wipe out
G1 Z10 ;Raise Z more
G90 ;Absolute positioning

G1 X0 Y230 ;Present print
M106 S0 ;Turn-off fan
M104 S0 ;Turn-off hotend
M140 S0 ;Turn-off bed

M84 X Y E ;Disable all steppers but Z

M82 ;absolute extrusion mode
M104 S0
;End of Gcode
;SETTING_3 {"global_quality": "[general]\\nversion = 4\\nname = Standard Quality
;SETTING_3  #2\\ndefinition = creality_ender3v2neo\\n\\n[metadata]\\ntype = qual
;SETTING_3 ity_changes\\nquality_type = standard\\nsetting_version = 23\\n\\n[va
;SETTING_3 lues]\\nlayer_height = 0.28\\n\\n", "extruder_quality": ["[general]\\
;SETTING_3 nversion = 4\\nname = Standard Quality #2\\ndefinition = creality_end
;SETTING_3 er3v2neo\\n\\n[metadata]\\ntype = quality_changes\\nquality_type = st
;SETTING_3 andard\\nsetting_version = 23\\nposition = 0\\n\\n[values]\\ninfill_p
;SETTING_3 attern = grid\\ninfill_sparse_density = 8\\nmaterial_print_temperatur
;SETTING_3 e = 218\\nspeed_print = 58\\n\\n"]}
